case_id,doc_uid,arm,date,source_file,n_pages,n_chars,n_sections,representation of parties,award,relief requested,_preamble,case information,case summary,other issues considered and decided,fees,arbitration panel
16-01564,16-01564,pre_cutoff,2016-09-29,16-01564.pdf,7,7555,8,"For Claimants Daniel Oleary, Sandra Oleary, Patrick Oleary, and Jennifer Oleary 
(""Claimants""): Daniel S. Gwertzman, Esq., Gana, LLP, New York, New York. 
For Respondent National Securities Corporation (Respondent"" or ""NSC""): Renan I. 
Sugarman, Esq., Renan Sugarman, PC, Chicago, Illinois.","After considering the pleadings, the motion papers and oral arguments at the recorded, 
pre-hearing, and following the deliberation, the Panel has decided in full and final 
resolution of the issues submitted for determination as follows: 
Claimants claims, each and all, are hereby dismissed. 
2. Other than forum fees, which are specified below, the parties shall each bear 
their own costs and expenses incurred in this matter. 
3. Any and all claims for relief not specifically addressed herein, including punitive 
damages and attorneys' fees, are dismissed.","In the Statement of Claim, Claimants requested: 
Compensatory Damages: $141,000.00 
Punitive Damages: Unspecified 
Interest: Unspecified 
Attorneys Fees: Unspecified 
Costs: Unspecified 
Other Monetary Relief: Unspecified 
Respondent requested that the claims be dismissed in their entirety, that a judgment be 
rendered in its favor and against Claimants, with all costs and forum fees to be 
assessed against Claimants, and that it be awarded its attorneys' fees and expenses.","Award 
In the Matter of the Arbitration Between: 
Claimants 
Daniel Oleary, 
Sandra Oleary, 
Patrick Oleary, and 
Jennifer Oleary 
VS. 
Case Number: 16-01564 
Respondent Hearing Site: Chicago, Illinois 
National Securities Corporation 
Nature of the Dispute: Customers vs. Member 
This case was decided by an all-public panel.","Statement of Claim filed on or about: June 2, 2016. 
Claimants signed the Submission Agreement: June 2, 2016. 
Statement of Answer filed on or about: September 29, 2016. 
NSC signed the Submission Agreement: June 14, 2016.","Claimants asserted the following causes of action: unsuitable recommendations in 
violation of NASD Rule 2310, violation of FINRA Rule 2210, material misrepresentations 
and negligence in violation of FINRA Rule 2010, failure to supervise in violation of 
FINRA Rule 3010, and violations of FINRA Rules IM-2310-2 and 2020. The causes of 
action related to a real estate investment trust, KBS REIT 1, and a penny stock, Capital 
Growth Systems, Inc. Daniel and Sandra Oleary alleged that Respondent's registered 
representative recommended that they invest in shares of the KBS REIT 1, however, he 
concealed material underlying facts concerning its properties and performance and that 
it was unsuitable for their investment objectives. Patrick and Jennifer Oleary alleged 
that Respondent's registered representative used the bulk of their liquid net worth to 
purchase shares of one stock, Capital Growth Systems, Inc., without diversifying their 
account, Capital Growth went bankrupt, and they lost their entire investment. 
Unless specifically admitted in the Statement of Answer, Respondent denied the 
allegations made in the Statement of Claim and asserted various affirmative defenses.","The Arbitrators acknowledge that they have each read the pleadings and other 
materials filed by the parties. 
On or about April 28, 2017, Respondent filed a Motion to Dismiss Pursuant to FINRA 
Rule 12206 (Eligibility) (""Motion to Dismiss""). On or about May 19, 2017, Claimants 
filed an Opposition to Respondent's Motion to Dismiss. On or about June 7, 2017, 
Respondent filed a Reply in Support of its Motion to Dismiss. 
On June 22, 2017, the Panel heard oral arguments on Respondent's Motion to Dismiss. 
In its Order dated June 23, 2017, the Panel granted Respondent's Motion to Dismiss 
pursuant to Rule 12206 of the Code on the grounds that: 
After carefully reviewing and considering the Statement of Claim filed on 
June 2, 2016, in which Claimants alleged unsuitability related to securities 
purchased in February 2008 and in February and April 2009, 
Respondent's Statement of Answer, Respondent's Motion to Dismiss 
Pursuant to FINRA Rule 12206 (Eligibility), Claimants' Opposition to 
Motion to Dismiss, and Respondent's Reply to the Motion to Dismiss, and 
after hearing well-presented and lengthy arguments during the recorded 
pre-hearing call on June 22, 2017, the Panel unanimously rules that the 
Respondent's Motion to Dismiss is hereby granted on the grounds that 
more than six years have elapsed from the occurrences or events giving 
rise to the claims. 
Respondent's Motion to Dismiss pursuant to Rule 12206 of the Code is granted by the 
Panel without prejudice to any right the Claimant has to file in court; the Claimant is not 
prohibited from pursuing his or her claims in a court pursuant to Rule 12206(b) of the 
Code. 
The parties present at the recorded pre-hearing have agreed that the Award in this 
matter may be executed in counterpart copies or that a handwritten, signed Award may 
be entered.","Pursuant to the Code of Arbitration Procedure, the following fees are assessed: 
Filing Fees 
FINRA Office of Dispute Resolution assessed a filing fee* for each claim: 
Initial Claim Filing Fee =$ 1,425.00 
*The filing fee is made up of a non-refundable and a refundable portion. 
Member Fees 
Member fees are assessed to each member firm that is a party in these proceedings or 
to the member firm that employed the associated person at the time of the events giving 
rise to the dispute. Accordingly, as a party, National Securities Corporation is assessed 
the following: 
Member Surcharge =$ 1,700.00 
Member Process Fee =$ 3,250.00 
Hearing Session Fees and Assessments 
The Panel has assessed hearing session fees for each session conducted. A session is 
any meeting between the parties and the arbitrators, including a pre-hearing conference 
with the arbitrators, that lasts four (4) hours or less. Fees associated with these 
proceedings are: 
Three (3) pre-hearing sessions with the Panel @ $1,125.00/session =$3,375.00 
Pre-hearing conferences: November 7, 2016 1 session 
December 12, 2016 1 session 
June 22, 2017 1 session 
Total Hearing Session Fees =$3,375.00 
The Panel has assessed $1,687.50 of the hearing session fees jointly and severally to 
Claimants Daniel Oleary, Sandra Oleary, Patrick Oleary, and Jennifer Oleary. 
The Panel has assessed $562.50 of the hearing session fees to Respondent National 
Securities Corporation. 
The Panel waived $1,125.00 of the hearing session fees. 
All balances are payable to FINRA Office of Dispute Resolution and are due upon 
receipt. 
I, the undersigned Arbitrator, do hereby affirm that I am the individual described herein 
/s/ Robert S. Sugarman June 26, 2017 
Robert S. Sugarman Signature Date 
Public Arbitrator, Presiding Chairperson 
/s/ Mark L Miller June 26, 2017 
/s/ Raymond P. Buschmann June 26, 2017 
Raymond P. Buschmann Signature Date 
June 26, 2017 
l, the undersigned Arbitrator, do hereby affirm that I arn the individual described herein 

.ature Date 

Robert S. Sugarman 

Public Arbitrator, Presifng Chairperson 

Raymond P. Buschmann 

0 04 7 
Signe ure Date 
146/.2i/7 Signature Date 
ri 
rk Miller 
ublic rbltrator 
ymortd P. Buschmann 
rINRA Office of Dispute Resolution 
Award Paaa 5 of 5 
Robert S. Sugannan Public Arbitrator, Presiding chairperson 
Raymond P, Buschmann Public Arbitrator 
I, the undersigned Arbitrator, do hereby affirm that I am the individual described her in 
Concurrina ArtiltratoW Sianatures",
16-03250,16-03250,pre_cutoff,2017-06-12,16-03250.pdf,5,7567,3,"For Claimant Robert Howard Keller: Michael O'Gara, Esq., AdvisorLaw, LLC, 
Broomfield, Colorado. 

For Respondent Merrill Lynch, Pierce, Fenner & Smith Incorporated: Joshua D. Jones, 
Esq., Bressler, Amery & Ross, P.C., Birmingham, Alabama. 
NATURE OF DISPUTE: Associated Person vs. Member 

Statement of Claim filed on or about: November 7, 2016. 
Statement of Answer filed on or about: January 10, 2017. 
CASE SUMMARY: In the Statement of Claim, Claimant asserted a claim seeking 
expungement of customer dispute occurrence number 1426079 (“Underlying Claim”) 
from his Central Registration Depository (“CRD”) record. 

In the Statement of Answer, Respondent does not oppose the request for expungement 
made by Claimant, asserted various affirmative and other defenses, and objected to 
Claimant’s request for $1.00 in compensatory damages.","CASE #: 16-03250 
Robert Howard Keller (Claimant) vs. Merrill Lynch, Pierce, Fenner & Smith Incorporated 
(Respondent)","In the Statement of Claim, Claimant requested: 
1. Expungement of the Underlying Claim from his CRD record pursuant to FINRA 
Rule 2080(b)(1)(A) as the claim, allegation, or information is factually impossible 
or clearly erroneous; 
2. Expungement of the Underlying Claim from his CRD record pursuant to FINRA 
Rule 2080(b)(1)(C) as the claim, allegation, or information is false; 
3. An award of compensatory damages in the amount of $1.00 from the 
Respondent; and 
4. Any and all other relief that the Arbitrator deems just and equitable. 

In the Statement of Answer, Respondent did not set forth a specific relief request. 
AWARD: The undersigned Arbitrator has decided and determined in full and final 
resolution of the issues submitted for determination as follows: 

1. The Arbitrator recommends the expungement of all references to occurrence 
number 1426079, from registration records maintained by the CRD, for Claimant 
Robert Howard Keller (CRD# 2168444), with the understanding that, pursuant to 
Notice to Members 04-16, Claimant Robert Howard Keller must obtain confirmation 

from a court of competent jurisdiction before the CRD will execute the expungement 
directive. 

Unless specifically waived in writing by FINRA, parties seeking judicial confirmation 
of an arbitration award containing expungement relief must name FINRA as an 
additional party and serve FINRA with all appropriate documents. 

Pursuant to Rule 13805 of the Code of Arbitration Procedure, the Arbitrator has 
made the following Rule 2080 affirmative findings of fact: 

The claim, allegation, or information is factually impossible or clearly erroneous; and 

The claim, allegation, or information is false. 

The Arbitrator has made the above Rule 2080 findings based on the following 
reasons: 

The customer that filed the Underlying Claim (“Customer”) and Claimant had an 
excellent business relationship that began years before said allegation, and 
continued following said allegations. 

In the summer of 2008, Claimant made a recommendation that the Customer 
purchase an investment grade preferred stock of a large bank. The stock was 
recommended by the Respondent’s syndicate department as suitable for the 
Customer’s investor profile and it was familiar to the Customer as she had 
purchased similar investments in the past. 

The Customer agreed with the recommendation and elected to purchase 2,000 
shares of the stock at a price of $25.00 per share, which amounted to less than 10% 
of her portfolio. The Customer’s purchase was underwritten by Respondent. 

In the fall of 2008, the stock market declined dramatically, as a result of an 
unprecedented financial crisis. As a result of said crisis, preferred stocks of banks 
began to weaken, as did the Customer’s stock. 

Claimant discussed the financial crisis and the resulting state of her stock with the 
Customer. Per the Customer’s authorization, Claimant liquidated 2,000 shares of the 
bank stock. 

Shortly after, the Customer stated to the Claimant that she only intended to sell 
1,000 shares rather than 2,000 shares. 

To remedy the situation, Claimant processed a trade correction to put 1,000 shares 
back into the Customer’s account. Said correction incurred a $300.00 loss which 
was then charged against Claimant, per Respondent’s policy at the time. 

The Customer’s situation was fully remedied by the aforementioned action of 
Claimant. However, because the Customer made the request to reinstate her 1,000 
shares in writing, it was logged as a complaint and appeared on Claimant’s CRD. 

As of September 16, 2009, Respondent denied the Customer’s claims that Claimant 
made an unauthorized trade and unsuitable investment recommendations. 
OTHER ISSUES: The Arbitrator acknowledges that she has read the pleadings and 
other materials filed by the parties. 

Respondent did not oppose Claimant’s request for expungement. 

On March 23, 2017, Claimant filed a copy of a letter with FINRA Office of Dispute 
Resolution evidencing that the Customer was served with copies of the Case Information 
Sheet, Statement of Claim, and Initial Pre-Hearing Conference Scheduling Order setting 
the date for the expungement hearing. 

The Arbitrator conducted a recorded telephonic hearing on May 26, 2017 so the parties 
could present oral argument and evidence on Claimant’s request for expungement. The 
Customer did not appear at the expungement hearing. Claimant checked the tracking 
number for the package containing copies of the Case Information Sheet, Statement of 
Claim, and Initial Pre-Hearing Conference Scheduling Order setting the date for the 
expungement hearing, and the Customer did receive the notice of the hearing, and the 
claim and response and chose not to appear. 

During the expungement hearing, Claimant withdrew the request for $1.00 in damages. 

The Arbitrator notes that no settlement was reached as the Underlying Claim was denied 
by Respondent, and the Customer did not pursue the complaint further in either arbitration 
or litigation. As such, the Arbitrator determined there were no settlement documents to 
review. 

The Arbitrator notes that Claimant did not previously file a claim requesting 
expungement of same disclosure. 

In recommending expungement, the Arbitrator relied upon the following documentary or 
other evidence: Statement of Claim including attached exhibits 1-4; Statement of 
Answer; telephonic testimony of Claimant; and Claimant’s BrokerCheck® Report. 

OTHER FEES: Respondent has paid to FINRA Office of Dispute Resolution the 
$150.00 Member Surcharge previously invoiced. 

FINRA Office of Dispute Resolution assessed a filing fee* for each claim: 
Initial Claim Filing Fee = $50.00 

*The filing fee is made up of a non-refundable and a refundable portion. 

The Arbitrator has assessed hearing session fees for each session conducted. A 
session is any meeting between the parties and the arbitrator, including a pre-hearing 
conference with the arbitrator, that lasts four (4) hours or less. Fees associated with 
these proceedings are: 

One (1) pre-hearing session with the Arbitrator @ $50.00/session = $50.00 

Pre-hearing conference: March 13, 2017 1 session 

One (1) hearing session on expungement request @ $50.00/session = $50.00 
Hearing Date: May 26, 2017 1 session 

Total Hearing Session Fees = $100.00 

The Arbitrator has assessed $100.00 of the hearing session fees to Claimant. 

All balances are payable to FINRA Office of Dispute Resolution and are due upon 
receipt. 
June 12, 2017",,,,,,
16-02974,16-02974,pre_cutoff,2017-06-13,16-02974.pdf,10,13829,9,"For Claimants Edward and Dolores Prohaska (“Claimants”): Michael H. Schaalman, 
Esq., Halling & Cayo, S.C., Milwaukee, Wisconsin. 
For Respondent Kevin Cline (“Cline”): Travis Creed, Esq., Bowling Green, Kentucky. 
Respondents Source Capital Group, Inc. (“Source Capital”) and Russell Newton 
(“Newton”) were previously represented by counsel. On or about February 15, 2017, a 
Notice of Withdrawal was filed on behalf of Source Capital. Thereafter, Source Capital 
was represented by David W. Harris, President, Source Capital Group, Inc., Westport, 
Connecticut. On or about June 13, 2017, a Notice of Withdrawal was filed on behalf of 
Newton. Thereafter, Newton appeared pro se. 
Respondent David Harris (“Harris”) appeared pro se.","After considering the pleadings, the testimony and evidence presented at the hearing, 
and the post-hearing submissions, the Panel has decided in full and final resolution of 
the issues submitted for determination as follows: 
1. Respondents Source Capital Group, Inc., Kevin Cline, and David Harris are 
jointly and severally liable for and shall pay to Claimants Edward and Dolores 
Prohaska the sum of $100,000.00 in compensatory damages. 
2. Respondents Source Capital Group, Inc. and David Harris are jointly and 
severally liable for and shall pay to Claimants Edward and Dolores Prohaska 
the sum of $200,000.00 in compensatory damages. 
3. Source Capital Group, Inc. and Russell Newton’s Counterclaim is denied. 
4. Other than forum fees, which are specified below, the parties shall each bear 
their own costs and expenses incurred in this matter. 
5. Any and all claims for relief not specifically addressed herein, including punitive 
damages and attorneys’ fees, are denied.","In the Amended Statement of Claim, Claimants requested: 
Compensatory Damages $300,000.01 
Punitive Damages Unspecified 
Interest Unspecified 
Attorneys’ Fees Unspecified 
Costs Unspecified 
Other Non-Monetary Relief Unspecified 
In the Statement of Answer, Source Capital and Newton requested that the Panel 
dismiss Claimants’ claims. 
In the Counterclaim, Source Capital and Newton requested: 
Compensatory Damages $300,000.01 
Punitive Damages Unspecified 
Interest Unspecified 
Attorneys’ Fees Unspecified 
Costs Unspecified 
Other Non-Monetary Relief Unspecified 
Expungement 
At the close of the hearing, Claimants requested $422,046.00 in compensatory 
damages, plus $25,000.00 for attorneys’ fees, punitive damages in an unspecified 
amount, and all costs to be assessed against Respondents.","Award
In the Matter of the Arbitration Between: 
Claimants 
Edward and Dolores Prohaska 
Case Number: 16-02974 
 vs. 
Respondents 
Source Capital Group, Inc., 
Kevin Cline, Russell Newton, 
and David Harris 
 and 
Counter-Claimants 
Source Capital Group, Inc. and Russell Newton 
 vs. 
Counter-Respondents 
Edward and Dolores Prohaska 
Hearing Site: Milwaukee, Wisconsin 
______________________________________________________________________ 
Nature of the Dispute: Customers vs. Member and Associated Persons 
This case was decided by a majority-public panel.","Statement of Claim filed on or about: October 11, 2016. 
Edward Prohaska signed the Submission Agreement: October 11, 2016. 
Dolores Prohaska signed the Submission Agreement: October 11, 2016. 
Amended Statement of Claimant filed on or about: August 8, 2017. 
Statement of Answer and Counterclaim filed jointly by Source Capital and Newton on or 
about: December 23, 2016. 
Newton signed the Submission Agreement: December 29, 2016. 
Cline signed the Submission Agreement: December 6, 2016.","Claimants asserted the following causes of action: fraud, negligence, violation of 
Wisconsin Uniform Securities Act, violation of Wisconsin Statute section 100.18, failure 
to investigate, and failure to supervise. The causes of action related to the 
recommendation and purchase of oil and gas investments in Blue Ridge Securities, Inc., 
and its affiliates and subsidiaries, including but not limited to Bayou City Exploration, 
Inc. (collectively “Blue Ridge”). Claimants alleged that Respondents solicited them to 
invest funds from their retirement accounts to purchase Blue Ridge with promises that 
their investment would quadruple in size. Claimants further alleged that Source Capital 
failed to properly investigate the Blue Ridge offerings to ensure their suitability and paid 
Source Capital agents in exchange for their solicitation of Blue Ridge. 
Unless specifically admitted in the Statement ofAnswer, Source Capital and Newton 
denied the allegations made in the Statement of Claim and asserted various affirmative 
defenses. 
In the Counterclaim, Source Capital and Newton asserted the following causes of 
action: indemnification and expungement. Source Capital and Newton alleged that 
Claimants’ allegations created a right to indemnification for all of the fees and costs 
incurred in this matter. Source Capital and Newton further alleged that Claimants 
agreed to indemnify Respondents against all loss, damages, liability or expenses. 
Finally, Newton requested expungement of all references to this matter from his 
registration records maintained by the Central Registration Depository (“CRD”).","The Arbitrators acknowledge that they have each read the pleadings and other 
materials filed by the parties. 
Respondent Source Capital did not file with FINRA Office of Dispute Resolution a 
properly executed Submission Agreement, but is required to submit to arbitration 
pursuant to the Code of Arbitration Procedure (“Code”) and, having answered the claim, 
appeared and participated through counsel at the pre-hearings, is bound by the 
determination of the Panel on all issues submitted. 
Respondent Harris did not file with FINRA Office of Dispute Resolution a properly 
executed Submission Agreement, but is required to submit to arbitration pursuant to the 
Code and, having appeared and participated at the pre-hearings, is bound by the 
determination of the Panel on all issues submitted. 
On or about December 6, 2016, Cline filed a Statement of Answer. On or about 
December 7, 2016, FINRA notified Cline that the Statement of Answer was deficient as 
it contained unredacted personal and confidential information (“PCI”) which, pursuant to 
FINRA Rule 12300, must be removed or redacted. Further, FINRA notified Cline that if 
the deficiency was not corrected within 30 days from the time the party received notice 
of the deficiency, the Panel would proceed with the arbitration as though the deficient 
document had not been filed. Cline did not cure the deficiency. 
Respondent Cline did not file with FINRA Office of Dispute Resolution an unredacted 
Statement of Answer, but is required to submit to arbitration pursuant to the Code and 
having appeared and participated through counsel at the pre-hearings, is bound by the 
determination of the Panel on all issues submitted. 
On or about May 23, 2017, Cline filed a Motion to Dismiss for Lack of Jurisdiction and 
Ineligibility (“Motion to Dismiss”). On or about July 7, 2017, Claimants filed a Brief in 
Opposition to Cline’s Motion to Dismiss. On or about July 9, 2017, Cline filed a 
Response to Claimants’ Brief in Opposition to his Motion to Dismiss. On or about July 
12, 2017, the Panel held a pre-hearing call for oral arguments on Cline’s Motion to 
Dismiss. In its Order dated July 12, 2017, the Panel denied Cline’s Motion to Dismiss 
and ordered Cline to file a response to the Statement of Claim on or before July 24, 
2017. 
On or about June 26, 2017, Claimants filed a Motion to Amend the Statement of Claim 
to Add a Respondent [Harris] (“Motion to Amend the Statement of Claim”). On or about 
July 20, 2017, Harris filed a Response to Claimants’ Motion to Amend the Statement of 
Claim. 
On or about July 24, 2017, Cline filed a Motion for Reconsideration and Objection to the 
Panel’s Order dated July 12, 2017 (“Motion for Reconsideration”). On or about August 
3, 2017, Claimants filed a Brief in Opposition to Cline’s Motion for Reconsideration. 
On or about August 8, 2017, the Panel held a pre-hearing call for oral arguments on 
Claimants’ Motion to Amend the Statement of Claim and Cline’s Motion for 
Reconsideration. In its Order dated August 8, 2017, the Panel granted Claimants’ 
Motion to Amend the Statement of Claim. The Panel ordered Harris to file a response 
to the Amended Statement of Claim pursuant to FINRA Rules. In addition, the Panel 
directed Harris that he may file a motion to address issues raised in his Response to 
Claimants’ Motion to Amend the Statement of Claim at a later time pursuant to FINRA 
rules. The Panel denied Cline’s Motion for Reconsideration. 
On or about September 28, 2017, Claimants notified FINRA that they settled their 
claims with Newton. 
Respondents Source Capital and Harris did not appear at the evidentiary hearing. Upon 
review of the file and the representations made by/on behalf of the Claimants, the Panel 
determined that Respondent Source Capital and Harris have been properly served with 
the Statement of Claim, received due notice of the hearing, and that arbitration of the 
matter would proceed without said Respondents Source Capital and Harris present, in 
accordance with the Code. 
At the hearing, Claimants made an oral Motion for Default against Source Capital and 
Harris. The Panel denied the Motion for Default. Neither Source Capital nor Harris 
appeared at the hearing; however, the Award is based on the evidence presented. 
At the hearing, after Claimants’ case-in-chief, Cline made an oral Motion to Dismiss on 
Eligibility and Statute of Limitations grounds (“Cline’s Second Motion to Dismiss”). The 
Panel denied Cline’s Second Motion to Dismiss. 
Newton did not pursue his expungement request; therefore, the Panel did not make a 
determination on Newton’s expungement request. 
At the conclusion of the hearing, the Panel set a due date of March 16, 2018, for the 
parties to file post-hearing submissions. On or about March 16, 2018, Cline filed his 
post-hearing submission. On or about March 17, 2018, Claimants filed their post-
hearing submission. 
The parties present at the hearing have agreed that the Award in this matter may be 
executed in counterpart copies or that a handwritten, signed Award may be entered.","Pursuant to the Code, the following fees are assessed: 
Filing Fees 
FINRA Office of Dispute Resolution assessed a filing fee* for each claim: 
Initial Claim Filing Fee =$ 1,425.00 
Counterclaim Filing Fee =$ 2,125.00 
*The filing fee is made up of a non-refundable and a refundable portion. 
Member Fees
Member fees are assessed to each member firm that is a party in these proceedings or 
to the member firm that employed the associated persons at the time of the events 
giving rise to the dispute. Accordingly, as a party, Source Capital Group, Inc. is 
assessed the following: 
Member Surcharge =$ 1,900.00 
Member Process Fee =$ 3,750.00 
Postponement Fees
Postponements granted during these proceedings for which fees were assessed or 
waived: 
July 18-21, 2017, postponement requested by Claimants =$ 1,125.00 
Total Postponement Fees =$ 1,125.00 
The Panel has assessed $562.50 of the adjournment fees jointly and severally to 
Claimants. 
The Panel has assessed $562.50 of the adjournment fees jointly and severally to 
Respondents Source Capital, Cline, and Newton.
Hearing Session Fees and Assessments
The Panel has assessed hearing session fees for each session conducted. A session is 
any meeting between the parties and the arbitrator(s), including a pre-hearing 
conference with the arbitrator(s), that lasts four (4) hours or less. Fees associated with 
these proceedings are: 
One (1) pre-hearing session with a single arbitrator @ $450.00/session =$ 450.00 
Pre-hearing conference: August 9, 2017 1 session 
Four (4) pre-hearing sessions with the Panel @ $1,125.00/session =$ 4,500.00 
Pre-hearing conferences: January 18, 2017 1 session 
July 12, 2017 1 session 
August 8, 2017 1 session 
September 18, 2017 1 session 
Five (5) hearing sessions @ $1,125.00/session =$ 5,625.00 
Hearing Dates: March 6, 2018 2 sessions 
March 7, 2018 3 sessions 
Total Hearing Session Fees =$10,575.00 
The Panel has assessed $4,725.00 of the hearing session fees jointly and severally to 
Claimants. 
The Panel has assessed $562.50 of the hearing session fees jointly and severally to 
Respondents Source Capital, Cline, and Newton. 
The Panel has assessed $562.50 of the hearing session fees jointly and severally to 
Respondents Source Capital, Cline, Newton, Harris. 
The Panel has assessed $2,812.50 of the hearing session fees jointly and severally to 
Respondents Source Capital, Cline, and Harris. 
The Panel has assessed $1,912.50 of the hearing session fees to Respondent Cline. 
All balances are payable to FINRA Office of Dispute Resolution and are due upon 
receipt.","Robert J. Scafuri - Public Arbitrator, Presiding Chairperson
Stanley H. Michelstetter, II - Public Arbitrator 
Susan H. Schleisner - Non-Public Arbitrator 
I, the undersigned Arbitrator, do hereby affirm that I am the individual described herein 
and who executed this instrument, which is my award. 
Concurring Arbitrators' Signatures 
/s/ Robert J. Scafuri 
Robert J. Scafuri 
Public Arbitrator, Presiding Chairperson 
March 29, 2018 
Signature Date 
/s/ Stanley H. Michelstetter, II 
Stanley H. Michelstetter, II 
Public Arbitrator 
March 28, 2018 
Signature Date 
/s/ Susan H. Schleisner 
Susan H. Schleisner 
Non-Public Arbitrator 
March 29, 2018 
Signature Date 
March 29, 2018___________________________________ 
Date of Service (For FINRA Office of Dispute Resolution office use only)"
17-01571,17-01571,pre_cutoff,2017-12-11,17-01571.pdf,4,5572,8,"Claimant William Daniel Blau appeared pro-se. 
For Respondent E*Trade Securities, LLC: Jennifer W. Persico, Esq., E*Trade 
Securities, LLC, Arlington, Virginia.","After considering the pleadings, the testimony and evidence presented at the recorded 
telephonic hearing, the Arbitrator has decided in full and final resolution of the issues 
submitted for determination as follows: 
1. The Arbitrator determined that FINRA Rule 2080 applies in this matter. 
2. Claimant's request for expungement of his Form U5 (Occurrence No. 1909514) is 
denied.","In the Statement of Claim, Claimant requested: modification of the Form U5 
(Occurrence No. 1909514) Section 7F1, to be altered from ""Yes"" to ""No""; modification of 
the termination comment on the Form U5 from ""Discharged"" to ""Voluntary Resignation""; 
compensatory damages in the amount of $45,000.00 for lost wages; reimbursement of 
FINRA arbitration filing fees; and reimbursement of $350.00 for consultation with legal 
counsel. 
In the Statement of Answer, Respondent requested: an order dismissing the claims in 
their entirety; costs, forum fees and hearing costs; and such further relief as the 
Arbitrator deemed just, equitable and proper.","Award 
In the Matter of the Arbitration Between: 
Claimant Case Number: 17-01571 
William Daniel Blau 
VS. 
Respondent Hearing Site: Charlotte, North Carolina 
E*Trade Securities, LLC 
Nature of the Dispute: Associated Person vs. Member","Statement of Claim filed on or about: June 20, 2017. 
William Daniel Blau signed the Submission Agreement: June 15, 2017. 
Statement of Answer filed by Respondent on or about: August 9, 2017. 
E*Trade Securities, LLC signed the Submission Agreement: August 9, 2017. 
Amended Statement of Claim filed on or about: August 30, 2017. 
Statement of Answer to the Amended Statement of Claim filed by Respondent on or 
about: September 18, 2017.","In the Statement of Claim, as amended, Claimant asserted the following causes of 
action: inaccurate reporting on Claimant's Central Registration Depository (""CRD"") 
records; defamation; and lost wages. The causes of action relate to Respondent's Form 
U5 filing in connection with Claimant's termination of employment with Respondent. 
Unless specifically admitted in the Statement of Answer, as amended, Respondent denied 
the allegations made in the Statement of Claim, as amended, and asserted various 
affirmative defenses.","The Arbitrator acknowledges that he has read the pleadings and other materials filed by 
the parties. 
On October 24, 2017, the parties submitted a Consent Motion and Proposed Order 
wherein the parties agreed to terminate this arbitration; agreed to the expungement of the 
Termination DRP on Claimant's Form U5; agreed that FINRA Rule 2080 does not apply; 
and requested an expungement hearing with the Arbitrator. 
The Arbitrator deemed the parties Consent Order to be a notice of settlement of this 
matter. Therefore, the Arbitrator made no decisions with respect to the relief requested in 
the Statement of Claim other than Claimant's request for expungement, as set forth in the 
Award section below. 
The Arbitrator conducted a recorded telephonic hearing on November 29, 2017, so the 
parties could present oral argument and evidence on Claimant's request for expungement. 
Respondent participated in the expungement hearing and consented to the request for 
expungement. 
The Arbitrator noted that Claimant did not previously file a claim requesting 
expungement of the same disclosure in the CRD.","Pursuant to the Code of Arbitration Procedure, the following fees are assessed: 
Filing Fees 
FINRA Office of Dispute Resolution assessed a filing fee* for each claim: 
Initial Claim Filing Fee =$ 1,575.00 
*The filing fee is made up of a non-refundable and a refundable portion. 
Member Fees 
Member fees are assessed to each member firm that is a party in these proceedings or 
to the member firm(s) that employed the associated person(s) at the time of the event(s) 
giving rise to the dispute. Accordingly, as a party, Respondent is assessed the 
following: 
Member Surcharge =$ 1,900.00 
Member Process Fee =$ 3,750.00 
Hearing Session Fees and Assessments 
The Arbitrator has assessed hearing session fees for each session conducted. A 
session is any meeting between the parties and the arbitrator(s), including a pre-hearing 
conference with the arbitrator(s) that lasts four (4) hours or less. Fees associated with 
these proceedings are: 
One (1) pre-hearing session with a single arbitrator @ $450.00/session 
Pre-hearing conference: October 4, 2017 1 session 
=$ 450.00 
One (1) hearing session on expungement request @ $450.00/session 
Hearing Date: November 29, 2017 1 session 
=$ 450.00 
Total Hearing Session Fees =$ 900.00 
The Arbitrator has assessed $675.00 of the hearing session fees to Claimant which 
includes the entire expungement hearing session fee. 
The Arbitrator has assessed $225.00 of the hearing session fees to Respondent. 
All balances are payable to FINRA Office of Dispute Resolution and are due upon 
receipt. 
Signature D te 
ARBITRATOR 
W. William Harness Sole Public Arbitrator 
I, the undersigned Arbitrator, do hereby affirm that I am the individual described herein 
and who executed this instrument which is my award. 
Arbitrators Signature 
• 
r ; ) 
W. Miam iHarness 
Sole Public Arbitrator 
DECEMBER 11, 2017 
Date of Service (For FINRA Office of Dispute Resolution office use only)",
17-01201,17-01201,pre_cutoff,2018-03-16,17-01201.pdf,6,9811,8,"For Claimant Alex Papadopoulos (“Claimant”): Owen Harnett, Esq., AdvisorLaw, LLC, 
Broomfield, Colorado. 
For Respondents LaSalle Financial Services, Inc. (“LaSalle”) and Banc of America 
Investment Services, Inc. (“Banc of America”), hereinafter collectively referred to as 
“Respondents”: Sarah Yates, Esq., Bressler, Amery & Ross, P.C., Birmingham, 
Alabama.","After considering the pleadings, the testimony and evidence presented at the hearing, 
the Arbitrator has decided in full and final resolution of the sole issue of expungement 
submitted for determination as follows: 
1. Alex Papadopoulos’ request for expungement of Occurrence Number 
1432945 from his CRD records is denied. 
2. The Arbitrator recommends the expungement of Occurrence Number 1325800 from 
the registration records maintained by the CRD for Claimant Alex Papadopoulos 
(CRD# 4066706), with the understanding that, pursuant to Notice to Members 04-16, 
Claimant Alex Papadopoulos must obtain confirmation from a court of competent 
jurisdiction before the CRD will execute the expungement directive. 
Unless specifically waived in writing by FINRA, parties seeking judicial confirmation 
of an arbitration award containing expungement relief must name FINRA as an 
additional party and serve FINRA with all appropriate documents. 
Pursuant to Rule 13805 of the Code of Arbitration Procedure (“Code”), the Arbitrator 
has made the following Rule 2080 affirmative finding of fact: 
• The claim, allegation, or information is false. 
The Arbitrator has made the above Rule 2080 finding based on the following 
reasons: 
The allegation that Customer P.M., an experienced investor, did not 
know she was buying a variable annuity with a seven-year 
surrender schedule is false. Claimant testified under oath that he 
thoroughly explained the annuity, including the early surrender 
penalties, before purchase and several times after, and that 
Customer P.M. received disclosure documents for the annuity. 
When Customer P.M. withdrew the money early for a business 
opportunity, Claimant again reminded her of the penalties. 
Claimant’s employer investigated the claim and rejected it. 
Customer P.M. did not pursue the matter further nor respond to 
multiple notices regarding this hearing, so Claimant’s testimony is 
uncontroverted.","In the Statement of Claim, Claimant requested: 
Compensatory Damages $1.00 
Other Non-Monetary Relief Expungement 
In the Statement of Answer, Respondents objected to Claimant’s request for $1.00 in 
compensatory damages, as he did not allege that he suffered harm or damages as a 
result of the complaints filed against him.","Award
In the Matter of the Arbitration Between: 
Claimant 
Alex Papadopoulos 
Case Number: 17-01201 
 vs. 
Respondents 
LaSalle Financial Services, Inc. and 
Banc of America Investment Services, Inc. 
Hearing Site: Chicago, Illinois 
______________________________________________________________________ 
Nature of the Dispute: Associated Person vs. Members","Statement of Claim filed on or about: May 9, 2017. 
Claimant signed the Submission Agreement: May 9, 2017. 
Statement of Answer filed jointly by Respondents on or about: June 29, 2017. 
LaSalle signed the Submission Agreement: June 27, 2017. 
Banc of America signed the Submission Agreement: June 27, 2017.","Claimant asserted the following cause of action: expungement. Claimant requested 
expungement of customer complaints, Occurrence Numbers 1325800 and 1432945, 
from his records maintained by the Central Registration Depository (“CRD”). Claimant 
alleged that the alleged misrepresentations by the customers regarding a variable 
annuity purchased in August 2005 and a mutual fund purchased in April 2008 are false. 
In the Statement of Answer, Respondents did not oppose Claimant’s requests for 
expungement.","The Arbitrator acknowledges that he has read the pleadings and other materials filed by 
the parties. 
On or about August 15, 2017, Claimant made a Request for Arbitration with a 
Telephonic or Video Expungement Hearing. No response was filed. In the Initial Pre-
Hearing Conference Scheduling Order dated August 29, 2017, the Arbitrator granted 
the request for a telephonic expungement. The Arbitrator ordered Claimant to send 
notices of hearing to the customers related to Occurrence Numbers 1325800 and 
1432945. The Order reads in pertinent part as follows: “The notices shall include the 
date and time of the telephonic hearing and detailed instructions on how to gain 
participation in the conference. If notices are sent by mail, it shall be by certified mail, 
return receipt. Respondent will use its best efforts to promptly secure a copy of the 
Settlement Agreement in Occurrence Number 1432945 and deliver it to Claimant.” 
On or about August 16, 2017, Claimant sent via certified mail to Customers P.M. and 
P.F. the Statement of Claim and notice of the requests for expungement. On or about 
August 23, 2017, Claimant filed an Affidavit of Service. 
On or about August 28, 2017, Claimant served Discovery Requests on Respondents 
related to Occurrence Numbers 1325800 and 1432945. 
On January 4, 2018, Claimant filed Exhibits # 2-7 for the expungement hearing. 
On or about January 8, 2018, Claimant sent via priority express mail notice to Customers 
P.M. and P.F. with the date of the expungement hearing and the opportunity to appear 
and/or submit written documentation. 
The Arbitrator conducted a recorded, telephonic hearing on January 11, 2018. The 
Arbitrator determined that there was not enough advance notice given to the customers of 
the expungement hearing. The Arbitrator postponed the expungement hearing due to 
inadequate notice. The expungement hearing was rescheduled for February 28, 2018. 
On or about January 22, 2018, Claimant sent via certified mail notice to Customers P.M. 
and P.F. with the date of the expungement hearing and the opportunity to appear and/or 
submit written documentation. On or about January 23, 2018, Claimant filed an Affidavit 
of Service. 
The Arbitrator conducted a recorded, telephonic hearing on February 28, 2018, so the 
parties could present oral argument and evidence on Papadopoulos’ requests for 
expungement. Respondents’ counsel did participate in the expungement hearing and did 
not contest the requests for expungement. The customers did not respond to the letters, 
nor did they participate in the telephonic expungement hearing. At the hearing, Claimant 
orally withdrew his request for compensatory damages in the amount of one dollar ($1.00). 
The Arbitrator reviewed the BrokerCheck® Report for Papadopoulos. 
With regard to the customer complaint for Occurrence Number 1325800, LaSalle denied 
the claim after finding it to be without merit. The respective client did not pursue her 
complaint further in arbitration or litigation. 
After investigating the second customer complaint for Occurrence Number 1432945, 
Respondents settled the matter in order to avoid the costs and uncertainty of litigation. 
The Arbitrator reviewed the Settlement Agreement and General Release for Occurrence 
Number 1432945, considered the amount of payments made to any party, and 
considered other relevant terms and conditions of the settlement. The Arbitrator noted 
that the settlement was not conditioned on the customer not opposing the request for 
expungement. The Arbitrator also noted that Papadopoulos was not a party to the 
settlement and did not contribute to the settlement amount. 
The Arbitrator noted that Papadopoulos did not previously file a claim requesting 
expungement of the same disclosures in the CRD. 
In recommending expungement, the Arbitrator relied upon the following documentary or 
other evidence: Papadopoulos’ BrokerCheck® Report and his testimony cited below in 
the Award section.","Pursuant to the Code, the following fees are assessed: 
Filing Fees 
FINRA Office of Dispute Resolution assessed a filing fee* for each claim: 
Initial Claim Filing Fee =$ 50.00 
*The filing fee is made up of a non-refundable and a refundable portion. 
Member Fees
Member fees are assessed to each member firm that is a party in these proceedings or 
to the member firms that employed the associated person at the time of the events 
giving rise to the dispute. Accordingly, as parties, LaSalle Financial Services, Inc. and 
Banc of America Investment Services, Inc. are each assessed the following: 
Member Surcharge =$ 150.00 
Hearing Session Fees and Assessments
The Arbitrator has assessed hearing session fees for each session conducted. A 
session is any meeting between the parties and the arbitrator(s), including a pre-hearing 
conference with the arbitrator(s), that lasts four (4) hours or less. Fees associated with 
these proceedings are: 
One (1) pre-hearing session with a single arbitrator @ $50.00/session =$ 50.00 
Pre-hearing conference: August 29, 2017 1 session 
Two (2) hearing sessions on expungement request @ $50.00/session =$ 100.00 
Hearing Dates: January 11, 2018 1 session 
February 28, 2018 1 session 
Total Hearing Session Fees =$ 150.00 
The Arbitrator has assessed $150.00 of the hearing session fees to Claimant. 
All balances are payable to FINRA Office of Dispute Resolution and are due upon 
receipt. 
ARBITRATOR 
James A. Murphy - Sole Public Arbitrator 
I, the undersigned Arbitrator, do hereby affirm that I am the individual described herein 
and who executed this instrument, which is my award. 
Arbitrator's Signature 
/s/ James A. Murphy 
James A. Murphy 
Sole Public Arbitrator 
March 16, 2018 
Signature Date 
March 16, 2018___________________________________ 
Date of Service (For FINRA Office of Dispute Resolution office use only)",
17-01151,17-01151,pre_cutoff,2018-04-10,17-01151.pdf,5,10510,2,"For Claimant Thomas Kerby Hall: Dochtor Kennedy, MBA, J.D AdvisorLaw LLC, 
Broomfield, Colorado. 
For Respondent Securities America, Inc.: Janine M. Lucas, Saretsky Hart Michaels & 
Gould, Birmingham, Michigan. 
NATURE OF DISPUTE: Associated Person vs. Member 
Statement of Claim filed on or about: May 5, 2017. 
Amended Statement of Claim filed on or about: September 28, 2017. 
Respondent filed a Statement of Answer on: June 1, 2017. 
CASE SUMMARY: Claimant asserted a claim seeking expungement of five 
occurrences from his Central Registration Depository (""CRIT) record (""Underlying 
Claims""): two FINRA arbitrations, occurrence numbers 1514165 and 1658852; and 
three customer complaints, occurrence numbers 1521130, 1577633 and 1608394. 
In its Statement of Answer, Respondent advised that it does not contest the present 
action and stipulates to the expungement of the Underlying Claims from Claimant's 
CRD. Respondent's only objection is to Claimant's request for $1.00 in damages from 
Respondent. 
RELIEF REQUESTED: In the Amended Statement of Claim, Claimant requested: 
1. Expungement of the Underlying Claims from his CRD record pursuant to FINRA 
Rule 2080(b)(1)(A), as the claim, allegation, or information is factually impossible 
or clearly erroneous; 
2. Expungernent of occurrence numbers 1514165 and 1521130 from his CRD 
record pursuant to FINRA Rule 2080(b)(1)(B), as Claimant was not involved in 
the alleged investment-related sales practice violation, forgery, theft, 
misappropriation, or conversion of funds; 
3. Expungernent of the Underlying Claims from his CRD record pursuant to FINRA 
Rule 2080(b)(1)(C), as the claim, allegation, or information is false; 
4. An award of damages in the amount of $1.00; and 
5. Any and all other relief that the Arbitrator deems just and equitable. 
OTHER ISSUES: The Arbitrator acknowledges that he has read the pleadings and other 
materials filed by the parties. 
On October 31, 2017, Claimant provided notice that the Amended Statement of Claim 
was served on the customers in occurrence number 1514165 (Mr. and Mrs. M), the 
customer in occurrence number 1577633 (Ms. P), the customers in occurrence number 
1608394 (Mr, and Mrs, D), and the customer in occurrence number 1658852 (Ms. Y) 
and Claimant submitted a death record for the customer in occurrence number 1521130 
(Mr. A), hereinafter collectively referred to as the ""Underlying Customers,"" 
Claimant also provided notice to the counsel for Ms. Y and counsel for Mr. and Mrs, M 
in their respective underlying arbitrations, 
The Arbitrator noted that Mr. and Mrs. M were not the only customers in the underlying 
arbitration for occurrence number 1514165, however, the Arbitrator found that the 
claims of other customers did not relate to Claimant and therefore it was appropriate for 
Claimant to provide notice of the expungement request to Mr. and Mrs. M only. 
On January 23, 2018, Claimant advised FINRA that Ms. P would like to participate in 
the expungement hearing and requested that Ms. P be provided with the details for the 
telephonic expungement hearing set for February 5, 2018. 
On February 2, 2018, counsel for Ms. Y submitted a request for postponement of the 
expungement hearing and advised that Ms. Y would be opposing Claimant's 
expungement request. On the same date, Claimant filed an objection to Ms. Y's request 
for postponement. At the hearing on February 5, 2018. the Arbitrator heard oral 
argument on Ms. Y's request and denied the postponement. Counsel for Ms. Y 
subsequently provided oral argument at the hearing in opposition to the request for 
expungement. Counsel for Ms. Y also submitted exhibits in connection with the 
opposition during and after the February 5, 2018 hearing date. 
The Arbitrator conducted recorded telephonic hearings on February 5 and 6, 2018 so 
the parties could present oral argument and evidence on Claimant's request for 
expungement. 
Respondent participated in the expungement hearings and did not contest the request 
for expungement. Ms. P and counsel for Ms. Y participated in the expungement hearing 
on February 5, 2018 and contested the request for expungement. 
At the evidentiary hearing, Claimant withdrew his request for $1.00 in damages. 
The Arbitrator reviewed the BrokerCheck® Report for Claimant. 
The Arbitrator found that there were no settlements in the customer complaints filed by 
Ms. P (occurrence number 1577633) and Mr. and Mrs. D (occurrence number 
1608394). 
The Arbitrator reviewed the settlement documents for occurrence numbers 1514165, 
1521130, and 1658852, considered the amount of payments made to any party, and 
considered other relevant terms and conditions of the settlement. The Arbitrator noted 
that the settlements were not conditioned on Mr. and Mrs. NA, Mr. A, and Ms. Y not 
opposing the request for expungement. The Arbitrator also noted that Claimant did not 
contribute to the settlement amounts. 
The Arbitrator is particularly concerned with the matters relating to Ms. Y's underlying 
arbitration. On December 7, 2017, counsel for Ms. Y, Kalju Nekvasil, sent a confidential 
release form, after the underlying arbitration with Ms Y. was settled, to Claimant's 
counsel, Armin Sarabi. In his cover letter, Mr. Nekvasil stated that if Claimant released 
Ms. Y frorn any future causes of action, Mr. Nekvasil would not oppose Claimant's 
expungement request. Mr. Sarabi declined to have his client enter the agreement, 
believing such an action would be a violation of FINRA Rule 2081. Although Mr. 
Nekvasil informed the Arbitrator during the hearing that his firm commonly uses such 
releases, the Arbitrator is not confident that such a release does not violate Rule 2081, 
in that the release amounts to a quid pro quo—the consideration of releasing Mr. 
Nekvasil's client from future causes of action in exchange for not opposing the request 
for expungement. 
Although Mr_ Nekvasil appeared at the hearing to oppose the request for expungement 
due to the non-consurnmation of the release, the Arbitrator believes the offer of the 
release at least implies a recognition of valid grounds to expunge this occurrence 
number from Claimant's CRD record. 
The Arbitrator noted that Claimant did not previously file a claim requesting 
expungement of the same disclosures in the CRD. 
In recommending expungement the Arbitrator relied upon the following documentary or 
other evidence: testimony of the witnesses, the pleadings, documentary evidence 
provided, including, inter alia, the BrokerCheck® Report for Claimant and the settlement 
agreements relating to occurrence numbers 1514165, 1521130, 1658852. 
The parties present at the hearing have agreed that a handwritten, signed Award may 
be entered. 
AWARD: The Arbitrator has decided and determined in full and final resolution of the 
issues submitted for determination as follows: 
1. The Arbitrator recommends the expungement of all references to the Underlying 
Claims, occurrence numbers 1514165; 1658852; 1521130; 1577633 and 
1608394, from registration records maintained by the CRD, for Claimant Thomas 
Kerby Hall (CRD# 2315377), with the understanding that, pursuant to Notice to 
Members 04-16, Claimant Thomas Kerby Hall must obtain confirmation from a 
court of competent jurisdiction before the CRD will execute the expungement 
directive. 
Unless specifically waived in writing by FINRA, parties seeking judicial 
confirmation of an arbitration award containing expungement relief must name 
FINRA as an additional party and serve FINRA with all appropriate documents. 
Pursuant to Rule 13805 of the Code of Arbitration Procedure, the Arbitrator has 
made the following Rule 2080 affirmative findings of fact: the claim, allegation, or 
information is factually impossible or clearly erroneous. 
The Arbitrator has made the above Rule 2080 findings based on the following 
reasons: In all Underlying Claims, the Arbitrator finds that Claimant did not sell 
the Underlying Customers inappropriate investments. The investments were 
within the Underlying Customers stated risk tolerances. Further, Claimant was in 
frequent contact with the Underlying Customers, often meeting with them 
personally and thoroughly discussing investment vehicles, investment goals and 
tolerance. Losses occurred due to market forces and unforeseeable problems 
with previously well performing investments. The investments at issue were not 
inappropriate for the individual levels of risk tolerance and investment goals of 
the Underlying Customers. 
2. Any and all claims for relief not specifically addressed herein are denied. 
OTHER FEES: Pursuant to the Code, the following fees are assessed: 
Filing Fees 
FINRA Office of Dispute Resolution assessed a filing fee* for each claim: 
Initial Claim Filing Fee =$50.00 
*The filing fee is rnade up of a non-refundable and a refundable portion. 
Member Fees 
Member fees are assessed to each member firm that is a party in these proceedings or 
to the member firm(s) that employed the associated person(s) at the time of the event(s) 
giving rise to the dispute. Accordingly, as a party, Respondent is assessed the 
following: 
Member Surcharge =$150.00 
Hearing Session Fees and Assessments 
The Arbitrator has assessed hearing session fees for each session conducted. A 
session is any meeting between the parties and the arbitrator(s), including a pre-hearing 
conference with the arbitrator(s), that lasts four (4) hours or less. Fees associated with 
these proceedings are: 
One (1) pre-hearing session with a single arbitrator © $50.00/session =S50.00 
Pre-hearing conference: August 23, 2017 1 session 
Three (3) hearing sessions on expungernent request © $50.00/session =S150.00 
Hearing Date: February 5, 2018 2 sessions 
February 6. 2018 1 session 
Total Hearing Session Fees =$200.00 
The Arbitrator has assessed $200.00 of the hearing session fees to Claimant. 
All balances are payable to FINRA Office of Dispute Resolution and are due upon 
receipt. 
ARBITRATOR 
Daniel M. Yamshon Sole Public Arbitrator 
I, the undersigned Arbitrator, do hereby affirm that I am the individual described herein 
and who executed this instrument which is my award. 
Arbitrator's Signature 
April 10, 2018 

Daniel M. Yamshon 
Sole Public Arbitrator 
April 10, 2018 

Signature Date 

Date of Service (For FINRA-ODR office use only)","CASE #: 17-01151 
Thomas Kerby Hall (Claimant) vs, Securities America, Inc, (Respondent)",,,,,,,
17-02186,17-02186,pre_cutoff,2018-05-03,17-02186.pdf,4,4992,2,"Claimant Ali Reza Zamani appeared pro se. 
For Respondents Stephen Carey Hamilton (""Hamilton""), Alex Shtaynberger 
(""Shtaynberger), and Laidlaw & Company (Uk) Ltd. (""Laidlavit): Ross David Carmel, 
Esq., Carmel, Milazzo & DiChiara LLP, New York, New York. 
NATURE OF DISPUTE: Customer vs. Associated Persons and Member 
Statement of Claim filed on or about: August 15, 2017. 
CASE SUMMARY: Claimant asserted the following causes of action: misrepresentation; 
failure to follow instructions, failure to supervise, and violation of securities laws. 
The causes of action relate to Spherix Inc. stock. 
RELIEF REQUESTED: In the Statement of Claim, Claimant requested compensatory 
damages in the amount of $22,500.00. 
AWARD: The undersigned Arbitrator has decided and determined in full and final 
resolution of the issues submitted for determination as follows: 
1) Claimant's claims are denied in their entirety. 
2) Respondent Hamilton's request for expungement is denied. 
3) The Arbitrator recommends the expungement of all reference to the above 
captioned arbitration from the registration records maintained by the Central 
Registration Depository (""CRD"") from Respondent Alex Shtaynberger's (CRD # 
2077298), with the understanding that, pursuant to Notice to Members 04-16, 
Respondent Alex Shtaynberger must obtain confirmation from a court of competent 
jurisdiction before the CRD will execute the expungement directive. 
Unless specifically waived in writing by FINRA, parties seeking judicial confirmation 
of an arbitration award containing expungement relief must name FINRA as an 
additional party and serve FINRA with all appropriate documents. 
Pursuant to Rule 12805 of the Code, the Arbitrator has made the following 
Rule 2080 affirmative finding of fact: 
The registered person was not involved in the alleged investment-related sales 
practice violation, forgery, theft, misappropriation, or conversion of funds. 
The Arbitrator made the above Rule 2080 finding based on the following reasons: 
Mr. Shtaynberger by Claimant's own admission was not involved in trading on 
behalf of Claimant until July 31, 2017, when Claimant telephoned Mr. Shtaynberger 
and asked Mr. Shtaynberger to liquidate the SPEX stock. According to Claimant, Mr. 
Shtaynberger followed Claimant's instructions and liquidated the SPEX stock quickly 
on the same day. 
4) All other relief requests are denied. 
5) F1NRA Office of Dispute Resolution shall retain the $425.00 filing fee that the 
Claimant deposited previously. 
OTHER FEES: Respondent has paid to FINRA Office of Dispute Resolution the 
$450.00 Member Surcharge previously invoiced. 
One (1) Hearing session on expungement request @ $450.00 = $ 450.00 
Hearing Date: April 12, 2018 1 session 
Total Hearing Session Fees = $ 450.00 
The Arbitrator has assessed the $450.00 expungement hearing session fees jointly and 
severally to Respondents Hamilton, Shtaynberger, and Laidlaw & Company. 
Postponement Fees 
Postponements granted during these proceedings for which fees were assessed or 
waived: 
March 21, 2018, postponement requested by Respondents Waived 
Last Minute Cancellation Fees 
Fees apply when a hearing on the merits is postponed or settled within ten calendar 
days before the start of a scheduled hearing session: 
March 21, 2018, postponement requested by Respondents Waived 
The $300.00 Paper Decision Fee is assessed to Claimant. 
All balances are payable to FINRA Dispute Resolution and are due upon receipt. 
OTHER ISSUES: The Arbitrator acknowledges that she has read the pleadings and 
other materials filed by the parties. 
The Arbitrator conducted a recorded telephonic hearing on April 12, 2018 so the parties 
could present oral argument and evidence on Respondents Hamilton's and 
Shtaynberger's requests for expungement of their respective CRD records. Claimant 
contested Respondents expungement requests. 
Arbitration No. 1 7-021 86 
The Arbitrator reviewed the BrokerCheck® Reports for Respondents Hamilton and 
Shtaynberger. 
The Arbitrator noted that Respondents Hamilton and Shtaynberger did not previously 
file a claim requesting expungement of the same disclosure in the CRD. 
In recommending expungement, the Arbitrator relied upon the following documentary or 
other evidence: the pleadings, party submissions, the testimony of the Claimant and 
Respondent Hamilton, and the BrokerCheck® Report for Respondent Shtaynberger. 
'da B. Kenny 
Public Arbitrator 
ARBITRATOR 
Alfreida B. Kenny Sole Public Arbitrator 
I, the undersigned Arbitrator, do hereby affirm, pursuant to Article 7507 of the Civil 
Practice Law and Rules, that l am the individual described herein and who executed this 
instrument which is my award. 
Arbitrators Signature 
May 3, 2018 
Date of Service (For FINRA-ODR office use only) 
Signa Gale","CASE #: 17-02186 
Ali Reza Zamani (Claimant) vs. Stephen Carey Hamilton, Alex Shtaynberger, and 
Laidlaw & Company (Uk) Ltd (Respondents)",,,,,,,
17-02931,17-02931,pre_cutoff,2018-05-21,17-02931.pdf,5,8385,8,"For Claimant Shawn Anthony Rogers (“Claimant”): Tosh D. Grebenik, J.D., FA 
Expungement, LLC, Denver, Colorado. 
For Respondent Charles Schwab & Co., Inc. (“Respondent”): Gregory M. Scanlon, Esq., 
Charles Schwab & Co., Inc., Lone Tree, Colorado.","After considering the pleadings, the testimony and evidence presented at the hearing, 
the Arbitrator has decided in full and final resolution of the issues submitted for 
determination as follows: 
1. The Arbitrator recommends the expungement of all references to the Underlying 
Claims, occurrence numbers 1463572 and 1437183 from registration records 
maintained by the CRD, for Claimant Shawn Anthony Rogers (CRD# 2962520), 
with the understanding that, pursuant to Notice to Members 04-16, Claimant 
Shawn Anthony Rogers must obtain confirmation from a court of competent 
jurisdiction before the CRD will execute the expungement directive. 
Unless specifically waived in writing by FINRA, parties seeking judicial 
confirmation of an arbitration award containing expungement relief must name 
FINRA as an additional party and serve FINRA with all appropriate documents. 
Occurrence Number 1437183 (in which Mr. and Mrs. M are the customers)
Pursuant to Rule 13805 of the Code of Arbitration Procedure (“Code”), the 
Arbitrator has made the following Rule 2080 affirmative findings of fact: the claim, 
allegation, or information is false. 
The Arbitrator has made the above Rule 2080 findings based on the following 
reasons: 
Mr. and Mrs. M alleged that Claimant failed to follow instructions to sell specific 
stocks. The evidence presented shows that Claimant did not receive any 
instructions from Mr. and Mrs. M to sell those specific stocks. The Arbitrator finds 
that Mr. and Mrs. M’s allegations of failure to follow instructions to sell stock are 
not supported by the evidence and are, therefore, false. 
Occurrence Number 1463572 (in which Mr. T is the customer)
Pursuant to Rule 13805 of the Code of Arbitration Procedure (“Code”), the 
Arbitrator has made the following Rule 2080 affirmative findings of fact: the claim, 
allegation, or information is factually impossible or clearly erroneous; and the 
claim, allegation, or information is false. 
The Arbitrator has made the above Rule 2080 findings based on the following 
reasons: 
The evidence presented shows: (1) that the Schwab YieldPlus Fund (“Fund”) 
was suitable for Mr. T based on his stated investment objectives and portfolio; (2) 
the risks inherent in this Fund were properly disclosed; and (3) Claimant did not 
make any misrepresentations concerning the Fund. The Arbitrator finds Mr. T’s 
allegations of unsuitability and misrepresentation are not supported by the 
evidence, and therefore, clearly erroneous and false. 
2. Claimant’s request for $1.00 in damages is denied. 
3. Any and all claims for relief not specifically addressed herein are denied.","In the Statement of Claim, Claimant requested: 
1. Expungement of occurrence number 1463572 from Claimant’s CRD record, 
pursuant to a finding that the claim, allegation, or information is factually 
impossible or clearly erroneous pursuant to FINRA Rule 2080(b)(1)(A); that 
Claimant was not involved in the alleged investment-related sales practice 
violation, forgery, theft, misappropriation, or conversion of funds pursuant to 
FINRA Rule 2080(b)(1)(B); and that the claim, allegation or information is false, 
pursuant to FINRA Rule 2080(b)(1)(C); 
2. Expungement of occurrence number 1437183 from Claimant’s CRD record, 
pursuant to a finding that the claim, allegation, or information is factually 
impossible or clearly erroneous pursuant to FINRA Rule 2080(b)(1)(A); and that 
the claim, allegation or information is false, pursuant to FINRA Rule 
2080(b)(1)(C); and 
3. Damages in the amount of $1.00 against Respondent.","Award
In the Matter of the Arbitration Between: 
Claimant 
Shawn Anthony Rogers 
Case Number: 17-02931 
 vs. 
Respondent 
Charles Schwab & Co., Inc. 
Hearing Site: Denver, Colorado 
Nature of the Dispute: Associated Person vs. Member","Statement of Claim filed on or about: October 31, 2017. 
Claimant signed the Submission Agreement: October 31, 2017. 
Statement of Answer filed by Respondent on or about: December 22, 2017. 
Respondent signed the Submission Agreement: December 22, 2017.","Claimant asserted a claim seeking expungement of two customer dispute occurrences 
(“Underlying Claims”) from his Central Registration Depository (“CRD”) record: one 
FINRA arbitration, occurrence number 1463572 and one customer complaint, 
occurrence number 1437183.
In the Statement of Answer, Respondent advised that it does not oppose Claimant’s 
request for expungement.","The Arbitrator acknowledges that she has read the pleadings and other materials filed 
by the parties. 
In the Initial Pre-Hearing Conference Order dated February 20, 2018 (“February 20 
Order”), the Arbitrator ordered Claimant’s counsel to serve the customers in occurrence 
numbers 1437183 (“Mr. and Mrs. M”) and 1463572 (“Mr. T”) with a copy of the Statement 
of Claim, the February 20 Order, and a Notice of Arbitration Hearing by March 13, 2018. 
Hereinafter, Mr. and Mrs. M and Mr. T are collectively referred to as the “Customers.” 
On May 2, 2018, Claimant’s counsel submitted a memorandum advising that he sent each 
customer a copy of the Statement of Claim and the February 20 Order via certified mail to 
the Customers which were delivered on March 16, 2018 to Mr. T and March 26, 2018 to 
Mr. and Mrs. M. 
The Arbitrator conducted a recorded telephonic hearing on May 2, 2018 so the parties 
could present oral argument and evidence on Claimant’s request for expungement. 
Respondent participated in the expungement hearing and did not contest the request for 
expungement. 
The Customers did not submit any documents in response to Claimant’s expungement 
request and did not participate in the expungement hearing. The Arbitrator determined that 
the Customers had notice of the expungement request and hearing. 
The Arbitrator reviewed the BrokerCheck® Report for Claimant. The Arbitrator found 
that the Underlying Claims were not settled and therefore there were no settlement 
documents for the Arbitrator to review. 
The Arbitrator noted that Claimant did not previously file a claim requesting 
expungement of the same disclosures in the CRD. 
In recommending expungement, the Arbitrator relied upon the following documentary or 
other evidence: oral testimony under oath by both Claimant and his counsel. 
The parties present at the hearing have agreed that a handwritten, signed Award may 
be entered.","Pursuant to the Code, the following fees are assessed: 
Filing Fees 
FINRA Office of Dispute Resolution assessed a filing fee* for each claim: 
Initial Claim Filing Fee =$ 50.00 
*The filing fee is made up of a non-refundable and a refundable portion. 
Member Fees
Member fees are assessed to each member firm that is a party in these proceedings or 
to the member firm(s) that employed the associated person(s) at the time of the event(s) 
giving rise to the dispute. Accordingly, as a party, Respondent is assessed the 
following: 
Member Surcharge =$ 150.00 
Hearing Session Fees and Assessments
The Arbitrator has assessed hearing session fees for each session conducted. A 
session is any meeting between the parties and the arbitrator(s), including a pre-hearing 
conference with the arbitrator(s), that lasts four (4) hours or less. Fees associated with 
these proceedings are: 
One (1) pre-hearing session with a single arbitrator @ $50.00/session =$50.00 
Pre-hearing conference: February 20, 2018 1 session 
One (1) hearing session on expungement request @ $50.00/session =$50.00 
Hearing Date: May 2, 2018 1 session 
Total Hearing Session Fees =$100.00 
The Arbitrator has assessed $100.00 of the hearing session fees to Claimant.
All balances are payable to FINRA Office of Dispute Resolution and are due upon 
receipt. 
ARBITRATOR 
Anita Rae Shapiro Sole Public Arbitrator 
I, the undersigned Arbitrator, do hereby affirm that I am the individual described herein 
and who executed this instrument which is my award. 
Arbitrator's Sig nature 
Date of Service (For FINRA Office of Dispute Resolution office use only) 
May 21, 2018",
18-01756,18-01756,pre_cutoff,2018-06-27,18-01756.pdf,7,8775,8,"For Claimants John and Jane Fuchs: Gary S. Menzer, Esq., Menzer & Hill, P.A., Boca 
Raton, Florida. 
For Respondent G.F. Investment Services, LLC (""GFIS""): Kimberly A. Koves, Esq., 
Wiand, Guerra, King, P.A., Tampa, Florida. 
For Respondent Madison Avenue Securities, LLC (""Madison""): Lloyd R. Schwed, Esq., 
Schwed Kahle & Kress, P.A., Palm Beach Gradens, Florida. 
For Respondents Andrew M. Costa (""Costa"") and Christopher Grant Conness 
(""Conness""): W. Todd Boyd, Esq., Boyd Richards Parker & Colonnelli, P.L., Miami, 
Florida.","After considering the pleadings, the testimony and evidence presented at the recorded 
telephonic hearing, the Panel has decided in full and final resolution of the issues 
submitted for determination as follows: 
1. Pursuant to Rule 12504(a)(6)(B) of the Code, Claimants' claims against 
Respondent Madison are dismissed, with prejudice. 
2. Any and all claims for relief not specifically addressed herein, including Claimants' 
request for punitive damages, are dismissed with prejudice.","In the Statement of Claim, Claimants requested: compensatory damages of 
approximately $150,000.00; rescission; interest; punitive damages; and costs. 
In its Statement of Answer, Respondent Madison requested dismissal with prejudice of 
all claims asserted against Respondent Madison in the Statement of Claim, attorneys' 
fees and costs. 
In their Limited Statement of Answer, Respondents GFIS, Costa and Conness reserved 
their rights to supplement their Answer and to seek dismissal of the claims asserted 
against them.","Award 
In the Matter of the Arbitration Between: 
Claimants Case Number: 18-01756 
John and Jane Fuchs 
VS. 
Respondents 
G.F. Investment Services, LLC 
Madison Avenue Securities, LLC 
Andrew M. Costa 
Christopher Grant Conness 
Hearing Site: Boca Raton, Florida 
Nature of the Dispute: Customer vs. Members and Associated Persons 
This case was decided by an all-public panel.","Statement of Claim filed on or about: May 7, 2018. 
John and Jane Fuchs signed the Submission Agreement: May 7, 2018. 
Statement of Answer filed by Respondents on or about: June 27, 2018. 
Madison Avenue Securities, LLC signed the Submission Agreement: May 11, 2018. 
Limited Statement of Answer filed by Respondents GFIS, Costa and Conness on or 
about: July 10, 2010. 
G.F. Investment Services, LLC did not sign the Submission Agreement. 
Andrew M. Costa did not sign the Submission Agreement. 
Christopher Grant Conness did not sign the Submission Agreement.","Claimants asserted the following causes of action: breach of contract; fraud; negligence; 
breach of fiduciary duty; negligent supervision; suitability; misrepresentation; and, 
omission to state a material fact. The causes of action relate to Claimants' investment 
in Woodbridge Notes. 
Unless specifically admitted in its Statement of Answer, Respondent Madison denied the 
allegations made in the Statement of Claim and asserted various affirmative defenses. 
Unless specifically admitted in their Limited Statement of Answer, Respondents GFIS, 
Costa and Conness denied the allegations made in the Statement of Claim and asserted 
various affirmative defenses.","The Arbitrators acknowledge that they have each read the pleadings and other 
materials filed by the parties. 
Respondents GFIS, Costa and Conness did not file with FINRA Office of Dispute 
Resolution properly executed Submission Agreements but are required to submit to 
arbitration pursuant to the Code of Arbitration Procedure (""Code"") and are bound by the 
determination of the Panel on all issues submitted. 
On or about September 26, 2018, the Circuit Court of the Fifteenth Judicial Circuit in 
and for Palm Beach County, Florida, issued a preliminary injunction enjoining Claimants 
from pursuing their claims in arbitration against Respondents GFIS, Costa and 
Conness. Accordingly, the Panel made no determinations with respect to any of the 
claims asserted against these Respondents in the Statement of Claim. 
On or about June 27, 2018, Respondent Madison filed a Motion to Dismiss, asserting 
that dismissal is warranted pursuant to Rule 12504(a)(6)(B) of the Code because 
Respondent Madison was not associated with the accounts, securities or conduct at 
issue in this matter. Specifically, Respondent Madison stated, among other things, that 
Claimants were never its clients, Respondent Madison never transacted any business 
with them, and there is no executed arbitration agreement between them. In their 
opposition thereto, Claimants asserted they transacted business with Global Wealth 
Management (""GWM""), bought and maintained investments with GWM, received advice 
and guidance on their Woodbridge securities investment from GWM, and believed that 
the personnel at GWM were managing them. Claimants allege that since GWM is the 
alter ego of Respondents Costa and Conness, who are registered representatives of 
Respondent Madison, Claimants were customers of Madison. In its Reply, Respondent 
Madison stated that it and GWM are not now, and never have been affiliated entities, 
and that GWM is an independent financial services firm, which was founded by its 
managing directors, Respondents Costa and Conness, while they were still affiliated 
with Respondent GFIS. 
On October 22, 2018, the Panel heard oral arguments on Respondent Madison's 
Motion to Dismiss during a recorded telephonic conference with the parties. On or 
about October 26, 2018, the Panel granted Respondent Madison's Motion to Dismiss 
pursuant to Rule 12504 of the Code. Specifically, the Panel found as follows: 
""The Panel is cognizant of FIN RA's policy that, prior to the conclusion of a 
party's case in chief, a Motion to Dismiss is discouraged. However, after 
car -consideration of the Statement of Claim and the arguments 
presented at the prehearing conference call and in the review of all 
documents, the Panel found no basis for imposing liability on Respondent 
Madison for losses sustained by Claimants. The moving party had no 
connection to the purchase of the subject securities, or to any fraud or 
misrepresentation related thereto. There is no basis for imposition of 
liability for failure to supervise, as there was no duty of Respondent 
Madison to supervise anyone connected with the subject securities. There 
is no contract between Respondent Madison and Claimants. While the 
Panel are loathe to deny Claimants an opportunity to present their case on 
the merits, in this instance there is no evidence which could support an 
award against Respondent Madison."" 
The parties present at the telephonic hearing have agreed that the Award in this matter 
may be executed in counterpart copies or that a handwritten, signed Award may be 
entered.","Pursuant to the Code, the following fees are assessed: 
Filing Fees 
FINRA Office of Dispute Resolution assessed a filing fee* for each claim: 
Initial Claim Filing Fee 
*The filing fee is made up of a non-refundable and a refundable portion. 
=$ 1,425.00 
Member Fees 
Member fees are assessed to each member firm that is a party in these proceedings or 
to the member firm(s) that employed the associated person(s) at the time of the event(s) 
giving rise to the dispute. Accordingly, as parties, Respondents Madison and GFIS are 
assessed the following: 
Respondent Madison 
Member Surcharge =$ 1,700.00 
Member Process Fee =$ 3,250.00 
Respondent GFIS 
Member Surcharge =$ 1,700.00 
Member Process Fee =$ 3,250.00 
Hearing Session Fees and Assessments 
The Panel has assessed hearing session fees for each session conducted. A session is 
any meeting between the parties and the arbitrator(s), including a pre-hearing 
conference with the arbitrator(s) that lasts four (4) hours or less. Fees associated with 
these proceedings are: 
Two (2) pre-hearing sessions with the Panel @ $1,125.00/session 
Pre-hearing conferences: September 24, 2018 1 session 
October 22, 2018 1 session 
=$ 2,250.00 
Total Hearing Session Fees =$ 2,250.00 
The Panel has assessed $1,687.50 of the hearing session fees jointly and severally to 
Claimants. 
The Panel has assessed $562.50 of the hearing session fees jointly and severally to 
Respondents Madison, GFIS, Costa and Conness. 
All balances are payable to FINRA Office of Dispute Resolution and are due upon 
receipt. 
Paul Wein rg 
Public Arbitrator, Presid hairperson 
AL JO go is Signature Date 
i‘t Date of Service (For FINRA Office of Dispute Resolution office use only) 
From: 11/08/2018 13:24 #206 P.002/002 
Paul Weinberg Signature Date 
 Gilbert-kSchnirman 11/8/2018 
Gilbert A. Schnirman Signature Date 
(11 1 11(‘ 
Public A itrat 
Will M rp y S' ature Date 
o'w",
16-03235,16-03235,pre_cutoff,2018-07-12,16-03235.pdf,6,7894,8,"For Claimant Aeon, LLC/Aeon Holding, LLC: Demetrios Pavlou, Esq., Boca Raton, Florida. 

For Respondents Corinthian Partners, L.L.C., Richard Calabrese, Pamela Calabrese and 
Mitchell Manoff: Daniel J. Dugan, Esq., Spector Gadon & Rosen, P.C., Philadelphia, 
Pennsylvania.","After considering the pleadings, the testimony and evidence presented at the hearing, and 
the post-hearing submissions, the Panel has decided in full and final resolution of the 
issues submitted for determination as follows: 

1. Respondents Corinthian Partners, L.L.C., Richard Calabrese and Mitchell 
Manoff are jointly and severally liable for and shall pay to Claimant the sum of 
$60,000.00 plus interest at the rate of 3% per annum from November 4, 2016 
until the award is paid in full. 

2. Claimant’s request for interim relief is denied. 

3. Claimant’s claims against Respondent Pamela Calabrese are denied in their 
entirety. 

4. Any and all claims for relief not specifically addressed herein, including punitive 
damages and attorneys’ fees, are denied.","In the Statement of Claim and Amended Statement of Claim, Claimant requested the 

Interim Relief: 
The immediate preliminary hearing of this matter for an injunction requiring 
Respondents to immediately transfer back to Claimant the shares of stock in 
DelMar Pharmaceuticals, Inc. In the alternative, if the Panel feels that it is unable to 
do so, Claimant requests an immediate injunction freezing the account where the 
stock is located to prevent anyone from transferring the stock, liquidating the stock 
and or withdrawing the cash value of the stock. In addition, if Claimant is not 
granted an injunction requiring Respondents to immediately transfer back the stock, 
but the account is frozen, Claimant requests that the account is re-titled into 
Claimant’s name to prevent access to the assets in the account by Respondents 
and Respondents’ creditors. 

Permanent Relief: 
As a result of the conduct set forth above, Claimant requests a final hearing in this 
matter and a decision against Respondents ordering: 

a. the return of the DelMar Pharmaceuticals, Inc. stock to Aeon; 
b. the payment to Aeon of the consideration received by Respondents and 
Respondents’ affiliates under the Membership Interest Purchase Agreement, 
including, but not limited to the $142,000 identified in the agreement; 
c. damages based on fairness and equity; 
d. prejudgment and post judgment interest; 
e. any other compensatory damages that Claimant may suffer as a result of 
Respondents’ conduct, as applicable, and prejudgment and post judgment 
interest on all such damages; 
f. punitive damages in an amount sufficient to punish Respondents; and 
g. such other and additional relief as this Panel may deem just and proper. 

In their Statement of Answer and Answer to the Amended Statement of Claim, 
Respondents requested that the Panel dismiss this proceeding, or in the alternative, enter 
an award denying Claimant any relief. In either event, the Panel should award 
Respondents all costs incurred in this proceeding.","Award 

In the Matter of the Arbitration Between: 

Claimant 
Aeon, LLC/Aeon Holding, LLC 
Case Number: 16-03235 

 vs. 

Respondents 
Corinthian Partners, L.L.C. 
Corinthian Holdings, LLC 
Richard Calabrese 
Pamela Calabrese 
Mitchell Manoff 
Hearing Site: Newark, New Jersey 

______________________________________________________________________ 
Nature of the Dispute: Customer vs. Member and Associated Persons 
This case was decided by a majority-public panel.","Statement of Claim filed on or about: November 4, 2016. 
Amended Statement of Claim filed on or about: April 3, 2017. 
Aeon, LLC/Aeon Holding, LLC signed the Submission Agreement: November 4, 2016. 

Statement of Answer filed by Respondents on or about: January 3, 2017. 
Answer to Amended Statement of Claim filed by Respondents on or about: July 18, 2017. 
Corinthian Partners, L.L.C. signed the Submission Agreement: December 29, 2016. 
Richard Calabrese signed the Submission Agreement: December 29, 2016. 
Pamela Calabrese signed the Submission Agreement: April 18, 2018 
Mitchell Manoff signed the Submission Agreement: December 29, 2016.","Claimant asserted the following cause of action: failure and refusal to return shares. 

The cause of action relates to 200,000 shares of DelMar Pharmaceuticals, Inc. stock. 

Unless specifically admitted in the Statement of Answer, Respondents denied the allegations 
made in the Statement of Claim and asserted various affirmative defenses.","The Arbitrators acknowledge that they have each read the pleadings and other materials 
filed by the parties. 

By Order dated March 14, 2017, the Panel allowed Claimant to file an amended Statement 
of Claim. On April 3, 2017, Claimant filed an amended statement of Claim to add the 
following parties: Corinthian Holdings, LLC and Pamela Calabrese. 

Respondent Corinthian Holdings, LLC is not a member or associated person of FINRA 
and did not voluntarily submit to arbi tration. Therefore, the Panel made no determination 
with respect to Claimant’s claims against Respondent Corinthian Holdings, LLC. 

On or about May 5, 2017, Respondents filed a Motion to Dismiss. Claimant opposed 
Respondents’ Motion. On July 6, 2017, the Panel heard oral arguments on Respondents’ 
Motion to Dismiss. On July 7, 2017, the Panel denied Respondents’ Motion to Dismiss 
without prejudice for leave to renew at the conclusion of Claimant’s case-in-chief. 

At the conclusion of Claimant’s case-in-chief, Respondents filed a Motion to Dismiss. 
Claimant opposed Respondents’ Motion to Dismiss. The Panel denied Respondents’ 
Motion to Dismiss. 
The parties present at the hearing have agreed that the Award in this matter may be 
executed in counterpart copies or that a handwritten, signed Award may be entered.","Pursuant to the Code of Arbitration Procedure, the following fees are assessed: 
Filing Fees 
FINRA Office of Dispute Resolution assessed a filing fee* for each claim: 

Initial Claim Filing Fee =$ 1,575.00 

*The filing fee is made up of a non-refundable and a refundable portion. 

Member Fees 
Member fees are assessed to each member firm that is a party in these proceedings or to 
the member firm that employed the associated person at the time of the event(s) giving 
rise to the dispute. Accordingly, as a party, Corinthian Partners, L.L.C., is assessed the 

Member Surcharge =$ 1,900.00 
Member Process Fee =$ 3,750.00 

Postponement Fees 
Postponements granted during these proceedings for which fees were assessed or 
waived: 

October 31- November 3, 2017, postponement by Claimant =$ 1,125.00 
Total Postponement Fees =$ 1,125.00 

The Panel has assessed the $1,125.00 postponement fees to Claimant. 

Hearing Session Fees and Assessments 
The Panel has assessed hearing session fees for each session conducted. A session is 
any meeting between the parties and the arbitrators, including a pre-hearing conference 
with the arbitrators, that lasts four (4) hours or less. Fees associated with these 
proceedings are: 

Two (2) pre-hearing sessions with the Panel @ $1,125.00/session =$ 2,250.00 
Pre-hearing conferences: March 14, 2017 1 session 
July 6, 2017 1 session 

Five (5) hearing sessions @ $1,125.00/session =$ 5,625.00 
Hearing Dates: April 17, 2018 2 sessions 
 April 18, 2018 2 sessions 
 April 19, 2018 1 session 
Total Hearing Session Fees =$ 7,875.00 

The Panel has assessed $3,375.00 of the hearing session fees to Claimant. 
The Panel has assessed $ 4,500.00 of the hearin g session fees jointly and severally to 
Respondents Corinthian Partners, L.L.C., Richard Calabrese and Mitchell Manoff. 

All balances are payable to FINRA Office of Dispute Resolution and are due upon receipt.",
18-02086,18-02086,pre_cutoff,2018-10-10,18-02086.pdf,3,3535,2,"For Claimant Wells Fargo Clearing Services, LLC (""Claimant""): Jessica Klein, Esq., 
Wells Fargo Clearing Services, LLC, St. Louis, Missouri. 
Respondent Faine Paula Beckerman (""Respondent"") did not appear after the withdrawal 
of her counsel on or about August 20, 2018. 
NATURE OF DISPUTE: Member vs. Associated Person 
DATE FILED: June 4, 2018 
CASE SUMMARY: Claimant asserted the cause of action of breach of promissory note. 
Claimant sought recovery on a promissory note dated January 30, 2009 (""Promissory 
Note""). Claimant alleged that Respondent's employment with Claimant terminated on or 
about January 13, 2017, resulting in the Promissory Note becoming due, however, 
Respondent did not pay the amount owed. 
RELIEF REQUESTED: In the Statement of Claim, Claimant requested: 
Compensatory Damages: $60,876.58 
Interest: Unspecified 
Attorneys' Fees: Unspecified 
Costs: Unspecified 
Other Unspecified 
AWARD: The Arbitrator has decided and determined in full and final resolution of the 
issues submitted for determination as follows: 1) Respondent is liable for and shall pay 
to Claimant the sum of $60,876.58 in principal due on the Promissory Note. 2) 
Respondent is liable for and shall pay to Claimant the sum of $5,238.43 in pre-judgment 
interest. 3) Respondent is liable for and shall pay to Claimant post-judgment interest on 
the sum stated above in Item One at the rate of 5.06% per annum, from and including 
October 6, 2018 through and including the date this Award is paid in full. 4) 
Respondent is liable for and shall pay to Claimant the sum of $1,000.00 as 
reimbursement for the non-refundable portion of Claimant's filing fee. 5) All requests for 
attorneys' fees are denied. 6) All other relief requests are denied. 
FEES: Claimant has paid to FINRA Office of Dispute Resolution the $1,100.00 Member 
Surcharge and the $2,250.00 Member Process Fee previously invoiced. 
FINRA Office of Dispute Resolution shall retain the $1,000.00 non-refundable portion of 
the filing fee that Claimant deposited previously. 
The Arbitrator has assessed the paper decision fee in the sum of $300.00 as follows: 
Decision on the papers: 
Total Hearing Session Fees 
=$ 300.00 
=$ 300.00 
The Arbitrator has assessed $150.00 of the paper decision fee to Claimant. 
The Arbitrator has assessed $150.00 of the paper decision fee to Respondent. 
OTHER ISSUES: The Arbitrator acknowledges that he has read the pleadings and other 
materials filed by the parties. 
Respondent did not file a Statement of Answer. Accordingly, this matter proceeded 
pursuant to Rule 13806 of the Code of Arbitration Procedure. The Arbitrator determined 
that Respondent was served with the Statement of Claim, as evidenced by an 
appearance of counsel on Respondent's behalf and the parties' agreement to extend 
Respondent's answer deadline to August 31, 2018. The Arbitrator further determined 
that Respondent has been properly served with all other correspondence and 
submissions in this file and, therefore, is bound by the Arbitrator's ruling and 
determination. 
ARBITRATOR 
John P. Cullem Sole Public Arbitrator 
I, the undersigned Arbitrator, do hereby affirm that I am the individual described herein 
and who executed this instrument, which is my award. 
Arbitrator's Signature 
. Cullem 
Public Arbitrator 
October 10, 2018 
Date of Service (For FINRA-ODR office use only) 
0C -ro(51,7g., / b i.201 ?-
Signature Date","CASE: 18-02086 
Wells Fargo Clearing Services, LLC vs. Faine Paula Beckerman",,,,,,,
16-01459,16-01459,pre_cutoff,2018-12-18,16-01459.pdf,12,22521,9,"Claimant Todd Alan Weitzman appeared pro se. 

For Respondent Silver Leaf Partners, LLC: Fyzul Khan, Esq., Silver Leaf Partners, LLC, 
New York, New York. 

Respondent Richard Norman Murray appeared pro se. 

Respondent Kevin McGrath did not enter an appearance in this matter. 

Respondent Francis Gaskins did not enter an appearance in this matter. 

For Third Party Respondent J.P. Turner & Company, LLC: Eric A. Michaels, Esq., 
Saretsky Hart Michaels & Gould PC, Birmingham, Alabama. 

Third Party Respondent Moores Creek Capital Partners, LLC did not enter an 
appearance in this matter.","After considering the pleadings, the testimony and evidence presented at the July 2, 
2018, telephonic pre-hearing conference, and the post-hearing submissions, the Panel 
has decided in full and final resolution of the issues submitted for determination as 
follows: 

1. Claimant’s claims are dismissed with prejudice as a sanction for failure to comply 
with the Panel’s April 25, 2018 Order. 

2. Respondent Silver Leaf Partners, LLC’s Cross Claim for indemnification against 
Respondent Richard Norman Murray and Third Party Claim against J.P. Turner & 
Company for indemnification are also dismissed with prejudice, as moot. 

3. Any and all relief requests not specifically addressed herein are dismissed with 
prejudice.","In the Statement of Claim, Claimant requested an unspecified amount of compensatory 
and punitive damages. 

In the Amended Statement of Claim, Claimant requested: 

 $5,000.00, plus interest, for compensation regarding the sale of a research 
subscription; 
 Any commissions from the aforesaid sale that Claimant is not aware of; 
 $566.00, plus interest, for the “math mistake” made in Claimant’s last payment 
while employed at Respondent Silver Leaf Partners, LLC; 
 $42,000.00 for wrongful termination; 
 Other erroneous charges deducted from Claimant’s revenue, plus interest; 
 All missed revenue during the change of Claimant’s commission structure from 
60/40 to 40/60, plus interest; 
 All missed commissions from the trading done by Claimant’s clients with 
Respondent Silver Leaf Partners, LLC for one year after Claimant’s termination; 
 All due commissions from another of Claimant’s clients, plus interest, and any 
commissions generated from this client for one year after Claimant’s termination, 
plus interest; 
 Hostile work environment compensation; 
 Emotional and physical distress compensation; 
 All missed selling concessions generated from Claimant’s clients through 
Respondent Richard Norman Murray and Third Party Respondent J.P. Turner & 
Company, LLC while Claimant was employed with Respondent Silver Leaf 
Partners, LLC, continuing for one year after Claimant’s termination, plus interest; 
and 
 All owed monies to Claimant that were taken back when the contract between 
Respondent Silver Leaf Partners, LLC and Third Party Respondent J.P. Turner & 
Company, LLC was not signed but concessions were generated. 
In its Statement of Answer, Respondent Silver Leaf Partners, LLC requested: that 
Claimant take nothing from Respondent Silver Leaf Partners, LLC; attorneys’ fees and 
costs; and, such other and further relief deemed just and proper by the Panel. 

In its Cross-claims and Third Party Claims, Respondent Silver Leaf Partners, LLC 
requested indemnification of any amounts for which the Panel finds Respondent Silver 
Leaf Partners, LLC liable, including fees, expenses arising from those parts of the claim 
relating to Respondent Richard Norman Murray and/or Third Party Respondents J.P. 
Turner & Company, LLC and Moores Creek Capital Partners, LLC. 

In his Statement of Answer, Respondent Richard Norman Murray did not specifically 
delineate a relief request.","Award 

In the Matter of the Arbitration Between: 

Claimant 
Todd Alan Weitzman 
Case Number: 16-01459 

 vs. 

Respondents 
Silver Leaf Partners, LLC 
Richard Norman Murray 
Kevin McGrath 
Francis Gaskins 
Hearing Site: Denver, Colorado 

 vs. 

Third Party Respondents 
J.P. Turner & Company, LLC 
Moores Creek Capital Partners, LLC 

______________________________________________________________________ 
Nature of the Dispute: Associated Person vs. Member, Associated Person and Non-
Members vs. Member and Non-Member 

This case was decided by a majority-public panel.","Statement of Claim filed on or about: May 16, 2016. 
Todd Alan Weitzman signed the Submission Agreement: May 16, 2016. 

Statement of Answer, Cross-claims and Third Party Claims filed by Respondent Silver 
Leaf Partners, LLC on or about: September 20, 2016. 
Silver Leaf Partners, LLC did not sign the Submission Agreement. 

Statement of Answer filed by Respondent Richard Norman Murray on or about: May 9, 
2017. 
Richard Norman Murray did not file an Answer to Cross-claims or an executed 
Submission Agreement. 

Respondent Kevin McGrath did not file a Statement of Answer or an executed 
Submission Agreement. 

Respondent Francis Gaskins did not file a Statement of Answer or an executed 
Submission Agreement. 

Third Party Respondent J.P. Turner & Company, LLC did not file a Statement of Answer 
to Respondent Silver Leaf Partners, LLC’s Third Party Claim. 
Third Party Respondent J.P. Turner & Company, LLC signed the Submission 
Agreement: on or about January 6, 2017. 

Third Party Respondent Moores Creek Capital Partners, LLC did not file a Statement of 
Answer to Respondent Silver Leaf Partners, LLC’s Third Party Claim or an executed 
Submission Agreement. 

Amended Statement of Claim filed by Claimant on or about: June 23, 2017.","Claimant asserted the following causes of action: hostile work environment; wrongful 
termination; breach of contract; and unfair payment structures and practices. The 
causes of action relate to Claimant’s employment with Respondent Silver Leaf Partners, 
LLC as well as Respondent Silver Leaf Partners, LLC’s alleged failure to pay 
commissions contractually owed to Claimant. 

Unless specifically admitted in its Statement of Answer, Respondent Silver Leaf Partners, 
LLC denied the allegations made in the Statement of Claim and asserted various 
affirmative defenses. In its Cross-claim against Respondent Richard Norman Murray and 
Third Party Claim against Third Party Respondents J.P. Turner & Company, LLC and 
Moores Creek Capital Partners, LLC, Respondent Silver Leaf Partners, LLC asserted a 
claim for indemnification. The claim for indemnification stems from any finding of liability 
against Respondent Silver Leaf Partners, LLC by the Panel with respect to commissions 
on transactions relating to Respondent Richard Norman Murray or Third Party 
Respondents J.P. Turner & Company, LLC and Moores Creek Capital Partners, LLC. 

Unless specifically admitted in his Statement of Answer, Respondent Richard Norman 
Murray denied the allegations made in the Statement of Claim and asserted various 
affirmative defenses.","The Arbitrators acknowledge that they have each read the pleadings and other 
materials filed by the parties. 
Respondent Silver Leaf Partners, LLC did not file with FINRA Office of Dispute 
Resolution a properly executed Submission Agreement but is required to submit to 
arbitration pursuant to the Code of Arbitration Procedure (“Code”) and, having answered 
the claim, is bound by the determination of the Panel on all issues submitted. 
Respondent Richard Norman Murray did not file with FINRA Office of Dispute 
Resolution a properly executed Submission Agreement but is required to submit to 
arbitration pursuant to the Code and, having answered the claim, is bound by the 
determination of the Panel on all issues submitted. 

Respondent Kevin McGrath is not a member or associated person of FINRA and did not 
voluntarily submit to arbitration. Therefore, the Panel made no determination with 
respect to Claimant’s claims against Respondent Kevin McGrath. 

Respondent Francis Gaskins is not a member or associated person of FINRA and did 
not voluntarily submit to arbitration. Therefore, the Panel made no determination with 
respect to Claimant’s claims against Respondent Francis Gaskins. 

Third Party Respondent Moores Creek Capital Partners, LLC is not a member or 
associated person of FINRA and did not voluntarily submit to arbitration. Therefore, the 
Panel made no determination with respect to Respondent Silver Leaf Partners, LLC’s 
claims against Third Party Respondent Moores Creek Capital Partners, LLC. 

On or about January 6, 2017, Third Party Respondent J.P. Turner & Company, LLC 
filed a Motion for More Definite Statement of [Third Party] Claim in lieu of an Answer, in 
which it requested that Respondent Silver Leaf Partners, LLC be required to specify the 
relevant facts and remedies requested. 

On or about June 13, 2017, the Panel issued an Order that, among other things: (1) 
permitted Respondents Silver Leaf Partners, LLC and Richard Norman Murray, and 
Third Party Respondent J.P. Turner & Company, LLC, to file motions, and briefs in 
support of such motions, limited to matters which, if decided in favor of such parties, 
would provide a basis for termination of this proceeding; (2) directed Claimant to file an 
amended Statement of Claim for the limited purpose of asserting a claim for damages 
and setting forth the method of calculating such damages; and (3) directed Claimant to 
file a statement setting forth the names or other identities of persons or other entities 
from which Claimant alleges he is owed payment under agreements for services for 
which he alleges he has not received full payment. 

On or about July 21, 2017, Respondent Silver Leaf Partners, LLC filed a Motion for 
Dismissal in which it asserted, among other things, that Claimant made misrepresen-
tations on his Form U4, and failed to disclose necessary information, both of which 
violate the rules and regulations of FINRA and the SEC, and which amount to a fraud in 
the inducement and fraud in the concealment, since Claimant knew, or should have 
known, that he was either precluded from associating with a broker dealer and/or had a 
duty to disclose his prior bad conduct as a prerequisite condition to seeking such an 
association. 

On or about July 24, 2017, Third Party Respondent J.P. Turner & Company, LLC filed a 
Motion to Dismiss Claimant’s claims with prejudice as a sanction, in which it asserted, 
among other things, that dismissal is warranted because Claimant failed to comply with 
the Panel’s June 13, 2017, Order by not setting forth the method of calculating damages 
for all of his claims and not setting forth the names or other identities of persons or other 
entities from which Claimant alleges he is owed payment under agreements for services 
for which he alleges he has not received full payment. Third Party Respondent J.P. 
Turner & Company, LLC further stated that if Claimant’s claims were dismissed with 
prejudice, then Respondent Silver Leaf Partners, LLC’s Third Party Claim against it for 
indemnification would become moot. 

On or about July 24, 2017, Third Party Respondent J.P. Turner & Company, LLC filed a 
Motion to Dismiss Respondent Silver Leaf Partners, LLC’s claims for indemnification 
pursuant to Rule 13504(a)(6)(B) of the Code, in which it asserted that, among other 
things: (1) it was not associated with the accounts, securities or conduct at issue; and 
(2) the pleadings fail to adequately identify the basis for a claim for indemnification. 

On or about July 25, 2017, Respondent Silver Leaf Partners, LLC filed a Motion to 
Dismiss Pursuant to the Panel’s June 13, 2017 Order to the Parties, and in Lieu of the 
Panel’s Consideration of all other Pending Matters and Motions. In its Motion, 
Respondent Silver Leaf Partners, LLC asserted that Claimant’s claims should be 
dismissed in their entirety as a sanction because Claimant did not comply with the 
Panel’s June 13, 2017, Order. Respondent Silver Leaf Partners, LLC further requested 
that this Motion be considered before all other matters and motions relating to this 
claim. 

On or about July 26, 2017, Respondent Silver Leaf Partners, LLC filed a Motion for an 
Orderly Process, a Curtailment of Unprompted Actions by FINRA, and in Further 
Support of Pending Motions to Dismiss (Motion for Orderly Process), in which it 
requested, among other things, that the Panel set aside all other matters and motions 
relating to this claim and proceed in this fashion: (1) first consider this Motion and 
Respondent Silver Leaf Partners, LLC’s and Third Party Respondent J.P. Turner & 
Company, LLC’s respective dismissal motions based on Claimant’s failure to comply 
with the Panel’s June 13, 2017, Order; then consider Respondent Silver Leaf Partners, 
LLC’s dismissal motion based on fraud; and (3) then consider all matters and motions 
relating to this claim. 

On September 19, 2017, the Panel conducted a recorded telephonic conference in 
order to hear oral argument on the outstanding dismissal motions and Third Party 

Respondent J.P. Turner & Company, LLC’s request for a more definite statement from 
Respondent Silver Leaf Partners, LLC. 

On or about September 28, 2017, the Panel issued an Order in which it, among other 
things: (1) denied, as premature and without prejudice, Respondent Silver Leaf 
Partners, LLC’s Motion to Dismiss Claimant’s claims based upon allegations of fraud; 
(2) denied, as premature, Respondent Silver Leaf Partners, LLC’s and Third Party 
Respondent J.P. Turner & Company, LLC’s Motions to Dismiss based upon Claimant’s 
failure to comply with the Panel’s June 13, 2017, Order, stating that the Order contains 
a procedure which, if properly followed by Claimant, would allow Claimant to cure the 
lack of compliance; and (3) denied, without prejudice, Respondent Silver Leaf Partners, 
LLC’s Motion for an Orderly Process on the same grounds stated in subparagraph (2) 
hereof. The Order further stated that all pending motions not specifically addressed are 
denied. 

On or about January 11, 2018, Third Party Respondent J.P. Turner & Company, LLC 
filed a Motion Seeking the Withdrawal of Fyzul Khan as Counsel for Respondent Silver 
Leaf Partners, LLC Pursuant to ABA Model Rule 3.7 (Motion Seeking Withdrawal), in 
which Third Party Respondent J.P. Turner & Company, LLC asserted, among other 
things, that Mr. Kahn’s dual role as counsel in this matter and a potential witness is 
impermissible. 

On or about January 20, 2018, Respondent Silver Leaf Partners, LLC filed an 
Opposition to the Motion Seeking Withdrawal in which it stated, among other things, 
that: (1) Mr. Kahn is not acting as an attorney for Respondent Silver Leaf Partners, LLC, 
but rather as a principal thereof; and (2) other than registering and deregistering 
Claimant as a broker with Respondent Silver Leaf Partners, LLC, Mr. Khan had no 
business dealings with Claimant on any matters relating to Claimant’s cause of action. 

On or about January 24, 2018, the Panel, sua sponte, issued an Order that, among 
other things, directed Claimant to solicit the agreement of the parties for the date or 
dates of the final hearing and submit those dates to FINRA by a date certain. In the 
event that Claimant should fail to do so, the Order further directed that each party shall 
submit dates of their availability for the final hearing, from which the Panel would make 
the final decision. 

On or about January 25, 2018, Third Party Respondent J.P. Turner & Company, LLC 
filed a Reply in support of its Motion Seeking Withdrawal in which it stated, among other 
things, that Mr. Khan misrepresents his role to the Panel and he will be called as a 
witness. 
On or about April 2, 2018, the Panel issued an Order that, among other things, denied 
Third Party Respondent J.P. Turner & Company, LLC’s Motion Seeking Withdrawal. 
The Order further extended the time period for the parties to submit proposed hearing 
dates by ten (10) days and stated that: (1) if any party that filed a claim in this matter 
failed to do so, then that party’s claim would be dismissed as a sanction and (2) if any 
party that filed a defense to a claim in this matter failed to do so, that party’s defenses 
would be dismissed and that party would be barred from submitting evidence to rebut a 
prima facie proof of a claim. 

On or about April 11, 2018, Claimant filed a Response to Motion to Dismiss and 
Request for Leniency in which he, among other things, apologized for missing recent 
deadlines and stated that he is committed to, and will do his absolute best, to act 
accordingly and respond to everything as quickly as possible. 

On or about April 20, 2018, Respondent Silver Leaf Partners, LLC filed a Notice to 
Dismiss in which it requested that the Panel dismiss Claimant’s claims with prejudice in 
accordance with its April 2, 2018, Order, and dismiss Third Party Respondent Silver 
Leaf Partners, LLC’s claims for indemnification as moot. 

On or about April 20, 2018, Third Party Respondent J.P. Turner & Company, LLC filed a 
Notice of Requirement to Dismiss the Claims against Silver Leaf Partners, LLC and 
Third Party Respondent J.P. Turner & Company, LLC pursuant to the Panel’s April 2, 
2018, Order based on Claimant’s failure to provide proposed hearing dates by the 
Panel’s deadline. 

On or about April 25, 2018, the Panel issued an Order that extended the deadline for 
Claimant to show good cause for failing to provide dates in order to avoid dismissal of 
his claims, and stated that a telephonic conference would be conducted on the issue of 
good cause. In providing this extension to Claimant, the Panel noted the following: (1) 
none of the parties complied with the Panel’s January 24, 2018, Order to submit dates 
for the final hearing in this matter; (2) Claimant failed to comply with the Panel’s April 2, 
2018, Order that extended the time frame for the parties to submit such dates; and (3) 
Claimant failed to furnish information sufficient to evidence good cause for this failure. 
The Order further reminded Claimant that his failure to comply with this Order would 
result in dismissal of his claims with or without prejudice, subject to the Panel’s 
discretion, and did not provide any further leave to cure the deficiencies in his 
compliance. 

In order to comply with the Panel’s April 25, 2018, Order directing Claimant to evidence 
good cause of his failure to comply with the Panel’s prior orders, Claimant filed several 
submissions in May 2018. 

On or about July 2, 2018, and in accordance with the Panel’s April 25, 2018 Order, the 
Panel conducted a recorded telephonic conference to, among other things, allow 
Claimant his final opportunity to show good cause for failing to provide dates in order to 
avoid dismissal of his claims. 

Claimant filed several additional submissions in July and August 2018, including a 
request that the Panel refrain from dismissing his case despite his failure to meet 
certain deadlines, which he stated was caused by extenuating circumstances. 

On or about December 6, 2018, the Panel issued a final Order that dismissed 
Claimant’s claims, with prejudice, as set forth in the Award section below. 
The parties have agreed that the Award in this matter may be executed in counterpart 
copies or that a handwritten, signed Award may be entered.","Pursuant to the Code, the following fees are assessed: 

Filing Fees 
FINRA Office of Dispute Resolution assessed a filing fee* for each claim: 

Initial Claim Filing Fee = WAIVED 
Third Party Claim/Cross Claim Filing Fee =$1,700.00 

*Each filing fee is made up of a non-refundable and a refundable portion. 

FINRA Office of Dispute Resolution previously deferred the Claimant’s filing fee of 
$1,575.00. Upon conclusion of the matter, the Panel determined to waive $375.00, 
representing the non-refundable portion of Claimant’s Initial Claim Filing Fee. 

Member Fees 
Member fees are assessed to each member firm that is a party in these proceedings or 
to the member firm(s) that employed the associated person(s) at the time of the event(s) 
giving rise to the dispute. Accordingly, Respondent Silver Leaf Partners, LLC and Third 
Party Respondent J.P. Turner & Company, LLC are each assessed the following: 

Silver Leaf Partners, LLC 
Member Surcharge 

=$1,900.00 
Member Process Fee =$3,750.00 

J.P. Turner & Company, LLC 
Member Surcharge 

=$1,900.00 
Member Process Fee =$3,750.00 

Hearing Session Fees and Assessments 
The Panel has assessed hearing session fees for each session conducted. A session is 
any meeting between the parties and the arbitrator(s), including a pre-hearing 
conference with the arbitrator(s) that lasts four (4) hours or less. Fees associated with 
these proceedings are: 

Four (4) pre-hearing sessions with the Panel @ $1,125.00/session =$4,500.00 
Pre-hearing conferences: January 19, 2017 1 session 
March 2, 2017 1 session 
May 11, 2017 1 session 
 June 12, 2017 1 session 

Three (3) pre-hearing sessions with the Panel @ $600.00/session =$1,800.00 
Pre-hearing conferences: August 21, 2017 1 session 
 September 19, 2017 1 session 
 July 2, 2018 1 session 
______________________________________________________________________ 
Total Hearing Session Fees =$6,300.00 

The Panel has assessed $2,100.00 of the hearing session fees to Claimant. 

The Panel has assessed $2,100.00 of the hearing session fees to Respondent Silver 
Leaf Partners, LLC. 

The Panel has assessed $2,100.00 of the hearing session fees to Third Party 
Respondent J.P. Turner & Company, LLC. 

All balances are payable to FINRA Office of Dispute Resolution and are due upon 
receipt. 

December 11, 2018","Samuel L. McClaren - Public Arbitrator, Presiding Chairperson
Wendy P. Rouder - Public Arbitrator 
Martin M. Berliner - Non-Public Arbitrator 
I, the undersigned Arbitrator, do hereby affirm that I am the individual described herein 
and who executed this instrument, which is my award. 
Concurring Arbitrators' Signatures 
Samuel L. McClaren 
Public Arbitrator, Presiding Chairperson 
Signature Date 
/S/Wendy P. Rouder 
Wendy P. Rouder 
Public Arbitrator 
December 10, 2018 
Signature Date 
Martin M. Berliner 
Non-Public Arbitrator 
Signature Date 
_______________________________________________ 
Date of Service (For FINRA Office of Dispute Resolution office use only) 
December 11, 2018
December 18, 2018"
17-00801,17-00801,pre_cutoff,2019-04-16,17-00801.pdf,7,7598,9,"For Claimant FSC Securities Corporation (“FSC”): Bradley Fishman, Esq., FSC 
Securities Corporation, New York, New York. 

For Respondent Jordan Stuart Berlin (“Berlin”): Christopher D. Warren, Esq., 
Christopher D. Warren, P.C., New York, New York. 

Respondent Lance Joseph Gilden (“Gilden”) appeared pro se. 

Respondent Evan Andrew Sall (“Sall”) appeared pro se.","After considering the pleadings, the testimony and evidence presented at the hearing, 
the Panel has decided in full and final resolution of the issues submitted for 
determination as follows: 

1. Respondent Berlin is liable for and shall pay to Claimant the sum of 
$691,376.30 in compensatory damages. 

2. Respondent Berlin is liable for and shall pay to Claimant interest on the 
above-stated sum at the rate of 6.25% per annum from April 1, 2017 until 
payment of the award in full. 

3. Any and all claims for relief not specifically addressed herein fees are denied.","In the Statement of Claim, Claimant requested compensatory damages in the amount of 
$691,376.30, interest, costs, expenses and fees incurred through the filing of this action 
to be specified at the hearing, and such other and further relief as this Panel deems just 
and proper. 

In the Statement of Answer, Respondent Berlin requested that the Panel offset the full 
amount of any liability it may assess against him, including all interest, costs incurred 
through the filing of this Answer and Third-Party Claim, and such other and further relief 
as this Panel deems just and proper. 

In the Third-Party Claim, Berlin requested that the Panel award the following in his favor 
against Gilden: compensatory damages in the amount of $190,000.00, interest; costs, 
expenses and fees incurred through the filing of this action to be specified at the 
hearing, and such other and further relief as the Panel deems just and proper. 

In the Third-Party Claim, Berlin requested that the Panel award the following in his favor 
against Sall: compensatory damages in the amount of $60,000.00, interest; costs, 
expenses and fees incurred through the filing of this action to be specified at the 
hearing, and such other and further relief as the Panel deems just and proper. 

In the Answer to the Third-Party Claim Respondent Gilden requested that the Panel 
deny Berlin’s Third-Party Claim in its entirety. In addition, in the event the Panel finds 
that Berlin is not liable to FSC, then the Third-Party Claim is subject to dismissal on that 
basis as well. 

In the Answer to the Third-Party Claim Respondent Sall requested that the Panel deny 
Berlin’s Third-Party Claim in its entirety. In addition, in the event the Panel finds that 
Berlin is not liable to FSC, then the Third-Party Claim is subject to dismissal on that 
basis as well.","Award 

In the Matter of the Arbitration Between: 

Claimant 
FSC Securities Corporation 
Case Number: 17-00801 

 vs. 

Respondent 
Jordan Stuart Berlin 
Hearing Site: New York, New York 

 vs. 

Third-Party Respondents 
Lance Joseph Gilden 
Evan Andrew Sall 

Nature of the Dispute: Member vs. Associated Person vs. Associated Persons","Statement of Claim filed on or about: March 29, 2017. 
FSC Securities Corporation signed the Submission Agreement: March 29, 2017. 

Statement of Answer and Third-Party Claim filed by Respondent Berlin on or about: 
September 1, 2017. 
Jordan Stuart Berlin signed the Submission Agreement: September 1, 2017. 

Statement of Answer filed by Respondent Gilden on or about: December 15, 2017. 
Lance Joseph Gilden signed the Submission Agreement: December 13, 2017. 

Statement of Answer filed by Respondent Sall on or about: December 15, 2017. 
Evan Andrew Sall signed the Submission Agreement: December 15, 2017.","Claimant asserted the following causes of action: failure to repay promissory note, and 
breach of contract. 

Unless specifically admitted in the Statement of Answer, Respondent Berlin denied the 
allegations made in the Statement of Claim and asserted Third-Party Claims with the 
following causes of action: breach of contract, offset, negligence and failure to conduct full, 
proper and comprehensive background investigations. 

Unless specifically admitted in the Answer to Third-Party Claim, Respondent Gilden 
denied the allegations made in the Third-Party Claim and asserted various affirmative 
defenses. 

Unless specifically admitted in the Answer to Third-Party Claim, Respondent Sall denied 
the allegations made in the Third-Party Claim and asserted various affirmative defenses.","The Arbitrators acknowledge that they have each read the pleadings and other 
materials filed by the parties. 

On March 27, 2019, Respondent Berlin filed a Notice of Discontinuance withdrawing all 
claims against Lance Joseph Gilden with prejudice. 
On April 9, 2019, Respondent Berlin filed a Notice of Discontinuance withdrawing all 
claims against Evan Andrew Sall with prejudice. 
The parties present at the hearing have agreed that the Award in this matter may be 
executed in counterpart copies or that a handwritten, signed Award may be entered.","Pursuant to the Code of Arbitration Procedure, the following fees are assessed: 

Filing Fees 
FINRA Office of Dispute Resolution assessed a filing fee* for each claim: 

Initial Claim Filing Fee =$ 2,550.00 
Third-Party Claim Filing Fee =$ 1,425.00 

*The filing fee is made up of a non-refundable and a refundable portion. 

FINRA Office of Dispute Resolution previously deferred the Respondent’s refundable 
portion of the filing fee. 

Member Fees 
Member fees are assessed to each member firm that is a party in these proceedings or 
to the member firm that employed the associated person at the time of the event giving 
rise to the dispute. Accordingly, as a party, Claimant FSC Securities Corporation is 
assessed the following: 

Member Surcharge =$ 2,475.00 
Member Process Fee =$ 5,075.00 

Hearing Session Fees and Assessments 
The Panel has assessed hearing session fees for each session conducted. A session is 
any meeting between the parties and the arbitrators, including a pre-hearing conference 
with the arbitrators, that lasts four (4) hours or less. Fees associated with these 
proceedings are: 

Three (3) pre-hearing sessions with a single arbitrator @ $450.00/session =$1,350.00 
Pre-hearing conferences: April 12, 2018 1 session 
March 12, 2019 1 session 
March 12, 2019 1 session 

One (1) pre-hearing session with the Panel @ $1,300.00/session =$1,300.00 
Pre-hearing conference: August 1, 2018 1 session 

One (1) hearing session @ $1,300.00/session =$1,300.00 
Hearing Date: April 10, 2019 1 session 
Total Hearing Session Fees =$3,950.00 

The Panel assessed the $3,950.00 hearing session fees to the Claimant. 

All balances are payable to FINRA Office of Dispute Resolution and are due upon 
receipt. 

Award Paoe 5 of 5
Anna Lascar
Steven Gary Leventhal
Harvey E. Benjamin","Public Arbitrator, Presiding Chairperson
Public Arbitrator
Public Arbitrator
l, the undersigned Arbitrator, do hereby affirm, pursuant to Article 7507 of the Civi
Practice Law and Rules, that I am the individual described herein and who executed this
instrument which is my award.
Goncurring Arbitrators' Siqnatures
Anna Lascar
Public Arbitrator, Presiding Chairperson
Signature Date
Signature Date
rl/,1
Signature Date
Date of Service (For FINRA Office of Dispute Resolution office use only)
Sieven Gary Leventhal
Public Arbitrator
Harvey E."
16-02890,16-02890,pre_cutoff,2019-06-04,16-02890.pdf,6,5505,8,"For Claimant John Cottam: Derrelle Janey, Esq., Gottlieb & Janey LLP, New York, New 
York. 

For Respondent Global Emerging Capital Group, LLC: Claudette Burgess Gay, Global 
Emerging Capital Group, LLC, New York, New York. 

Respondent Alexander Kibrik: pro se.","After considering the pleadings, the Panel has decided in full and final resolution of the 
issues submitted for determination as follows: 

1. Claimant’s claims are dismissed in their entirety with prejudice pursuant to 
Rule 12212(c) of the Code. 

2. Respondents’ request for expungement of their CRD records is dismissed 
with prejudice.","In the Statement of Claim, Claimant requested compensatory damages of no less than 
$23,125,000.00; forfeiture of compensation and commissions Respondents received as 
a result of Claimant’s investment; punitive damages; prejudgment interest at the 
maximum legal rate; attorneys’ fees and costs; and such other and further relief as the 
Panel deems just and proper. 

In the Joint Statement of Answer, Respondents requested judgment in their favor; an 
order stating that Claimant receive nothing from his claims; expungement of 
Respondents’ Form U5; costs, attorneys’ fees, forum fees, arbitrator fees and 
expenses; and such relief as the Panel deems just and equitable.","Award 

In the Matter of the Arbitration Between: 

Claimant 
John Cottam 
Case Number: 16-02890 

 vs. 

Respondents 
Global Emerging Capital Group, LLC 
Alexander Kibrik 
Hearing Site: Newark, New Jersey 

Nature of the Dispute: Customer vs. Member and Associated Person 
This case was decided by a majority-public panel.","Statement of Claim filed on or about: September 29, 2016. 
John Cottam signed the Submission Agreement: September 29, 2016. 

Joint Statement of Answer filed by Respondents on or about: December 2, 2016. 
Global Emerging Capital Group, LLC signed the Submission Agreement: December 2, 
2016. 
Alexander Kibrik signed the Submission Agreement: December 2, 2016.","Claimant asserted the following causes of action: violations of section 10(b) of the 
Securities Exchange Act of 1934; breach of fiduciary duty; negligence; breach of 
contract; and breach of implied covenant of good faith and fair dealing. 

Unless specifically admitted in the Joint Statement of Answer, Respondents denied the 
allegations made in the Statement of Claim and asserted various affirmative defenses","The Arbitrators acknowledge that they have each read the pleadings and other 
materials filed by the parties. 

During the Initial Pre-Hearing Conference held on February 7, 2017, the hearing was 
scheduled to be held on November 13-16, 2018. On October 5, 2017, the parties 
agreed to postpone the hearing dates. By correspondence dated October 9, 2017 and 
April 24, 2018, FINRA requested that the parties propose dates to reschedule the 
hearing. By letter dated June 12, 2018, the parties were given a deadline of July 3, 2018 
to submit new hearing dates, after which the matter would be referred to the Panel. 

On or about April 4, 2019, after due deliberation, the Panel issued an Order to the parties 
stating that they had until April 25, 2019 to submit new hearing dates. The Order also 
stated that if the parties failed to comply with the Order by April 25, 2019, the Panel would 
dismiss the case with prejudice, pursuant to FINRA Rule 12212(c). Due to the parties’ 
failure to comply with the Order, the Panel hereby orders dismissal of the case with 
prejudice.","Pursuant to the Code of Arbitration Procedure, the following fees are assessed: 

Filing Fees 
FINRA Office of Dispute Resolution assessed a filing fee* for each claim: 

Initial Claim Filing Fee =$ 2,250.00 

*The filing fee is made up of a non-refundable and a refundable portion. 

Member Fees 
Member fees are assessed to each member firm that is a party in these proceedings or 
to the member firm that employed the associated person at the time of the events giving 
rise to the dispute. Accordingly, as a party, Respondent Global Emerging Capital Group, 
LLC is assessed the following: 

Member Surcharge =$ 4,025.00 
Member Process Fee =$ 7,000.00 

Postponement Fees 
Postponements granted during these proceedings for which fees were assessed or 
waived: 

November 13-16, 2017, postponement requested by all parties =$1,500.00 

Total Postponement Fees =$1,500.00 

The Panel has assessed $750.00 of the postponement fees to Claimant. 
The Panel has assessed $750.00 of the postponement fees jointly and severally to 

Hearing Session Fees and Assessments 
The Panel has assessed hearing session fees for each session conducted. A session is 
any meeting between the parties and the arbitrators, including a pre-hearing conference 
with the arbitrators, that lasts four (4) hours or less. Fees associated with these 
proceedings are: 

One (1) pre-hearing session with a single arbitrator @ $450.00/session =$ 450.00 
Pre-hearing conference: September 27, 2017 1 session 

One (1) pre-hearing session with the Panel @ $1,500.00/session =$1,500.00 
Pre-hearing conference: February 7, 2017 1 session 
Total Hearing Session Fees =$1,950.00 

The Panel has assessed $975.00 of the hearing session fees to Claimant. 
The Panel has assessed $975.00 of the hearing session fees jointly and severally to 

All balances are payable to FINRA Office of Dispute Resolution and are due upon 
receipt.",
19-00271,19-00271,pre_cutoff,2019-08-30,19-00271.pdf,4,6293,8,"For Claimant Andrew Kilpatrick (“Claimant”): Richard S. Frankowski, Esq., The 
Frankowski Firm, LLC, Birmingham, Alabama.
For Respondent Gregory Hampton Crance (“Crance”): Emily Sides Bonds, Esq., Jones 
Walker LLP, Birmingham, Alabama.
For Respondent OneAmerica Securities, Inc. (“OAS”): Julie Wilson Portera, Esq., 
Maynard, Cooper & Gale, P.C., Birmingham, Alabama.
Crance and OAS are hereinafter collectively referred to as “Respondents.”","After considering the pleadings, the testimony and evidence presented at the 
expungement hearing, the Arbitrator has decided in full and final resolution of the issues 
submitted for determination as follows: 
1. Crance is liable for and shall pay to Claimant the amount of $21,757.30 in 
compensatory damages. 
2. Crance is liable for and shall pay to Claimant pre-Award interest on the amount of 
$21,757.30 at the rate of 6% per annum from May 23, 2016 until the date the Award 
is served. 
3. Claimant’s claims against OAS are denied in their entirety. 
4. Crance’s request for expungement of the above-captioned arbitration, occurrence 
number 2020844, is denied. 
5. FINRA Office of Dispute Resolution shall retain the $600.00 filing fee that the 
Claimant deposited previously. 
6. Crance is liable for and shall pay to Claimant the amount of $600.00 to reimburse 
Claimant for the filing fee previously paid to FINRA Office of Dispute Resolution.
7. Any and all relief not specifically addressed herein, including Claimant’s request for 
punitive damages and attorneys’ fees, are denied.","In the Statement of Claim, Claimant requested damages in the amount of $50,000.00, 
including, but not limited to:
1. All losses in the investment at issue;
2. All charges to Claimant’s accounts and commissions paid to Respondents;
3. The lost earnings that the accounts would have earned if Claimant’s money had been 
properly invested;
4. Rescission;
5. The interest that Respondents allegedly promised Claimant on the investments at issue;
6. Pre-judgment interest at the maximum statutory interest rate on all losses sustained from the 
date of the transactions until the date of the award by the Arbitrator;
7. The full monetary benefit of any bargain that was entered into by Claimant and Respondents;
8. Punitive damages;
9. All costs of these proceedings, including forum fees, hearing session fees, and reasonable 
attorneys’ fees under statutory law and common law as well as under the FINRA Rules of 
Fair Practice be paid by Respondents; and 
10. Post-judgment interest at the maximum statutory interest rate.
In the Statement of Answer, Respondents requested:
1. Dismissal of the Statement of Claim in its entirety;
2. All costs and forum fees be assessed against Claimant; and 
3. Such other, further and different relief as the Arbitrator may deem appropriate.","Award
In the Matter of the Arbitration Between: 
Claimant 
Andrew Kilpatrick
Case Number: 19-00271
 vs.
Respondents
Gregory Hampton Crance
OneAmerica Securities, Inc.
Hearing Site: Birmingham, Alabama
Nature of the Dispute: Customer vs. Member and Associated Person","Statement of Claim filed on or about: January 22, 2019.
Claimant signed the Submission Agreement: January 22, 2019.
Statement of Answer filed by Respondents on or about: April 15, 2019.
Crance signed the Submission Agreement: April 16, 2019.
OAS signed the Submission Agreement: April 15, 2019.","Claimant asserted the following causes of action: unsuitable investments and 
investment strategy; duty to provide information; failure to supervise; vicarious liability; 
breach of contract; violation of securities regulatory rules; common law claims; and 
violations of Alabama securities laws. The causes of action relate to Claimant’s 
investment in annuities issued by OAS.
Unless specifically admitted in the Statement of Answer, Respondents denied the 
allegations made in the Statement of Claim and asserted various defenses.","The Arbitrator acknowledges that he has read the pleadings and other materials filed by 
the parties.
On June 28, 2019, Crance filed a Motion for Expungement (“Expungement Motion”). On 
July 2, 2019, Claimant filed an opposition to the Expungement Motion. OAS did not file 
a response to the Expungement Motion. 
On August 15, 2019, the Arbitrator conducted a recorded telephonic hearing so the 
parties could present oral argument and evidence on Crance’s Expungement Motion. 
Claimant and OAS participated in the expungement hearing. Claimant contested the 
Expungement Motion, while OAS did not.","Pursuant to the Code of Arbitration Procedure, the following fees are assessed:
Filing Fees
FINRA Office of Dispute Resolution assessed a filing fee* for each claim:
Initial Claim Filing Fee =$ 600.00
*The filing fee is made up of a non-refundable and a refundable portion. 
Member Fees
Member fees are assessed to each member firm that is a party in these proceedings or 
to the member firm(s) that employed the associated person(s) at the time of the event(s) 
giving rise to the dispute. Accordingly, as a party, OAS is assessed the following:
Member Surcharge =$ 750.00
Member Process Fee =$ 1,750.00
Hearing Session Fees and Assessments
The Arbitrator has assessed hearing session fees for each session conducted. A 
session is any meeting between the parties and the arbitrator(s), including a pre-hearing 
conference with the arbitrator(s), that lasts four (4) hours or less. Fees associated with 
these proceedings are:
One (1) hearing session on expungement request @ $450.00/session =$450.00
Hearing Date: August 15, 2019 1 session
Total Hearing Session Fees =$450.00
The Arbitrator has assessed $450.00 of the hearing session fees to Crance.
All balances are payable to FINRA Office of Dispute Resolution and are due upon 
receipt.
ARBITRATOR
Marvin Kent Speigner, Jr. - Sole Public Arbitrator
I, the undersigned Arbitrator, do hereby affirm that I am the individual described herein 
and who executed this instrument which is my award.
Arbitrator's Signature
Marvin Kent Speigner, Jr.
Marvin Kent Speigner, Jr.
Sole Public Arbitrator
08/29/2019
Signature Date
August 30, 2019
Date of Service (For FINRA Office of Dispute Resolution office use only)",
18-03421,18-03421,pre_cutoff,2019-10-14,18-03421.pdf,6,9519,8,"For Claimant Raymond, James & Associates, Inc. (“Claimant”): Robert K. Jamieson, 
Esq., and Eric R. Feld, Esq., Wiand Guerra King, P.A., Tampa, Florida. 

Respondent John Charles Wyshak (“Respondent”) appeared pro se.","After considering the pleadings, the testimony and evidence presented at the hearing, 
and the post-hearing submissions, the Arbitrator has decided in full and final resolution 
of the issues submitted for determination as follows: 

1. Respondent is liable for and shall pay to Claimant the sum of $932,471.05 in 
compensatory damages. 

2. Respondent is liable for and shall pay to Claimant interest on $932,471.05 at 
the rate of 10% per annum from July 2, 2018 through and including October 
2, 2019. 

3. Respondent is liable for and shall pay to Claimant the sum of $4,520.47 in 
costs. 

4. Respondent is liable for and shall pay to Claimant the sum of $17,677.65 in 
attorneys’ fees pursuant to the Loan Terms Agreement. 

5. Respondent is liable for and shall to Claimant the sum of $1,250.00 as 
reimbursement for the nonrefundable portion of the claim filing fee paid to 
FINRA Office of Dispute Resolution. 

6. Any and all claims for relief not specifically addressed herein are denied.","In the Statement of Claim, Claimant requested: 
1. An award against Respondent on the breach of contract claim in an amount 
equal to $232,471.05 plus default interest at a rate of ten percent (10%) from the 
date of termination until paid in full; 
2. Attorneys’ fees and all costs; and 
3. Such additional and further relief as may be deemed just and appropriate. 

In the Statement of Answer, Respondent did not set forth a relief request. 

In the Amended Statement of Claim, Claimant requested: 
1. An award against Respondent for his breach of the Loan Terms Agreement in an 
amount equal to $232,471.05 plus default interest at a rate of ten percent (10%) 
form the date of termination until paid in full; 
2. An award against Respondent for indemnification of costs and expenses incurred 
by Claimant as a result of the customer action in an amount equal to 
$700,000.00, plus pre-judgment interest; 
3. Attorneys’ fees and all costs; and 
4. Such additional and further relief as may be deemed just and appropriate.","Award 

In the Matter of the Arbitration Between: 

Claimant 
Raymond, James & Associates, Inc. 
Case Number: 18-03421 

 vs. 

Respondent 
John Charles Wyshak 
Hearing Site: Los Angeles, California 

Nature of the Dispute: Member vs. Associated Person","Statement of Claim filed on or about: September 28, 2018. 
Amended Statement of Claim filed on or about: July 25, 2019. 
Claimant signed the Submission Agreement: September 27, 2018. 

Statement of Answer filed by Respondent on or about: November 26, 2018. 
Respondent signed the Submission Agreement: November 26, 2018.","Claimant asserted breach of a loan agreement dated November 3, 2014 (“Loan Terms 
Agreement”). Claimant alleged that the remaining balance of the Loan Terms 
Agreement became due upon the termination of Respondent’s employment with 
Claimant. 

In the Amended Statement of Claim, Claimant added indemnification as a cause of 
action. The cause of action relates to costs Claimant allegedly incurred in defending and 
settling a customer claim as a result of Respondent’s conduct. 

In the Statement of Answer, Respondent stated that he is unable to repay his signing 
bonus. He further stated that his former book of clients was reassigned to current 
representatives employed by Claimant and commissions were being generated to offset 
any obligations he may have.","The Arbitrator acknowledges that he has read the pleadings and other materials filed by 
the parties. 

Claimant moved to amend its Statement of Claim on July 25, 2019. By Order dated 
August 9, 2019, the Arbitrator granted Claimant’s motion. 

On September 12, 2019, Claimant filed a Motion to Bar Presentation of Defenses of 
Facts. Respondent did not file a response. 

On September 18, 2019, the parties filed their Stipulations of Fact in advance of the 
final hearing. 

On September 27, 2019, the Arbitrator held a pre-hearing conference call with the 
parties to discuss the Stipulations of Fact, Claimant’s Motion to Bar Presentation of 
Defenses or Facts, and Claimant and Respondent’s joint request to have the oral 
hearings taken off calendar and instead, to have the case decided on the papers. 

That same day, the Arbitrator issued an Order, confirming the Stipulations of Facts. In 
the Order, the Arbitrator further noted that Claimant’s Motion to Bar Presentation of 
Defenses or Facts was deemed withdrawn at the request of Claimant; and Claimant and 
Respondent’s request to have oral hearings taken off calendar and to have the matters 
decided on the papers is granted. The Order also stated that Claimant and Respondent 
had until September 30, 2019 to submit further documentation. 

On September 30, 2019, pursuant to the Order entered by the Arbitrator, Claimant 
submitted documents in support of its indemnification claim. 

On October 1, 2019, Respondent submitted his Form U5 dated October 29, 2018. 
The parties present at the hearing have agreed that a handwritten, signed Award may 
be entered. 
FINDINGS 
In regards to Claimant’s request for $700,000.00 in compensatory damages, the 
Arbitrator noted the following: While Respondent was registered with Claimant, he 
executed several Ethics/Corporate Policy & Handbook Certifications (“Certification”) in 
which he certified reviewing and understanding the Raymond James Financial Advisor 
Instructions (“Advisor Instructions”). By executing the Certification, Respondent agreed 
to abide by all provisions of the Advisory Instructions. By signing the Certifications, 
Respondent agreed that he would be charged when he was responsible for firm losses. 
This includes charges to reimburse Claimant for the cost of defending and settling client 
claims, complaints, arbitrations and lawsuits if the action giving rise to the client’s cause 
of action are attributable to the Respondent. Respondent also agreed that he would be 
responsible for such charges even if he was no longer registered with Claimant at the 
time of firm loss. 

On or about January 26, 2018, Claimant was named as a Respondent in a Statement of 
Claim filed in a FINRA Arbitration (“Customer Action”) by two of Respondent’s former 
clients. Although Respondent was not a party to the Customer Action, the causes of 
action asserted therein were attributable to Respondent’s conduct. Specifically, the 
clients alleged that Respondent engaged in “32 months of destructive churning, fraud 
and a variety of other trading abuses . . . designed to generate excessive commissions 
so that, at least in part, Wyshak could secretly pay for what apparently was his past 
personal financial irresponsibility and excessiveness.” They also alleged that “from 2008 
through at least 2013, Wyshak engaged in a churning scheme to defraud the [Clients] 
into Respondent-signed Certifications in 2014, 2015, 2016 and 2017.” In 2017, the 
Certification was renamed the “Ethics Policy Certification”, however, the relevant 
certifications and agreements contained therein were unchanged. The clients alleged 
$1,023,460.00 in damages caused by Respondent’s conduct. 

On or around October 16, 2018, Claimant and the clients reached a settlement in the 
Customer Action. As consideration for the clients’ agreement to dismiss their claims, 
among other things, Claimant agreed to pay the customers $700,000.00. Pursuant to 
the Certifications and Advisor Instructions executed and agreed by Respondent during 
his employment with Claimant, and because the Customer Action was attributable to 
Respondent’s actions, Respondent is obligated to indemnify Claimant and reimburse 
the firm for the costs incurred to defend and settle the Customer Action. Specifically, 
Respondent is obligated to indemnify Claimant and reimburse the $700,000.00 
settlement payment made to Respondent’s former clients.","Pursuant to the Code, the following fees are assessed: 

Filing Fees 
FINRA Office of Dispute Resolution assessed a filing fee* for each claim: 

Initial Claim Filing Fee =$ 2,550.00 

*The filing fee is made up of a non-refundable and a refundable portion. 

Member Fees 
Member fees are assessed to each member firm that is a party in these proceedings or 
to the member firm(s) that employed the associated person(s) at the time of the event(s) 
giving rise to the dispute. Accordingly, as a party, Claimant is assessed the following: 

Member Surcharge =$ 2,475.00 
Member Process Fee =$ 5,075.00 

Hearing Session Fees and Assessments 
The Arbitrator has assessed hearing session fees for each session conducted. A 
session is any meeting between the parties and the arbitrator, including a pre-hearing 
conference with the arbitrator that lasts four (4) hours or less. Fees associated with 
these proceedings are: 

Two (2) pre-hearing sessions with a single arbitrator @ $450.00/session =$900.00 
Pre-hearing conferences: February 5, 2019 1 session 
September 27, 2019 1 session 

Decision on the papers: =$300.00 
Total Hearing Session Fees =$1,200.00 

The Arbitrator has assessed $1,200.00 of the hearing session fees to Claimant. 

All balances are payable to FINRA Office of Dispute Resolution and are due upon 
receipt. 

October 14, 2019",
19-01356,19-01356,pre_cutoff,2019-10-23,19-01356.pdf,3,4912,2,"For Claimants Cabo FTL Systems, LC and Hans Brost, CEO and sole member owner of 
Cabo FTL Systems, LC, hereinafter collectively referred to as “Claimants”: Hans Brost, 
Palm Springs, California.
For Respondent TD Ameritrade, Inc., hereinafter referred to as “Respondent”: Ilana 
Herscovitz Reid, Esq., TD Ameritrade, Inc., Columbia, Maryland.
NATURE OF DISPUTE: Customers vs. Member
Member vs. Customers
Statement of Claim filed on or about: May 15, 2019.
Statement of Answer and Counterclaim filed on or about: July 18, 2019.
Reply to Answer to Statement of Claim filed on or about: August 7, 2019.
CASE SUMMARY: Claimants asserted the following causes of action: common law 
conversion; and common law negligence. The causes of action relate to Claimants’ 
investment in Full Alliance Group, Inc., iMing Corp., ABCO Energy, Inc. and United 
Resource Holdings Group, Inc., and Respondent’s alleged reversal of a dividend 
payment from Claimants’ margin account. 
Unless specifically admitted in the Answer to the Statement of Claim, Respondent 
denied the allegations in the Statement of Claim and asserted various affirmative 
defenses.
In the Counterclaim, Respondent asserted a claim for breach of contract relating to a 
debit balance allegedly owed by Claimants under the terms of a Client Agreement.
In the Reply to the Answer to the Statement of Claim, Claimants denied any 
responsibility to Respondent in any amount as set forth in Respondent’s Counterclaim.
RELIEF REQUESTED: In the Statement of Claim, Claimants requested:
1. Economic damages equal to $13,771.00, calculated as the change in account 
value, excluding dividend, measured at market value immediately prior to the 
margin call, plus contributions between July 16 and 31, minus cash withdrawn, 
minus the account value after Respondent’s alleged actions; 
2. Mental damages equal to $10,000.00 due to the alleged stress and economic 
uncertainty caused by these events;
3. Attorneys’ fees, costs of suit and interest allowed by law; and
4. Such other and additional relief as deemed just and proper.
In the Answer and Counterclaim, Respondent requested:
1. $7,218.82 in compensatory damages; 
2. Post-judgment interest from the date of the Award until it is paid in full; 
3. Denial of claims asserted in the Statement of Claim;
4. Assessment of all costs to Claimants; and 
5. Any further relief as determined by the Arbitrator.
In the Reply to the Answer to the Statement of Claim, Claimants requested the same 
relief set forth in the Statement of Claim and requested dismissal of the Counterclaim. 
OTHER ISSUES: The Arbitrator acknowledges that he has read the pleadings and other 
materials filed by the parties.
AWARD: The Arbitrator has decided and determined in full and final resolution of the 
issues submitted for determination as follows: 
1. Respondent committed and is liable for conversion. As such, Respondent is liable 
for and shall pay to Claimants the amount of $1,733.82 in compensatory damages. 
2. Claimants committed and are jointly and severally liable for breach of the Client 
Agreement (paragraph 8.f.). As such, Claimants are jointly and severally liable for 
and shall pay to Respondent the amount of $7,218.82 in compensatory damages.
3. Claimants’ award of compensatory damages in item 1 should be offset against 
Respondent’s award of compensatory damages in item 2. As such, Claimants are 
jointly and severally liable for and shall pay to Respondent, the amount of $7,218.82 
minus the amount of $1,733.82, being a net amount of $5,485.00 in compensatory 
damages. 
4. Claimants are jointly and severally liable for and shall pay to Respondent simple 
interest on the net amount of $5,485.00 at the rate of 12% per annum from the date 
of service of the Award until the net amount of $5,485.00 is paid in full, pursuant to 
Neb. Rev. Stat. section 45-104.
5. All requests for attorneys’ fees are denied. 
6. All other requests for relief are denied. 
7. FINRA Office of Dispute Resolution shall retain the $425.00 initial claim filing fee that 
Claimants deposited previously.
8. FINRA Office of Dispute Resolution shall retain the $750.00 counterclaim filing fee 
that Respondent deposited previously.
OTHER FEES: Respondent has paid to FINRA Office of Dispute Resolution the 
$450.00 Member Surcharge previously invoiced. 
ARBITRATOR
Kendall C. Reed - Sole Public Arbitrator
I, the undersigned Arbitrator, do hereby affirm that I am the individual described herein 
and who executed this instrument which is my award.
Arbitrator's Signature
Kendall C. Reed
Kendall C. Reed
Sole Public Arbitrator
10/23/2019
Signature Date
October 23, 2019
Date of Service (For FINRA Office of Dispute Resolution office use only)","CASE #: 19-01356 
Cabo FTL Systems, LC and Hans Brost, CEO and sole member owner of Cabo FTL 
Systems, LC (Claimants) vs. TD Ameritrade, Inc. (Respondent)",,,,,,,
17-01406,17-01406,pre_cutoff,2019-11-14,17-01406.pdf,9,14429,9,"For Claimants Richard Joseph DellaRusso (“DellaRusso”), and Mark Lawrence Sullivan 
(“Sullivan”): Barry Lax, Esq., Lax & Neville LLP, New York, New York.
For Respondent Credit Suisse Securities (USA) LLC: David Pegno, Esq., Dewey Pegno 
& Kramarsky LLP, New York, New York.","After considering the pleadings, the testimony and evidence presented at the hearing, 
the Panel has decided in full and final resolution of the issues submitted for 
determination as follows: 
1. Respondent is liable for and shall pay to Claimant Richard J. DellaRusso the 
sum of $818,903.00 in compensatory damages.
2. Respondent is liable for and shall pay to Claimant Richard J. DellaRusso 
interest on the above-stated sum in #1 at the rate of 4% per annum from 
October 21, 2015 through and including date of the award.
3. Respondent is liable for and shall pay to Claimant Richard J. DellaRusso the 
sum of $185,929.00 in attorneys’ fees pursuant to New York Labor Law § 198 
(1-a).
4. Respondent is liable for and shall pay to Claimant Mark L. Sullivan the sum of 
$416,914.00 in compensatory damages.
5. Respondent is liable for and shall pay to Claimant Mark L. Sullivan interest on 
the above-stated sum in #4 at the rate of 4% per annum from October 21, 
2015 through and including date of the award.
6. Respondent is liable for and shall pay to Claimant Mark L. Sullivan the sum of 
$185,929.00 in attorneys’ fees pursuant to New York Labor Law § 198 (1-a).
7. Respondent’s Counterclaim is denied in its entirety.
8. The Panel recommends the expungement of the Reason for Termination in Section 
3 of Claimant Mark L. Sullivan’s (CRD# 2531982) Form U5 filed on December 21, 
2015, by Credit Suisse Securities (USA) LLC and maintained by the Central 
Registration Depository (“CRD”). 
The Reason for Termination should be changed to “Other” and the Termination 
Explanation shall be changed to “Terminated without cause.” These 
recommendations shall apply to all subsequent disclosures concerning this event.
The above recommendations are made with the understanding that, Claimant Mark 
L. Sullivan (CRD# 2531982) must obtain confirmation of this award from a court of 
competent jurisdiction before the CRD will execute the expungement directive. 
The Form U5 is not automatically amended to include the changes indicated above. 
Claimant Mark L. Sullivan must forward a copy of the Court Order to FINRA’s 
Registration and Disclosure Department for the amendments to be incorporated into 
the registration records.
9. The Panel recommends the expungement of the Reason for Termination in Section 
3 of Claimant Richard J. DellaRusso’s (CRD# 1976256) Form U5 filed on December 
21, 2015 by Credit Suisse Securities (USA) LLC and maintained by the Central 
Registration Depository (“CRD”). 
The Reason for Termination should be changed to “Other” and the Termination 
Explanation shall be changed to “Terminated without cause.” These 
recommendations shall apply to all subsequent disclosures concerning this event.
The above recommendations are made with the understanding that, Claimant 
Richard J. DellaRusso (CRD# 1976256) must obtain confirmation of this award from 
a court of competent jurisdiction before the CRD will execute the expungement 
directive. 
The Form U5 is not automatically amended to include the changes indicated above. 
Claimant Richard J. DellaRusso must forward a copy of the Court Order to FINRA’s 
Registration and Disclosure Department for the amendments to be incorporated into 
the registration records.
10.Any and all claims for relief not specifically addressed herein are denied.","In the Statement of Claim and Amended Statement of Claim, Claimants requested:
a. monetary damages equal to their unpaid earned deferred compensation in an 
amount to be proved at the hearing but not less than $2.5 million;
b. attorneys’ fees and costs as required by NYLL § 198(1-a);
c. liquidated damages in an amount equal to the unpaid deferred compensation as 
required by NYLL § 198(1-a); 
d. prejudgment interest in the amount of 9 percent per annum as required by NYLL 
§ 198(1-a); 
e. interest to run as required by NYLL § 198(1-a); 
f. amendment of Claimants’ Form U-5s to reflect termination for “other business 
closure”, and
g. such other relief as the Panel deems just, equitable and proper.
In the Statement of Answer and Counterclaims, Respondent requested:

As against DellaRusso:
(i) full repayment of the outstanding principle balance and loan arrears of 
$448,516.41, due under the terms of the Offer Letter and the Note, together 
with accrued but unpaid interest, collection costs, and attorneys’ fees 
calculated as of the time of actual payment (amounts which continue to 
increase during the pendency of this arbitration);
As against Sullivan:
(ii) full repayment of the outstanding principle balance and loan arrears of 
$232,317.71, due under the terms of the Offer Letter and the Note, together 
with accrued but unpaid interest, collection costs, and attorneys’ fees 
calculated as of the time of actual payment (amounts which continue to 
increase during the pendency of this arbitration);
(iii) full repayment of the overpayment of compensation that was advanced to him 
in the mount of $6,462.00, plus applicable interest;
As against DellaRusso and Sullivan:
(iv) damages sustained as a result of Claimants’ breaches as set forth above;
(v) dismissing the Statement of Claim in its entirety, with prejudice; and 
(vi) such other and further relief as the Arbitrator deems just and proper.
In the Answer to the Counterclaims, Claimants requested that the Panel issue an award 
denying Respondent’s Counterclaims in their entirety with costs and attorneys’ fees and 
providing for the relief requested in the Statement of Claim and Amended Statement of 
Claim.
In the Answer to the Amended Statement of Claim, Respondent requested the damages 
set forth above and:
As against DellaRusso:
(i) full repayment of the outstanding principal balance and loan arrears of 
$10,165.90;
As against DellaRusso and Sullivan:
(ii) damages sustained as a result of Claimants’ breaches as set forth above;
(iii) dismissing the Statement of Claim in its entirety, with prejudice; and 
(iv) such other and further relief as the Panel deems just and proper.","Award
In the Matter of the Arbitration Between: 
Claimants
Richard Joseph DellaRusso
Mark Lawrence Sullivan
Case Number: 17-01406
 vs.
Respondent
Credit Suisse Securities (USA) LLC
Hearing Site: New York, New York
______________________________________________________________________
Nature of the Dispute: Associated Persons vs. Member","Joint Statement of Claim filed on or about: April 30, 2017.
Answer to Counterclaim filed on or about: August 24, 2017.
Amended Statement of Claim filed on or about: September 14, 2018.
Richard Joseph DellaRusso signed the Submission Agreement: April 27, 2017.
Mark Lawrence Sullivan signed the Submission Agreement: April 27, 2017.
Statement of Answer and Counterclaim filed by Respondent on or about: July 21, 2017
Answer to Amended Statement of Claim and Amended Counterclaim filed on or about: 
December 14, 2018.
Credit Suisse Securities (USA) LLC signed the Submission Agreement: July 21, 2017.","Claimants asserted the following causes of action: violations of New York labor law; 
breach on contract; breach of implied covenant of good faith and fair dealing; 
conversion; fraud; unjust enrichment; false and misleading form U5.
Unless specifically admitted in the Statement of Answer, Respondent denied the 
allegations made in the Statement of Claim and asserted various affirmative defenses.
In its Counterclaims, Respondent asserted the following causes of action: breach of 
contract (notes); breach of contract (compensation overpayment); unjust enrichment; 
breach of contract (breach of handbook, master share plan, and operative award 
certificates); breach of fiduciary duty; unfair competition and misappropriation of trade 
secrets.
Unless specifically admitted in their Answer to Counterclaim, Claimants denied the 
allegations made in the Counterclaims and asserted various affirmative defenses","The Arbitrators acknowledge that they have each read the pleadings and other 
materials filed by the parties. 
On August 28, 2018, Claimants filed a Motion to Amend the Statement of Claim. On 
August 30, 2018, Respondent filed an Opposition to the Motion to Amend the Statement 
of Claim. On September 4, 2018, Claimants filed a Reply in support of their Motion to 
Amend the Statement of Claim. By Order dated September 11, 2018, the Panel granted 
Claimants Motion to Amend the Statement of Claim. The Statement of Claim was 
amended to add fraud as a cause of action.
The parties present at the hearing have agreed that the Award in this matter may be 
executed in counterpart copies or that a handwritten, signed Award may be entered","Pursuant to the Code of Arbitration Procedure, the following fees are assessed:
Filing Fees
FINRA Office of Dispute Resolution assessed a filing fee* for each claim:
Initial Claim Filing Fee =$ 2,000.00
Counterclaim Filing Fee =$ 2,550.00
*The filing fee is made up of a non-refundable and a refundable portion. 
Member Fees
Member fees are assessed to each member firm that is a party in these proceedings or 
to the member firm that employed the associated persons at the time of the events 
giving rise to the dispute. Accordingly, as a party, Respondent Credit Suisse Securities 
(USA) LLC is assessed the following:
Member Surcharge =$ 3,025.00
Member Process Fee =$ 6,175.00
Postponement Fees
Postponements granted during these proceedings for which fees were assessed or 
waived: 
October 29-31, 2018 and November 1-2, 2018, postponement by parties. =$1,400.00
August 26-29, 2019, postponement by parties. =$1,400.00

Total Postponement Fees =$2,800.00
The Panel has assessed $1,400.00 of the postponement fees jointly and severally to 
Claimants.
The Panel has assessed $1,400.00 of the postponement fees to Respondent.
Last-Minute Cancellation Fees
Fees apply when a hearing on the merits is postponed or settled within ten calendar 
days before the start of a scheduled hearing session: 
October 29-31, 2018 & November 1-2, 2018, postponement requested
by parties. =$1,800.00
August 26-29, 2019, postponement requested by parties =$1,800.00

Total Last-Minute Cancellation Fees =$3,600.00
The Panel has assessed $1,800.00 of the last-minute cancellation fees jointly and 
severally to Claimants.
The Panel has assessed $1,800.00 of the last-minute cancellation fees to Respondent. 
Discovery-Related Motion Fee
Fees apply for each decision rendered on a discovery-related motion. 
Three (3) decisions on discovery-related motions on the papers 
with one (1) arbitrator @ $200.00/decision =$ 600.00

Total Discovery-Related Motion Fees =$ 600.00
The Panel has assessed $300.00 of the discovery-related motion fees jointly and 
severally to Claimants.
The Panel has assessed $300.00 of the discovery-related motion fees to Respondent.
Contested Motion for Issuance of Subpoena Fee
Fees apply for each decision on a contested motion for the issuance of a subpoena. 
Two (2) decisions on a contested motion for the issuance of a subpoena 
with one arbitrator @ $250.00 =$ 500.00

Total Contested Motion for Issuance of Subpoena Fee =$ 500.00
The Panel has assessed $250.00 of the contested motion for issuance of subpoenas 
fees jointly and severally to Claimants. 
The Panel has assessed $250.00 of the contested motion for issuance of subpoenas 
fees to Respondent.
Hearing Session Fees and Assessments
The Panel has assessed hearing session fees for each session conducted. A session is 
any meeting between the parties and the arbitrators, including a pre-hearing conference 
with the arbitrators, that lasts four (4) hours or less. Fees associated with these 
proceedings are:
Three (3) pre-hearing sessions with a single arbitrator @ $450.00/session =$1,350.00
Pre-hearing conferences: August 29, 2018 1 session
September 17, 2018 1 session
October 5, 2018 1 session
Three (3) pre-hearing sessions with the Panel @ $1,400.00/session =$4,200.00
Pre-hearing conferences: October 19, 2017 1 session
October 19, 2018 1 session
October 25, 2018 1 session
Thirty-Five (35) hearing sessions @ $1,400.00/session =$49,000.00
Hearing Dates: November 26, 2018 2 sessions
November 27, 2018 2 sessions
November 28, 2018 2 sessions
November 29, 2018 2 sessions
November 30, 2018 2 sessions
January 22, 2019 2 sessions
January 23, 2019 1 session
January 24, 2019 2 sessions
January 25, 2019 2 sessions
April 1, 2019 2 sessions
April 5, 2019 2 sessions
April 15, 2019 2 sessions
April 16, 2019 2 sessions
April 17, 2019 2 sessions
April 18, 2019 2 sessions
August 13, 2019 1 session
September 23, 2019 2 sessions
September 25, 2019 1 session
September 27, 2019 2 sessions 
______________________________________________________________________
Total Hearing Session Fees =$54,550.00
The Panel has assessed $13,637.50 of the hearing session fees to Claimant Richard 
Davis DellaRusso.
The Panel has assessed $13,637.50 of the hearing session fees to Claimant Mark 
Lawrence Sullivan.
The Panel has assessed $27,275.00 of the hearing session fees to Respondent. 
All balances are payable to FINRA Office of Dispute Resolution and are due upon 
receipt.","Mary Lou McGanney - Public Arbitrator, Presiding Chairperson
Robert E. Anderson - Public Arbitrator
Jay F. Frascella - Non-Public Arbitrator
I, the undersigned Arbitrator, do hereby affirm, pursuant to Article 7507 of the Civil 
Practice Law and Rules, that I am the individual described herein and who executed this 
instrument which is my award.
Concurring Arbitrators' Signatures
Mary Lou McGanney
Mary Lou McGanney
Public Arbitrator, Presiding Chairperson
11/08/2019
Signature Date
Jay F. Frascella
Jay F. Frascella
Non-Public Arbitrator
11/09/2019
Signature Date
Dissenting Arbitrator’s Signature
Robert E. Anderson
Robert E. Anderson
Public Arbitrator
11/11/2019
Signature Date
Arbitrator Robert E. Anderson dissents from the majority Award in favor of the 
Claimants. He does not believe either the facts or the law adduced during the course of 
the proceedings support a recovery.
November 14, 2019
Date of Service (For FINRA Office of Dispute Resolution office use only)"
16-01714,16-01714,pre_cutoff,2019-12-09,16-01714.pdf,5,7721,9,"Claimant Claude Asiane: pro se.
For Respondents Andrew Garrett Inc., and Michael Jason Rapley: Barry Bordetsky, 
Esq., The Law Offices of Barry M. Bordetsky, New York, New York.
Respondent Harry Pruitt, Jr. did not enter an appearance in this matter.
Respondent Rodney Pruitt did not enter an appearance in this matter.
Respondent WhiteBlue Cross, LTD did not enter an appearance in this matter.","After considering the pleadings and the Motion to Strike Claimant’s Statement of Claim, 
the Panel has decided in full and final resolution of the issues submitted for 
determination as follows: 
1. Claimant’s claims are dismissed in their entirety with prejudice.","In the Statement of Claim, Claimant requested $249,958.00 in compensatory damages; 
$499,916.00 in treble damages, punitive damages and exemplary damages; interest; 
attorneys’ fees; costs; and such other and further relief that the Panel may deem just 
and proper.
In the Joint Statement of Answer, Respondents Andrew Garrett Inc. and Michael Jason 
Rapley requested that all causes of action be dismissed, an award denying all claims, 
costs, and other just and equitable relief.
In the Counterclaim, Respondent Andrew Garrett Inc. requested: unspecified 
compensatory; punitive damages; legal fees; FINRA fees, and other relief deemed just 
and equitable.","Award
In the Matter of the Arbitration Between: 
Claimant
Claude Asiane
Case Number: 16-01714
 vs.
Respondents
Andrew Garrett Inc.
Michael Jason Rapley 
Harry Pruitt, Jr.
Rodney Pruitt
WhiteBlue Cross, Ltd.
Hearing Site: New York, New York
Nature of the Dispute: Customer vs. Member, Associated Person and Non-Members
This case was decided by a majority-public panel.","Statement of Claim filed on or about: June 8, 2016.
Claude Asiane signed the Submission Agreement: June 3, 2016.
Joint Statement of Answer filed by Respondents Andrew Garrett Inc. and Michael Jason 
Rapley, and Counterclaim filed by Respondent Andrew Garrett Inc. on or about: 
December 14, 2016.
Andrew Garrett Inc. signed the Submission Agreement: December 14, 2016.
Michael Jason Rapley signed the Submission Agreement: January 3, 2017.
Rodney Pruitt, Harry Pruitt, Jr. and WhiteBlue Cross, Ltd. did not sign a Submission 
Agreement or file a Statement of Answer.","Claimant asserted the following causes of action: fraud; breach of written contract; 
breach of the covenant of good faith and fair dealing; unjust enrichment; breach of 
fiduciary duty; conversion; and accounting. The causes of action relate to a 
Collateralized Mortgage Obligation purchased by Claimant. 
Unless specifically admitted in the Joint Statement of Answer, Respondents Andrew 
Garrett Inc. and Michael Jason Rapley denied the allegations made in the Statement of 
Claim and asserted various affirmative defenses.
In the Counterclaim, Respondent Andrew Garrett Inc. asserted the following cause of 
action: malicious prosecution.","The Arbitrators acknowledge that they have each read the pleadings and other 
materials filed by the parties. 
On or about May 13, 2019, Respondents Andrew Garrett Inc. and Michael Jason 
Rapley filed a Motion to Compel. On or about June 4, 2019, Claimant filed a Motion for 
Extension of time to file an Answer to Respondents’ Motion to Compel. On or about 
June 6, 2019, Respondents filed an Opposition to Claimant’s Motion for Extension. By 
Order dated July 5, 2019, the Chair granted Respondent Andrew Garrett Inc. and 
Michael Jason Rapleys’ Motion to Compel and denied Claimant’s Motion for Extension.
On or about August 6, 2019, Respondents Andrew Garrett Inc. and Michael Jason 
Rapley filed a Motion for Sanctions for failure to comply with the Chair’s July 5, 2019 
Discovery Order. On or about September 13, 2019, the Panel issued an order stating 
that the case would be dismissed if the Claimant did not comply with discovery requests 
within 30 days of receipt of the September 13, 2019 Order. 
On or about October 16, 2019, Respondents Andrew Garrett Inc. and Michael Jason 
Rapley filed a Motion to Strike Claimant’s Statement of Claim pursuant to FINRA Rule 
12212(c) for failure to comply with the Chair’s September 13, 2019 Order. Claimant did 
not file an opposition to Respondents Andrew Garrett Inc. and Michael Jason Rapleys’ 
Motion to Strike Claimant’s Statement of Claim. 
On November 27, 2019, the Panel granted Respondent Andrew Garrett Inc. and 
Michael Jason Rapleys’ Motion to Strike pursuant to Rule 12212(c) of the Code. The 
Panel granted Respondent Andrew Garrett Inc. and Michael Jason Rapleys’ Motion to 
Strike Claimant’s Statement of Claim and dismissed Claimant’s claims on the grounds 
that Claimant failed to proceed with discovery.
Respondents Rodney Pruitt, Harry Pruitt, Jr. and WhiteBlue Cross, Ltd. are not 
members or associated persons of FINRA and did not voluntarily submit to arbitration. 
Therefore, the Panel made no determination with respect to Claimant’s claims against 
Respondents Rodney Pruitt, Harry Pruitt, Jr. and WhiteBlue Cross, Ltd.","Pursuant to the Code of Arbitration Procedure, the following fees are assessed:
Filing Fees
FINRA Office of Dispute Resolution assessed a filing fee* for each claim:
Initial Claim Filing Fee =$ 1,725.00
Counterclaim Filing Fee =$ 1,700.00
*The filing fee is made up of a non-refundable and a refundable portion. 
Member Fees
Member fees are assessed to each member firm that is a party in these proceedings or 
to the member firm that employed the associated persons at the time of the events 
giving rise to the dispute. Accordingly, as a party, Respondent Andrew Garrett, Inc. is 
assessed the following:
Member Surcharge =$ 2,475.00
Member Process Fee =$ 5,075.00
Discovery-Related Motion Fee
Fees apply for each decision rendered on a discovery-related motion. 
One (1) decision on a discovery-related motion on the papers 
with one (1) arbitrator @ $200.00/decision =$ 200.00

Total Discovery-Related Motion Fees =$ 200.00
The Panel has assessed $150.00 of the discovery-related motion fees to Claimant.
The Panel has assessed $50.00 of the discovery-related motion fees jointly and 
severally to Respondents Andrew Garrett Inc. and Michael Jason Rapley.
Hearing Session Fees and Assessments
The Panel has assessed hearing session fees for each session conducted. A session is 
any meeting between the parties and the arbitrators, including a pre-hearing conference 
with the arbitrators, that lasts four (4) hours or less. Fees associated with these 
proceedings are:
Three (3) pre-hearing sessions with the Panel @ $1,300.00/session =$ 3,900.00
Pre-hearing conferences: November 20, 2018 1 session
January 4, 2019 1 session
March 11, 2019 1 session
Total Hearing Session Fees =$ 3,900.00
The Panel has assessed $3,900.00 of the hearing session fees to Claimant.
All balances are payable to FINRA Office of Dispute Resolution and are due upon 
receipt.","James M. Rhodes - Public Arbitrator, Presiding Chairperson
Ann C. Northern - Public Arbitrator
Katherine Cooper - Non-Public Arbitrator
I, the undersigned Arbitrator, do hereby affirm, pursuant to Article 7507 of the Civil 
Practice Law and Rules, that I am the individual described herein and who executed this 
instrument which is my award.
Concurring Arbitrators' Signatures
James M. Rhodes
James M. Rhodes
Public Arbitrator, Presiding Chairperson
12/06/2019
Signature Date
Ann C. Northern
Ann C. Northern
Public Arbitrator
12/06/2019
Signature Date
Katherine Cooper
Katherine Cooper
Non-Public Arbitrator
12/06/2019
Signature Date
December 09, 2019
Date of Service (For FINRA Office of Dispute Resolution office use only)"
18-02246,18-02246,pre_cutoff,2020-01-06,18-02246.pdf,4,4972,8,"For Claimant Kevin Yang: David E. Robbins, Esq., Kaufmann Gildin & Robbins, LLP, 
New York, New York.
For Respondent Credit Suisse Securities (USA) LLC: Eric Moran, Esq. and Scarlett L. 
Freeman, Esq., Epstein, Becker & Green, PC, New York, New York.","After considering the pleadings, the testimony and evidence presented at the hearing, 
and the post-hearing submissions, the Arbitrator has decided in full and final resolution 
of the issues submitted for determination as follows: 
1. Claimant’s request for expungement of his CRD records is denied. 
ARBITRATOR’S REPORT
Claimant's request for expungement of the information on his Form U5 depends on the 
meaning of ""investment related"" misconduct. The context here is a bit unusual as he 
held a license that he did not use as part of his employment as an analyst and had no 
involvement with retail customers. With many years of experience supervising brokers 
and retail branch offices, Claimant’s expert witness offered a narrow meaning of 
""investment related"" in keeping with his experience on the sales side. However, with the 
laudable goal of providing disclosure to the public, those regulating the securities 
industry prefer a broad meaning as evidenced by the multiple court cases, FINRA 
disciplinary actions, and consent letters cited by Respondent. Hence the Arbitrator 
found that Respondent made appropriate and accurate entries on the Form U5 and 
Claimant's request must fail.","In the Statement of Claim, Claimant requested expungement of Respondent’s 
Termination Explanation and Termination Disclosure on Claimant’s Form U5, and 
compensatory damages of $1.00.
In the Statement of Answer, Respondent requested that all claims be denied in their 
entirety.
At the close of hearing, Claimant withdrew his request of $1.00 in compensatory 
damages.","Award
In the Matter of the Arbitration Between: 
Claimant
Kevin Yang
Case Number: 18-02246
 vs.
Respondent
Credit Suisse Securities (USA) LLC
Hearing Site: New York, New York
Nature of the Dispute: Associated Person vs. Member","Statement of Claim filed on or about: June 18, 2018.
Kevin P Yang signed the Submission Agreement: June 15, 2018.
Statement of Answer filed by Respondent on or about: August 7, 2018.
Credit Suisse Securities (USA) LLC signed the Submission Agreement: August 7, 2018.","Claimant asserted the following cause of action: expungement of false and defamatory 
disclosure on Claimant’s Central Registration Depository (“CRD”) records.
Unless specifically admitted in the Statement of Answer, Respondent denied the 
allegations made in the Statement of Claim and asserted various affirmative defenses.","The Arbitrator acknowledges that she has read the pleadings and other materials filed 
by the parties.","Pursuant to the Code of Arbitration Procedure, the following fees are assessed:
Filing Fees
FINRA Office of Dispute Resolution assessed a filing fee* for each claim:
Initial Claim Filing Fee =$ 50.00
*The filing fee is made up of a non-refundable and a refundable portion. 
Member Fees
Member fees are assessed to each member firm that is a party in these proceedings or 
to the member firm that employed the associated person at the time of the events giving 
rise to the dispute. Accordingly, as a party, Respondent Credit Suisse Securities (USA) 
LLC is assessed the following:
Member Surcharge =$ 150.00
Postponement Fees
Postponements granted during these proceedings for which fees were assessed or 
waived: 
November 4-5, 2019, postponement by Respondent =$ 50.00

Total Postponements Fees =$ 50.00
The Arbitrator has assessed the $50.00 postponement fees to Respondent.
Hearing Session Fees and Assessments
The Arbitrator has assessed hearing session fees for each session conducted. A 
session is any meeting between the parties and the arbitrator, including a pre-hearing 
conference with the arbitrator, that lasts four (4) hours or less. Fees associated with 
these proceedings are:
One (1) pre-hearing session with a single arbitrator @ $50.00/session =$ 50.00
Pre-hearing conference: October 10, 2018 1 session
Four (4) hearing sessions @ $50.00/session =$ 200.00
Hearing Dates: November 20, 2019 2 sessions
November 21, 2019 2 sessions 
Total Hearing Session Fees =$ 250.00
The Arbitrator has assessed the $250.00 hearing session fees to Claimant.
All balances are payable to FINRA Office of Dispute Resolution and are due upon 
receipt.
ARBITRATOR
Susan C. Lushing - Sole Public Arbitrator
I, the undersigned Arbitrator, do hereby affirm, pursuant to Article 7507 of the Civil 
Practice Law and Rules, that I am the individual described herein and who executed this 
instrument which is my award.
Arbitrator's Signature
Susan C Lushing
Susan C. Lushing
Sole Public Arbitrator
01/02/2020
Signature Date
January 06, 2020
Date of Service (For FINRA Office of Dispute Resolution office use only)",
19-01376,19-01376,pre_cutoff,2020-01-23,19-01376.pdf,6,11804,8,"For Claimant Michael A. Boagni (“Claimant”): Dochtor Kennedy, MBA, JD, and Lindsey 
Nasshorn, Esq., AdvisorLaw LLC, Westminster, Colorado. 

For Respondent Prudential Equity Group, LLC (“Respondent”): Alan S. Brodherson, 
Esq., Law Offices of Alan S. Brodherson, New York, New York.","After considering the pleadings, the testimony and evidence presented at the hearing, 
and the post-hearing submissions, the Arbitrator has decided in full and final resolution 
of the issues submitted for determination as follows: 

1. The Arbitrator recommends the expungement of all references to Occurrence 
Numbers 1079831, 1102255, and 1076170 from registration records maintained by 
the CRD, for Claimant Michael A. Boagni (CRD#2971934), with the understanding 
that, pursuant to Notice to Members 04-16, Claimant Michael A. Boagni must obtain 
confirmation from a court of competent jurisdiction before the CRD will execute the 
expungement directive. 

Unless specifically waived in writing by FINRA, parties seeking judicial confirmation 
of an arbitration award containing expungement relief must name FINRA as an 
additional party and serve FINRA with all appropriate documents. 

Pursuant to Rule 13805 of the Code, the Arbitrator has made the following Rule 
2080 affirmative findings of fact: 

The claim, allegation, or information is factually impossible or clearly erroneous. 

The Arbitrator has made the above Rule 2080 findings based on the following 
reasons: 

When the Customers became clients of Claimant in February 1999, they stated 
an interest in growth with an aggressive risk tolerance, low liquidity needs and a 
ten year timeline. Claimant recommended a balanced portfolio and included an 
option to supplement the core investments. Mr. M requested more technology 
stocks and none of the bonds, which occurred. From that day forward, the parties 
talked often and met in person, including one meeting in their home. They had a 
cordial relationship. Before Claimant made any trade, he conferred with the 
Customers, every time. Claimant did not have the authority to trade on his own 
and never did without first obtaining the Customers’ authorization. 

In August 2001, Claimant left Respondent, registered with a new brokerage firm 
(“New Firm”) and invited the Customers to follow him. The Customers advised 
Claimant that they would consider moving their business to the New Firm. No 
issues were mentioned and within less than one year, the Customers began 
litigation to recover lost money from the dot com crash. 

Alternatively, Mr. M submitted an opposition to the expungement request. Mr. M’s 
submission was inconsistent with the facts, according to Claimant’s testimony at 
the hearing, as each were reviewed during the hearing. 

Based on the facts and the testimony, the Arbitrator recommends expungement. 
It would serve no useful purpose to the public to keep Occurrence Number 
1079831 in Claimant’s CRD records. The Arbitrator also noted that Occurrence 
Numbers 1102255 and 1076170 remain in Claimant’s archived CRD records and 
that they should be expunged due to the filing error and duplicative nature of this 
matter. 

2. Any and all claims for relief not specifically addressed herein are denied.","In the Statement of Claim, Claimant requested: 
1. Expungement of Occurrence Number 1079831 from his CRD records pursuant to 
FINRA Rule 2080(b)(1)(A), as the claim, allegation or information is factually 
impossible or clearly erroneous; and FINRA Rule 2080(b)(1)(C), as the claim, 
allegation, or information is false; 
2. An award of compensatory damages in the amount of $1.00 from 
Respondent; and 
3. Any and all other relief that the Arbitrator deems just and equitable. 

In the Statement of Answer, Respondent requested: 
1. Denial of Claimant’s request for compensatory damages in the amount of $1.00; 
and 
2. All forum fees for hearing sessions in this matter against Claimant pursuant to 
the FINRA Code of Arbitration Procedure (“Code”) Rule 13805(d). 

At the close of the hearing, Claimant waived the request for compensatory damages in 
the amount of $1.00.","Award 

In the Matter of the Arbitration Between: 

Claimant 
Michael A. Boagni 
Case Number: 19-01376 

 vs. 

Respondent 
Prudential Equity Group, LLC 
Hearing Site: New Orleans, Louisiana 

Nature of the Dispute: Associated Person vs. Member","Statement of Claim filed on or about: May 16, 2019. 
Claimant signed the Submission Agreement: May 16, 2019. 

Statement of Answer filed by Respondent on or about: July 5, 2019. 
Respondent did not sign the Submission Agreement.","Claimant asserted a claim seeking expungement of a customer complaint, Occurrence 
Number 1079831, which evolved into litigation and resulted in multiple occurrences1, 
from registration records maintained by the Central Registration Depository (“CRD”). 

1 On May 3, 2002, the customers filed a complaint, Occurrence Number 1079831, which evolved into 
litigation (which was separately disclosed on Claimant’s CRD records as Occurrence Number 1076170). 
On September 24, 2002, the customers filed an additional complaint which evolved into an NASD 
arbitration, Occurrence Number 1102255, and concluded as a Stipulated Award. Although Claimant was 
named as a respondent in the NASD arbitration, he was dismissed from the case before it resulted in the 
Stipulated Award. 
In the Statement of Answer, Respondent took no position with respect to Claimant’s 
request for expungement and asserted various affirmative defenses.","The Arbitrator acknowledges having read the pleadings and other materials filed by the 
parties. 
Respondent did not file with FINRA Office of Dispute Resolution a properly executed 
Submission Agreement but is required to submit to arbitration pursuant to the Code and, 
having answered the claim and appeared at the hearing, is bound by the determination 
of the Arbitrator on all issues submitted. 
On November 8, 2019, Claimant filed an Initial Service Letter to Mr. and Mrs. M, the 
customers in Occurrence Number 1079831 (“Customers”) sent via U.S. Certified Mail, 
which included notice of the expungement hearing and a copy of the Statement of 
Claim. On November 11, 2019, Claimant filed an Affidavit of Service of the Notice of 
Expungement and Statement of Claim by U.S. Certified Mail. 
On November 15, 2019, Claimant filed another Service Letter to the Customers sent via 
Federal Express, which included notice of the expungement hearing and a copy of the 
Statement of Claim. On November 18, 2019, Claimant filed an Affidavit of Service of the 
Notice of Expungement and Statement of Claim by Federal Express. On December 9, 
2019, Claimant filed an Affidavit of Service of the Notice of Expungement and 
Statement of Claim by U.S. Certified Mail and Federal Express and filed a copy of the 
Federal Express delivery confirmation. 
On November 18, 2019, Claimant filed an Affidavit advising that he could not locate a 
copy of the settlement agreement relating to the Customers’ claims (“Settlement 
Affidavit”). Claimant advised that Respondent failed to locate the settlement documents 
following a good-faith search of its system and that any further efforts to obtain a copy 
of the documents would be unsuccessful. 
On November 24, 2019, Mr. M filed an opposition to Claimant’s request for 
expungement. 

On December 4, 2019, Claimant filed a copy of a Stipulated Award dated April 8, 2004, 
in the NASD arbitration (Occurrence Number 1102255). The Arbitrator noted that 
Claimant was dismissed from the case on July 1, 2003, before it resulted in the 
Stipulated Award. Accordingly, the Arbitrator noted that there were no settlement 
documents for review. Further, from the BrokerCheck® Report, the Arbitrator noted that 
the Customers’ claim of $206,000.00 was settled for $45,000.00 and that Claimant did 
not contribute to the settlement amount paid to the Customers. 

The Arbitrator conducted a recorded telephonic hearing on December 10, 2019 so the 
parties could present oral argument and evidence on Claimant’s request for expungement. 

The Customers did not participate in the expungement hearing. The Arbitrator found that 
the Customers were served with notice of the expungement hearing and were invited to 
attend but did not do so. 

By letter dated January 3, 2020, FINRA Office of Dispute Resolution advised the 
Arbitrator and the parties that Claimant requested expungement of Occurrence Number 
1079831 from his CRD records, which relates to the litigation; and that the Stipulated 
Award, captioned as Occurrence Number 1102255 in Claimant’s CRD records, resulted 
from the NASD arbitration. On the same day, the Arbitrator ordered Claimant to provide 
more information regarding this matter by January 10, 2020. 

On January 8, 2020, in response to the Arbitrator’s Order, Claimant confirmed that 
Occurrence Numbers 1079831, 1102255, and 1076170 were erroneously filed 
separately and should have all been filed under one occurrence number in Claimant’s 
CRD records and updated as the complaint progressed. Claimant advised that 
Occurrence Numbers 1102255 and 1076170 are in an archived status and not visible to 
the public. Finally, Claimant advised the Arbitrator, “[s]hould you wish to use your 
plenary powers to address the archived, less harmful Occurrence that is not at issue in 
this arbitration, to include it in your decision to expunge [Claimant’s] full CRD record, he 
would be appreciative.” 

The Arbitrator reviewed Claimant’s BrokerCheck® Report. 

The Arbitrator reviewed the Stipulated Award although it did not relate to Claimant. The 
Arbitrator found that Claimant was one of several brokers mentioned in the arbitration but 
all of the claims against him were dismissed prior to the award. 

The Arbitrator noted that Claimant did not previously file a claim requesting 
expungement of the same disclosures in the CRD. 

In recommending expungement, the Arbitrator relied upon the following documentary or 
other evidence: Statement of Claim; Statement of Answer; Claimant’s BrokerCheck® 
Report and CRD records; oral arguments; Mr. M’s Submission Opposing Claimant’s 
Request for Expungement; and the Stipulated Award. 
The parties present at the hearing have agreed that a handwritten, signed Award may 
be entered.","Pursuant to the Code, the following fees are assessed: 

Filing Fees 
FINRA Office of Dispute Resolution assessed a filing fee* for each claim: 

Initial Claim Filing Fee =$ 50.00 

*The filing fee is made up of a non-refundable and a refundable portion. 

Member Fees 
Member fees are assessed to each member firm that is a party in these proceedings or 
to the member firm(s) that employed the associated person(s) at the time of the event(s) 
giving rise to the dispute. Accordingly, as a party Respondent is assessed the following: 

Member Surcharge =$ 150.00 

Hearing Session Fees and Assessments 
The Arbitrator has assessed hearing session fees for each session conducted. A 
session is any meeting between the parties and the Arbitrator, including a pre-hearing 
conference with the Arbitrator that lasts four (4) hours or less. Fees associated with 
these proceedings are: 

One (1) pre-hearing session with a single arbitrator @ $50.00/session =$50.00 
Pre-hearing conference: August 19, 2019 1 session 

One (1) hearing session on expungement request @ $50.00/session =$50.00 
Hearing Date: December 10, 2019 1 session 
Total Hearing Session Fees =$100.00 

The Arbitrator has assessed the total hearing session fees to Claimant. 

All balances are payable to FINRA Office of Dispute Resolution and are due upon 
receipt. 
January 23, 2020",
19-02516,19-02516,pre_cutoff,2020-02-19,19-02516.pdf,9,16079,8,"For Claimants Pamela R. Raben (“Raben”), Brent Taylor Henry (“Henry”), and Dustin 
Clay Colebank (“Colebank”): Dochtor Kennedy, MBA, JD, and Frances Menzer, Esq., 
AdvisorLaw LLC, Westminster, Colorado. 

Hereinafter, Raben, Henry, and Colebank are collectively referred to as “Claimants.” 

For Respondent Merrill Lynch Pierce Fenner & Smith Inc. (“Respondent”): Sarah K. 
Yates, Esq., Bressler, Amery & Ross, Birmingham, Alabama.","After considering the pleadings, the testimony and evidence presented at the hearing, 
and the post-hearing submissions, the Arbitrator has decided in full and final resolution 
of the issues submitted for determination as follows: 

1. The Arbitrator recommends the expungement of all references to the Underlying 
Complaints for: 

a. Claimant Pamela R. Raben (CRD#2391077) 
Occurrence Number 1967257; 

b. Claimant Brent Taylor Henry (CRD#2224300) 
Occurrence Numbers 1625525 and 1967290; and 

c. Claimant Dustin Clay Colebank (CRD#2873335) 
Occurrence Number 1622140 

from registration records maintained by th e CRD with the understanding that, 
pursuant to Notice to Members 04 -16, Claimants Pamela R. Raben, Brent Taylor 
Henry, and Dustin Clay Colebank must obtain confirmation from a court of 
competent jurisdiction before the CRD will execute the expungement directive. 

Unless specifically waived in writing by FINRA, parties seeking judicial 
confirmation of an arbitration award containing expungement relief must name 
FINRA as an additional party and serve FINRA with all appropriate documents. 

Pursuant to Rule 13805 of the Code of Arbitration Procedure (“Code”), the 
Arbitrator has made the following Rule 2080 affirmative findings of fact: 

The claim, allegation, or information is factually impossible or clearly 
erroneous. 

The registered person was not involved in the alleged investment-related 
sales practice violation, forgery, theft, misappropriation, or conversion of 
funds. 

The claim, allegation, or information is false. 

The Arbitrator has made the above Rule 2080 findings based on the following 
reasons: 

Occurrence Numbers 1625525 and 1622140–Henry and Colebank 

Mr. B was Henry’s long-time friend. He opened a brokerage account with 
Respondent and became Henry and Colebank’s client. At some point during 
the business relationship, Mr. B asked for assistance in purchasing a life 
insurance policy, intended for use as a vehicle to permit the university where 
he had coached for decades, to pay off debt. Shortly after, Henry and 
Colebank referred Mr. B to an insurance representative in Respondent’s 
insurance department. 

Henry and Colebank both testified that to their knowledge, the insurance 
representative explained all details of the policy to Mr. B and provided him 
with all pertinent written materials, and Mr. B acknowledged in writing that he 
understood the details and authorized the investment. Neither Henry nor 
Colebank recommended, were primarily responsible for making, or made any 
detailed disclosures about the policy. Although Henry was present for further 
discussions about the policy, he did not take a lead role and both Henry and 
Colebank’s involvement, appeared to be limited to the referral. 

In or around December 2009, Mr. L was named trustee of Mr. B’s life 
insurance trust and between 2008 and 2012, Henry and Colebank spoke to 
Mr. B regarding the performance of his investment portfolio. Neither Mr. B nor 
Mr. L ever expressed any dissatisfaction with the policy and as far as they 
knew, based on their limited involvement, the policy was fully and accurately 
discussed in great detail with Mr. B and ultimately sold as Mr. B wished. In 
fact, this dispute appears to have arisen because Mr. B’s heirs wanted 
Respondent to assist them in liquidating the policy and Respondent refused 
because doing so was against company policy. In any event, the policy was 
sold. 

However, neither Henry nor Colebank told Mr. B that he could sell the policy 
or made any representations to that effect, and neither had any knowledge 
that anyone involved in the sale of the policy told Mr. B that was an option. 

Occurrence Numbers 1967257 and 1967290–Henry and Raben 

Ms. K’s allegations relate to a mortgage obtained by Ms. K and her former 
husband, which they recognized as valid and paid for at least a decade 
before Ms. K claimed that her signature had been “forged.” In fact, Ms. K 
repeatedly claimed a mortgage interest deduction for the mortgage on her 
federal income tax returns and also acknowledged the existence and validity 
of the mortgage on numerous occasions, including under oath before the U.S. 
Bankruptcy Court for the District of Arkansas and in court filings concerning 
her divorce. Ms. K’s assertions that her signature had been forged during 
creation of the mortgage and that she did not know of its existence are clearly 
erroneous, factually impossible, and false. 

In addition, Henry and Raben are not in the business of recommending or 
approving mortgages and did not do so in this matter; they merely referred 
Ms. K and her then-husband to the appropriate department to seek a 
mortgage. They were not involved with the evaluation of the mortgage 
application or approval process, and made no representations concerning the 
mortgage. Moreover, Raben testified that she did not notarize a “forged” 
signature and neither she nor Henry were aware of a “forged” signature. 

Additionally, there is no credible evidence that Ms. K’s signature was forged. 
Indeed, that claim was rejected by an Arkansas state appellate court, as 
admitted by Ms. K in her submission to FINRA ODR. It appears that Ms. K 
also raised that allegation in the bankruptcy court, to no avail. Finally, neither 
Henry nor Raben were in a position to make any “misappropriation” as to the 
mortgage. The evidence clearly demonstrated that they were not involved in 
any alleged investment-related sales practice violation, forgery, or 
misappropriation. 

2. Any and all claims for relief not specifically addressed herein are denied.","In the Statement of Claim, Raben requested: 
1. Expungement of Occurrence Number 1967257 from her CRD records pursuant 
to FINRA Rule 2080(b)(1)(A), as the claim, allegation, or information is factually 
impossible or clearly erroneous; FINRA Rule 2080(b)(1)(B), as Raben was not 
involved in the alleged investment-related sales practice violation, forgery, theft, 
misappropriation, or conversion of funds; and FINRA Rule 2080(b)(1)(C), as the 
claim allegation, or information is false; 
2. An award of compensatory damages in the amount of $1.00 from Respondent; 
and 
3. Any and all other relief that the Arbitrator deems just and equitable. 

In the Statement of Answer, Respondent requested denial of an award of compensatory 
damages in the amount of $1.00. 

Subordinate Case 19-01706 
In the Statement of Claim, Henry requested: 
1. Expungement of Occurrence Numbers 1625525 and 1967290 from his CRD 
records pursuant to FINRA Rule 2080(b)(1)(A), as the claim, allegation, or 
information is factually impossible or clearly erroneous; FINRA Rule 
2080(b)(1)(B), as Henry was not involved in the alleged investment-related sales 
practice violation, forgery, theft, misappropriation, or conversion of funds; and 
FINRA Rule 2080(b)(1)(C), as the claim allegation, or information is false; 
2. An award of compensatory damages in the amount of $1.00 from Respondent; 
and 
3. Any and all other relief that the Arbitrator deems just and equitable. 

In the Statement of Answer, Respondent requested denial of an award of compensatory 
damages in the amount of $1.00. 

Subordinate Case 19-02516 
In the Statement of Claim, Colebank requested: 
1. Expungement of Occurrence Number 1622140 from his CRD records pursuant to 
FINRA Rule 2080(b)(1)(A), as the claim, allegation, or i nformation is factually 
impossible or clearly erroneous; FINRA Rule 2080(b)(1)(B), as Colebank was not 
involved in the alleged investment-related sales practice violation, forgery, theft, 
misappropriation, or conversion of funds; and FINRA Rule 2080(b)(1)(C), as the 
claim allegation, or information is false; 
2. An award of compensatory damages in the amount of $1.00 from Respondent; 
and 
3. Any and all other relief that the Arbitrator deems just and equitable. 

In the Statement of Answer, Respondent requested denial of an award of compensatory 
damages in the amount of $1.00. 

At the close of the hearing, Claimants withdrew the request for compensatory damages 
in the amount of $1.00.","Award 

In the Matter of the Arbitration Between: 

Claimant Master Consolidated Case Number 
Pamela R. Raben 19-01676 

vs. 

Respondent Hearing Site 
Merrill Lynch Pierce Fenner & Smith Inc. Little Rock, Arkansas 

Consolidated with the following cases: 

Claimant Subordinate Case Number 
Brent Taylor Henry 19-01706 

vs. 

Respondent 
Merrill Lynch Pierce Fenner & Smith Inc. 

Claimant Subordinate Case Number 
Dustin Clay Colebank 19-02516 

vs. 

Respondent 
Merrill Lynch Pierce Fenner & Smith Inc. 

______________________________________________________________________ 
Nature of the Dispute: Associated Persons vs. Member","Statement of Claim filed by Raben on or about: June 13, 2019. 
Raben signed the Submission Agreement: June 13, 2019. 

Statement of Answer filed by Respondent on or about: August 19, 2019. 
Respondent signed the Submission Agreement: August 19, 2019. 

Subordinate Case 19-01706 
Statement of Claim filed by Henry on or about: June 17, 2019. 
Henry signed the Submission Agreement: June 17, 2019. 

Statement of Answer filed by Respondent on or about: August 21, 2019. 
Respondent signed the Submission Agreement: August 19, 2019. 

Subordinate Case 19-02516 
Statement of Claim filed by Colebank on or about: August 22, 2019. 
Colebank signed the Submission Agreement: August 22, 2019. 

Statement of Answer filed by Respondent on or about: October 15, 2019. 
Respondent signed the Submission Agreement: October 14, 2019.","Raben asserted a claim seeking expungement of a customer complaint, Occurrence 
Number 1967257 from her registration records maintained by the Central Registration 
Depository (“CRD”). 

In the Statement of Answer, Respondent took no position with respect to Raben’s 
request for expungement, denied the allegations made in the Statement of Claim, and 
asserted various affirmative defenses. 

Subordinate Case 19-01706 
Henry asserted a claim seeking expungement of two customer complaints, Occurrence 
Numbers 1625525 and 1967290 from his registration records maintained by the CRD. 

In the Statement of Answer, Respondent took no position with respect to Henry’s request 
for expungement, denied the allegations made in the Statement of Claim, and asserted 
various affirmative defenses. 

Subordinate Case 19-02516 
Colebank asserted a claim seeking expungement of a customer complaint, Occurrence 
Number 1622140 from his registration records maintained by the CRD. 

In the Statement of Answer, Respondent took no position with respect to Colebank’s 
request for expungement, denied the allegations made in the Statement of Claim, and 
asserted various affirmative defenses.","The Arbitrator acknowledges having read the pleadings and other materials filed by the 
parties. 

On September 16, 2019, Raben filed a Stipulated Motion to Consolidate FINRA 
Arbitration Case Numbers 19-01676 and 19-01706, on the basis that Occurrence 
Numbers 1967257 and 1967290 relate to both Raben and Henry. On the same day, the 
Arbitrator granted the motion by Order. 

On October 25, 2019, Raben and Henry filed another Stipulated Motion to Consolidate 
FINRA Arbitration Case Numbers 19-01676 and 19-02516, on the basis that 
Occurrence Numbers 1625525 and 1622140 relate to both Henry and Colebank. By 
Order dated October 28, 2019, the Arbitrator granted the motion. Accordingly this case 
proceeded with respect to Occurrence Numbers 1625525, 1622140, 1967257, and 
1967290 (collectively referred to as the “Underlying Complaints”). 
On January 2, 2020, Claimants filed copies of the letters sent to Mr. L (the customer in 
Occurrence Numbers 1625525 and 1622140) and Ms. K (the customer in Occurrence 
Numbers 1967257 and 1967290), including notice of the expungement hearing and 
copies of the Statements of Claim, by U.S. Certified Mail. Hereinafter, Mr. L and Ms. K 
are collectively referred to as the “Customers.” On January 6, 2020, Claimants filed an 
Affidavit of Service and the U.S. Certified Mail receipt. On January 10, 2020, Claimants 
filed additional copies of the letters sent to the Customers, including notice of the 
expungement hearing and copies of the Statements of Claim, by Federal Express. On 
January 13, 2020, Claimants filed another Affidavit of Service; and on the following day, 
filed a copy of the Federal Express tracking information. On January 31, 2020, 
Claimants filed a Final Affidavit of Service by U.S. Certified Mail and Federal Express. 
On January 24, 2020, Ms. K sent a letter and supplemental documents to FINRA Office 
of Dispute Resolution (“ODR”), opposing the request for expungement with respect to 
Occurrence Numbers 1967257 and 1967290 and indicating her displeasure with Raben 
and Henry’s actions. 
The Arbitrator conducted a recorded telephonic hearing on February 4, 2020 so the parties 
could present oral argument and evidence on Claimants’ request for expungement. 
Respondent participated in the expungement hearing and did not oppose the request for 
expungement. 

The Customers did not participate in the expungement hearing and Mr. L did not oppose 
the request for expungement. The Arbitrator found that the Customers had notice of the 
expungement request and hearing but did not attend. 

The Arbitrator reviewed Claimants’ BrokerCheck® Reports. 

The Arbitrator noted that the Underlying Complaints were not settled and therefore, 
there were no settlement documents to review. 

The Arbitrator noted that Claimants did not previously file a claim requesting 
expungement of the same disclosures in the CRD. 

In recommending expungement, the Arbitrator relied upon the following documentary or 
other evidence: pleadings; Claimants’ BrokerCheck® Reports; Exhibits; all other 
evidence submitted by Claimants; the letter and supplemental documents submitted by 
Ms. K; and Claimants’ testimonies. 
The parties present at the hearing have agreed that a handwritten, signed Award may 
be entered.","Pursuant to the Code, the following fees are assessed: 

Filing Fees 
FINRA Office of Dispute Resolution assessed a filing fee* for each claim: 

Initial Claim Filing Fee =$ 50.00 

*The filing fee is made up of a non-refundable and a refundable portion. 

Member Fees 
Member fees are assessed to each member firm that is a party in these proceedings or 
to the member firm(s) that employed the associated person(s) at the time of the event(s) 
giving rise to the dispute. Accordingly, as a party, Respondent is assessed the 
following: 

Member Surcharge =$ 150.00 

Hearing Session Fees and Assessments 
The Arbitrator has assessed hearing session fees for each session conducted. A 
session is any meeting between the parties and the arbitrator(s), including a pre-hearing 
conference with the arbitrator(s) that lasts four (4) hours or less. Fees associated with 
these proceedings are: 

One (1) pre-hearing session with a single arbitrator @ $50.00/session =$50.00 
Pre-hearing conference: October 2, 2019 1 session 

One (1) hearing session on expungement request @ $50.00/session =$50.00 
Hearing Date: February 4, 2020 1 session 
______________________________________________________________________ 
Total Hearing Session Fees =$100.00 

The Arbitrator has assessed the total hearing session fees jointly and severally to 
Claimants. 

All balances are payable to FINRA Office of Dispute Resolution and are due upon 
receipt. 

February 19, 2020",
19-02781,19-02781,pre_cutoff,2020-06-04,19-02781.pdf,5,7765,8,"For Claimant Luis-Diego Quiroz (“Claimant”): Michael Bessette, Esq., HLBS Law, 
Westminster, Colorado.
For Respondent J.P. Morgan Securities, LLC (“Respondent”): Thomas J. Cahill, Esq., 
Satterlee Stephens LLP, New York, New York.","After considering the pleadings, the testimony and evidence presented at the 
expungement hearing, the Arbitrator has decided in full and final resolution of the issues 
submitted for determination as follows: 
1. The Arbitrator recommends the expungement of all references to the Underlying 
Complaint, occurrence number 1899357, from registration records maintained by the 
CRD for Claimant Luis-Diego Quiroz (CRD Number 5673101) with the 
understanding that, pursuant to Notice to Members 04-16, Claimant Luis-Diego 
Quiroz must obtain confirmation from a court of competent jurisdiction before the 
CRD will execute the expungement directive. 
Unless specifically waived in writing by FINRA, parties seeking judicial confirmation 
of an arbitration award containing expungement relief must name FINRA as an 
additional party and serve FINRA with all appropriate documents. 
Pursuant to Rule 13805 of the Code of Arbitration Procedure (“Code”), the Arbitrator 
has made the following Rule 2080 affirmative finding of fact:
The claim, allegation, or information is false.
The Arbitrator has made the above Rule 2080 finding based on the following 
reasons: 
In his sworn testimony, Claimant explained that the Customer told Claimant that 
she wanted to liquidate her accounts. In response to the Customer's request, 
Claimant liquidated her accounts. The Customer apparently changed her mind 
and told Respondent that Claimant had liquidated her accounts without 
authorization. Respondent investigated the Underlying Complaint and then 
reinstated the Customer's accounts.
Based upon the pleadings, the sworn testimony of Claimant and Claimant's 
Exhibits 1 through 4, it is clear that the Customer's oral complaint that Claimant 
engaged in an unauthorized trade is simply untrue.
2. Any and all claims for relief not specifically addressed herein are denied.","In the Statement of Claim, Claimant requested:
1. Expungement of the Underlying Complaint from his CRD records pursuant to 
FINRA Rule 2080(b)(1)(A), as the claim, allegation, or information is factually 
impossible or clearly erroneous;
2. Expungement of the Underlying Complaint from his CRD records pursuant to 
FINRA Rule 2080(b)(1)(C), as the claim, allegation, or information is false;
3. Compensatory damages in the amount of $1.00 from Respondent; and
4. Any and all other relief that the Arbitrator deems just and equitable. 
In the Statement of Answer and the Amended Statement of Answer, Respondent did 
not set forth a specific relief request. 
At the hearing, Claimant withdrew the request for $1.00 in compensatory damages.","Award
In the Matter of the Arbitration Between: 
Claimant
Luis-Diego Quiroz
Case Number: 19-02781
 vs.
Respondent
J.P. Morgan Securities, LLC
Hearing Site: Los Angeles, California
______________________________________________________________________
Nature of the Dispute: Associated Person vs. Member","Statement of Claim filed on or about: September 16, 2019.
Claimant signed the Submission Agreement: September 16, 2019.
Statement of Answer filed by Respondent on or about: November 7, 2019. 
Amended Statement of Answer filed by Respondent on or about: February 10, 2020. 
Respondent signed the Submission Agreement: November 5, 2019.","Claimant asserted a claim seeking expungement of a customer complaint (“Underlying 
Complaint”), occurrence number 1899357, from his Central Registration Depository 
(“CRD”) records.
In the Statement of Answer, Respondent advised that it took no position on Claimant’s 
expungement request. 
In the Amended Statement of Answer, Respondent added a statement that it 
understood that Claimant would withdraw his request for $1.00 in compensatory 
damages.","The Arbitrator acknowledges having read the pleadings and other materials filed by the 
parties. 
On April 2, 2020, Claimant filed a copy of a letter sent to the customer in the Underlying 
Complaint (“Customer”), including notice of the expungement hearing and a copy of the 
Statement of Claim, via Federal Express. On April 7, 2020, Claimant filed an Affidavit of 
Service and the Federal Express delivery confirmation. 
The Arbitrator conducted a recorded, telephonic hearing on May 12, 2020 so the parties 
could present oral argument and evidence on Claimant’s request for expungement.
Respondent participated in the expungement hearing and, as stated in the Statement of 
Answer, did not oppose the request for expungement.
The Customer did not participate in the expungement hearing. The Arbitrator found that 
the Customer had notice of the expungement request and hearing. 
The Arbitrator reviewed Claimant’s BrokerCheck® Report. The Arbitrator noted that a 
prior arbitration panel or court did not previously rule on expungement of the same 
occurrence in the CRD.
The Arbitrator noted that the Underlying Complaint was listed as settled on Claimant’s 
BrokerCheck® Report and found that the settlement was accomplished by the 
reinstatement of the Customer's accounts by Respondent and that there was no 
economic damage or money paid to the Customer. Accordingly, the Arbitrator found that 
there were no settlement documents to review. 
In recommending expungement, the Arbitrator relied upon the following documentary or 
other evidence: Statement of Claim; Statement of Answer; Amended Statement of 
Answer; Claimant’s testimony; Claimant's Exhibit 1 – a list of the investment transaction 
confirmations; Claimant's Exhibit 2 – Respondent’s letter confirming closure of one of 
the Customer’s accounts; Claimant's Exhibit 3 – Respondent’s letter confirming closure 
of the second of the Customer’s accounts; and Claimant’s Exhibit 4 – Respondent’s 
response to the Customer’s complaint.","Pursuant to the Code, the following fees are assessed:
Filing Fees
FINRA Dispute Resolution Services assessed a filing fee* for each claim:
Initial Claim Filing Fee =$ 50.00
*The filing fee is made up of a non-refundable and a refundable portion. 
Member Fees
Member fees are assessed to each member firm that is a party in these proceedings or 
to the member firm(s) that employed the associated person(s) at the time of the event(s) 
giving rise to the dispute. Accordingly, as a party, Respondent is assessed/are each 
assessed the following:
Member Surcharge =$ 150.00
Hearing Session Fees and Assessments
The Arbitrator has assessed hearing session fees for each session conducted. A 
session is any meeting between the parties and the Arbitrator, including a pre-hearing 
conference with the Arbitrator, which lasts four (4) hours or less. Fees associated with 
these proceedings are:
One (1) pre-hearing session with a single Arbitrator @ $50.00/session
Pre-hearing Conference: January 8, 2020 1 session
=$ 50.00
One (1) hearing session on expungement request @ $50.00/session
Hearing Dates: May 12, 2020 1 session
=$ 50.00
Total Hearing Session Fees =$ 100.00
The Arbitrator has assessed $100.00 of the hearing session fees to Claimant.
All balances are payable to FINRA Dispute Resolution Services and are due upon 
receipt.
ARBITRATOR
Robert D. Sussin - Sole Public Arbitrator
I, the undersigned Arbitrator, do hereby affirm that I am the individual described herein 
and who executed this instrument which is my award.
Arbitrator's Signature
Robert D. Sussin
Robert D. Sussin
Sole Public Arbitrator
06/03/2020
Signature Date
June 04, 2020
Date of Service (For FINRA Dispute Resolution Services use only)",
20-01601,20-01601,pre_cutoff,2020-11-06,20-01601.pdf,4,6514,8,"For Claimant Jennifer Lyn Lattanzio (“Claimant”): Nancy L. Hendrickson, Esq. and Morgan K. 
Johnson, Esq., Kaufman Dolowich & Voluck LLP, Chicago, Illinois.
For Respondent Citizens Securities, Inc. (“Citizens”): Geoffrey W. Millsom, Esq. and Brenna A. 
Force, Esq., Adler Pollock & Sheehan, P. C., Providence, Rhode Island.
For Respondent Chase Investment Services Corp. (“Chase”): Jeffrey S. Dunlap, Esq., Ulmer & 
Berne LLP, Cleveland, Ohio and Adam R. Bennett, Esq., Ulmer & Berne LLP, Columbus, Ohio.","After considering the pleadings, the Motions to Dismiss and all responses related thereto, and 
the arguments presented at the pre-hearing conference on November 5, 2020, the Arbitrator 
has decided in full and final resolution of the issues submitted for determination as follows: 
Claimant’s claims are dismissed in their entirety pursuant to Rule 13206 of the Code.","In the Statement of Claim, Claimant requested expungement and/or modification of the Form U5 
filed by Citizens, expungement of Occurrence Numbers 1351604 and 1447066; compensatory 
damages in the amount of $1.00; and any and all other relief that the Arbitrator deems just and 
equitable. In the Amended Statement of Claim, Claimant restated the relief requested in the 
Statement of Claim.
In the Statement of Answer and Statement of Answer to Amended Statement of Claim, Citizens 
objected to Claimant’s request for Form U5 expungement.
In the Statement of Answer, Chase did not state a request for relief.","Award
In the Matter of the Arbitration Between: 
Claimant
Jennifer Lyn Lattanzio
Case Number: 20-01601
 vs.
Respondents
Citizens Securities, Inc. and
Chase Investment Services Corp.
Hearing Site: Cleveland, Ohio
Awards are rendered by independent arbitrators who are chosen by the parties to issue final, 
binding decisions. FINRA makes available an arbitration forum—pursuant to rules approved by 
Nature of the Dispute: Associated Person vs. Members","Statement of Claim filed on or about: May 20, 2020.
Amended Statement of Claim filed on or about: July 10, 2020.
Claimant signed the Submission Agreement: May 19, 2020 and July 16, 2020.
Statement of Answer filed by Citizens on or about: July 1, 2020
Statement of Answer to Amended Statement of Claim filed by Citizens on or about: July 13, 
2020. 
Citizens signed the Submission Agreement: June 30, 2020.
Statement of Answer filed by Chase: August 28, 2020.
Chase signed the Submission Agreement: August 31, 2020.","In the Statement of Claim and Amended Statement of Claim, Claimant asserted a claim seeking 
expungement or modification of the Form U5 filed by Citizens as part of registration records 
maintained by the Central Registration Depository (“CRD”) and expungement of customer 
dispute information from registration records maintained by the CRD. 
In the Statement of Answer and Statement of Answer to Amended Statement of Claim, Citizens 
denied the allegations made in the Statement of Claim and Amended Statement of Claim, 
asserted various affirmative defenses with regards to Claimant’s request for expungment or 
modification of the Form U5 filed by Citizens, and denied that it was the proper party with 
respect toClaimant’s request for expungement of customer dispute information.
In the Statement of Answer, Chase denied the allegations made in the Amended Statement of 
Claim.","The Arbitrator acknowledges having read the pleadings and other materials filed by the parties. 
On August 28, 2020 Citizens and Chase each filed a Motion to Dismiss pursuant to Rule 13206 
of the Code of Arbitration Procedure (“Code”) (“Motions to Dismiss”). On September 28, 2020, 
Claimant filed a response opposing the Motions to Dismiss. On October 5, 2020, Chase filed a 
Reply in Support of its Motion to Dismiss. On November 5, 2020, the Arbitrator heard oral 
arguments on the Motions to Dismiss. Herein, pursuant to Rule 13206 of the Code, the 
Arbitrator grants the Motions to Dismiss. In making his ruling, the Arbitrator finds as follows:
Claimant seeks expungement of U4 entries made in 2007 and 2009 and a U5 entry made 
in 2010. The claim is ineligible for FINRA arbitration. Claimant does not set forth any 
specific facts that would suggest that Rule 13206(a) be waived or tolled. 
The Motions to Dismiss pursuant to Rule 13206 of the Code are granted by the Arbitrator 
without prejudice to any right Claimant has to file in court; Claimant is not prohibited from 
pursuing her claims in court pursuant to Rule 13206(b) of the Code.","Pursuant to the Code, the following fees are assessed:
Filing Fees
FINRA Dispute Resolution Services assessed a filing fee* for each claim:
Initial Claim Filing Fee =$ 50.00
*The filing fee is made up of a non-refundable and a refundable portion. 
Member Fees
Member fees are assessed to each member firm that is a party in these proceedings or to the 
member firms that employed the associated person at the time of the events giving rise to the 
dispute. Accordingly, as parties, Citizens and Chase are each assessed the following:
Member Surcharge =$ 150.00
Hearing Session Fees and Assessments
The Arbitrator has assessed hearing session fees for each session conducted. A session is any 
meeting between the parties and the Arbitrator, including a pre-hearing conference with the 
Arbitrator, which lasts four (4) hours or less. Fees associated with these proceedings are:
Two (2) pre-hearing sessions @ $50.00/session
Pre-Hearing Conferences: September 11, 2020 1 session
November 5, 2020 1 session
=$ 100.00
Total Hearing Session Fees =$ 100.00
The Arbitrator has assessed $75.00 of the hearing session fees to Claimant.
The Arbitrator has assessed $25.00 of the hearing session fees jointly and severally to Citizens 
and Chase. 
All balances are payable to FINRA Dispute Resolution Services and are due upon receipt.
ARBITRATOR
Jonathan B. Gilbert - Sole Public Arbitrator
I, the undersigned Arbitrator, do hereby affirm that I am the individual described herein and who 
executed this instrument, which is my award.
Arbitrator's Signature
Jonathan B. Gilbert
Jonathan B. Gilbert
Sole Public Arbitrator
11/06/2020
Signature Date
Awards are rendered by independent arbitrators who are chosen by the parties to issue final, 
binding decisions. FINRA makes available an arbitration forum—pursuant to rules approved by 
Date of Service (For FINRA Dispute Resolution Services use only)
November 6, 2020",
20-02311,20-02311,pre_cutoff,2021-02-17,20-02311.pdf,4,4864,8,"For Claimant Aaron M. Easter (“Claimant”): Brian Luther, Esq., FA Expungement, LLC, Denver, 
Colorado.
For Respondent Chase Investment Services Corp. (“Respondent”): Samantha D. Parrish, Esq., 
Law Offices of Keesal, Young & Logan, Long Beach, California.","After considering the pleadings, the testimony and evidence presented at the expungement 
hearing, and any post-hearing submissions, the Arbitrator has decided in full and final resolution 
of the issues submitted for determination as follows: 
1. Claimant’s request for expungement of Occurrence Number 1588549 from his registration 
records maintained by the CRD is denied.","In the Statement of Claim, Claimant requested: 
1. Expungement of Occurrence Number 1588549 from his CRD Records pursuant to FINRA 
Rules 2080(b)(1)(A) and 2080(b)(1)(C); and
2. Compensatory damages in the amount of $1.00 from Respondent.
In the Statement of Answer, Respondent objected to Claimant’s request for compensatory 
damages. 
At the hearing, Claimant withdrew the request for $1.00 in damages.","Award
In the Matter of the Arbitration Between: 
Claimant
Aaron M. Easter
Case Number: 20-02311
 vs.
Respondent
Chase Investment Services Corp.
Hearing Site: Seattle, Washington
Awards are rendered by independent arbitrators who are chosen by the parties to issue final, 
binding decisions. FINRA makes available an arbitration forum—pursuant to rules approved by 
Nature of the Dispute: Associated Person vs. Member
This case was administered under the Special Proceeding option for simplified cases.","Statement of Claim filed on or about: July 22, 2020.
Claimant signed the Submission Agreement: July 22, 2020.
Statement of Answer filed by Respondent on or about: September 10, 2020.
Respondent signed the Submission Agreement: September 10, 2020.","In the Statement of Claim, Claimant asserted a claim seeking expungement of customer dispute 
information from registration records maintained by the Central Registration Depository (“CRD”). 
In the Statement of Answer, Respondent took no position on the allegations made in the 
Statement of Claim and asserted various affirmative defenses.","The Arbitrator acknowledges having read the pleadings and other materials filed by the parties. 
On December 1, 2020, Claimant advised that the customer in Occurrence Number 1588549 
(“Customer”) was deceased and the estate of the Customer was served with the Statement of 
Claim and notice of the date and time of the expungement hearing. 
The Arbitrator conducted a recorded, telephonic hearing on February 1, 2021, so the parties could 
present oral argument and evidence on Claimant’s request for expungement.
Respondent participated in the expungement hearing and, as stated in the Statement of Answer, 
did not oppose the request for expungement.
A representative of the Customer’s estate did not participate in the expungement hearing.","Pursuant to the Code, the following fees are assessed:
Filing Fees
FINRA Dispute Resolution Services assessed a filing fee* for each claim:
Initial Claim Filing Fee =$ 50.00
*The filing fee is made up of a non-refundable and a refundable portion. 
Member Fees
Member fees are assessed to each member firm that is a party in these proceedings or to the 
member firm that employed the associated person at the time of the event giving rise to the 
dispute. Accordingly, as a party, Respondent is assessed the following:
Member Surcharge =$ 150.00
Hearing Session Fees and Assessments
The Arbitrator has assessed hearing session fees for each session conducted. A session is any 
meeting between the parties and the Arbitrator, including a pre-hearing conference with the 
Arbitrator, which lasts four (4) hours or less. Fees associated with these proceedings are:
One (1) pre-hearing session with a single Arbitrator @ $50.00/session
Pre-Hearing Conference: November 12, 2020 1 session
=$ 50.00
One (1) hearing session on expungement request @ $50.00/session
Hearing: February 1, 2021 1 session
=$ 50.00
Total Hearing Session Fees =$ 100.00
The Arbitrator has assessed the total hearing session fees to Claimant.
All balances are payable to FINRA Dispute Resolution Services and are due upon receipt.
ARBITRATOR
James E. Bartels - Sole Public Arbitrator
I, the undersigned Arbitrator, do hereby affirm that I am the individual described herein and who 
executed this instrument, which is my award.
Arbitrator's Signature
James E. Bartels
James E. Bartels
Sole Public Arbitrator
02/17/2021
Signature Date
Awards are rendered by independent arbitrators who are chosen by the parties to issue final, 
binding decisions. FINRA makes available an arbitration forum—pursuant to rules approved by 
February 17, 2021
Date of Service (For FINRA Dispute Resolution Services use only)",
20-01106,20-01106,pre_cutoff,2021-03-15,20-01106.pdf,5,8754,9,"For Claimant Joseph Christian Williams: Michael S. Taaffe, Esq., Brandon Taaffe, Esq., and 
Maris Snell, Esq., Shumaker, Loop & Kendrick, LLP, Sarasota, Florida.
For Respondent Raymond James Financial Services, Inc.: M. Todd Sullivan, Esq., Graebe 
Hanna & Sullivan, PLLC, Raleigh, North Carolina.
*FINRA recorded the appearance of Claimant’s counsel at the time of filing of the Statement of 
Claim. Counsel’s representation of Claimant may have ended with the parties’ settlement. 
Please see the Other Issues Considered and Decided section of this Award for information on 
whether Claimant’s counsel appeared at the expungement hearing.","After considering the pleadings, the testimony and evidence presented at the hearing, and any 
post-hearing submissions, the Panel has decided in full and final resolution of the issues 
submitted for determination as follows: 
1. The Panel recommends the expungement of the Reason for Termination and Termination 
Explanation in Section 3 of Claimant Joseph Christian Williams’s (CRD Number 2332156) 
Form U5 filed by Respondent Raymond James Financial Services, Inc. on June 19, 2019, 
and maintained by the CRD. The Reason for Termination shall be changed to “Voluntary” 
and the Termination Explanation shall be deleted in its entirety and shall appear blank. This 
directive shall apply to all references to the Reason for Termination and Termination 
Explanation.
The Panel further recommends the expungement of the Reason for Termination and 
Termination Explanation in Section 3 of Claimant Joseph Christian Williams’s (CRD Number 
2332156) Form U5 filed by Raymond James Financial Services Advisors, Inc. on June 19, 
2019, and maintained by the CRD. The Reason for Termination shall be changed to 
“Voluntary” and the Termination Explanation shall be deleted in its entirety and shall appear 
blank. This directive shall apply to all references to the Reason for Termination and 
Termination Explanation.
The Panel further recommends the expungement of all references to Occurrence Numbers 
2036117, 2036118, 2036129, and 2036130 from the registration records maintained by the 
CRD for Claimant Joseph Christian Williams. Any “Yes” answers should be changed to “No,” 
as applicable. 
The Panel recommends expungement based on the defamatory nature of the information. 
The above recommendations are made with the understanding that the registration records 
are not automatically amended. Claimant Joseph Christian Williams must forward a copy of 
this Award to FINRA’s Credentialing, Registration, Education and Disclosure Department for 
review.
2. Pursuant to the parties’ agreement, each party will be responsible for their own costs and 
attorneys’ fees.
3. Any and all claims for relief not specifically addressed herein, including any requests for 
punitive damages, treble damages, and attorneys’ fees, are denied.","In the Statement of Claim, Claimant requested: compensatory and punitive damages, including 
interest; disgorgement of Respondent’s gains; reasonable attorneys’ fees and costs; and such 
other and further relief as the Panel deems just and equitable.
In the Statement of Answer, Respondent requested: the denial of Claimants’ claims in their 
entirety; reasonable attorneys’ fees and costs, to the extent permitted by law; and, the 
assessment of all forum fees against Claimant.
In the Amended Statement of Claim, Claimant requested expungement of all references to 
Occurrence Number 2036118 from his CRD Form U5.","Award
In the Matter of the Arbitration Between: 
Claimant
Joseph Christian Williams
Case Number: 20-01106
 vs.
Respondent
Raymond James Financial Services, Inc.
Hearing Site: Raleigh, North Carolina
Awards are rendered by independent arbitrators who are chosen by the parties to issue final, 
binding decisions. FINRA makes available an arbitration forum—pursuant to rules approved by 
Nature of the Dispute: Associated Person vs. Member
This case was decided by a majority-public panel.
The evidentiary hearing was conducted by videoconference.","Statement of Claim filed on or about: April 3, 2020.
Joseph Christian Williams signed the Submission Agreement: April 3, 2020.
Statement of Answer filed by Respondent on or about: May 26, 2020.
Raymond James Financial Services, Inc. signed the Submission Agreement: May 26, 2020.
Reply to Statement of Answer filed by Claimant on or about: June 15, 2020.
Amended Statement of Claim filed on or about: January 9, 2021.","In the Statement of Claim, Claimant asserted the following causes of action: wrongful discharge; 
defamation; negligence per se; tortious interference with business relationships; unfair 
competition; violation of FINRA Rule 2010; violation of FINRA Rule 1122; unjust enrichment; 
and intentional infliction of emotional distress. The causes of action relate to Claimant’s 
employment with Respondent, and the subsequent termination of Claimant’s employment by 
Respondent.
Unless specifically admitted in the Statement of Answer, Respondent denied the allegations made 
in the Statement of Claim and asserted various affirmative defenses.
In Claimant’s Reply to the Statement of Answer, Claimant denied Respondent’s affirmative 
defenses.
In the Amended Statement of Claim, Claimant asserted a claim seeking expungement of 
customer dispute information from registration records maintained by the Central Registration 
Depository (“CRD”).","The Arbitrators acknowledge that they have each read the pleadings and other materials filed by 
the parties. 
On January 9, 2021, Claimant filed an Amended Statement of Claim, in which he withdrew all his 
prior relief requests against Respondent with prejudice and requested expungement of all 
references to Occurrence Number 2036118 from his CRD records.
The Panel conducted a recorded hearing by videoconference on March 2, 2021, so the parties 
could present oral argument and evidence on Claimant’s request for expungement.
Respondent participated in the expungement hearing and did not oppose the request for 
expungement.
In recommending expungement, the Panel relied upon the following documentary or other 
evidence: the Parties’ testimony and pleadings.
The Award in this matter may be executed in counterpart copies.","Pursuant to the Code of Arbitration Procedure (“Code”), the following fees are assessed:
Filing Fees
FINRA Dispute Resolution Services assessed a filing fee* for each claim:
Initial Claim Filing Fee =$ 1,575.00
*The filing fee is made up of a non-refundable and a refundable portion. 
Member Fees
Member fees are assessed to each member firm that is a party in these proceedings or to the 
member firm that employed the associated person at the time of the event giving rise to the 
dispute. Accordingly, as a party, Respondent Raymond James Financial Services, Inc. is 
assessed the following:
Member Surcharge =$ 1,900.00
Member Process Fee =$ 3,750.00
Hearing Session Fees and Assessments
The Panel has assessed hearing session fees for each session conducted. A session is any 
meeting between the parties and the Arbitrator(s), including a pre-hearing conference with the 
Arbitrator(s), which lasts four (4) hours or less. Fees associated with these proceedings are:
Two (2) pre-hearing sessions with the Panel @ $1,125.00/session
Pre-Hearing Conferences: July 28, 2020 1 session
 February 9, 2021 1 session
=$ 2,250.00
One (1) hearing session with the Panel @ $1,125.00/session
Hearing: March 2, 2021 1 session 
=$ 1,125.00
Total Hearing Session Fees =$ 3,375.00
The Panel has assessed $2,250.00 of the hearing session fees to Claimant.
The Panel has assessed $1,125.00 of the hearing session fees to Respondent. 
All balances are payable to FINRA Dispute Resolution Services and are due upon receipt.","Michael E. Weddington - Public Arbitrator, Presiding Chairperson
Michael J. Pasquale - Public Arbitrator
Charles Robert Moore - Non-Public Arbitrator
I, the undersigned Arbitrator, do hereby affirm that I am the individual described herein and who 
executed this instrument, which is my award.
Concurring Arbitrators' Signatures
Michael E. Weddington
Michael E. Weddington
Public Arbitrator, Presiding Chairperson
03/15/2021
Signature Date
Michael J. Pasquale
Michael J. Pasquale
Public Arbitrator
03/15/2021
Signature Date
Charles Robert Moore
Charles Robert Moore
Non-Public Arbitrator
03/15/2021
Signature Date
Awards are rendered by independent arbitrators who are chosen by the parties to issue final, 
binding decisions. FINRA makes available an arbitration forum—pursuant to rules approved by 
March 15, 2021
Date of Service (For FINRA Dispute Resolution Services use only)"
20-02891,20-02891,pre_cutoff,2021-04-01,20-02891.pdf,5,7094,8,"For Claimant Eric James Haubert (“Claimant”): Chelsea Masters, Esq. and Dochtor Kennedy, 
Esq., AdvisorLaw, LLC, Westminster, Colorado.
For Respondent UBS Financial Services Inc. (“Respondent”): Omar Perez, Esq., UBS Business 
Solutions US LLC, Nashville, Tennessee.","After considering the pleadings, the testimony and evidence presented at the expungement 
hearing, and any post-hearing submissions, the Arbitrator has decided in full and final resolution 
of the issues submitted for determination as follows: 
1. The Arbitrator recommends the expungement of all references to Occurrence Number 
1071328 from registration records maintained by the CRD for Claimant Eric James Haubert 
(CRD Number 2522029) with the understanding that, pursuant to Notice to Members 04-16, 
Claimant Eric James Haubert must obtain confirmation from a court of competent jurisdiction 
before the CRD will execute the expungement directive. 
Unless specifically waived in writing by FINRA, parties seeking judicial confirmation of an 
arbitration award containing expungement relief must name FINRA as an additional party 
and serve FINRA with all appropriate documents. 
Pursuant to Rule 13805 of the Code of Arbitration Procedure (“Code”), the Arbitrator has 
made the following Rule 2080 affirmative findings of fact:
The claim, allegation, or information is factually impossible or clearly erroneous; and
The claim, allegation, or information is false.
The Arbitrator has made the above Rule 2080 findings based on the following reasons: 
The credible account of events testified to by Claimant and supported by documentary 
evidence, which has been made part of the record, established that the Customers were 
experienced investors and had been fully informed at the time of purchase that they were 
purchasing a variable life annuity. Premiums were discussed and the insurance 
application reviewed before purchase. The application stated, ""I understand that I am 
buying a… life insurance policy...” The value of the annuity declined during a period of 
extreme market turmoil, prompting the Customers’ complaint, which was denied by 
Respondent and not pursued further by the Customers. 
2. Any and all claims for relief not specifically addressed herein are denied.","In the Statement of Claim, Claimant requested expungement of Occurrence Number 1071328, 
compensatory damages in the amount of $1.00, and any and all other relief that the Arbitrator 
deems just and equitable.
In the Statement of Answer, Respondent objected to Claimant’s request for $1.00 in 
compensatory damages.
At the hearing, Claimant withdrew the request for $1.00 in compensatory damages.","Award
In the Matter of the Arbitration Between: 
Claimant
Eric James Haubert
Case Number: 20-02891
 vs.
Respondent
UBS Financial Services Inc.
Hearing Site: Columbus, Ohio
Awards are rendered by independent arbitrators who are chosen by the parties to issue final, 
binding decisions. FINRA makes available an arbitration forum—pursuant to rules approved by 
Nature of the Dispute: Associated Person vs. Member","Statement of Claim filed on or about: September 1, 2020.
Claimant signed the Submission Agreement: August 31, 2020.
Statement of Answer filed on or about: September 13, 2020.
Respondent signed the Submission Agreement: September 3, 2020.","In the Statement of Claim, Claimant asserted a claim seeking expungement of customer dispute 
information from registration records maintained by the Central Registration Depository (“CRD”). 
In the Statement of Answer, Respondent denied any wrongdoing but did not oppose Claimant’s 
expungement request.","The Arbitrator acknowledges having read the pleadings and other materials filed by the parties. 
On January 5, 2021, Claimant advised that the customers in Occurrence Number 1071328 
(“Customers”) were served with the Statement of Claim and notice of the date and time of the 
expungement hearing (“Notice”) via FedEx and USPS. On January 12, 2021, Claimant filed an 
Affidavit confirming the Customers were served with the Notice. Claimant also filed a copy of the 
FedEx tracking information available online for the Notice. On February 17, 2021, Claimant filed a 
copy of the USPS tracking information available online for the Notice. 
The Arbitrator conducted a recorded, telephonic hearing on March 25, 2021, so the parties could 
present oral argument and evidence on Claimant’s request for expungement.
Respondent did not participate in the expungement hearing. 
The Customers did not participate in the expungement hearing. The Arbitrator found that the 
Customers had notice of the expungement request and hearing. 
The Arbitrator reviewed Claimant’s BrokerCheck® Report. The Arbitrator noted that a prior 
arbitration panel or court did not previously rule on expungement of the same occurrence in the 
CRD.
The Arbitrator noted that the dispute related to Occurrence Number 1071328 was not settled 
and, therefore, there was no settlement document to review.
In recommending expungement, the Arbitrator relied upon the following documentary or other 
evidence: Claimant’s testimony and Exhibits 1, 5, 9, 11-12, 14, and 18-27.","Pursuant to the Code, the following fees are assessed:
Filing Fees
FINRA Dispute Resolution Services assessed a filing fee* for each claim:
Initial Claim Filing Fee =$ 50.00
*The filing fee is made up of a non-refundable and a refundable portion. 
Member Fees
Member fees are assessed to each member firm that is a party in these proceedings or to the 
member firm that employed the associated person at the time of the events giving rise to the 
dispute. Accordingly, as a party, Respondent is assessed the following:
Member Surcharge =$ 150.00
Hearing Session Fees and Assessments
The Arbitrator has assessed hearing session fees for each session conducted. A session is any 
meeting between the parties and the Arbitrator, including a pre-hearing conference with the 
Arbitrator, which lasts four (4) hours or less. Fees associated with these proceedings are:
One (1) pre-hearing session @ $50.00/session
Pre-Hearing Conference: December 23, 2020 1 session
One (1) hearing session on expungement request @ $50.00/session
Hearing: March 25, 2021 1 session
Total Hearing Session Fees =$ 100.00
The Arbitrator has assessed the total hearing session fees to Claimant.
All balances are payable to FINRA Dispute Resolution Services and are due upon receipt.
ARBITRATOR
Richard W. Dissen - Sole Public Arbitrator
I, the undersigned Arbitrator, do hereby affirm that I am the individual described herein and who 
executed this instrument, which is my award.
Arbitrator's Signature
Richard W. Dissen
Richard W. Dissen
Sole Public Arbitrator
03/31/2021
Signature Date
Awards are rendered by independent arbitrators who are chosen by the parties to issue final, 
binding decisions. FINRA makes available an arbitration forum—pursuant to rules approved by 
April 01, 2021
Date of Service (For FINRA Dispute Resolution Services use only)",
20-02451,20-02451,pre_cutoff,2021-04-19,20-02451.pdf,4,4668,8,"For Claimant Brian Robert Thomas: Zachary Hayes-Macaluso, J.D., FA Expungement, LLC, 
Denver, Colorado.
For Respondent Cetera Advisors LLC: David Feldstein, Esq., Cetera Financial Group, New 
York, New York.","After considering the pleadings, the testimony and evidence presented at the expungement 
hearing, and any post-hearing submissions, the Arbitrator has decided in full and final resolution 
of the issues submitted for determination as follows: 
1. Claimant’s request for expungement of Occurrence Number 1937550 from his registration 
records maintained by the CRD is denied.","In the Statement of Claim, Claimant requested expungement of Occurrence Number 1937550; 
and compensatory damages in the amount of $1.00 from Respondent.
In the Statement of Answer, Respondent requested that Claimant’s request for $1.00 in 
compensatory damages be denied; and all forum costs and fees be assessed against Claimant.
At the hearing, Claimant withdrew the request for $1.00 in damages.","Award
In the Matter of the Arbitration Between: 
Claimant
Brian Robert Thomas
Case Number: 20-02451
 vs.
Respondent
Cetera Advisors LLC
Hearing Site: Boston, Massachusetts
Awards are rendered by independent arbitrators who are chosen by the parties to issue final, 
binding decisions. FINRA makes available an arbitration forum—pursuant to rules approved by 
Nature of the Dispute: Associated Person vs. Member
This case was administered under the Special Proceeding option for simplified cases.","Statement of Claim filed on or about: July 30, 2020.
Brian Robert Thomas signed the Submission Agreement: July 30, 2020.
Statement of Answer filed by Respondent on or about: September 22, 2020.
Cetera Advisors LLC signed the Submission Agreement: September 28, 2020.","In the Statement of Claim, Claimant asserted a claim seeking expungement of customer dispute 
information from registration records maintained by the Central Registration Depository (“CRD”). 
In the Statement of Answer, Respondent took no position to Claimant’s expungement request.","The Arbitrator acknowledges having read the pleadings and other materials filed by the parties. 
On April 1, 2021, Claimant advised that the customer in Occurrence Number 1937550 was 
served with the Statement of Claim and notice of the date and time of the expungement hearing. 
The Arbitrator conducted a recorded, telephonic hearing on April 14, 2021, so the parties could 
present oral argument and evidence on Claimant’s request for expungement.
Respondent did not participate in the expungement hearing. The Arbitrator found that Respondent 
had notice of the expungement request and hearing.","Pursuant to the Code, the following fees are assessed:
Filing Fees
FINRA Dispute Resolution Services assessed a filing fee* for each claim:
Initial Claim Filing Fee =$ 50.00
*The filing fee is made up of a non-refundable and a refundable portion. 
Member Fees
Member fees are assessed to each member firm that is a party in these proceedings or to the 
member firm that employed the associated person at the time of the event giving rise to the 
dispute. Accordingly, as a party, Respondent Cetera Advisors LLC is assessed the following:
Member Surcharge =$ 150.00
Hearing Session Fees and Assessments
The Arbitrator has assessed hearing session fees for each session conducted. A session is any 
meeting between the parties and the Arbitrator, including a pre-hearing conference with the 
Arbitrator, which lasts four (4) hours or less. Fees associated with these proceedings are:
One (1) pre-hearing session with a single Arbitrator @ $50.00/session
Pre-Hearing Conference: November 10, 2020 1 session
=$ 50.00
Two (2) hearing sessions on expungement request @ $50.00/session =$ 100.00
Hearings: March 23, 2021 1 session
April 14, 2021 1 session
Total Hearing Session Fees =$ 150.00
The Arbitrator has assessed the total hearing session fees to Claimant.
All balances are payable to FINRA Dispute Resolution Services and are due upon receipt.
ARBITRATOR
Michael P. Breton - Sole Public Arbitrator
I, the undersigned Arbitrator, do hereby affirm that I am the individual described herein and who 
executed this instrument, which is my award.
Arbitrator's Signature
Michael P. Breton
Michael P. Breton
Sole Public Arbitrator
04/19/2021
Signature Date
Awards are rendered by independent arbitrators who are chosen by the parties to issue final, 
binding decisions. FINRA makes available an arbitration forum—pursuant to rules approved by 
April 19, 2021
Date of Service (For FINRA Dispute Resolution Services use only)",
20-01361,20-01361,pre_cutoff,2021-05-14,20-01361.pdf,5,6950,9,"For Claimant Coastal Equities, Inc. (“Claimant”): Francis J. Skinner, Esq., Coastal Equities, Inc., 
Wilmington, Delaware.
For Respondent Sam Aziz a/k/a Sam Azizieh a/k/a Sam Yehya (“Respondent”): Robert J. 
Beggs, Esq., Beggs Law Offices Co., LPA, Columbus, Ohio.","After considering the pleadings, the testimony and evidence presented at the hearing, and any 
post-hearing submissions, the Panel has decided in full and final resolution of the issues 
submitted for determination as follows: 
1. Respondent is liable for and shall pay to Claimant the sum of $290,000.00 in compensatory 
damages.
2. Respondent is liable for and shall pay to Claimant interest on the above-stated sum at the 
rate of 5% per annum from April 30, 2020 through and including the date this Award is paid 
in full.
3. Any and all claims for relief not specifically addressed herein, including any requests for 
punitive damages, treble damages, sanctions, and attorneys’ fees, are denied.","In the Statement of Claim, Claimant requested an award against Respondent as follows:
(1) $200,000.00 for the sum total of out-of-pocket payments made by Claimant to resolve 
client-initiated matters; 
(2) compensation for all sums resulting from restitution to other former customers of 
Respondent pursuant to the FINRA investigation concerning Respondent, if and when 
payment is made in that regard; 
(3) compensation for all costs and expenses incurred by Respondent pursuant to his 
Registered Representative Agreement and in connection with the one of the client-
initiated matters in the amount of $99,273.47; 
(4) interest;
(5) FINRA arbitration costs and forum fees incurred in this matter; 
(6) attorneys’ fees; and
(7) such other relief as the Panel deems just and equitable.
In the Statement of Answer, Respondent requested a judgment in his favor and against 
Claimant, dismissal with prejudice of Claimant’s claims, an award of all costs and attorneys’ fees 
incurred by Respondent herein, and any further relief that the Panel may find just and equitable.
At the hearing, Claimant requested $296,762.77 in compensatory damages, interest at the rate 
of 5.25%, that all forum fees be assessed against Respondent, and $2,920.00 in attorneys’ fees.","Award
In the Matter of the Arbitration Between: 
Claimant
Coastal Equities, Inc.
Case Number: 20-01361
 vs.
Respondent
Sam Aziz a/k/a
Sam Azizieh a/k/a
Sam Yehya
Hearing Site: Columbus, Ohio
Awards are rendered by independent arbitrators who are chosen by the parties to issue final, 
binding decisions. FINRA makes available an arbitration forum—pursuant to rules approved by 
Nature of the Dispute: Member vs. Associated Person
The evidentiary hearing was conducted by videoconference.","Statement of Claim filed on or about: April 30, 2020.
Claimant signed the Submission Agreement: April 23, 2020.
Statement of Answer filed on or about: September 30, 2020.
Respondent did not file a Submission Agreement.","In the Statement of Claim, Claimant asserted that, pursuant to the Registered Representative 
Agreement entered into between Claimant and Respondent dated September 14, 2015 
(“Agreement”), Respondent is responsible for unpaid expenses and for unpaid costs in 
defending and resolving certain customer disputes.
Unless specifically admitted in the Statement of Answer, Respondent denied the allegations made 
in the Statement of Claim.","The Arbitrators acknowledge that they have each read the pleadings and other materials filed by 
the parties. 
Respondent did not file a properly executed Submission Agreement but is required to submit to 
arbitration pursuant to the Code of Arbitration Procedure (“Code”) and, having answered the 
claim, is bound by the determination of the Panel on all issues submitted.
On March 22, 2021, Claimant filed a Motion to Compel Arbitration Hearing by Zoom and a 
Motion to Compel Discovery, in which sanctions were sought. No response was filed. In its 
Order dated April 15, 2021, the Panel granted the request for a videoconference hearing and to 
compel discovery but reserved ruling on Claimant’s request for sanctions. Herein, the Panel 
denies Claimant’s request for sanctions. 
Respondent did not appear at the evidentiary hearing. Upon review of the file, the Panel 
determined that Respondent received due notice of the hearing and that arbitration of the matter 
would proceed without Respondent present, in accordance with the Code.
The Award in this matter may be executed in counterpart copies.","Pursuant to the Code, the following fees are assessed:
Filing Fees
FINRA Dispute Resolution Services assessed a filing fee* for each claim:
Initial Claim Filing Fee =$ 2,125.00
*The filing fee is made up of a non-refundable and a refundable portion. 
Member Fees
Member fees are assessed to each member firm that is a party in these proceedings or to the 
member firm that employed the associated person at the time of the events giving rise to the 
dispute. Accordingly, as a party, Claimant is assessed the following:
Member Surcharge =$ 1,900.00
Member Process Fee =$ 3,750.00
Hearing Session Fees and Assessments
The Panel has assessed hearing session fees for each session conducted. A session is any 
meeting between the parties and the Arbitrator(s), including a pre-hearing conference with the 
Arbitrator(s), which lasts four (4) hours or less. Fees associated with these proceedings are:
Five (5) pre-hearing sessions with the Panel @ $1,125.00/session
Pre-Hearing Conferences: August 28, 2020
September 11, 2020
April 12, 2021
April 15, 2021
1 session
1 session
1 session
1 session
April 27, 2021 1 session
=$ 5,625.00
One (1) hearing session @ $1,125.00/session
Hearing: May 4, 2021 1 session 
=$ 1,125.00
Total Hearing Session Fees =$ 6,750.00
The Panel has assessed $1,125.00 of the hearing session fees to Claimant.
The Panel has assessed $5,625.00 of the hearing session fees to Respondent. 
All balances are payable to FINRA Dispute Resolution Services and are due upon receipt.","Robert J. Scafuri - Public Arbitrator, Presiding Chairperson
Nelson E. Genshaft - Public Arbitrator
Ross Tulman - Non-Public Arbitrator
I, the undersigned Arbitrator, do hereby affirm that I am the individual described herein and who 
executed this instrument, which is my award.
Concurring Arbitrators' Signatures
Robert J. Scafuri
Robert J. Scafuri
Public Arbitrator, Presiding Chairperson
05/14/2021
Signature Date
Nelson E. Genshaft
Nelson E. Genshaft
Public Arbitrator
05/14/2021
Signature Date
Ross Tulman
Ross Tulman
Non-Public Arbitrator
05/14/2021
Signature Date
Awards are rendered by independent arbitrators who are chosen by the parties to issue final, 
binding decisions. FINRA makes available an arbitration forum—pursuant to rules approved by 
May 14, 2021
Date of Service (For FINRA Dispute Resolution Services use only)"
21-01006,21-01006,pre_cutoff,2022-02-08,21-01006.pdf,8,17994,9,"For Claimant Virginia Frances Thompson: James P. Galvin, Esq., Galvin Legal, PLLC, Decatur, 
Georgia.
For Respondent Janney Montgomery Scott LLC (“Janney”): Jill B. Clarke, VP, Esq., Janney 
Montgomery Scott LLC, Philadelphia, Pennsylvania.
For Respondent Stifel, Nicolaus & Company, Incorporated (“Stifel”): Paul R. Klein, Esq., Stifel, 
Nicolaus & Company, Incorporated, St. Louis, Missouri.
For Respondent UBS Financial Services Inc. (“UBS”): John Murphy, Esq., John Murphy & 
Associates, P.C., New York, New York.
For Respondents Cetera Advisor Networks LLC (“Cetera”) and J.P. Turner & Company, LLC 
(“JPT”): Benjamin J. Biard, Esq., Winget, Spadafora & Schwartzberg, LLP, Miami, Florida.","After considering the pleadings, the testimony and evidence presented at the expungement 
hearing, and any post-hearing submissions, the Panel has decided in full and final resolution of 
the issues submitted for determination as follows: 
1. The Panel recommends the expungement of all references to Occurrence Numbers 
1661725, 1488932, 650346, 179622, 361572, and 607364 from registration records 
maintained by the CRD for Claimant Virginia Frances Thompson (CRD 1834046) with the 
understanding that, pursuant to Notice to Members 04-16, Claimant Virginia Frances 
Thompson must obtain confirmation from a court of competent jurisdiction before the CRD 
will execute the expungement directive. 
Unless specifically waived in writing by FINRA, parties seeking judicial confirmation of an 
arbitration award containing expungement relief must name FINRA as an additional party 
and serve FINRA with all appropriate documents. 
Pursuant to Rule 13805 of the Code of Arbitration Procedure (“Code”), the Panel has made 
the following Rule 2080 affirmative findings of fact as to all Occurrences:
The claim, allegation, or information is factually impossible or clearly erroneous.
The claim, allegation, or information is false.
The Panel has made the above Rule 2080 findings based on the following reasons: 
Occurrence Number 1661725
The recommendations were suitable for these customers (husband and wife) at the time 
Claimant made them, given the customers’ moderately aggressive risk tolerance and the 
wife’s decision to double the amount of money she was withdrawing from the account, which 
necessitated reallocating the account so that it would generate more income so that she 
would not be drawing down as much of her principal balance. The allegation that Claimant 
made unsuitable and speculative recommendations is false. In addition, Claimant was not 
the financial advisor responsible for monitoring the investment when the customers moved 
the account elsewhere.
Occurrence Number 1488932 
The annuity was suitable for this customer and it was suitable to not include a “living benefit” 
rider given that the customer was very clear that, considering his net worth and annual 
expenses, the funds from that particular annuity would not be needed during his lifetime. As 
such, the variable annuity was a suitable recommendation at the time it was made and the 
allegation that Claimant “removed” the living benefit rider from the annuity application is 
false.
Occurrence Number 650346 
The investment was suitable for this customer at the time of the recommendation, with all 
risks explained. The customer, who was a moderately aggressive investor seeking income, 
purchased approximately four or five income-producing investments, including funds and 
bonds, with the approximately $100,000.00 she held with Claimant. Specifically, as it relates 
to Service Merchandise bonds, it would have been impossible to predict the events that 
ultimately led to the bond's decline. The BrokerCheck® Report indicates that Claimant 
contributed $2,000.00 to the settlement amount. That is inaccurate. The disclosure was 
reported by Claimant as the broker and, upon information and belief, she incorrectly marked 
that she contributed to the settlement amount when in fact she had not. The allegations 
contained in this occurrence are false and without merit.
Occurrence Number 179622
The recommendation to purchase the bonds was not inappropriate. This customer had a 
net worth of between $350,000.00 and $400,000.00. Her investment objective was income 
and she expressed that she was willing to take on additional risk by investing in high yield 
bonds that pay higher yields that she stated she needed, rather than the more conservative 
bonds offered. After the discussion, Claimant determined that investing in several high-yield 
bonds would be an appropriate recommendation because they would provide the higher 
yields she was seeking and by investing in several different bonds it would lower her overall 
risk through diversification. Claimant only recommended high-yield or non-investment grade 
bonds that were rated at least BB+ or BBB+. Claimant explained how high-yield bonds 
function and the difference between how they function compared to more conservative 
bonds, like government bonds. Once Claimant was satisfied that the customer understood, 
she recommended that the customer invest in several high-yield bonds. Understanding how 
high-yield bonds function and the reason for the recommendation, the customer decided to 
purchase approximately four to six of the high-yield bonds Claimant offered to her. The 
allegations contained in the claim are false.
Occurrence Number 361572 
The bonds were suitable for this customer at the time of the recommendation; therefore, the 
claim made in this matter is false. The customer was a moderately aggressive investor who 
was seeking to earn the maximum income from his investments with Claimant. Claimant 
presented the customer with numerous potential investments that would maximize his 
income. Out of the various investments Claimant presented to the customer, he was 
interested in the high-yield bonds she presented because of their yield. Claimant explained 
to the customer that high-yield bonds are considered to be lower quality and higher risk than 
certain other types of bonds. Over the approximately four years that the customer worked 
with Claimant, he decided to purchase approximately six high-yield bonds. In May 2007, 
Claimant left PaineWebber, now Respondent UBS, for another firm. The customer decided 
not to move his accounts to Claimant’s new firm and because he had a relationship with a 
senior broker prior to Claimant, his accounts were assigned to two other advisors at 
PaineWebber. Approximately two years after Claimant left PaineWebber and the customer 
ceased to be her client, three of the six bonds he purchased from Claimant declined in value 
and the customer complained that the bonds were not suitable investments. Notably, he did 
not complain that the other high-yield bonds that did not decline in value were unsuitable, nor 
did he consider the bonds to be unsuitable at any time prior. The BrokerCheck® Report 
indicates that Claimant contributed $16,000.00 to the settlement amount. That is inaccurate. 
The disclosure was reported by Claimant as the broker and, upon information and belief, she 
incorrectly marked that she contributed to the settlement amount when in fact she had not.
Occurrence Number 607364
The investment was suitable for the customers’ (husband and wife) portfolio at the time of 
the recommendation, with all risks explained. Claimant offered the customers several 
investment options that were in line with their stated moderately aggressive risk tolerance 
and investment objective of income. Several of the options Claimant presented to the 
customers were high-yield bonds—Claimant only recommended high-yield or non-
investment grade bonds that were rated at least BB+ or BBB+. Subsequently, the husband 
passed away and the son was appointed as successor co-trustee of the trust at issue (the 
“Trust”). It is important to note that the son worked in the investment underwriting business. 
At the time and when the complaint at issue was made, Claimant met with the wife to review 
the portfolio. During the meeting, Claimant reviewed the portfolio and discussed the risks 
associated with its then current allocation. The wife expressed satisfaction with the holdings 
and her desire to maintain the portfolio positions. Additionally, neither the wife nor the son 
requested any changes to the portfolio be made subsequent to the husband’s passing. The 
allegations contained in this occurrence are false and without merit
2. Any and all claims for relief not specifically addressed herein are denied.","In the Statement of Claim, as amended, Claimant requested expungement of Occurrence 
Numbers 1661725, 1488932, 650346, 179622, 361572, and 607364, as well as any and all 
other relief that the Panel deems just and equitable.
In its Statement of Answer, Respondent Janney did not delineate a relief request. 
In its Statement of Answer, Respondent Stifel did not delineate a relief request.
In its Statement of Answer, Respondent UBS requested that Claimant’s request for damages be 
denied and that all costs and fees associated with this matter be assessed solely against 
Claimant. 
In its Statement of Answer, Respondent JPT requested that the Panel make a determination 
whether to issue a recommendation pursuant to Rule 2080 and assess all forum fees and costs 
against Claimant.","Award
In the Matter of the Arbitration Between: 
Claimant
Virginia Frances Thompson
Case Number: 21-01006
 vs.
Respondents
Janney Montgomery Scott LLC
Cetera Advisor Networks LLC
Stifel, Nicolaus & Company, Incorporated
UBS Financial Services Inc.
J.P. Turner & Company, LLC
Hearing Site: Boca Raton, Florida
Awards are rendered by independent arbitrators who are chosen by the parties to issue final, 
binding decisions. FINRA makes available an arbitration forum—pursuant to rules approved by 
the SEC—but has no part in deciding the award.
Nature of the Dispute: Associated Person vs. Members","Statement of Claim filed on or about: April 15, 2021.
First Amended and Restated Statement of Claim filed on or about: June 15, 2021.
Second Amended and Restated Statement of Claim filed on or about: July 19, 2021.
Virginia Frances Thompson signed the Submission Agreement: April 15, 2021.
Statement of Answer filed by Respondent Janney on or about: May 11, 2021.
Janney Montgomery Scott LLC signed the Submission Agreement: May 11, 2021.
Statement of Answer filed by Respondent Stifel on or about: June 2, 2021.
Stifel, Nicolaus & Co., Inc. signed the Submission Agreement: June 25, 2021.
Statement of Answer filed by Respondent UBS on or about: May 14, 2021.
UBS Financial Services Inc. signed the Submission Agreement: April 15, 2021.
Statement of Answer filed by Respondent JPT on or about: June 17, 2021.
J.P. Turner & Company, LLC signed the Submission Agreement: June 21, 2021.
Cetera Advisor Networks LLC did not file a Statement of Answer or sign the Submission 
Agreement.","In the Statement of Claim, as amended, Claimant asserted a claim seeking expungement of 
customer dispute information from registration records maintained by the Central Registration 
Depository (“CRD”). 
In its Statement of Answer, Respondent Janney took no position on Claimant’s expungement 
request and indicated that it would not be participating in this proceeding. 
In its Statement of Answer, Respondent Stifel took no position on Claimant’s expungement 
request.
In its Statement of Answer, Respondent UBS stated that it does not oppose Claimant’s 
expungement request and indicated that it would not be participating in this proceeding. 
In its Statement of Answer, Respondent JPT stated that it does not oppose Claimant’s 
expungement request.","The Panel acknowledges having read the pleadings and other materials filed by the parties. 
On or about June 15, 2021, Claimant filed an unopposed First Amended and Restated 
Statement of Claim for the sole purpose of adding J.P. Turner & Company, LLC as a 
Respondent and removing Cetera Advisor Networks LLC as a Respondent. 
On or about July 19, 2021, Claimant filed an unopposed Second Amended and Restated 
Statement of Claim for the sole purpose of correcting the misidentified underlying customers 
and occurrence numbers associated with the disclosures at issue. 
All of the underlying customers in Occurrence Numbers 179622, 361572, and 607364 are 
deceased. One of the underlying customers in Occurrence Number 1661725 is also deceased. 
Claimant submitted obituaries for these customers, and the Panel determined that service upon 
these customers is not required. 
On October 22, 2021 and December 27, 2021, Claimant attempted to serve the underlying 
customer in Occurrence Number 650346. As of January 21, 2022, the USPS electronic tracking 
system reflects that on January 6, 2022, an authorized signer was not present, and notice was 
left to claim the mail or reschedule delivery. To date, this customer has done neither. Therefore, 
the Panel directed Claimant to provide legal authority regarding the Panel’s authority to deem 
service sufficient on the underlying customer regarding Occurrence Number 650346, which 
Claimant did. 
On December 30, 2021, Claimant advised that the remaining underlying customers in 
Occurrence Number 1661725, as well as the underlying customer in Occurrence Number 
1488932, were served with the Statement of Claim and notice of the date and time of the 
expungement hearing. 
The Panel conducted a recorded, telephonic hearing on February 2, 2022, so the parties could 
present oral argument and evidence on Claimant’s request for expungement.
Respondents did not participate in the expungement hearing. The underlying customer in 
1488932 participated in the hearing and opposed the expungement request. The Panel found 
that all of the living underlying customers had notice of the expungement request and hearing.
The Panel reviewed Claimant’s BrokerCheck® Report. The Panel noted that a prior arbitration 
panel or court did not previously rule on expungement of the same Occurrences in the CRD.
The Panel also reviewed the settlement documentation related to Occurrence Number 1661725, 
considered the amount of payment made to any party to the settlement, and considered other 
relevant terms and conditions of the settlement. The Panel noted that the settlement was not 
conditioned on any party to the settlement not opposing the expungement request and that 
Claimant did not contribute to the settlement amount. 
The Panel was unable to review the settlement documentation related to Occurrence Numbers 
179622, 361572, 650346 and 607364 because Respondents UBS and Stifel were unable to 
locate them. 
The Panel was unable to review the settlement documentation related to Occurrence Number 
1488932 because, despite Claimant’s request for a copy from Respondent Janney, and the 
Panel’s subpoena for its production, Respondent Janney did not provide the settlement 
agreement or state whether such documentation exists. 
Inasmuch as the Panel was unable to review the settlement agreements in Occurrence 
Numbers 179622, 361572, 650346, 607364 and 1488932, the Panel conducted a review of 
Claimant’s BrokerCheck® Report, confirmed the allegations contained in each of the underlying 
disputes, and reviewed how each was resolved. Additionally, Claimant denied contributing to 
any settlement for any of the Occurrences that are at issue in this case, as more specifically set 
forth in the Award section below. 
In recommending expungement, the Panel relied upon the following documentary or other 
evidence: Claimant’s Exhibits 1-13 and Claimant’s BrokerCheck® Report.","Pursuant to the Code, the following fees are assessed:
Filing Fees
FINRA Dispute Resolution Services assessed a filing fee* for each claim:
Expungement Filing Fee =$ 1,575.00
*The filing fee is made up of a non-refundable and a refundable portion. 
Member Fees
Member fees are assessed to each member firm that is a party in these proceedings or to the 
member firm(s) that employed the associated person(s) at the time of the event(s) giving rise to 
the dispute. Accordingly, as parties, Respondents Janney, Cetera, Stifel, UBS and JPT are each 
assessed the following:
Member Surcharge =$ 1,900.00
Member Process Fee =$ 3,750.00
Hearing Session Fees and Assessments
The Panel has assessed hearing session fees for each session conducted. A session is any 
meeting between the parties and the Panel, including a pre-hearing conference with the Panel, 
which lasts four (4) hours or less. Fees associated with these proceedings are:
Two pre-hearing sessions with the Panel @ $1,125.00/session
Pre-Hearing Conferences: October 18, 2021
December 6, 2021
1 session
1 session
=$ 2,250.00
One (1) hearing session on expungement request @ $1,125.00/session
Hearing: February 2, 2022 1 session
=$ 1,125.00
Total Hearing Session Fees =$ 3,375.00
The Panel has assessed the total hearing session fees to Claimant.
All balances are payable to FINRA Dispute Resolution Services and are due upon receipt.","Jason Allen Rosner - Public Panel, Presiding Chairperson
Nanci Sondra Landy - Public Panel
Sheryl Sagel - Non-Public Panel
I, the undersigned Panel, do hereby affirm that I am the individual described herein and who 
executed this instrument, which is my award.
Concurring Panels' Signatures
Jason Allen Rosner
Jason Allen Rosner
Public Panel, Presiding Chairperson
02/07/2022
Signature Date
Nanci Sondra Landy
Nanci Sondra Landy
Public Panel
02/07/2022
Signature Date
Sheryl Sagel
Sheryl Sagel
Non-Public Panel
02/07/2022
Signature Date
Awards are rendered by independent Panels who are chosen by the parties to issue final, 
binding decisions. FINRA makes available an arbitration forum—pursuant to rules approved by 
the SEC—but has no part in deciding the award.
February 08, 2022
Date of Service (For FINRA Dispute Resolution Services use only)"
20-01281,20-01281,pre_cutoff,2022-02-17,20-01281.pdf,8,14787,8,"For Claimant William Paul Fauzio: Jennifer P. Farrar, Esq., Farrar Law PLLC, Tomball, Texas.
For Respondent Capital Financial Services, Inc. (“CFS”): Gordon Dihle, Esq., Corporate Legal, 
LLC, Agate, Colorado.
For Respondent Questar Capital Corporation (“Questar”): Katherine C. Donlon, Esq., Johnson, 
Cassidy, Newlon & DeCort, P.A., Tampa, Florida.","After considering the pleadings, the testimony and evidence presented at the expungement 
hearing, and any post-hearing submissions, the Arbitrator has decided in full and final resolution 
of the issues submitted for determination as follows: 
1. The Arbitrator recommends the expungement of all references to Occurrence Number 
1707407 from registration records maintained by the CRD for Claimant William Paul Fauzio 
(CRD Number 2193834) with the understanding that, pursuant to Notice to Members 04-16, 
Claimant William Paul Fauzio must obtain confirmation from a court of competent jurisdiction 
before the CRD will execute the expungement directive. 
Unless specifically waived in writing by FINRA, parties seeking judicial confirmation of an 
The claim, allegation, or information is factually impossible or clearly erroneous;
the registered person was not involved in the alleged investment-related sales practice 
violation, forgery, theft, misappropriation, or conversion of funds; and
the claim, allegation, or information is false.
The complaint relates to an investment in DBSI, Inc., a real estate investment 
management company. The allegation was that the investor was misled into investing in 
what was determined, at least in the later years of operation, to be a fraudulent Ponzi 
scheme where DBSI had insufficient funds to meet its obligations, and that there was 
negligence related to the due diligence in determining that this was a suitable investment. 
The evidence presented at the hearing was sufficient to establish that neither Questar, 
the broker-dealer that approved the investment, conducted the due diligence and offered 
the investment for sale, nor Claimant, the registered representative, had any 
knowledge of the fraud or wrongdoing at DBSI at the time. Moreover, it was clear that 
Questar, not Claimant, was responsible for conducting due diligence as to the suitability 
of the investment and offered it as an approved investment. Based on this evidence, 
Claimant was not involved in the misconduct and the claim against him is false. 
Accordingly, expungement is appropriate under FINRA Rule 2080. It should also be 
noted that the claim is also factually impossible and clearly erroneous because the 
customer did not make this investment in her own right but only pursuant to a Power of 
Attorney for another customer. It is the Arbitrator’s finding that there is no 
meaningful investor protection or regulatory value in allowing this claim to remain on 
Claimant’s CRD record.
2. The Arbitrator recommends the expungement of all references to Occurrence Numbers 
1651209, 1707408, and 1459200 from registration records maintained by the CRD for 
Claimant William Paul Fauzio (CRD Number 2193834) with the understanding that, pursuant 
to Notice to Members 04-16, Claimant William Paul Fauzio must obtain confirmation from a 
court of competent jurisdiction before the CRD will execute the expungement directive. 
Unless specifically waived in writing by FINRA, parties seeking judicial confirmation of an 
The registered person was not involved in the alleged investment-related sales practice 
violation, forgery, theft, misappropriation, or conversion of funds; and
the claim, allegation, or information is false.
The allegations relate to investments in DBSI, Inc., a real estate investment management 
company. The allegations in each instance were essentially the same, i.e. 1) that these 
investors were misled into investing in what was determined, at least in the later years of 
operation, to be a fraudulent Ponzi scheme where DBSI had insufficient funds to meet its 
obligations, and 2) that there was negligence related to the due diligence in determining 
that this was a suitable investment. The evidence presented at the hearing was sufficient 
to establish that neither Questar, the broker-dealer that approved the investment, 
conducted the due diligence and offered the investment for sale, nor Claimant, the 
registered representative, had any knowledge of the fraud or wrongdoing at 
DBSI at the time. Moreover, it was clear that Questar, not Claimant, was responsible for 
conducting due diligence as to the suitability of the investment and offered it as an 
approved investment. Based in this evidence, Claimant was not involved in the 
misconduct and the claim against him is false. Accordingly, expungement 
is appropriate under FINRA Rule 2080. It is the Arbitrator’s finding that there is no 
meaningful investor protection or regulatory value in allowing these claims to remain on 
Claimant’s CRD record.
3. The Arbitrator recommends the expungement of all references to Occurrence Number 
1255346 from registration records maintained by the CRD for Claimant William Paul Fauzio 
(CRD Number 2193834) with the understanding that, pursuant to Notice to Members 04-16, 
Claimant William Paul Fauzio must obtain confirmation from a court of competent jurisdiction 
before the CRD will execute the expungement directive. 
Unless specifically waived in writing by FINRA, parties seeking judicial confirmation of an 
The claim, allegation, or information is factually impossible or clearly erroneous; and
the registered person was not involved in the alleged investment-related sales practice 
violation, forgery, theft, misappropriation, or conversion of funds
The uncontradicted evidence at the hearing showed beyond a preponderance that the 
customer wanted to sell an annuity investment he previously entered into to avoid rapidly 
growing losses at a time of turmoil in the financial markets where his investment had 
none of the separate guarantees offered by other annuity providers. The objective was to 
put the investment in another annuity that had guarantees to protect against market
decline. As time was of the essence to avoid further losses, the investment was sold 
rather than taking the additional time to set up a tax-free exchange. This was done based 
on the representation of the representative who sold the investor the earlier annuity that 
there was only de minimis gain to be concerned about. Thus, there was no investor-
related sales practice at issue and the alleged complaint relating to tax consequences 
was based on the action of another individual and not Claimant. Accordingly, this 
occurrence record should be expunged because the claim against Claimant is clearly 
erroneous and he was not involved in the alleged misconduct. It is the Arbitrator’s finding 
that there is no meaningful investor protection or regulatory value in allowing this claim to 
remain on Claimant’s CRD record.
4. Any and all claims for relief not specifically addressed herein are denied.","In the Corrected Amended Statement of Claim, Claimant requested expungement of 
Occurrence Numbers 1459200; 1707408; 1651209; 1707407; and 1255346; compensatory 
damages in the amount of $1.00 from Respondents; and any and all other relief that the 
Arbitrator deems just and equitable.
In the Statement of Answer, Respondent CFS requested that Claimant be awarded nothing; that 
Claimant’s claim should be denied in its entirety; and that all the fees and costs of the arbitration 
and CFS’ attorneys’ fees and costs of defending this arbitration be assessed to Claimant. 
In the Statement of Answer, Respondent Questar did not object to Claimant’s request for 
expungement and requested that Claimant’s claim for monetary relief be denied. 
At the hearing, Claimant withdrew the request for $1.00 in damages.","Award
In the Matter of the Arbitration Between: 
Claimant
William Paul Fauzio
Case Number: 20-01281
 vs.
Respondents
Capital Financial Services, Inc.
Questar Capital Corporation
Hearing Site: Hartford, Connecticut
Awards are rendered by independent arbitrators who are chosen by the parties to issue final, 
binding decisions. FINRA makes available an arbitration forum—pursuant to rules approved by 
the SEC—but has no part in deciding the award.
Nature of the Dispute: Associated Person vs. Members
This case was administered under the Special Proceeding option for simplified cases.","Statement of Claim filed on or about: April 22, 2020.
Amended Statement of Claim filed on or about: August 10, 2021.
Corrected Amended Statement of Claim filed on or about: August 20, 2021.
William Paul Fauzio signed the Submission Agreement: May 28, 2020.
Statement of Answer filed by Respondent CFS on or about: December 2, 2021.
CFS signed the Submission Agreement: February 15, 2022.
Statement of Answer filed by Respondent Questar on or about: August 19, 2020.
Questar signed the Submission Agreement: August 18, 2020.","In the Corrected Amended Statement of Claim, Claimant asserted a claim seeking 
expungement of customer dispute information from registration records maintained by the 
Central Registration Depository (“CRD”). 
In the Statement of Answer, Respondent CFS objected to Claimant’s expungement request.
In the Statement of Answer, Respondent Questar took no position on Claimant’s expungement 
request.","The Arbitrator acknowledges having read the pleadings and other materials filed by the parties. 
On June 24, 2021, Claimant advised that the customers in Occurrence Numbers 1707407, 
1707408, and 1255346 (“Customers”) were served with the Statement of Claim and notice of 
the date and time of the expungement hearing. On January 31, 2022, Claimant filed a Declaration 
confirming that the Customers were served with the notice of the date and time of the 
expungement hearing. 
By correspondence dated July 13, 2021, Claimant notified FINRA Dispute Resolution Services that 
the customers in Occurrence Numbers 1459200 and 1651209 are deceased. 
The Arbitrator conducted a recorded, telephonic hearing on January 31, 2022, so the parties could 
present oral argument and evidence on Claimant’s request for expungement.
Respondent CFS participated in the expungement hearing and did not oppose the request for 
expungement.
Respondent Questar also participated in the expungement hearing and as stated in the Statement 
of Answer, did not oppose the request for expungement.
The Customers did not participate in the expungement hearing. The customer in Occurrence 
Number 1707407 did not object to Claimant’s request for expungement. The Arbitrator found that 
the Customers had notice of the expungement request and hearing. 
The Arbitrator reviewed Claimant’s BrokerCheck® Report. The Arbitrator noted that a prior 
arbitration panel or court did not previously rule on expungement of the same occurrences in the 
CRD.
The Arbitrator also reviewed the settlement documentation related to Occurrence Numbers 
1651209, 1707407, 1707408, 1459200, and 1255346, considered the amount of payment made 
to any party to the settlements, and considered other relevant terms and conditions of the 
settlements. The Arbitrator noted that the settlements were not conditioned on any party to the 
settlements not opposing the expungement request and that Claimant did not contribute to the 
settlement amounts in Occurrence Numbers 1707408, 1651209, and 1707407. Although 
Claimant contributed to the settlement amounts in Occurrence Numbers 1459200 and 1255346, 
expungement is justified under the circumstances because: 1) the facts demonstrate that 
Claimant was an innocent actor that was not responsible for the misconduct claimed in either 
instance, and 2) Claimant exercised the appropriate level of care toward the customer in each 
situation. 
In recommending expungement, the Arbitrator relied upon the following documentary or other 
evidence: the pleadings, exhibits, Claimant’s testimony, and Claimant’s BrokerCheck® Report.","Pursuant to the Code, the following fees are assessed:
Filing Fees
FINRA Dispute Resolution Services assessed a filing fee* for each claim:
Initial Claim Filing Fee =$ 50.00
*The filing fee is made up of a non-refundable and a refundable portion. 
Member Fees
Member fees are assessed to each member firm that is a party in these proceedings or to the 
member firms that employed the associated person at the time of the events giving rise to the 
dispute. Accordingly, as parties, Respondents CFS and Questar are each assessed the 
following:
Member Surcharge =$ 150.00
Postponement Fees
Postponements granted during these proceedings for which fees were assessed or waived: 
January 25, 2021, postponement by Claimant Waived 

July 19, 2021, postponement requested by Claimant =$ 50.00
Total Postponement Fees =$ 50.00
The Arbitrator has assessed the total postponement fees to Claimant.
Last-Minute Cancellation Fees
Fees apply when a hearing on the merits is cancelled within ten calendar days before the start 
of a scheduled hearing session: 
January 25, 2021, cancellation requested by Claimant

 Waived 
July 19, 2021, cancellation requested by Claimant =$ 600.00
Total Last-Minute Cancellation Fees =$ 600.00
The Arbitrator has assessed the total last-minute cancellation fees to Claimant.
Hearing Session Fees and Assessments
The Arbitrator has assessed hearing session fees for each session conducted. A session is any 
meeting between the parties and the Arbitrator, including a pre-hearing conference with the 
Arbitrator, which lasts four (4) hours or less. Fees associated with these proceedings are:
One (1) pre-hearing session with a single Arbitrator @ $50.00/session
Pre-Hearing Conference: October 19, 2020 1 session
=$ 50.00
One (1) hearing session on expungement request @ $50.00/session =$ 50.00
Hearing: January 31, 2021 1 session
Total Hearing Session Fees =$ 100.00
The Arbitrator has assessed the total hearing session fees to Claimant.
All balances are payable to FINRA Dispute Resolution Services and are due upon receipt.
ARBITRATOR
Mark Stuart Gurevitz - Sole Non-Public Arbitrator
I, the undersigned Arbitrator, do hereby affirm that I am the individual described herein and who 
executed this instrument, which is my award.
Arbitrator's Signature
Mark Stuart Gurevitz
Mark Stuart Gurevitz
Sole Non-Public Arbitrator
02/16/2022
Signature Date
Awards are rendered by independent arbitrators who are chosen by the parties to issue final, 
binding decisions. FINRA makes available an arbitration forum—pursuant to rules approved by 
the SEC—but has no part in deciding the award.
February 17, 2022
Date of Service (For FINRA Dispute Resolution Services use only)",
21-01406,21-01406,pre_cutoff,2022-02-23,21-01406.pdf,5,7856,8,"For Claimant Elinor Kit-Man Ho (“Claimant”) a/k/a Elinor Kit Man Ho: Chelsea Masters, Esq., 
HLBS Law, Westminster, Colorado.
Respondent Vestax Securities Corporation (“Respondent”) did not appear.","After considering the pleadings, the testimony and evidence presented at the hearing, and any 
post-hearing submissions, the Arbitrator has decided in full and final resolution of the issues 
submitted for determination as follows: 
1. The Arbitrator recommends the expungement of all references to the above-captioned 
arbitration (Occurrence Number 1043589) from registration records maintained by the CRD 
for Claimant Elinor Kit-Man Ho (CRD Number 2559997) with the understanding that, 
pursuant to Notice to Members 04-16, Claimant Elinor Kit-Man Ho must obtain confirmation 
from a court of competent jurisdiction before the CRD will execute the expungement 
directive. 
Unless specifically waived in writing by FINRA, parties seeking judicial confirmation of an 
arbitration award containing expungement relief must name FINRA as an additional party 
and serve FINRA with all appropriate documents. 
Pursuant to Rule 13805 of the Code, the Arbitrator has made the following Rule 2080 
affirmative finding of fact:
The claim, allegation, or information is false.
The Arbitrator has made the above Rule 2080 finding based on the following reasons: 
The evidence showed that the Customer complaint at issue was made through the
Customer's son, who had apparently spoken to his unrelated financial advisor
about recovering market losses due to the September 11, 2001 terrorist attacks.
Respondent investigated the Customer complaint and found no merit in the claim
but recommended settlement to avoid potential litigation/arbitration costs.
Respondent and Claimant settled the customer complaint for the nominal amount
of $10,625.01. Claimant's E&O insurance paid the settlement amount and
Claimant contributed her E&O deductible of $10,000.00. The evidence showed that the
Customer's alleged damages in her complaint were market losses resulting from the
September 11, 2001 terrorist attacks. Claimant's recommendations regarding
purchasing the annuity at issue was suitable.
2. Any and all claims for relief not specifically addressed herein, including any requests for 
punitive damages, treble damages, and attorneys’ fees, are denied.","In the Statement of Claim, Claimant requested expungement of Occurrence Number 1043589 
from CRD registration records and any and all other relief that the Arbitrator deems just and 
appropriate.","Award
In the Matter of the Arbitration Between: 
Claimant
Elinor Kit-Man Ho
Case Number: 21-01406
 vs.
Respondent
Vestax Securities Corporation
Hearing Site: Detroit, Michigan
Awards are rendered by independent arbitrators who are chosen by the parties to issue final, 
binding decisions. FINRA makes available an arbitration forum—pursuant to rules approved by 
Nature of the Dispute: Associated Person vs. Member","Statement of Claim filed on or about: June 1, 2021.
Claimant signed the Submission Agreement: June 1, 2021.
Respondent did not file a Statement of Answer or sign the Submission Agreement.","In the Statement of Claim, Claimant asserted a claim seeking expungement of customer dispute 
information from registration records maintained by the Central Registration Depository (“CRD”).","The Arbitrator acknowledges having read the pleadings and other materials filed by the parties. 
Respondent did not file a properly executed Submission Agreement but is required to submit to
arbitration pursuant to the Code of Arbitration Procedure (“Code”) and is bound by the
determination of the Arbitrator on all issues submitted.
On August 19, 2021, Claimant filed a Motion to Bar Defenses Due to Untimely Answer (“Motion 
to Bar”), to which no response was filed.
On September 17, 2021, Claimant requested that the arbitration panel consist of a single 
arbitrator pursuant to Rule 13401(c) of the Code (“Motion for Single Arbitrator”), to which no 
response was filed.
In an Order dated November 5, 2021, the Panel granted Claimant’s Motion to Bar and 
Claimant’s Motion for a Single Arbitrator and the Chairperson became the sole arbitrator.
On November 16, 2021, Claimant filed a Death Record for the customer in Occurrence Number 
1043589 (“Customer”).
The Arbitrator conducted a recorded, telephonic hearing on February 4, 2022, so the parties could 
present oral argument and evidence on Claimant’s request for expungement.
Respondent did not participate in the expungement hearing.
The Arbitrator reviewed Claimant’s BrokerCheck® Report. The Arbitrator noted that a prior 
arbitration panel or court has not previously ruled on expungement of the same occurrence in 
the CRD.
The Arbitrator was unable to review the settlement documentation as Claimant did not receive a 
copy of the settlement agreement from Respondent despite a request and Claimant did not 
have a copy of settlement documentation in her possession. Based on the BrokerCheck® 
Report and the testimony and representations of Claimant, the Arbitrator considered the amount 
of payment made to any party to the settlement and considered other relevant terms and 
conditions of the settlement. The Arbitrator noted that the settlement was not conditioned on any 
party to the settlement not opposing the request for expungement, and the settlement was paid 
by Claimant’s E&O insurance and Claimant contributed the deductible.
In recommending expungement, the Arbitrator relied upon the following documentary or other 
evidence: Statement of Claim; Customer’s Death Record; Claimant’s BrokerCheck® Report; 
FINRA Notices of Respondent’s terminated membership status and of no answer received; 
Claimant’s letter dated February 3, 2022; Claimant’s testimony; and arguments of Claimant’s 
counsel.","Pursuant to the Code, the following fees are assessed:
Filing Fees
FINRA Dispute Resolution Services assessed a filing fee* for each claim:
Initial Claim Filing Fee =$ 1,600.00
*The filing fee is made up of a non-refundable and a refundable portion. 
Member Fees
Member fees are assessed to each member firm that is a party in these proceedings or to the 
member firm(s) that employed the associated person(s) at the time of the event(s) giving rise to 
the dispute. Accordingly, as a party, Respondent is assessed the following:
Member Surcharge =$ 2,000.00
Member Process Fee =$ 3,850.00
Hearing Session Fees and Assessments
The Arbitrator has assessed hearing session fees for each session conducted. A session is any 
meeting between the parties and the Arbitrator, including a pre-hearing conference with the 
Arbitrator, which lasts four (4) hours or less. Fees associated with these proceedings are:
One (1) pre-hearing session with the Panel @ $1,150.00/session
Pre-Hearing Conference: November 5, 2021 1 session =$ 1,150.00
One (1) hearing session on expungement request @ $1,150.00/session
Hearing: February 4, 2022 1 session
=$ 1,150.00
Total Hearing Session Fees =$ 2,300.00
The Arbitrator has assessed the total hearing session fees to Claimant.
All balances are payable to FINRA Dispute Resolution Services and are due upon receipt.
ARBITRATOR
Patrick R. Sughroue - Sole Public Arbitrator
I, the undersigned Arbitrator, do hereby affirm that I am the individual described herein and who 
executed this instrument, which is my award.
Arbitrator's Signature
Patrick R. Sughroue
Patrick R. Sughroue
Sole Public Arbitrator
02/23/2022
Signature Date
Awards are rendered by independent arbitrators who are chosen by the parties to issue final, 
binding decisions. FINRA makes available an arbitration forum—pursuant to rules approved by 
February 23, 2022
Date of Service (For FINRA Dispute Resolution Services use only)",
21-02656,21-02656,pre_cutoff,2022-03-30,21-02656.pdf,4,6084,9,"For Claimant Michael Braun IRA (“Claimant”): Michael Braun, Fort Wayne, Indiana.
For Respondent Rydex Distributors, Inc. (“Respondent”): Christopher S. Antonow, Esq., 
Guggenheim Partners, LLC, Chicago, Illinois.","After considering the pleadings, the Motion to Dismiss and responses thereto, and the 
arguments presented at the pre-hearing conference, the Panel has decided in full and final 
resolution of the issues submitted for determination as follows:
1. Claimant’s claims are dismissed with prejudice pursuant to Rule 12504(a)(6)(C) of the Code. 
2. Any and all claims for relief not specifically addressed herein, including any requests for 
punitive damages, treble damages, and attorneys’ fees, are denied.","In the Statement of Claim, Claimant requested $278,071.00 in compensatory damages, 
$723,168.00 in punitive damages, and pre-judgment and post-judgment interest at 10%.
In the Amended Statement of Answer, Respondent requested that Claimant be liable for all 
forum fees, attorney’s fees, costs, and expenses.","Award
In the Matter of the Arbitration Between: 
Claimant
Michael Braun IRA
Case Number: 21-02656
 vs.
Respondent
Rydex Distributors, Inc.
Hearing Site: Indianapolis, Indiana
Awards are rendered by independent arbitrators who are chosen by the parties to issue final, 
binding decisions. FINRA makes available an arbitration forum—pursuant to rules approved by 
Nature of the Dispute: Customer vs. Member
This case was decided by an all-public panel.","Statement of Claim filed on or about: November 11, 2021.
Claimant signed the Submission Agreement: October 20, 2021.
Statement of Answer filed on or about: January 3, 2022.
Amended Statement of Answer filed on or about January 5, 2022.
Respondent signed the Submission Agreement: January 4, 2022.","In the Statement of Claim, Claimant asserted claims for breach of fiduciary duty, FINRA 
Suitability Rule 2111, breach of covenant of good faith and fair dealing, omissions of fact and 
misrepresentation concerning his Rydex IRA.
Unless specifically admitted in the Amended Statement of Answer, Respondent denied the 
allegations made in the Statement of Claim and asserted various defenses.","The Arbitrators acknowledge that they have each read the pleadings and other materials filed by 
the parties. 
On January 3, 2022, Respondent filed a Motion to Dismiss Claimant’s Statement of Claim Under 
FINRA Rules 12504 and 12206 (“Motion to Dismiss”). On March 16, 2022, Claimant filed a 
response opposing the Motion to Dismiss (“Opposition”). On March 24, 2022, the Panel heard 
oral arguments on the Motion to Dismiss. Herein, the Panel grants the Motion to Dismiss 
pursuant to Rule 12504(a)(6)(C) of the Code of Arbitration Procedure (“Code”) because the 
Claimant previously brought a claim regarding the same dispute against effectively the same 
party that was fully and finally adjudicated on the merits and memorialized in an award in FINRA 
Dispute Resolution Services Arbitration Case Number 20-04089.
On March 11, 2022, Claimant filed a Motion to Amend Claim to Remove Respondent and 
Replace with Guggenheim Securities LLC (“First Motion to Amend”). On March 11, 2022, 
Respondent filed a Response to Claimant’s First Motion to Amend. Herein, the Panel denies 
Claimant’s First Motion to Amend. 
On March 16, 2022, Claimant filed a Motion to Amend Claim to Remove Respondent and 
Replace with Guggenheim Funds Distributors, LLC (“Second Motion to Amend”). On March 17, 
2022, Respondent filed a Response to Claimant’s Motion to Amend and Reply to Claimant’s 
Opposition. Herein, the Panel denies Claimant’s Second Motion to Amend. 
The Award in this matter may be executed in counterpart copies.","Pursuant to the Code, the following fees are assessed:
Filing Fees
FINRA Dispute Resolution Services assessed a filing fee* for each claim:
Initial Claim Filing Fee =$ 2,025.00
*The filing fee is made up of a non-refundable and a refundable portion. 
FINRA Dispute Resolution Services previously deferred Claimant’s filing fee of $ 2,025.00. Upon 
conclusion of the matter, the Panel determined to assess the fee.
Member Fees
Member fees are assessed to each member firm that is a party in these proceedings or to the 
member firm(s) that employed the associated person(s) at the time of the event(s) giving rise to 
the dispute. Accordingly, as a party, Respondent is assessed the following:
Member Surcharge =$ 3,200.00
Member Process Fee =$ 6,375.00
Hearing Session Fees and Assessments
The Panel has assessed hearing session fees for each session conducted. A session is any 
meeting between the parties and the Arbitrator(s), including a pre-hearing conference with the 
Arbitrator(s), which lasts four (4) hours or less. Fees associated with these proceedings are:
Two (2) pre-hearing sessions with the Panel @ $1,435.00/session
Pre-Hearing Conferences: March 1, 2022 1 session
March 24, 2022 1 session
=$ x.00=$ 2,870.00
Total Hearing Session Fees =$ 2,870.00
The Panel has assessed the total hearing session fees to Claimant.
All balances are payable to FINRA Dispute Resolution Services and are due upon receipt.","Sharon R. Merriman - Public Arbitrator, Presiding Chairperson
Barry Goldman - Public Arbitrator
Michael Charles Peek - Public Arbitrator
I, the undersigned Arbitrator, do hereby affirm that I am the individual described herein and who 
executed this instrument, which is my award.
Concurring Arbitrators' Signatures
Sharon R. Merriman
Sharon R. Merriman
Public Arbitrator, Presiding Chairperson
03/30/2022
Signature Date
Barry Goldman
Barry Goldman
Public Arbitrator
03/30/2022
Signature Date
Michael Charles Peek
Michael Charles Peek
Public Arbitrator
03/30/2022
Signature Date
Awards are rendered by independent arbitrators who are chosen by the parties to issue final, 
binding decisions. FINRA makes available an arbitration forum—pursuant to rules approved by 
March 30, 2022
Date of Service (For FINRA Dispute Resolution Services use only)"
19-01461,19-01461,pre_cutoff,2022-05-10,19-01461.pdf,4,5329,9,"For Claimant Leslie M. Miller (“Claimant”): Leslie M. Miller, Esq. and Matthew H. Hoy, Esq., 
Stevens & Brand, L.L.P., Lawrence, Kansas.
For Respondent Fidelity Brokerage Services LLC (“Respondent”): Noah D. Sorkin, Esq., FMR 
LLC Legal Department, Boston, Massachusetts.","After considering the pleadings, the testimony and evidence presented at the hearing, and any 
post-hearing submissions, the Panel has decided in full and final resolution of the issues 
submitted for determination as follows: 
1. Respondent is liable for and shall pay to Claimant the sum of $1.00 in compensatory 
damages.
2. Any and all claims for relief not specifically addressed herein, including any requests for 
punitive damages, treble damages, and attorneys’ fees, are denied.","In the Statement of Claim, as amended, Claimant requested the fair market value of the IRAs; 
pre-award and post-award interest; all of Claimant’s FINRA arbitration costs and fees; attorneys’ 
fees; and all other relief as the Panel deems just and proper, including, but not limited to, 
punitive damages.
In the Statement of Answer, Respondent requested that the Statement of Claim, as amended, 
be denied in its entirety.","Award
In the Matter of the Arbitration Between: 
Claimant
Leslie M. Miller
Case Number: 19-01461
 vs.
Respondent
Fidelity Brokerage Services LLC
Hearing Site: Kansas City, Missouri
Awards are rendered by independent arbitrators who are chosen by the parties to issue final, 
binding decisions. FINRA makes available an arbitration forum—pursuant to rules approved by 
Nature of the Dispute: Customer vs. Member
This case was decided by an all-public panel.","Statement of Claim filed on or about: May 28, 2019.
Amended Statement of Claim filed on or about: May 29, 2019.
Claimant signed the Submission Agreement: May 24, 2019.
Statement of Answer filed on or about: July 17, 2019.
Respondent signed the Submission Agreement: July 17, 2019.","In the Statement of Claim, as amended, Claimant asserted the following causes of action: 
breach of fiduciary duties, breach of covenant of fair dealing and good faith, failure to supervise, 
misrepresentation, failure to disclose fees, negligence, violation of FINRA Rules 2231, 2232, 
and 2090, and violation of Kansas Uniform Securities Act K.S.A. 17-12a101 et seq. and Kansas 
Securities Regulations KAR 81-1-1 et. seq. The causes of action related to Claimant’s allegation 
that she is the designated beneficiary of the IRAs, but Respondent is withholding the IRAs and 
information about the IRAs. 
Unless specifically admitted in the Statement of Answer, Respondent denied the allegations made 
in the Statement of Claim, as amended, and asserted various affirmative defenses.","The Arbitrators acknowledge that they have each read the pleadings and other materials filed by 
the parties. 
The Award in this matter may be executed in counterpart copies.","Pursuant to the Code of Arbitration Procedure, the following fees are assessed:
Filing Fees
FINRA Dispute Resolution Services assessed a filing fee* for each claim:
Initial Claim Filing Fee =$ 1,575.00
*The filing fee is made up of a non-refundable and a refundable portion. 
Member Fees
Member fees are assessed to each member firm that is a party in these proceedings or to the 
member firm(s) that employed the associated person(s) at the time of the event(s) giving rise to 
the dispute. Accordingly, as a party, Respondent is assessed the following:
Member Surcharge =$ 1,900.00
Member Process Fee =$ 3,750.00
Hearing Session Fees and Assessments
The Panel has assessed hearing session fees for each session conducted. A session is any 
meeting between the parties and the Arbitrator(s), including a pre-hearing conference with the 
Arbitrator(s), which lasts four (4) hours or less. Fees associated with these proceedings are:
Four (4) pre-hearing sessions with the Panel @ $1,125.00/session
Pre-Hearing Conferences: September 24, 2019 1 session
December 6, 2019
August 28, 2020
April 7, 2021
1 session
1 session
1 session
=$ 4,500.00
Four (4) hearing sessions @ $1,125.00/session
Hearings: May 2, 2022 2 sessions
May 3, 2022 2 sessions
=$ 4,500.00
Total Hearing Session Fees =$ 9,000.00
The Panel has assessed the total hearing session fees to Respondent. 
All balances are payable to FINRA Dispute Resolution Services and are due upon receipt.","Leonard Arthur Nelson - Public Arbitrator, Presiding Chairperson
Steven Joseph Streen - Public Arbitrator
Robert S. Baran - Public Arbitrator
I, the undersigned Arbitrator, do hereby affirm that I am the individual described herein and who 
executed this instrument, which is my award.
Concurring Arbitrators' Signatures
Leonard Arthur Nelson
Leonard Arthur Nelson
Public Arbitrator, Presiding Chairperson
05/10/2022
Signature Date
Steven Joseph Streen
Steven Joseph Streen
Public Arbitrator
05/10/2022
Signature Date
Robert S. Baran
Robert S. Baran
Public Arbitrator
05/10/2022
Signature Date
Awards are rendered by independent arbitrators who are chosen by the parties to issue final, 
binding decisions. FINRA makes available an arbitration forum—pursuant to rules approved by 
May 10, 2022
Date of Service (For FINRA Dispute Resolution Services use only)"
21-02316,21-02316,pre_cutoff,2022-05-13,21-02316.pdf,6,9617,8,"For Claimant Thomas Wilson Moore (“Claimant”): Dochtor Kennedy, MBA, J.D., and Zachary 
Morse, Esq., AdvisorLaw, LLC, Westminster, Colorado.
For Respondents Advest, Inc., and Merrill Lynch Pierce Fenner & Smith Incorporated 
(“Respondents”): Laura A. Pizzitola, Esq., Bressler, Amery & Ross, P.C., Birmingham, Alabama.","After considering the pleadings, the testimony and evidence presented at the expungement 
hearing, and any post-hearing submissions, the Arbitrator has decided in full and final resolution 
of the issues submitted for determination as follows: 
1. The Arbitrator recommends the expungement of all references to Occurrence Number 
1162562 from registration records maintained by the CRD for Claimant Thomas Wilson 
Unless specifically waived in writing by FINRA, parties seeking judicial confirmation of an 
The claim, allegation, or information is factually impossible or clearly erroneous; and the 
The customer failed to pursue the matter in any way after making the complaint. Claimant 
executed no trade for the customer and no trade ever occurred. The customer never 
funded any trade. The allegation of unauthorized trading is factually impossible and 
clearly erroneous, and false. 
2. The Arbitrator recommends the expungement of all references to Occurrence Number 
1633522 from registration records maintained by the CRD for Claimant Thomas Wilson 
Unless specifically waived in writing by FINRA, parties seeking judicial confirmation of an 
The claim, allegation, or information is factually impossible or clearly erroneous; and the 
There was no evidence of any unsuitable investment recommendations, or of 
misrepresentations and omissions of material facts from February 2008 to September 
2012. Although Respondent Merrill Lynch Pierce Fenner & Smith Incorporated settled the 
dispute with the customer, Claimant did not contribute to the settlement and was not 
involved. The allegations are factually impossible and clearly erroneous, and false. 
3. The Arbitrator recommends the expungement of all references to Occurrence Number 
2095448 from registration records maintained by the CRD for Claimant Thomas Wilson 
Unless specifically waived in writing by FINRA, parties seeking judicial confirmation of an 
The claim, allegation, or information is factually impossible or clearly erroneous; and the 
The customer failed to purse any claim in arbitration or in court. Although Respondent 
Merrill Lynch Pierce Fenner & Smith Incorporated settled the dispute with the customer, 
Claimant did not contribute to the settlement and was not involved. There is no evidence 
of unsuitable recommendations, excessive trading, or misrepresentation and omissions 
of material facts, and therefore, the allegations are factually impossible and clearly 
erroneous, and false. 
4. Any and all claims for relief not specifically addressed herein are denied.","In the Amended Statement of Claim, Claimant requested expungement of Occurrence Numbers 
1162562, 1633522, 1671630, 1654890, and 2095448 and any and all other relief that the 
Arbitrator deems just and equitable.
In the Joint Statement of Answer, Respondents did not set forth a specific relief request.","Award
In the Matter of the Arbitration Between: 
Claimant
Thomas Wilson Moore
Case Number: 21-02316
 vs.
Respondent
Advest, Inc.
Merrill Lynch Pierce Fenner & Smith Incorporated
Hearing Site: New York, New York
Awards are rendered by independent arbitrators who are chosen by the parties to issue final, 
binding decisions. FINRA makes available an arbitration forum—pursuant to rules approved by 
Nature of the Dispute: Associated Person vs. Members
The evidentiary hearing was conducted by videoconference.","Statement of Claim filed on or about: September 13, 2021.
Amended Statement of Claim filed on or about: December 17, 2021.
Thomas Wilson Moore signed the Submission Agreement: September 13, 2021.
Joint Statement of Answer filed by Respondents on or about: January 31, 2022.
Advest, Inc. signed the Submission Agreement: January 31, 2022.
Merrill Lynch Pierce Fenner & Smith Incorporated signed the Submission Agreement: January 
31, 2022.","In the Amended Statement of Claim, Claimant asserted a claim seeking expungement of 
customer dispute information from registration records maintained by the Central Registration 
Depository (“CRD”). 
In the Joint Statement of Answer, Respondents took no position on Claimant’s expungement 
request and asserted various affirmative defenses.","The Arbitrator acknowledges having read the pleadings and other materials filed by the parties. 
By correspondence dated November 12, 2021, the parties agreed, pursuant to Rule 13401(c) of 
the Code of Arbitration Procedure (“Code”), to proceed with a single arbitrator for this matter.
On December 17, 2021, Claimant filed a Motion to Amend the Statement of Claim. Respondents 
did not file a response. By Order dated January 11, 2022, the Arbitrator granted Claimant’s 
Motion to Amend the Statement of Claim.
On April 4, 2022, Claimant advised that the customers in Occurrence Numbers 1162562, 
1633522, 1654890, and 2095448 (“Customers”) were served with the Amended Statement of 
Claim and notice of the date and time of the expungement hearing. On April 11, 2022, Claimant 
filed an Affidavit confirming that the Customers, were served with the Statement of Claim and 
notice of the date and time of the expungement hearing. Claimant also advised that he was 
unable to serve the Amended Statement of Claim and the notice of the expungement hearing on 
the customer related to Occurrence Number 1671630 as the customer is deceased.

On April 22, 2022, the parties filed a joint agreement and stipulation to dismiss the expungement 
request of Occurrence Numbers 1671630 and 1654890 without prejudice, pursuant to Rule 
13700(a) of the Code. Therefore, the Arbitrator did not make a determination regarding 
Occurrence Numbers 1671630 and 1654890.
The Arbitrator conducted a recorded hearing by videoconference on May 3, 2022, so the parties 
could present oral argument and evidence on Claimant’s request for expungement.
Respondent participated in the expungement hearing and, as stated in the Statement of Answer, 
took no position on the request for expungement.
The Customers did not participate in the expungement hearing. The Arbitrator found that the 
Customers in Occurrence Numbers 1162562, 1633522, and 2095448 had notice of the 
expungement request and hearing.
The Arbitrator reviewed Claimant’s BrokerCheck® Report. The Arbitrator noted that a prior 
arbitration panel or court did not previously rule on expungement of the same occurrences in the 
CRD.
The Arbitrator also reviewed the settlement documentation related to Occurrence Numbers 
1633522, and 2095448, considered the amount of payment made to any party to the 
settlements, and considered other relevant terms and conditions of the settlements. The 
Arbitrator noted that the settlements were not conditioned on any party to the settlements not 
opposing the expungement request and that Claimant did not contribute to the settlement 
amounts.
The Arbitrator noted that the dispute related to Occurrence Number 1162562 was not settled 
and, therefore, there was no settlement document to review.
In recommending expungement, the Arbitrator relied upon the following documentary or other 
evidence: the pleadings; Claimant’s testimony; Claimant’s BrokerCheck® Report; and the 
exhibits.","Pursuant to the Code, the following fees are assessed:
Filing Fees
FINRA Dispute Resolution Services assessed a filing fee* for each claim:
Initial Claim Filing Fee

=$1,600.00
*The filing fee is made up of a non-refundable and a refundable portion. 
Member Fees
Member fees are assessed to each member firm that is a party in these proceedings or to the 
member firms that employed the associated person at the time of the events giving rise to the 
dispute. Accordingly, as parties, Respondents Advest, Inc. and Merrill Lynch Pierce Fenner & 
Smith Incorporated. are each assessed the following:
Member Surcharge =$ 2,000.00
Member Process Fee =$ 3,850.00
Hearing Session Fees and Assessments
The Arbitrator has assessed hearing session fees for each session conducted. A session is any 
meeting between the parties and the Arbitrator, including a pre-hearing conference with the 
Arbitrator, which lasts four (4) hours or less. Fees associated with these proceedings are:
One (1) pre-hearing session with the Arbitrator @ $1,150.00/session
Pre-Hearing Conference: January 10, 2022 1 session
=$ 1,150.00
One (1) hearing session on expungement request @ $x.00/session
Hearing: May 3, 2022 1 session
=$ 1,150.00
Total Hearing Session Fees =$ 2,300.00
The Arbitrator has assessed the total hearing session fees to Claimant.
All balances are payable to FINRA Dispute Resolution Services and are due upon receipt.
ARBITRATOR
Ronald Harris Kisner - Sole Public Arbitrator
I, the undersigned Arbitrator, do hereby affirm, pursuant to Article 7507 of the Civil Practice Law 
and Rules, that I am the individual described herein and who executed this instrument, which is 
my award.
Arbitrator's Signature
Ronald Harris Kisner
Ronald Harris Kisner
Sole Public Arbitrator
05/13/2022
Signature Date
Awards are rendered by independent arbitrators who are chosen by the parties to issue final, 
binding decisions. FINRA makes available an arbitration forum—pursuant to rules approved by 
May 13, 2022
Date of Service (For FINRA Dispute Resolution Services use only)",
21-02461,21-02461,pre_cutoff,2022-07-27,21-02461.pdf,5,7825,8,"For Claimant Patrick Wang Lam: Benjamin Winograd, Esq. and Dochtor Kennedy, Esq., HLBS 
Law, Westminster, Colorado.
For Respondent Lincoln Financial Distributors, Inc.: Michael W. Arnold, AVP, Lincoln Financial 
Distributors, Inc., Fort Wayne, Indiana.","After considering the pleadings, the testimony and evidence presented at the hearing, and any 
post-hearing submissions, the Arbitrator has decided in full and final resolution of the issues 
submitted for determination as follows: 
1. The Arbitrator recommends the expungement of the Termination Explanation in Section 3 
of Patrick Wang Lam’s (CRD Number 4723020) Form U5 filed by Lincoln Financial 
Distributors, Inc. (CRD Number 145) on December 12, 2011 and maintained by the 
Central Registration Depository (“CRD”). The Reason for Termination shall remain the 
same and the Termination Explanation shall be deleted in its entirety and replaced with 
the following language: “Wholesaler confirmed that he altered the owner information with 
permission from the owner and the owner’s financial advisor and admitted signing without 
authorization on the Lincoln National Life Insurance Company letter of acceptance for a 
variable annuity exchange. Wholesaler faxed the altered document to the originating 
insurance company.” This directive shall apply to all references to the Termination 
Explanation. 
The Arbitrator further recommends that the response to the “Allegation(s)” question 
(Question 4) of the Termination DRP related to Occurrence Number 1591088 maintained 
by the CRD for Patrick Wang Lam be deleted in its entirety and replaced with the 
following language: “Wholesaler confirmed that he altered the owner information with 
permission from the owner and the owner’s financial advisor and admitted signing without 
authorization on the Lincoln National Life Insurance Company letter of acceptance for a 
variable annuity exchange. Wholesaler faxed the altered document to the originating 
insurance company.” This directive shall apply to all references to the “Allegation(s)” 
question. 
The above recommendations are made with the understanding that the registration 
records are not automatically amended. Patrick Wang Lam must obtain confirmation of 
this Award from a court of competent jurisdiction, before the CRD will execute the 
expungement directive, and must forward a copy of the Court Order to FINRA’s 
Credentialing, Registration, Education and Disclosure Department for the amendments to 
be incorporated into the Registration Records.
2. Any and all claims for relief not specifically addressed herein are denied.","In the Statement of Claim, Claimant requested:
1. Expungement of the Form U5 amendments corresponding with Occurrence Number 
1591088, and those relevant portions of the Form U4, from Claimant’s CRD records, on 
the basis that the statement is defamatory in nature and tends to mislead, to include:
a. amendment of the Reason for Termination entry in Section 3 of Claimant’s Form 
U5 to read “Voluntary;”
b. expungement of the Termination Explanation from Claimant’s Form U5;
c. amendment of the answer to question 7F(1) on Claimant’s Form U5, from a “Yes” 
response to “No;”
d. deletion of the Termination Disclosure Detail (U5) from the CRD;
e. deletion of the Termination Disclosure Detail (U4) from the CRD; and
f. deletion of the Termination Disclosure Reporting Page accompanying Occurrence 
Number 1591088 from the CRD.
2. Compensatory damages in the amount of $1.00 from Respondent; and
3. Any other relief as the Arbitrator deems just and equitable.
In the Statement of Answer, Respondent did not set forth a specific request for relief.
At the hearing, Claimant withdrew the request for $1.00 in damages.","Award
In the Matter of the Arbitration Between: 
Claimant
Patrick Wang Lam
Case Number: 21-02461
 vs.
Respondent
Lincoln Financial Distributors, Inc.
Hearing Site: San Francisco, California
Awards are rendered by independent arbitrators who are chosen by the parties to issue final, 
binding decisions. FINRA makes available an arbitration forum—pursuant to rules approved by 
Nature of the Dispute: Associated Person vs. Member
The evidentiary hearing was conducted by videoconference.","Statement of Claim filed on or about: September 28, 2021.
Claimant signed the Submission Agreement: September 28, 2021.
Statement of Answer filed by Respondent on or about: November 23, 2021.
Respondent signed the Submission Agreement: November 16, 2021.","In the Statement of Claim, Claimant asserted a claim alleging that an entry on the Form U5 filed 
by Respondent, as part of registration records maintained by the Central Registration 
Depository (“CRD”), is defamatory in nature.
In the Statement of Answer, Respondent denied the allegations made in the Statement of Claim.","The Arbitrator acknowledges having read the pleadings and other materials filed by the parties. 
At the start of the evidentiary hearing, Respondent’s counsel advised that he had filed his 
Certificate of Out-of-State Attorney Arbitration Counsel form with the State Bar of California, but 
had not yet received approval thereof. As a result, he orally withdrew from this matter, but 
remained present solely as an observer to the testimony provided. Respondent did not submit 
evidence or testimony at the hearing. 
The Arbitrator makes no ruling on FINRA Rule 12206 as the issue was neither raised nor 
briefed. 
The Arbitrator also notes that FINRA, in Rule 8312(g), reserves its right to exclude, on a case-
by-case basis, certain information from the BrokerCheck® disclosure. In addition to Claimant’s 
contemporaneous self-reporting to Respondent, the record also reflects Claimant’s January 5, 
2012 self-reporting to FINRA. FINRA’s investigation resulted in no action.","Pursuant to the Code of Arbitration Procedure (“Code”), the following fees are assessed:
Filing Fees
FINRA Dispute Resolution Services assessed a filing fee* for each claim:
Initial Claim Filing Fee =$ 50.00
*The filing fee is made up of a non-refundable and a refundable portion. 
Member Fees
Member fees are assessed to each member firm that is a party in these proceedings or to the 
member firm that employed the associated person at the time of the event giving rise to the 
dispute. Accordingly, as a party, Respondent is assessed the following:
Member Surcharge =$ 150.00
Hearing Session Fees and Assessments
The Arbitrator has assessed hearing session fees for each session conducted. A session is any 
meeting between the parties and the Arbitrator, including a pre-hearing conference with the 
Arbitrator, which lasts four (4) hours or less. Fees associated with these proceedings are:
One (1) pre-hearing session with a single Arbitrator @ $50.00/session
Pre-Hearing Conference: February 3, 2022 1 session
=$ 50.00
One (1) hearing session @ $50.00/session
Hearing: July 12, 2022 1 session 
=$ 50.00
Total Hearing Session Fees =$ 100.00
The Arbitrator has assessed $75.00 of the hearing session fees to Claimant.
The Arbitrator has assessed $25.00 of the hearing session fees to Respondent.
All balances are payable to FINRA Dispute Resolution Services and are due upon receipt.
ARBITRATOR
Minnie Loo - Sole Public Arbitrator
I, the undersigned Arbitrator, do hereby affirm that I am the individual described herein and who 
executed this instrument, which is my award.
Arbitrator's Signature
Minnie Loo
Minnie Loo
Sole Public Arbitrator
07/27/2022
Signature Date
Awards are rendered by independent arbitrators who are chosen by the parties to issue final, 
binding decisions. FINRA makes available an arbitration forum—pursuant to rules approved by 
July 27, 2022
Date of Service (For FINRA Dispute Resolution Services use only)",
22-00331,22-00331,pre_cutoff,2022-09-13,22-00331.pdf,5,7838,8,"For Claimant Gerald Lee Preschutti: Stephan Louviere, Esq., Louviere Law Firm, P.A., 
Pompano Beach, Florida.
For Respondent BCG Securities, Inc.: Jessica E. Levine, Esq., and Steven T. Davis, Esq., 
Winget, Spadafora & Schwartzberg, LLP, New York, New York.","After considering the pleadings, the testimony and evidence presented at the expungement 
hearing, and any post-hearing submissions, the Arbitrator has decided in full and final resolution 
of the issues submitted for determination as follows: 
1. The Arbitrator recommends the expungement of all references to Occurrence Number 
2129305 from registration records maintained by the CRD for Claimant Gerald Lee 
Preschutti (CRD Number 5613533) with the understanding that, pursuant to Notice to 
Members 04-16, Claimant Gerald Lee Preschutti must obtain confirmation from a court of 
competent jurisdiction before the CRD will execute the expungement directive. 
Unless specifically waived in writing by FINRA, parties seeking judicial confirmation of an 
arbitration award containing expungement relief must name FINRA as an additional party 
and serve FINRA with all appropriate documents. 
Pursuant to Rule 13805 of the Code of Arbitration Procedure (“Code”), the Arbitrator has 
made the following Rule 2080 affirmative findings of fact:
The claim, allegation, or information is factually impossible or clearly erroneous.
The claim, allegation, or information is false.
The Arbitrator has made the above Rule 2080 findings based on the following reasons: 
The Customers' allegations regarding the suitability of their investment and failure to 
conduct adequate due diligence are clearly erroneous and false. The claims against 
Claimant should be expunged from his CRD. The subject investment was a firm-
approved alternative private placement that met industry guidelines. Its suitability was 
reviewed and approved for these customers by Claimant's RIA, Wealth Advisory Group 
(WAG) Chief Investment Officer. Documents including the Alternative Investment Letter 
of Authorization and the Subscription Agreement attesting to the suitability of the 
investment were signed by the Customers. The preponderance of the evidence 
presented indicates that the investment was suitable. The evidence presented strongly 
supports that Claimant performed adequate due diligence. WAG and Claimant conducted 
their own independent due diligence review of the investment. Claimant and two WAG 
employees traveled to the offering firm's offices in New York where they discussed the 
investment with executives of the firm. Claimant, himself, invested in the same security.","In the Statement of Claim, Claimant requested expungement of Occurrence Number 2129305; 
and any and all other relief that the Arbitrator deems just and equitable.
In the Statement of Answer, Respondent requested a determination regarding Claimant’s 
request for expungement of his CRD records, and that forum costs and fees be assessed 
against Claimant.","Award
In the Matter of the Arbitration Between: 
Claimant
Gerald Lee Preschutti
Case Number: 22-00331
 vs.
Respondent
BCG Securities, Inc.
Hearing Site: Philadelphia, Pennsylvania
Awards are rendered by independent arbitrators who are chosen by the parties to issue final, 
binding decisions. FINRA makes available an arbitration forum—pursuant to rules approved by 
Nature of the Dispute: Associated Person vs. Member","Statement of Claim filed on or about: February 11, 2022.
Gerald Lee Preschutti signed the Submission Agreement: February 11, 2022.
Statement of Answer filed by Respondent on or about: April 6, 2022
BCG Securities, Inc. signed the Submission Agreement: September 7, 2022.","In the Statement of Claim, Claimant asserted a claim seeking expungement of customer dispute 
information from registration records maintained by the Central Registration Depository (“CRD”). 
In the Statement of Answer, Respondent did not oppose Claimant’s expungement request.","The Arbitrator acknowledges having read the pleadings and other materials filed by the parties. 
On April 6, 2022, the parties agreed, pursuant to FINRA Rule 13401(c), to proceed with a single 
Arbitrator in this matter.
On June 1, 2022, Claimant advised that the Customers in Occurrence Number 2129305 were 
served with the Statement of Claim and notice of the date and time of the expungement hearing.
The Arbitrator conducted a recorded telephonic hearing on September 7, 2022, so the parties 
could present oral argument and evidence on Claimant’s request for expungement.
Respondent participated in the expungement hearing and, as stated in the Statement of Answer, 
did not oppose the request for expungement.
One of the Customers also participated in the expungement hearing and opposed the 
expungement request. 
The Arbitrator reviewed Claimant’s BrokerCheck® Report. The Arbitrator noted that a prior 
arbitration panel or court did not previously rule on expungement of the same occurrence in the 
CRD.
The Arbitrator also reviewed the settlement documentation related to Occurrence Number 
2129305, considered the amount of payment made to any party to the settlement, and 
considered other relevant terms and conditions of the settlement. The Arbitrator noted that the 
settlement was not conditioned on any party to the settlement not opposing the expungement 
request and that Claimant did contribute to the settlement amount. However, expungement is 
still appropriate as Claimant was not consulted in the decision to settle, or the terms of the 
settlement agreement. With no say so from Claimant, his RIA, WAG, agreed to pay half of the 
settlement through the firm's E&O insurance policy and the firm charged Claimant $5,000 - half 
of the $10,000 deductible.
In recommending expungement, the Arbitrator relied upon the following documentary or other 
evidence: Claimant's testimony; the Customers' counsel’s cross-examination of Claimant; 
Claimant's Pre-Hearing Brief and attached exhibits; the settlement agreement; and Claimant’s 
BrokerCheck report.","Pursuant to the Code, the following fees are assessed:
Filing Fees
FINRA Dispute Resolution Services assessed a filing fee* for each claim:
Initial Claim Filing Fee =$ 1,600.00
*The filing fee is made up of a non-refundable and a refundable portion. 
Member Fees
Member fees are assessed to each member firm that is a party in these proceedings or to the 
member firm that employed the associated person at the time of the event giving rise to the 
dispute. Accordingly, as a party, Respondent is assessed the following:
Member Surcharge =$ 2,000.00
Member Process Fee =$ 3,850.00
Hearing Session Fees and Assessments
The Arbitrator has assessed hearing session fees for each session conducted. A session is any 
meeting between the parties and the Arbitrator, including a pre-hearing conference with the 
Arbitrator, which lasts four (4) hours or less. Fees associated with these proceedings are:
One (1) hearing session on expungement request @ $1,150.00/session =$ 1,150.00
Hearing: September 7, 2022 1 session
Total Hearing Session Fees =$ 1,150.00
The Arbitrator has assessed the total hearing session fees to Claimant.
ARBITRATOR
Louis P. Wagman - Sole Public Arbitrator
I, the undersigned Arbitrator, do hereby affirm that I am the individual described herein and who 
executed this instrument, which is my award.
Arbitrator's Signature
Louis P. Wagman
Louis P. Wagman
Sole Public Arbitrator
09/12/2022
Signature Date
Awards are rendered by independent arbitrators who are chosen by the parties to issue final, 
binding decisions. FINRA makes available an arbitration forum—pursuant to rules approved by 
September 13, 2022
Date of Service (For FINRA Dispute Resolution Services use only)",
21-02061,21-02061,pre_cutoff,2022-09-22,21-02061.pdf,5,8358,8,"For Claimant Sandra Pope Edwards: Harris Freedman, Esq. and Dochtor Kennedy, MBA, J.D., 
AdvisorLaw LLC, Westminster, Colorado.
For Respondent A. G. Edwards & Sons, Inc.: Deirdre C. Wolff, Esq., Wells Fargo Legal 
Department, St. Louis, Missouri.","After considering the pleadings, the testimony and evidence presented at the expungement 
hearing, and any post-hearing submissions, the Arbitrator has decided in full and final resolution 
of the issues submitted for determination as follows: 
1. The Arbitrator recommends the expungement of all references to Occurrence Numbers 
1114986 and 1121348 from registration records maintained by the CRD for Claimant Sandra 
Pope Edwards (CRD Number 1817103) with the understanding that, pursuant to Notice to 
Members 04-16, Claimant must obtain confirmation from a court of competent jurisdiction 
before the CRD will execute the expungement directive. 
Unless specifically waived in writing by FINRA, parties seeking judicial confirmation of an 
arbitration award containing expungement relief must name FINRA as an additional party 
and serve FINRA with all appropriate documents. 
Pursuant to Rule 13805 of the Code of Arbitration Procedure (“Code”), the Arbitrator has 
made the following Rule 2080 affirmative finding of fact as to both occurrences:
The claim, allegation, or information is false.
The Arbitrator has made the above Rule 2080 finding based on the following reasons as to 
both occurrences: 
Neither Customers granted Respondent or Claimant any control over decisions to buy or sell 
securities. Both Customers provided the Brokerage Firm with their investment objectives and 
risk tolerance. It is uncontradicted that Claimant reviewed all transactions with both 
Customers before execution of orders and followed their final instructions concerning 
suitability before execution. Since no evidence of Claimant having discretion over either of 
these two accounts, all allegations of fraud are inapplicable.
2. Any and all claims for relief not specifically addressed herein are denied.","In the Statement of Claim, Claimant requested expungement of Occurrence Numbers 1114986 
and 1121348, and any and all other relief that the Arbitrator deems just and equitable.
In the Statement of Answer, Respondent objected to Claimant’s request for damages to the 
extent that she requested any compensation whatsoever from Respondent.","Award
In the Matter of the Arbitration Between: 
Claimant
Sandra Pope Edwards
Case Number: 21-02061
 vs.
Respondent
A. G. Edwards & Sons, Inc.
Hearing Site: Atlanta, Georgia
Awards are rendered by independent arbitrators who are chosen by the parties to issue final, 
binding decisions. FINRA makes available an arbitration forum—pursuant to rules approved by 
Nature of the Dispute: Associated Person vs. Member
The evidentiary hearing was conducted by videoconference.","Statement of Claim filed on or about: August 10, 2021.
Sandra Pope Edwards signed the Submission Agreement: August 10, 2021.
Statement of Answer filed by Respondent on or about: December 15, 2021.
A. G. Edwards & Sons, Inc. signed the Submission Agreement: August 24, 2021.","In the Statement of Claim, Claimant asserted a claim seeking expungement of customer dispute 
information from registration records maintained by the Central Registration Depository (“CRD”). 
In the Statement of Answer, Respondent took no position on Claimant’s expungement request.","The Arbitrator acknowledges having read the pleadings and other materials filed by the parties. 
On August 4, 2022, Claimant advised that the customers in Occurrence Numbers 1114986 
(“Customer A”) and 1121348 (“Customer B”) were each served with the Statement of Claim and 
notice of the date and time of the expungement hearing. 
The Arbitrator conducted a recorded hearing by videoconference on September 8, 2022, so the 
parties could present oral argument and evidence on Claimant’s request for expungement.
Respondent participated in the expungement hearing and, as stated in the Statement of Answer, 
took no position to Claimant’s request for expungement.
The Customers did not participate in the expungement hearing. On March 20, 2022, Customer A 
filed a letter and documentation in opposition to Claimant’s request for expungement. On June 
14, 2022, Customer B filed an email correspondence in which he elected not to participate in the 
hearing and opposed Claimant’s request for expungement. The Arbitrator found that the 
Customers had notice of the expungement request and hearing. 
The Arbitrator reviewed Claimant’s BrokerCheck® Report. The Arbitrator noted that a prior 
arbitration panel or court did not previously rule on expungement of the same occurrences in the 
CRD.
The Arbitrator noted that no settlement agreement was provided regarding Occurrence Number 
1114986. Claimant testified that she contributed a significant amount of the large settlement, but 
she was never consulted by Respondent as to the particulars of the claim, was not named as a 
Respondent, and knew nothing about the settlement terms. The Arbitrator further noted that 
Claimant did not condition her monetary payment on Customer A's future actions, and that she 
merely followed the instructions from Respondent. Claimant's attorney made reasonable efforts 
to obtain a copy of the settlement agreement which took place in the early 2000s when the 
cases were handled by the National Association of Securities Dealers. 
The Arbitrator noted that the dispute related to Occurrence Number 1121348 was not settled 
and, therefore, there was no settlement document to review. On January 13, 2003, Customer B 
alleged unauthorized trading in 2000, but did not specify any particular trade. This complaint 
was denied by Respondent and the claim was closed on February 17, 2004.
In recommending expungement, the Arbitrator relied upon the following documentary or other 
evidence: the proof of service of claim for expungement on both Customers; Customer B's 
response dated June 14, 2022; Claimant’s attorney’s Affidavit concerning attempts to obtain a 
settlement agreement from Respondent; Claimant's BrokerCheck® Report; and Claimant’s 
Statement of Claim.","Pursuant to the Code, the following fees are assessed:
Filing Fees
FINRA Dispute Resolution Services assessed a filing fee* for each claim:
Expungement Filing Fee =$ 1,600.00
*The filing fee is made up of a non-refundable and a refundable portion. 
Member Fees
Member fees are assessed to each member firm that is a party in these proceedings or to the 
member firm(s) that employed the associated person(s) at the time of the event(s) giving rise to 
the dispute. Accordingly, as a party, Respondent AG Edwards & Sons, Inc. is assessed the 
following:
Member Surcharge =$ 2,000.00
Member Process Fee =$ 3,850.00
Hearing Session Fees and Assessments
The Arbitrator has assessed hearing session fees for each session conducted. A session is any 
meeting between the parties and the Arbitrator, including a pre-hearing conference with the 
Arbitrator, which lasts four (4) hours or less. Fees associated with these proceedings are:
Two (2) pre-hearing sessions with a single Arbitrator @ $1,150.00/session
Pre-Hearing Conferences: December 1, 2021 1 session
June 27, 2022 1 session
=$ 2,300.00
One (1) hearing session on expungement request @ $1,150.00/session
Hearing: September 8, 2022 1 session
=$ 1,150.00
Total Hearing Session Fees =$ 3,450.00
The Arbitrator has assessed $2,875.00 of the hearing session fees to Claimant.
The Arbitrator has assessed $575.00 of the hearing session fees to Respondent.
All balances are payable to FINRA Dispute Resolution Services and are due upon receipt.
ARBITRATOR
James C. Hoover - Sole Public Arbitrator
I, the undersigned Arbitrator, do hereby affirm that I am the individual described herein and who 
executed this instrument, which is my award.
Arbitrator's Signature
James C. Hoover
James C. Hoover
Sole Public Arbitrator
09/22/2022
Signature Date
Awards are rendered by independent arbitrators who are chosen by the parties to issue final, 
binding decisions. FINRA makes available an arbitration forum—pursuant to rules approved by 
September 22, 2022
Date of Service (For FINRA Dispute Resolution Services use only)",
22-00426,22-00426,pre_cutoff,2022-09-28,22-00426.pdf,5,7124,8,"For Claimant Gregory Thomas Giardino: N. Nancy Ghabai, Esq., Ghabai Law Group LLC, 
Boston, Massachusetts.
For Respondent Triad Advisors LLC: James V. Noblett, Esq., Jersey City, New Jersey.","After considering the pleadings, the testimony and evidence presented at the expungement 
hearing, and any post-hearing submissions, the Arbitrator has decided in full and final resolution 
of the issues submitted for determination as follows: 
1. The Arbitrator recommends the expungement of all references to Occurrence Number 
2144840 from registration records maintained by the CRD for Claimant Gregory Thomas 
Giardino (CRD Number 5524262) with the understanding that, pursuant to Notice to 
Members 04-16, Claimant Gregory Thomas Giardino must obtain confirmation from a court 
of competent jurisdiction before the CRD will execute the expungement directive. 
Unless specifically waived in writing by FINRA, parties seeking judicial confirmation of an 
arbitration award containing expungement relief must name FINRA as an additional party 
and serve FINRA with all appropriate documents. 
Pursuant to Rule 13805 of the Code of Arbitration Procedure (“Code”), the Arbitrator has 
made the following Rule 2080 affirmative findings of fact:
The claim, allegation, or information is factually impossible or clearly erroneous; and
the claim, allegation, or information is false.
The Arbitrator has made the above Rule 2080 findings based on the following reasons: 
Claimant was requested to introduce the Customers by his supervisor to J.G, who was 
also a supervisor. Claimant did not participate in the recommendation or determination of 
suitability of the investment presented by J.G. This is supported by the documents signed 
at the time of the investment, the Customers’ arbitration statement and settlement 
documents.
2. Any and all claims for relief not specifically addressed herein are denied.","In the Statement of Claim, Claimant requested expungement of Occurrence Number 2144840 
and any and all other relief that the Arbitrator deems just and equitable.
In the Statement of Answer, Respondent reserved the right to seek attorneys’ fees and 
arbitration costs, including FINRA member surcharges and/or fees against Claimant pursuant to 
indemnity provisions of the Triad Registered Representative agreement by Claimant and 
Respondent. 
At the hearing, Respondent withdrew the affirmative defense for attorneys’ fees and arbitration 
costs.","Award
In the Matter of the Arbitration Between: 
Claimant
Gregory Thomas Giardino
Case Number: 22-00426
 vs.
Respondent
Triad Advisors LLC
Hearing Site: Jersey City, New Jersey
Awards are rendered by independent arbitrators who are chosen by the parties to issue final, 
binding decisions. FINRA makes available an arbitration forum—pursuant to rules approved by 
Nature of the Dispute: Associated Person vs. Member
The evidentiary hearing was conducted by videoconference.","Statement of Claim filed on or about: February 28, 2022.
Gregory Thomas Giardino signed the Submission Agreement: February 28, 2022.
Statement of Answer filed by Respondent on or about: March 9, 2022.
Triad Advisors LLC signed the Submission Agreement: March 1, 2022.","In the Statement of Claim, Claimant asserted a claim seeking expungement of customer dispute 
information from registration records maintained by the Central Registration Depository (“CRD”). 
In the Statement of Answer, Respondent did not oppose Claimant’s expungement request.","The Arbitrator acknowledges having read the pleadings and other materials filed by the parties.
On March 11, 2022, the parties agreed, pursuant to FINRA Rule 13401(c), to proceed with a 
single Arbitrator in this matter.
On July 20, 2022, Claimant advised that the customers in Occurrence Number 2144840 
(“Customers”) were served with the Statement of Claim and notice of the date and time of the 
expungement hearing. 
The Arbitrator conducted a recorded hearing by videoconference on September 22, 2022, so the 
parties could present oral argument and evidence on Claimant’s request for expungement.
Respondent participated in the expungement hearing and as stated in the Statement of Answer, 
did not oppose the request for expungement.
The Customers did not participate in the expungement hearing. The Arbitrator found that the 
Customers had notice of the expungement request and hearing.
The Arbitrator reviewed Claimant’s BrokerCheck® Report. The Arbitrator noted that a prior 
arbitration panel or court did not previously rule on expungement of the same occurrence in the 
CRD.
The Arbitrator also reviewed the settlement documentation related to Occurrence Number 
2144840, considered the amount of payment made to any party to the settlement, and 
considered other relevant terms and conditions of the settlement. The Arbitrator noted that the 
settlement was not conditioned on any party to the settlement not opposing the expungement 
request and that Claimant did not contribute to the settlement amount. 
In recommending expungement, the Arbitrator relied upon the following documentary or other 
evidence: the pleadings; investment documents; settlement agreement; Claimant’s testimony 
and BrokerCheck® Report.","Pursuant to the Code, the following fees are assessed:
Filing Fees
FINRA Dispute Resolution Services assessed a filing fee* for each claim:
Initial Claim Filing Fee =$ 1,600.00
*The filing fee is made up of a non-refundable and a refundable portion. 
Member Fees
Member fees are assessed to each member firm that is a party in these proceedings or to the 
member firm that employed the associated person at the time of the events giving rise to the 
dispute. Accordingly, as a party, Respondent Triad Advisors LLC is assessed the following:
Member Surcharge =$ 2,000.00
Member Process Fee =$ 3,850.00
Hearing Session Fees and Assessments
The Arbitrator has assessed hearing session fees for each session conducted. A session is any 
meeting between the parties and the Arbitrator, including a pre-hearing conference with the 
Arbitrator, which lasts four (4) hours or less. Fees associated with these proceedings are:
One (1) hearing session on expungement request @ $1,150.00/session
Hearing: September 22, 2022 1 session
=$ 1,150.00
Total Hearing Session Fees =$ 1,150.00
The Arbitrator has assessed the total hearing session fees to Claimant.
All balances are payable to FINRA Dispute Resolution Services and are due upon receipt.
ARBITRATOR
Michael H DuBoff - Sole Public Arbitrator
I, the undersigned Arbitrator, do hereby affirm that I am the individual described herein and who 
executed this instrument, which is my award.
Arbitrator's Signature
Michael H DuBoff
Michael H DuBoff
Sole Public Arbitrator
09/27/2022
Signature Date
Awards are rendered by independent arbitrators who are chosen by the parties to issue final, 
binding decisions. FINRA makes available an arbitration forum—pursuant to rules approved by 
September 28, 2022
Date of Service (For FINRA Dispute Resolution Services use only)",
20-01716,20-01716,pre_cutoff,2023-01-12,20-01716.pdf,4,4788,8,"For Claimant Gary Sparago: Kristian P. Kraszewski, Esq., Kyros Law Offices, Miami, Florida.
For Respondent Fidelity Brokerage Services LLC: Patrick S. Christensen, Esq., and Noah 
Sorkin, Esq., FMR LLC Legal Department, Durham, North Carolina.","After considering the pleadings, the testimony and evidence presented at the hearing, the 
Arbitrator has decided in full and final resolution of the issues submitted for determination as 
follows: 
1. Claimant’s claims are denied in their entirety.","In the Statement of Claim, Claimant requested compensatory damages in the amount of 
$70,000.00, plus fees, interests, and costs.
In the Statement of Answer, Respondent requested that the Statement of Claim be denied in its 
entirety.
At the hearing, Claimant requested a range of damages between $20,000.00 and $70,000.00.","Award
In the Matter of the Arbitration Between: 
Claimant
Gary Sparago
Case Number: 20-01716
 vs.
Respondent
Fidelity Brokerage Services LLC
Hearing Site: New York, New York
Awards are rendered by independent arbitrators who are chosen by the parties to issue final, 
binding decisions. FINRA makes available an arbitration forum—pursuant to rules approved by 
Nature of the Dispute: Customer vs. Member
The evidentiary hearing was conducted by videoconference.","Statement of Claim filed on or about: June 1, 2020.
Gary Sparago signed the Submission Agreement: June 1, 2020.
Statement of Answer filed by Respondent on or about: July 22, 2020.
Fidelity Brokerage Services LLC signed the Submission Agreement: July 22, 2020.","In the Statement of Claim, Claimant asserted the following causes of action: violation of best 
execution rules, breach of fiduciary duty, negligence, negligent supervision, failure to supervise, 
and breach of contract. The causes of action relate to municipal bonds.
Unless specifically admitted in the Statement of Answer, Respondent denied the allegations made 
in the Statement of Claim and asserted various affirmative defenses.",The Arbitrator acknowledges having read the pleadings and other materials filed by the parties.,"Pursuant to the Code of Arbitration Procedure (“Code”), the following fees are assessed:
Filing Fees
FINRA Dispute Resolution Services assessed a filing fee* for each claim:
Initial Claim Filing Fee =$ 975.00
*The filing fee is made up of a non-refundable and a refundable portion. 
Member Fees
Member fees are assessed to each member firm that is a party in these proceedings or to the 
member firm that employed the associated person at the time of the event giving rise to the 
dispute. Accordingly, as a party, Respondent Fidelity Brokerage Services LLC is assessed the 
following:
Member Surcharge =$ 1,100.00
Member Process Fee =$ 2,250.00
Postponement Fees
Postponements granted during these proceedings for which fees were assessed or waived: 
December 7-10, 2021, postponement requested by the parties
July 12-13, 2022, postponement requested by Respondent
October 27, 28, 2022, postponement requested by the parties
=$
=$
=$
 450.00
 450.00
 450.00
Total Postponement Fees =$ 1,350.00
The Arbitrator has assessed $675.00 of the postponement fees to Claimant.
The Arbitrator has assessed $675.00 of the postponement fees to Respondent.
Hearing Session Fees and Assessments
The Arbitrator has assessed hearing session fees for each session conducted. A session is any 
meeting between the parties and the Arbitrator, including a pre-hearing conference with the 
Arbitrator, which lasts four (4) hours or less. Fees associated with these proceedings are:
One (1) pre-hearing session @ $450.00/session
Pre-Hearing Conference: September 21, 2020 1 session
=$ 450.00
One (1) hearing session @ $450.00/session
Hearings: January 10, 2023 1 session
=$ 450.00
Total Hearing Session Fees =$ 900.00
The Arbitrator has assessed $450.00 of the hearing session fees to Claimant.
The Arbitrator has assessed $450.00 of the hearing session fees to Respondent. 
All balances are payable to FINRA Dispute Resolution Services and are due upon receipt.
ARBITRATOR
Richard E. Castiglioni - Sole Public Arbitrator
I, the undersigned Arbitrator, do hereby affirm, pursuant to Article 7507 of the Civil Practice Law 
and Rules, that I am the individual described herein and who executed this instrument, which is 
my award.
Arbitrator's Signature
Richard E. Castiglioni
Richard E. Castiglioni
Sole Public Arbitrator
01/12/2023
Signature Date
Awards are rendered by independent arbitrators who are chosen by the parties to issue final, 
binding decisions. FINRA makes available an arbitration forum—pursuant to rules approved by 
January 12, 2023
Date of Service (For FINRA Dispute Resolution Services use only)",
21-01271,21-01271,post_cutoff_control,2024-01-26,21-01271.pdf,10,19014,9,"For Claimant Katharine C. Constable (“Claimant”): Andrew D. O'Toole, Esq., O'Toole + O'Toole 
PLLC, Hartford, Connecticut.*
For Respondents J.P. Morgan Securities, LLC (“J.P. Morgan”), and Frank William Epinger 
(“Epinger”): Eugene L. Small, Esq., and Lauren Fox, Esq., Eugene L. Small, P.C., New York, 
New York.
For Respondent Jonathan Galan (“Galan”): Michael M. Wilson, Esq., Wilson Kelly LLC, 
Houston, Texas.
For Respondent Trevor Bradner Rahn (“T. Rahn”): Dexter B. Johnson, Esq., Mallon & Johnson, 
Chicago, Illinois.
For Respondent Jacqueline Rahn (“J. Rahn”): David Harrison, Esq., Law Office of David 
Harrison, P.C., Beverly Hills, California.
*FINRA recorded the appearance of Claimant’s counsel at the time of filing of the Statement of 
Claim. Counsel’s representation of Claimant may have ended with the parties’ settlement. 
Please see the Other Issues Considered and Decided section of this Award for information on 
whether Claimant’s counsel appeared at the expungement hearing.","After considering the pleadings, the testimony and evidence presented at the expungement 
hearing, and any post-hearing submissions, the Panel has decided in full and final resolution of 
the issues submitted for determination as follows: 
1. The Panel awards the expungement of all references to Occurrence Number 2134852 from 
registration records maintained by the CRD for Respondent Frank William Epinger (CRD 
Number 2009217) with the understanding that, pursuant to Rule 2080, Respondent Frank 
William Epinger must obtain confirmation from a court of competent jurisdiction before the 
CRD will execute the expungement directive. 
Unless specifically waived in writing by FINRA, parties seeking judicial confirmation of an 
arbitration award containing expungement relief must name FINRA as an additional party 
and serve FINRA with all appropriate documents. 
Pursuant to Rule 12805 of the Code of Arbitration Procedure (“Code”), the Panel has made 
the following affirmative findings of fact: 
The registered person was not involved in the alleged investment-related sales practice 
violation, forgery, theft, misappropriation, or conversion of funds; and 
the claim, allegation, or information is false.
The Panel has made the above findings based on the following reasons: 
Respondent Epinger was a regional director and not the compliance supervisor of the 
registered representative. The registered representative did not fall under Respondent 
Epinger’s duties and responsibilities. Respondent Epinger never saw any reports that 
would have raised any issues for further inquiry. Supervision of the registered 
representative fell under a different group that did not report to Respondent Epinger.
The Panel relied upon the following documentary or other evidence: Respondent Epinger’s 
credible testimony as to the structure of the supervision at J.P. Morgan Securities. 
Respondent Epinger, as regional director, was responsible for hiring registered 
representatives, however, he was not responsible, nor did he hire the registered 
representative involved in this matter. Respondent Epinger was not responsible for the 
direct supervision of the registered representative or any registered representatives. A 
supervisory team was responsible for the direct supervision of the registered 
representatives. The supervisory team did not report to and was not supervised by 
Respondent Epinger.
2. The Panel awards the expungement of all references to Occurrence Number 2135016 from 
registration records maintained by the CRD for Respondent Jonathan Galan (CRD Number 
4409873) with the understanding that, pursuant to Rule 2080, Respondent Jonathan Galan 
must obtain confirmation from a court of competent jurisdiction before the CRD will execute 
the expungement directive. 
Unless specifically waived in writing by FINRA, parties seeking judicial confirmation of an 
arbitration award containing expungement relief must name FINRA as an additional party 
and serve FINRA with all appropriate documents. 
Pursuant to Rule 12805 of the Code, the Panel has made the following affirmative findings of 
fact:
The claim, allegation, or information was factually impossible or clearly erroneous;
the registered person was not involved in the alleged investment-related sales practice 
violation, forgery, theft, misappropriation, or conversion of funds; and 
the claim, allegation, or information is false.
The Panel has made the above findings based on the following reasons: 
Respondent Galan was not responsible for the account during the time period when the 
account was mismanaged by another registered representative. Respondent Galan 
followed all instructions by his employer to direct all inquires into the time period when the 
account was mismanaged to a designated spokesperson. He conducted an annual 
review and made recommendations in the first year that the customer rejected. The 
customer and Respondent Galan spoke regularly but the customer did not follow any of 
Respondent Galan’s suggestions and the account had no activity except the customer’s 
withdrawal of funds.
The Panel relied upon the following documentary or other evidence: Respondent Galan’s 
credible testimony as to his communications with the customer; his credible testimony that 
he was instructed by his employer not to speak to customers about the conduct of another 
Respondent, but to direct all inquiries to a designated spokesperson for the company; the 
settlement agreement; and pre-hearing expert reports provided by his employer and the 
customer that indicated the non-discretionary account was well managed during the time 
period he was the registered representative on the account.
3. The Panel awards the expungement of all references to Occurrence Number 2135018 from 
registration records maintained by the CRD for Respondent Jacqueline Rahn (CRD Number 
2510374) with the understanding that, pursuant to Rule 2080, Respondent Jacqueline Rahn 
must obtain confirmation from a court of competent jurisdiction before the CRD will execute 
the expungement directive. 
Unless specifically waived in writing by FINRA, parties seeking judicial confirmation of an 
arbitration award containing expungement relief must name FINRA as an additional party 
and serve FINRA with all appropriate documents. 
Pursuant to Rule 12805 of the Code, the Panel has made the following affirmative findings of 
fact:
The registered person was not involved in the alleged investment-related sales practice 
violation, forgery, theft, misappropriation, or conversion of funds; and 
the claim, allegation, or information is false.
The Panel has made the above findings based on the following reasons: 
The evidence demonstrates that Respondent J. Rahn did not solicit, enter trades, 
supervise, or communicate with the customer, and all correspondence to and from the 
customer did not address Respondent J. Rahn.
The Panel relied upon the following documentary or other evidence: the Statement of Claim; 
the affidavit of Respondent T. Rahn; Respondent J. Rahn’s testimony; exhibits 8 and 9 that 
included all communications between the customer and Respondent T. Rahn and not 
Respondent J. Rahn.
4. Any and all claims for relief not specifically addressed herein are denied.","In the Statement of Claim, Claimant requested: unspecified compensatory damages; punitive 
damages; pre-judgment and post-judgment interest at the legal rate; costs and expenses, 
including all FINRA filing, forum fees and expert fees; attorney’s fees; and for any and all such 
other and further relief deemed appropriate.
In the Statement of Answer, Respondents J.P. Morgan, Epinger, and Galan requested: 
dismissal of the Statement of Claim in its entirety; expungement of all references to Occurrence 
Numbers 2134852 and 2135016 from Central Registration Depository (“CRD”) registration 
records for Epinger (CRD Number 2009217) and Galan (CRD Number 4409873); and for such 
other relief as may be deemed appropriate.
In the Statement of Answer, Respondent J. Rahn requested: dismissal of the Statement of 
Claim in its entirety and with prejudice; expungement of all references to Occurrence Number 
2135018 from CRD registration records for J. Rahn (CRD Number 2510374); and for such other 
and further relief as deemed just and proper.
In the Statement of Answer, Respondent T. Rahn requested: dismissal of the Statement of 
Claim in its entirety; attorneys’ fees and costs; expungement of all references to Occurrence 
Number 2134853 from CRD registration records for T. Rahn (CRD Number 2196155); and for 
such other and further relief as deemed just and proper.","Award
In the Matter of the Arbitration Between: 
Claimant
Katharine C. Constable
Case Number: 21-01271
 vs.
Respondents
J.P. Morgan Securities, LLC
Frank William Epinger
Jonathan Galan
Jacqueline Rahn
Trevor Bradner Rahn
Hearing Site: Hartford, Connecticut
Awards are rendered by independent arbitrators who are chosen by the parties to issue final, 
binding decisions. FINRA makes available an arbitration forum—pursuant to rules approved by 
the SEC—but has no part in deciding the award.
Nature of the Dispute: Customer vs. Member and Associated Persons
This case was decided by an all-public panel.
The expungement hearings were conducted by videoconference.","Statement of Claim filed on or about: May 14, 2021.
Claimant signed the Submission Agreement: May 14, 2021.
Joint Statement of Answer filed by Respondents J.P. Morgan, Epinger, and Galan on or about: 
August 5, 2021.
J.P. Morgan signed the Submission Agreement: August 5, 2021.
Epinger signed the Submission Agreement: August 5, 2021.
Galan signed the Submission Agreement: August 5, 2021.
Statement of Answer filed by Respondent J. Rahn on or about: July 8, 2021.
J. Rahn signed the Submission Agreement: July 8, 2021.
Statement of Answer filed by Respondent T. Rahn on or about: August 5, 2021.
T. Rahn signed the Submission Agreement: August 5, 2021.","In the Statement of Claim, Claimant asserted the following causes of action: negligence; 
negligent supervision; breach of fiduciary duty; breach of contract; negligent misrepresentation; 
violation of the Connecticut Uniform Securities Act; fraud; and respondent superior. The causes 
of action relate to unspecified securities.
Unless specifically admitted in the Statement of Answer, Respondents J.P. Morgan, Epinger, and 
Galan denied the allegations made in the Statement of Claim and asserted various affirmative 
defenses in their answer.
Unless specifically admitted in the Statement of Answer, Respondent J. Rahn denied the 
allegations made in the Statement of Claim and asserted various affirmative defenses in her 
answer.
Unless specifically admitted in the Statement of Answer, Respondent T. Rahn denied the 
allegations made in the Statement of Claim and asserted various affirmative defenses in his 
answer.","The Arbitrators acknowledge that they have each read the pleadings and other materials filed by 
the parties. 
On November 3, 2021, Respondent T. Rahn filed a notice of withdrawal of his request for 
expungement. Therefore, the Panel made no determination with respect to Respondent T. 
Rahn’s expungement request.
On May 15, 2023, Claimant dismissed her claims against Respondent J. Rahn with prejudice. 
On October 2, 2023, Claimant filed a notice of voluntary dismissal with prejudice as to 
Respondents J.P. Morgan, Epinger, Galan, and T. Rahn. 
Therefore, the Panel made no determination with respect to any of the relief requests contained in 
the Statement of Claim. 
On June 2, 2023, Respondent J. Rahn filed a Motion for Expungement to which no response 
was filed.
On November 28, 2023, Respondent Galan filed a Motion for Expungement to which no 
response was filed.
On December 15, 2023, Respondents J.P. Morgan and Epinger filed a Motion for Expungement 
to which no response was filed.
The Panel conducted a recorded hearing by videoconference on November 20, 2023, so the 
parties could present oral argument and evidence on Respondent J. Rahn’s request for 
expungement. Claimant and counsel did not participate in the expungement hearing and did not 
oppose the request for expungement.
The Panel conducted a recorded hearing by videoconference on January 5, 2024, so the parties 
could present oral argument and evidence on Respondent Galan’s request for expungement. 
Claimant and counsel did not participate in the expungement hearing and did not oppose the 
request for expungement.
The Panel conducted a recorded hearing by videoconference on January 22, 2024, so the parties 
could present oral argument and evidence on Respondent Epinger’s request for expungement. 
Claimant and counsel did not participate in the expungement hearing and did not oppose the 
request for expungement.
The Panel noted Respondents Epinger, Galan, and J. Rahn’s representations that a prior 
arbitration panel or court has not previously ruled on expungement of the same occurrences in 
the CRD. 
The Panel reviewed the settlement documentation related to Occurrence Numbers 2134852 and 
2135016, considered the amount of payment made to any party to the settlement, and 
considered other relevant terms and conditions of the settlement. The Panel noted that the 
settlement was not conditioned on any party to the settlement not opposing the request for 
expungement and that Respondents Epinger and Galan did not contribute to the settlement 
amount.
The Panel noted that this matter, related to Occurrence Number 2135018, was not settled. 
Therefore, there was no settlement documentation to review.","Pursuant to the Code of Arbitration Procedure (“Code”), the following fees are assessed:
Filing Fees
FINRA Dispute Resolution Services assessed a filing fee* for each claim:
Initial Claim Filing Fee =$ 1,600.00
Expungement Filing Fee =$ 1,600.00
Expungement Filing Fee =$ 1,600.00
Expungement Filing Fee =$ 1,600.00
*The filing fee is made up of a non-refundable and a refundable portion. 
Member Fees
Member fees are assessed to each member firm that is a party in these proceedings or to the 
member firm that employed the associated persons at the time of the events giving rise to the 
dispute. Accordingly, as a party, Respondent J.P. Morgan is assessed the following:
Member Surcharge =$ 2,000.00
Member Process Fee =$ 3,850.00
Late Pre-Hearing Cancellation Fees
Fees apply when a pre-hearing conference is cancelled within three business days of the 
scheduled conference: 
March 14, 2022, cancellation requested by the parties =$ 300.00
Total Late Pre-Hearing Cancellation Fees =$ 300.00
The Panel has assessed $150.00 of the late pre-hearing cancellation fees to Claimant.
The Panel has assessed $150.00 of the late pre-hearing cancellation fees, jointly and severally, 
to Respondents.
Postponement Fees
Postponements granted during these proceedings for which fees were assessed or waived: 
November 11-18, 2022, postponement requested by Respondents J.P. Morgan 
Securities and Frank Epinger
=$ 1,150.00
May 16-19, 2023, postponement requested by the parties =$ 1,150.00
December 1, 2023, postponement requested by Respondents Frank Epinger 
and Jonathan Galan
=$ 1,150.00
Total Postponement Fees =$ 3,450.00
The Panel has assessed $575.00 of the postponement fees to Claimant.
The Panel has assessed $1,725.00 of the postponement fees, jointly and severally, to 
Respondents.
The Panel has assessed $575.00 of the postponement fees to Respondent Frank Epinger.
The Panel has assessed $575.00 of the postponement fees to Respondent Jonathan Galan.
Last-Minute Cancellation Fees
Fees apply when a hearing on the merits is cancelled within ten calendar days before the start 
of a scheduled hearing session: 
May 16-19, 2023, cancellation requested the parties =$ 1,800.00
December 1, 2023, cancellation requested by Respondents Frank Epinger 
and Jonathan Galan
=$ 1,800.00
Total Last-Minute Cancellation Fees =$ 3,600.00
The Panel has assessed $1,800.00 of the last-minute cancellation fees, jointly and severally, to 
Respondents. 
The Panel has assessed $900 of the last-minute cancellation fees to Respondent Frank 
Epinger.
The Panel has assessed $900 of the last-minute cancellation fees to Respondent Jonathan 
Galan. 
Hearing Session Fees and Assessments
The Panel has assessed hearing session fees for each session conducted. A session is any 
meeting between the parties and the Arbitrators, including a pre-hearing conference with the 
Arbitrators, which lasts four (4) hours or less. Fees associated with these proceedings are:
Six (6) pre-hearing sessions with the Panel @ $1,150.00/session
Pre-Hearing Conferences: September 1, 2021 1 session
December 17, 2021
December 20, 2022
February 21, 2023
September 5, 2023
December 1, 2023
1 session
1 session
1 session
1 session
1 session
=$ 6,900.00
One (1) hearing session @ $1,150.00/session
Hearing: May 15, 2023 1 session 
=$ 1,150.00
Three (3) hearing sessions on expungement request @ $1,150.00/session =$ 3,450.00
Hearings: November 20, 2023 1 session
January 5, 2024
January 22, 2024
1 session
1 session
Total Hearing Session Fees =$ 11,500.00
The Panel has assessed $1,725.00 of the hearing session fees to Claimant.
The Panel has assessed $3,450.00 of the hearing session fees, jointly and severally, to 
Respondents. 
The Panel has assessed $575.00 of the hearing session fees to Respondent J.P. Morgan 
Securities, LLC.
The Panel has assessed $1,725.00 of the hearing session fees to Respondent Frank Epinger, 
which includes the $1,150.00 fee for the January 22, 2024 expungement hearing.
The Panel has assessed $1,725.00 of the hearing session fees to Respondent Jonathan Galan, 
which includes the $1,150.00 fee for the January 5, 2024 expungement hearing.
The Panel has assessed $2,300.00 of the hearing session fees to Respondent Jacqueline 
Rahn, which includes the $1,150.00 fee for the November 20, 2023 expungement hearing.
All balances are payable to FINRA Dispute Resolution Services and are due upon receipt.","Diane Ciccone - Public Arbitrator, Presiding Chairperson
Steven R. Rolnick - Public Arbitrator
David Adams Reif - Public Arbitrator
I, the undersigned Arbitrator, do hereby affirm that I am the individual described herein and who 
executed this instrument, which is my award.
Concurring Arbitrators' Signatures
Diane Ciccone
Diane Ciccone
Public Arbitrator, Presiding Chairperson
01/25/2024
Signature Date
Steven R. Rolnick
Steven R. Rolnick
Public Arbitrator
01/25/2024
Signature Date
David Adams Reif
David Adams Reif
Public Arbitrator
01/26/2024
Signature Date
Awards are rendered by independent arbitrators who are chosen by the parties to issue final, 
binding decisions. FINRA makes available an arbitration forum—pursuant to rules approved by 
the SEC—but has no part in deciding the award.
January 26, 2024
Date of Service (For FINRA Dispute Resolution Services use only)"
23-01431,23-01431,post_cutoff_control,2024-05-07,23-01431.pdf,10,23070,8,"For Claimant John Edward Bostaph (“Claimant”): Chelsea Bauer, Esq., HLBS Law, Broomfield, 
Colorado.
Respondent WaMu Investments, Inc. (“WaMu”) did not enter an appearance. 
For Respondent Wells Fargo Investments, LLC (“Wells Fargo”): Geoff Beckham, Esq., Wells 
Fargo Legal Department, San Francisco, California.
Hereinafter, WaMu and Wells Fargo are collectively referred to as “Respondents”.","After considering the pleadings, the testimony and evidence presented at the expungement 
hearing, the Arbitrator has decided in full and final resolution of the issues submitted for 
determination as follows: 
1. The Arbitrator awards the expungement of all references to Occurrence Numbers 1126430, 
1126429, 1444476, 1523952, 1587381, and 1563546 from registration records maintained 
by the CRD for Claimant John Edward Bostaph (CRD Number 2835105) with the 
understanding that, pursuant to Rule 2080, Claimant John Edward Bostaph must obtain 
confirmation from a court of competent jurisdiction before the CRD will execute the 
expungement directive. 
Unless specifically waived in writing by FINRA, parties seeking judicial confirmation of an 
arbitration award containing expungement relief must name FINRA as an additional party 
and serve FINRA with all appropriate documents. 
Pursuant to Rule 13805 of the Code, the Arbitrator has made the following affirmative 
findings of fact:
The registered person was not involved in the alleged investment-related sales practice 
violation, forgery, theft, misappropriation, or conversion of funds.
The claim, allegation, or information is false.
The Arbitrator has made the above findings based on the following reasons: 
Claimant seeks expungement of six different Occurrence Numbers from his CRD 
records. While each of these is different and will be discussed separately, they all have a 
few elements in common, which will be discussed as a whole.
All of these occurrences happened many years ago. Two of them happened in February 
2003 and four of them occurred between 2009 and 2011.
As such, documentation on these matters is minimal.
Three of the underlying clients in these matters are now deceased. Of those who are 
living, one could not be located and two were notified of this matter and did not respond.
In all of these matters, Claimant’s employers, whether WaMu or Wells Fargo, found no 
fault in Claimant’s actions and rejected the accuracy of the claims. While WaMu no 
longer exists, Wells Fargo does not oppose Claimant’s request for expungement. In 
addition, neither FINRA nor any other agency found any fault with Claimant’s actions.
In some of these cases, there was no settlement at all. In a few of the cases, Claimant’s 
employers settled for a minimal amount. Claimant did not contribute to any of the 
settlements. In only one case was there a settlement approaching the stated value of the 
claim, which was relatively small in any case.
In all of these cases, the complaints were made at a time when the financial markets had 
suffered significant reversals. In the first two matters, the complaints were made after 
Claimant had left the firm (WaMu) and was no longer in communication with the 
underlying client. In the later three cases, the complaints were made during a time where 
Claimant had suffered a severe injury and had undergone two surgeries and was no 
longer in contact with the underlying clients.
In general, Claimant explained extremely credibly and clearly his process for working with 
clients. He explained that he usually had a first meeting where he assessed the client in 
detail and discussed possible investment strategies, then a second meeting where he 
reviewed the recommended strategies in detail and then, usually, did not actually 
proceed with any investment until the third meeting so that the client had sufficient time to 
think about, understand and consider the investment strategy.
Claimant testified that he explained all of the details of each investment in great detail 
and satisfied himself that the client understood the investment completely including the 
level of risk involved. He also testified that all such investments had been reviewed by his 
employer, whether WaMu or Wells Fargo, and approved. Finally, he testified that he 
stayed in close touch with all clients to be sure they were happy with the investment and 
to answer any possible questions.
In nearly all of these cases, Claimant was no longer in communication with the client 
which he feels may account for why there was a complaint. He further believes that 
subsequent advisors, in an effort to get the client to initiate new transactions, had 
critiqued the previous investment strategy, which resulted in the complaints.
In the first two matters, Claimant was no longer in communication with the client because 
he had moved from WaMu to Wells Fargo and in the later three matters, he was no 
longer in communication with the client due to his injury and subsequent surgeries.
Occurrence Number 1126430
In this matter, Mr. C, was a customer of WaMu. He was also an employee of American 
Airlines. Claimant testified that Mr. C came into the bank one day in about late 2002 or 
early 2003 and wished to immediately purchase about $200,000 worth of American 
Airlines stock with some of the funds he had on deposit at WaMu. Claimant testified that 
he and others at WaMu explained to Mr. C that the commission rate for such a purchase 
would be quite high and they suggested that he transfer the funds to a discount broker 
and then buy the shares through the discount broker. Mr. C said that he had to buy the 
stock that day and couldn’t wait. Since Mr. C insisted on the purchase, Claimant felt 
obliged to follow his directions.
Apparently, the stock declined shortly thereafter by approximately $50,000. Mr. C filed a 
complaint with WaMu in early February 2003. Claimant testified that, in subsequent 
proceedings in the matter, it became clear that Mr. C’s wife had been unaware of the 
initial purchase and was extremely upset that it had occurred, that it had lost money and 
that the commission was relatively high. Claimant testified that it became clear that Mr. 
C’s wife had pressured him to file the complaint. The complaint was for $54,425 in 
damages, which was equal to the approximate amount of the decline in value of the stock 
($50,000), plus the commission on the transaction ($4,425). 
After an arbitration claim had been filed and in the course of the proceedings, WaMu 
eventually settled the matter for $2,200, essentially returning slightly under half of the 
commission fee.
Given that the purchase of the stock was entirely at Mr. C’s behest, not recommended by 
Claimant or anyone else at WaMu and that the commission fee was completely explained 
to Mr. C and he was, in fact, urged to purchase the stocks through a discount brokerage, 
I find that the claim by Mr. C was false. It is not of public value to have this false claim 
remain on Claimants CRD records and expungement is awarded.
Occurrence Number 1126429
In 1999, the underlying client, Mr. M, purchased a variable annuity. Claimant testified that 
Mr. M was a sophisticated investor who had experience with annuities and wished to 
transfer into a variable annuity for both tax reasons and because he believed they could 
provide greater return. Claimant testified that all aspects of the annuity, including the 
surrender schedule, were thoroughly explained to Mr. M and that he fully understood 
them. In addition, purchase of the annuity was approved by both WaMu compliance and 
the carrier of the annuity.
Four years later, in February of 2003, after Claimant had left WAMU, Mr. M filed a 
complaint alleging that he was not fully informed of the surrender schedule. He asked for 
damages of $15,328.39. Claimant believes that a new advisor had convinced Mr. M to 
get into another investment, the Mr. M was upset at the surrender fee on the annuity and 
had filed the complaint in order to recover all or part of the surrender fee. WaMu 
investigated the matter, found that it had no merit and denied the claim. There were no 
further proceedings.
Given Claimant’s very cogent, detailed and credible testimony on this matter, I find that 
the claim by Mr. M was false. It is not of public value to have this false claim remain on 
Claimant’s CRD records and expungement is awarded.
Occurrence Number 1444476
The underlying client in the matter, Ms. G, had been a customer of Wells Fargo for about 
four years when her account was transferred to Claimant. Therefore, he had not advised 
her when she had first set up the account, though he stated that he continued to monitor 
her account, after she became his client, in all aspects, including suitability.
Claimant testified that, at some point, Ms. G’s son became involved with the account. At 
one point, he called Wells Fargo’s call center and wanted to make some transactions in 
the account but was told he did not have the authority to do so. At another point, he 
attempted to get money out of the account, but was, again, told he did not have authority 
to do so. The son, did, eventually have a phone call with Claimant and his mother in 
which she authorized a transfer of funds to her son. Claimant testified that he believes 
Ms. G’s son was manipulating her in order to get funds from the account. Claimant 
testified that he believes that there is a good chance that the complaint that was filed 
under Ms. G’s name was actually written by her son and may have either been a forgery 
or signed by Ms. G under undue influence or duress. In any event, a complaint was filed 
on February 2, 2009, alleging failure to follow instructions and unsuitability. Damages of 
$5,000 were demanded. Wells Fargo investigated the complaint and denied it. No further 
action occurred.
Given Claimant’s extremely detailed and credible testimony in this matter, I find that: 
(a) Claimant was not involved in the initial transactions in Ms. G’s account and, therefore 
the allegation regarding suitability of the initial investment does not apply to Claimant; (b) 
Claimant monitored Ms. G’s account on an ongoing basis for all issues, including 
suitability, and, therefore, any allegation as to unsuitability during Claimant’s term as 
advisor is false; and (c) Claimant did not fail to follow proper instructions and, therefore, 
the allegations regarding that are false. It is not of public value to have this inaccurate 
and false claim remain on Claimant’s CRD records and expungement is awarded.
Occurrence Number 1523952
The underlying client in the matter, Ms. D, had been an existing client of Claimant for 
some time. Claimant testified that one investment of hers made initially in March 2008 
involving bonds had matured while Claimant was on leave due to his injury and 
subsequent surgeries and, apparently, she was unhappy with the performance. Claimant 
believes that this would not have occurred if he had been in communication with her, but 
that instead another broker, who was handling her account and trying to get her to invest 
further had criticized the previous investment. The Client filed a complaint on March 15, 
2010, stating that the investment had been unsuitable for her. She sought damages of 
$30,000.
Claimant testified very credibly that he had fully assessed her suitability for the 
investment, that it was entirely suitable, and that his manager had also reviewed the 
investment and found it fully suitable. Wells Fargo did not find any wrongdoing by 
Claimant, nor did FINRA or any other agency. While Claimant was on medical leave, 
Wells Fargo elected to settle the matter for approximately $27,000 rather than incur 
excessive legal fees.
Given Claimant’s very credible testimony on this matter, that the claim of “unsuitability” 
was made over two years after the initial investment and, especially, given the 
circumstances that he was on medical leave at the time the claim was filed and unable to 
be in communication with his client, I find that the claim by Ms. D was false. It is not of 
public value to have this false claim remain on Claimant’s CRD records and 
expungement is awarded. 
Occurrence Number 1587381
The underlying client in the matter, Mr. W, had been an existing customer of Wells Fargo 
bank for some time. Claimant testified that in about late 2006 or early 2007, Mr. W came 
into an inheritance. Claimant testified that he did a thorough and in-depth analysis of Mr. 
W’s needs, including his needs for retirement, and recommended two investments that 
he felt perfectly suited him, a First Trust unit investment trust and a Riversource Life 
variable annuity. Claimant testified that he explained the investments very carefully to Mr. 
W, that Mr. W entirely understood and approved of the investments and that Mr. W had a 
30 day right to cancel. Mr. W held the investments for approximately 4 or 5 years. 
However, on March 30, 2011, after Claimant had left Wells Fargo due to his medical 
issues, Mr. W. had filed a complaint alleging that the investments were unsuitable and 
seeking damages of a minimum of $70,000. Eight months later, Wells Fargo, without 
Claimant being involved, decided to settle for a fraction of the requested damages, 
$17,500, rather than incur further legal fees. There was no finding of wrongdoing by 
Claimant by Wells Fargo. 
Claimant, again, that he believes if he had been in communication with Mr. W no 
complaint would have been filed and that it is likely that after he left Wells Fargo a new 
broker, looking to generate business, criticized the previous investment. Given Claimant’s 
very cogent, detailed and credible testimony on this matter, I find that the claim by Mr. W 
was false. It is not of public value to have this false claim remain on Claimant’s CRD 
records and expungement is awarded. 
Occurrence Number 1563546
The underlying client in the matter, Ms. Z, was referred to Claimant by Wells Fargo bank 
and she had approximately $100,000 to invest. Claimant stated that he thoroughly 
reviewed her goals, met with her at least three times and determined that a market linked 
Certificate of Deposit was an appropriate, conservative investment for her with a buffer 
against loss. He testified that she was completely apprised of and understood the risk. 
The investment was approved by Wells Fargo and occurred on or about April 28, 2008. 
Unfortunately, due to the massive market crash in and about 2008-2009, the investment, 
apparently, declined slightly. A riskier investment would have declined ever further. On or 
about April 11, 2011, Ms. Z filed a complaint alleging that she had been guaranteed a 
100% return on the investment but instead it had declined, and she stated damages of 
$5,158.55. 
At this time, Claimant had left Wells Fargo due to his medical issues. Four months later, 
Wells Fargo settled for $5,158.55, a nominal sum considering the cost of potential 
litigation. Neither Wells Fargo nor anyone else found any wrongdoing on Claimant’s 
behalf. Given Claimant’s very detailed and extremely credible testimony on this matter, 
as well as the absurdity of Ms. Z’s claim that she was promised a 100% return within a 
two-year period on this investment, and the circumstances of the severe 2008-2009 
market crash, I find that the claim by Ms. Z was false. It is not of public value to have this 
false claim remain on Claimant’s CRD records and expungement is awarded.
2. Any and all claims for relief not specifically addressed herein are denied.","In the Statement of Claim, Claimant (CRD Number 2835105) requested: 
1. Expungement of Occurrence Numbers 1126430, 1126429, 1444476, 1523952, 1587381, 
and 1563546, from Claimant’s CRD records, pursuant to FINRA Rule 2080, as: 
a. the claim, allegation, or information is factually impossible or clearly erroneous; 
and/or;
b. Claimant was not involved in the alleged investment-related sales practice sales 
practice violation, forgery, theft, misappropriation, or conversion of funds; and/or
c. the claim, allegation, or information is false; and
2. Any and all other relief that the Arbitrator deems just and equitable.
In the Statement of Answer, Wells Fargo requested:
1. Any request for damages be denied, should one be proffered; and 
2. All forum and hearing fees be assessed against Claimant pursuant to FINRA Rule 
13805(d).","Expungement Award
In the Matter of the Arbitration Between: 
Claimant
John Edward Bostaph
Case Number: 23-01431
 vs.
Respondents
WaMu Investments, Inc.
Wells Fargo Investments, LLC
Hearing Site: San Francisco, California
Awards are rendered by independent arbitrators who are chosen by the parties to issue final, 
binding decisions. FINRA makes available an arbitration forum—pursuant to rules approved by 
the SEC—but has no part in deciding the award.
Nature of the Dispute: Associated Person vs. Members
The expungement hearing was conducted by videoconference.","Statement of Claim filed on or about: May 17, 2023.
Claimant signed the Submission Agreement: May 17, 2023.
WaMu did not file a Statement of Answer or sign the Submission Agreement. 
Statement of Answer filed by Wells Fargo on or about: July 13, 2023.
Wells Fargo signed the Submission Agreement: July 13, 2023.","In the Statement of Claim, Claimant asserted a claim seeking expungement of customer dispute 
information from registration records maintained by the Central Registration Depository (“CRD”). 
In the Statement of Answer, Wells Fargo took no position on Claimant’s expungement request 
with respect to Occurrence Numbers 1444476, 1523952, 1587381, and 1563546.","The Arbitrator acknowledges having read the pleadings and other materials filed by the parties. 
On August 30, 2023, the parties agreed to proceed with a single arbitrator for this matter. 
WaMu did not file a properly executed Submission Agreement but is required to submit to 
arbitration pursuant to the Code of Arbitration Procedure (“Code”) and is bound by the 
determination of the Arbitration on all issues submitted.
On February 28, 2024, Claimant advised that the customers in Occurrence Numbers 1587381 
(“Mr. W”) and 1563546 (“Ms. Z”) were served with the Statement of Claim and notice of the date 
and time of the expungement hearing. On the same day, Claimant submitted LexisNexus death 
records for the customers in Occurrence Numbers 1126430 (“Mr. C”), 1444476 (“Ms. G”) and 
1523952 (“Ms. D”) as well as an affidavit that the customer in Occurrence Number 1126429 
(“Mr. M”) was unable to be located and served despite diligent efforts made by Claimant. On 
March 5, 2024, Claimant submitted an affidavit confirming Mr. W and Ms. Z were served with a 
copy of the Statement of Claim and notice of the date and time of the expungement hearing and 
that Mr. C and Ms. G were deceased and therefore could not be served. The Arbitrator found 
that Mr. W and Ms. Z had notice of the expungement request and hearing and that Mr. C, Ms. G 
and Ms. D could not be served since they were deceased. The Arbitrator determined that Claimant 
had made sufficient effort to attempt to serve Mr. M but that service could not be completed. 
The Arbitrator conducted a recorded hearing by videoconference on April 8, 2024, so the parties 
could present oral argument and evidence on Claimant’s request for expungement. Claimant 
participated by videoconference at the expungement hearing. Wells Fargo participated in the 
expungement hearing and, as stated in the Statement of Answer, did not oppose the request for 
expungement. WaMu did not participate in the expungement hearing.
Mr. W and Ms. Z did not participate in the expungement hearing.
The Arbitrator noted Claimant’s representation that a prior arbitration panel or court has not 
previously ruled on expungement of the same occurrences in the CRD.
The Arbitrator was unable to review the settlement documentation related to Occurrence 
Numbers 1126430 and 1523952 due to the length of the time since the settlement occurred and 
WaMu is non-responsive. The Arbitrator was also unable to review the settlement 
documentation related to Occurrent Numbers 1587381 and 1563546 due to the passage of time 
and the operation of corporate record retention policies. Having reviewed Claimant’s 
BrokerCheck® Report and heard testimony at the hearing, the Arbitrator considered the 
settlement amounts and noted that Claimant did not contribute to the settlement amounts. The 
Arbitrator also noted that the dates of the settlements preceded the effective date of the rule 
against conditioned settlements. 
The Arbitrator noted that the disputes related to Occurrence Numbers 1126429 and 1444476 
were not settled and, therefore, there was no settlement documentation to review.
The Arbitrator relied upon the following documentary or other evidence: the Statement of Claim; 
Wells Fargo’s Statement of Answer; Claimant’s CRD records; Claimant’s exhibits; and 
Claimant’s testimony.","Pursuant to the Code, the following fees are assessed:
Filing Fees
FINRA Dispute Resolution Services assessed a filing fee* for each claim:
Initial Claim Filing Fee =$ 1,600.00
*The filing fee is made up of a non-refundable and a refundable portion. 
Member Fees
Member fees are assessed to each member firm that is a party in these proceedings or to the 
member firm(s) that employed the associated person(s) at the time of the event(s) giving rise to 
the dispute. Accordingly, as parties, Respondents are each assessed the following:
Member Surcharge =$ 2,000.00
Member Process Fee =$ 3,850.00
Hearing Session Fees and Assessments
The Arbitrator has assessed hearing session fees for each session conducted. A session is any 
meeting between the parties and the Arbitrator(s), including a pre-hearing conference with the 
Arbitrator(s), which lasts four (4) hours or less. Fees associated with these proceedings are:
One (1) pre-hearing session with a single Arbitrator @ $1,150.00/session
Pre-Hearing Conference: October 17, 2023 1 session
=$ 1,150.00
One (1) hearing session on expungement request @ $1,150.00/session =$ 1,150.00
Hearing: April 8, 2024 1 session
Total Hearing Session Fees =$ 2,300.00
The Arbitrator has assessed the total hearing session fees to Claimant.
All balances are payable to FINRA Dispute Resolution Services and are due upon receipt.
ARBITRATOR
Philip Aaron Tymon - Sole Public Arbitrator
I, the undersigned Arbitrator, do hereby affirm that I am the individual described herein and who 
executed this instrument, which is my award.
Arbitrator's Signature
Philip Aaron Tymon
Philip Aaron Tymon
Sole Public Arbitrator
05/06/2024
Signature Date
Awards are rendered by independent arbitrators who are chosen by the parties to issue final, 
binding decisions. FINRA makes available an arbitration forum—pursuant to rules approved by 
the SEC—but has no part in deciding the award.
May 07, 2024
Date of Service (For FINRA Dispute Resolution Services use only)",
24-01196,24-01196,post_cutoff_control,2024-09-26,24-01196.pdf,3,4009,8,"Claimant Karan Patel (“Claimant”) appeared pro se.
For Respondent Robinhood Financial, LLC (“Respondent”): Simeon M. Schopf, Esq., 
Robinhood Financial LLC, Washington, District of Columbia.","After considering the pleadings, the Arbitrator has decided and determined in full and final 
resolution of the issues submitted for determination as follows: 
1. Claimant’s claims are denied in their entirety.
2. FINRA Dispute Resolution Services shall retain the $175.00 filing fee that Claimant deposited 
previously.
3. Respondent is liable for and shall pay to Claimant the sum of $87.50 to reimburse Claimant 
for one half of the filing fee previously paid to FINRA Dispute Resolution Services. 
4. Any and all claims for relief not specifically addressed herein, including any requests for 
punitive damages, treble damages, and attorneys’ fees, are denied.","In the Statement of Claim, Claimant requested damages in the amount of $3,475.60 (total of 
unauthorized transactions), compensation for any related damages, interest for the loss of 
trading opportunities and financial impact during the period his account was restricted, and an 
investigation into the security lapse to prevent future occurrences.
In the Statement of Answer, Respondent requested that the claims asserted in the Statement of 
Claim be denied, that all costs be assessed to Claimant, and any further relief as determined by 
the Arbitrator.","Award
In the Matter of the Arbitration Between: 
Claimant
Karan Patel
Case Number: 24-01196
 vs.
Respondent
Robinhood Financial, LLC
Hearing Site: Minneapolis, Minnesota
Awards are rendered by independent arbitrators who are chosen by the parties to issue final, 
binding decisions. FINRA makes available an arbitration forum—pursuant to rules approved by 
Nature of the Dispute: Customer vs. Member
This matter proceeded pursuant to Rule 12800 of the Code of Arbitration Procedure (“Code”). 
The Claimant did not request a hearing.","Statement of Claim filed on or about: June 2, 2024.
Claimant signed the Submission Agreement: June 2, 2024.
Statement of Answer filed on or about: July 23, 2024.
Respondent signed the Submission Agreement: July 23, 2024.","In the Statement of Claim, Claimant asserted the following causes of action: breach of contract, 
negligence, fraud, and unauthorized trading. The causes of action related to Claimant’s 
allegation that there were unauthorized transactions and activities in his account, including the 
purchase of Robinhood Gold and enrollment in the brokerage cash sweep program, the then 
downgrading of his account from Robinhood Gold, cancellation of orders of Avalanche (AVAX), 
Compound (COMP), purchase of Ethereum (ETH), and the transfer of funds to an external 
wallet. Claimant alleged that the issue remains unresolved, and that reimbursement has been 
unjustly denied.
Unless specifically admitted in the Statement of Answer, Respondent denied the allegations made 
in the Statement of Claim and asserted various affirmative defenses.",The Arbitrator acknowledges having read the pleadings and other materials filed by the parties.,"Pursuant to the Code, Respondent has paid to FINRA Dispute Resolution Services the $150.00 
Member Surcharge previously invoiced.
All balances are payable to FINRA Dispute Resolution Services and are due upon receipt.
ARBITRATOR
Gregory G. Gocek - Sole Public Arbitrator
I, the undersigned Arbitrator, do hereby affirm that I am the individual described herein and who 
executed this instrument, which is my award.
Arbitrator's Signature
Gregory G. Gocek
Gregory G. Gocek
Sole Public Arbitrator
09/26/2024
Signature Date
Awards are rendered by independent arbitrators who are chosen by the parties to issue final, 
binding decisions. FINRA makes available an arbitration forum—pursuant to rules approved by 
September 26, 2024
Date of Service (For FINRA Dispute Resolution Services use only)",
24-00236,24-00236,post_cutoff_control,2024-09-26,24-00236.pdf,6,10616,9,"For Claimant Rudolf Lucian Molnar: Lawton R. Graves, Esq. and Corinne H. Bowden, Esq., 
Murphy & Anderson, P.A., Jacksonville, Florida.
For Respondent Ameriprise Financial Services, LLC: Howard M. Kausmeier, Esq., Ameriprise 
Financial Services, Inc., Troy, Michigan.","After considering the pleadings, the testimony and evidence presented at the expungement 
hearing, and any post-hearing submissions, the Panel has decided in full and final resolution of 
the issues submitted for determination as follows: 
1. The Panel awards the expungement of all references to Occurrence Number 2221934 from 
registration records maintained by the CRD for Claimant Rudolf Lucian Molnar (CRD 
Number 3211892) with the understanding that, pursuant to Rule 2080, Claimant Rudolf 
Lucian Molnar must obtain confirmation from a court of competent jurisdiction before the 
CRD will execute the expungement directive. 
Unless specifically waived in writing by FINRA, parties seeking judicial confirmation of an 
arbitration award containing expungement relief must name FINRA as an additional party 
and serve FINRA with all appropriate documents. 
Pursuant to Rule 13805 of the Code of Arbitration Procedure (“Code”), the Panel has made 
the following affirmative finding(s) of fact:
The claim, allegation, or information is false.
The Panel has made the above finding(s) based on the following reasons: 
Claimant is a financial advisor with twenty-five (25) years of experience. Claimant maintains 
several advanced designations in his field, including a Certified Financial Planner™ 
certification. In 2014, a client of Claimant requested that Claimant provide investment advice 
for the client's nephews, two (2) brothers in their mid-20s (the Customers), who received an 
inheritance and wanted to invest a portion of the inheritance. Each brother had an 
investment horizon of more than eight (8) years. Each had a primary investment objective of 
growth: the older brother had a risk tolerance of moderate to aggressive; and the younger 
brother had a moderate risk tolerance. The brothers both executed a durable power of 
attorney in favor of their older and more experienced uncle.
Claimant provided separate investment plans for each of the brothers, which included 20% 
or less of the portfolio in an investment in an energy BDC which was vetted and approved by 
Respondent to offer to Respondent's customers. Each brother was qualified to invest in the 
BDC. After extensive discussions with Claimant, at which their uncle was present and 
agreed to the investment portfolio recommended by Claimant, and after executing several 
disclosure documents, each brother made an investment in the BDC. Claimant regularly met 
with each brother, sometimes accompanied by their uncle, to discuss their investments.
After eighteen (18) months, the younger brother requested that all of his investments be 
cashed out, including the BDC. The BDC shares owned by the younger brother were 
liquidated at the discounted price then offered by the company. His accounts with 
Respondent were closed.
The older brother maintained his accounts with Claimant for another five (5) years, and 
during that time made no complaints about any of the investments. He eventually closed his 
accounts with Claimant without indicating any reason or complaint. At that point, the BDC 
had declined in value.
The Customers’ complaint was initiated by both brothers in 2022, claiming the investment in 
the BDC was unsuitable for either brother. The claim was settled for a nominal amount by 
Respondent, with no participation by Claimant, who was not a named party to the underlying 
arbitration.
The Customers’ underlying complaint is false. There is no regulatory value or benefit to the 
investing public in maintaining this occurrence on Claimant's CRD or BrokerCheck® Report.","In the Statement of Claim, Claimant (CRD Number 3211892) requested expungement of 
Occurrence Number 2221934.
In the Statement of Answer, Respondent requested: denial of any and all relief requested 
against Respondent; and assessment of all hearing costs and fees against Claimant.","Expungement Award
In the Matter of the Arbitration Between: 
Claimant
Rudolf Lucian Molnar
Case Number: 24-00236
 vs.
Respondent
Ameriprise Financial Services, LLC
Hearing Site: Tampa, Florida
Awards are rendered by independent arbitrators who are chosen by the parties to issue final, 
binding decisions. FINRA makes available an arbitration forum—pursuant to rules approved by 
Nature of the Dispute: Associated Person vs. Member","Statement of Claim filed by Claimant on or about: February 1, 2024.
Claimant signed the Submission Agreement: February 8, 2024.
Amended Statement of Claim filed by Claimant on or about: March 28, 2024.
Statement of Answer filed by Respondent on or about: April 3, 2024.
Respondent signed the Submission Agreement: April 3, 2024.","In the Statement of Claim, as amended, Claimant asserted a claim seeking expungement of 
customer dispute information from registration records maintained by the Central Registration 
Depository (“CRD”). 
In the Statement of Answer, Respondent took no position on Claimant’s expungement request.","The Arbitrators acknowledge that they have each read the pleadings and other materials filed by 
the parties.
On March 28, 2024, Claimant filed an Amended Statement of Claim, which added additional 
information and exhibits.
On June 13, 2024, and August 30, 2024, Claimant advised that the customers in Occurrence 
Number 2221934 (“Customers”) were served with a copy of the Statement of Claim, as 
amended.
On August 15, 2024, the Panel issued an Order directing Claimant to re-serve the Customers by 
means that include a tracking receipt, and also to indicate where the service addresses were 
obtained and/or why the addresses can reasonably be relied on.
On August 30, 2024, Claimant filed an updated proof of service in accordance with the Panel’s 
Order. Claimant advised that the Customers were served with copies of the Statement of Claim, 
Amended Statement of Claim, Statement of Answer, and initial pre-hearing conference Order. 
Claimant further noted that the addresses used for service were obtained from the Customers’ 
attorney. 
On February 23, 2024, the authorized representative of state securities regulators registered for 
the DR Portal, providing them with access to all documents filed in the case.
The Panel conducted a recorded hearing by videoconference on September 5, 2024, so the 
parties could present oral argument and evidence on Claimant’s request for expungement. 
Claimant and counsel participated by videoconference at the expungement hearing. Respondent 
participated by videoconference at the expungement hearing and did not oppose the request for 
expungement. 
The Customers or their representatives did not participate in the expungement hearing. The 
authorized representative of state securities regulators also did not participate in the expungement 
hearing. 
The Panel noted Claimant’s representation that a prior arbitration panel or court has not 
previously ruled on expungement of the same occurrence in the CRD.
During the expungement hearing, the Panel directed Claimant’s counsel to provide a post-
hearing submission regarding service on the Customers. On September 6, 2024, Claimant’s 
counsel filed an Affidavit, attesting to how the Customers were served.
The Panel reviewed the settlement documentation related to Occurrence Number 2221934, 
considered the amount of payment made to any party to the settlement, and considered other 
relevant terms and conditions of the settlement. The Panel noted that the settlement was not 
conditioned on any party to the settlement not opposing the expungement request and that 
Claimant did not contribute to the settlement amount. 
The Panel relied upon the following documentary or other evidence: Claimant’s testimony; 
Customers’ underlying Statement of Claim, Statement of Answer and settlement agreements; 
Claimant’s BrokerCheck® Report; account opening documents; durable power of attorney 
documents; prospectus; Business Development Company (“BDC”) investment applications; 
subscription agreements; trade confirmations; supervisory call records; client correspondence 
and meeting summary; and office incident notes.","Pursuant to the Code, the following fees are assessed:
Filing Fees
FINRA Dispute Resolution Services assessed a filing fee* for each claim:
Initial Claim Filing Fee =$ 1,600.00
*The filing fee is made up of a non-refundable and a refundable portion. 
Member Fees
Member fees are assessed to each member firm that is a party in these proceedings or to the 
member firm that employed the associated person at the time of the event(s) giving rise to the 
dispute. Accordingly, as a party, Respondent is assessed the following:
Member Surcharge =$ 2,000.00
Member Process Fee =$ 3,850.00
Hearing Session Fees and Assessments
The Panel has assessed hearing session fees for each session conducted. A session is any 
meeting between the parties and the Arbitrator(s), including a pre-hearing conference with the 
Arbitrator(s), which lasts four (4) hours or less. Fees associated with these proceedings are:
One (1) pre-hearing session with the Panel @ $1,150.00/session
Pre-Hearing Conference: June 4, 2024 1 session
=$ 1,150.00
One (1) hearing session on expungement request @ $1,150.00/session
Hearing: September 5, 2024 1 session
=$ 1,150.00
Total Hearing Session Fees =$ 2,300.00
The Panel has assessed the total hearing session fees to Claimant.
All balances are payable to FINRA Dispute Resolution Services and are due upon receipt.","Nancy J. Cliff - Public Arbitrator, Presiding Chairperson
Anna M. Fanelli - Public Arbitrator
Grant D. Sanders - Public Arbitrator
I, the undersigned Arbitrator, do hereby affirm that I am the individual described herein and who 
executed this instrument, which is my award.
Concurring Arbitrators' Signatures
Nancy J. Cliff
Nancy J. Cliff
Public Arbitrator, Presiding Chairperson
09/24/2024
Signature Date
Anna M. Fanelli
Anna M. Fanelli
Public Arbitrator
09/26/2024
Signature Date
Grant D. Sanders
Grant D. Sanders
Public Arbitrator
09/24/2024
Signature Date
Awards are rendered by independent arbitrators who are chosen by the parties to issue final, 
binding decisions. FINRA makes available an arbitration forum—pursuant to rules approved by 
September 26, 2024
Date of Service (For FINRA Dispute Resolution Services use only)"
24-00981,24-00981,post_cutoff_control,2024-12-13,24-00981.pdf,6,11608,8,"For Claimants Vincent Napoli, and Julia Napoli (“Claimant”): Michael J. Giarrusso, Esq., 
Giarrusso Law Group LLC, Jersey City, New Jersey.
For Respondent Roberto Leslie (“Respondent”): Kate E. DiGeronimo, Esq., Mound Cotton 
Wollan & Greengrass LLP, New York, New York.","After considering the pleadings, the testimony and evidence presented at the hearing, and any 
post-hearing submissions, the Arbitrator has decided in full and final resolution of the issues 
submitted for determination as follows: 
1. Claimants’ claims are dismissed without prejudice pursuant to Rule 12206(b) of the Code. 
2. Respondent’s request for expungement of the above-captioned arbitration (Occurrence 
Number 2259974) from registration records maintained by the CRD is denied.","In the Statement of Claim, Claimants requested: rescission of all trading losses and 
disgorgement of all fees received by Respondents; compensatory damages of approximately, 
$50,000.00; pre- and post–award interest, costs, expenses, attorneys’ fees, expert fees, and 
forum fees; and punitive damages.
In the Statement of Answer, Respondent requested that Claimant’s claims be dismissed in their 
entirety. 
Respondent filed a request for expungement of all references to Occurrence Number 2259974 
from Central Registration Depository (“CRD”) registration records (CRD Number 2755940). 
Please see the Other Issues Considered and Decided section of this Award for more 
information..","Award
In the Matter of the Arbitration Between: 
Claimants
Vincent Napoli
Julia Napoli
Case Number: 24-00981
 vs.
Respondent
Roberto Leslie
Hearing Site: New York, New York
Awards are rendered by independent arbitrators who are chosen by the parties to issue final, 
binding decisions. FINRA makes available an arbitration forum—pursuant to rules approved by 
Nature of the Dispute: Customers vs. Associated Person
This matter proceeded pursuant to Rule 12800 of the Code of Arbitration Procedure (“Code”) 
under the Special Proceeding option. This award issues a decision on expungement of 
customer dispute information.","Statement of Claim filed on or about: May 3, 2024.
Julia Napoli signed the Submission Agreement: May 3, 2024.
Vincent Napoli signed the Submission Agreement: May 3, 2024.
Statement of Answer filed by Respondent on or about: July 23, 2024.
Roberto Leslie signed the Submission Agreement: August 21, 2024.","In the Statement of Claim, Claimants asserted the following causes of action: common law 
negligence, negligent misrepresentation and omission, unsuitability, breach of fiduciary duty, 
and breach of contract. The causes of action relate to investment in Healthcare Trust, Inc.
Unless specifically admitted in the Statement of Answer, Respondent denied the allegations made 
in the Statement of Claim and asserted various affirmative defenses.","The Arbitrator acknowledges having read the pleadings and other materials filed by the parties. 
On August 30, 2024, Respondent filed a Motion to Dismiss pursuant to Rule 12206 of the Code 
of Arbitration Procedure (“Code”). On October 18, 2024, Claimants filed a response opposing 
the Motion to Dismiss. On October 23, 2024, Respondent filed a reply in further support of the 
Motion to Dismiss. On October 29, 2024, the Arbitrator heard oral arguments on the Motion to 
Dismiss. On October 30, 2024, the Arbitrator granted the Motion to Dismiss on the grounds that:
Claimant filed a Claim for an Expedited Simplified Hearing “Special Proceeding” on May 3, 
2024, seeking the return of an investment of $50,000 in Real Estate Investment Trust product 
(REIT) purchased in October 2013 and June 2014. Respondent filed an Answer and a separate 
Request for Expungement. Respondent raised the issue of eligibility and filed a Motion to 
Dismiss. Respondent argues that the Claim is ineligible to be filed in FINRA due to Rule 12206.
FINRA Rule 12206 states that “No claim shall be eligible for submission to arbitration under the 
Code where six years have elapsed from the occurrence or event giving rise to the claim.” The 
question before this Arbitrator is determining the event that triggers the six year period.
The Claim alleges that Respondent sold to Claimants, $50,000 in a REIT product, in two 
separate transactions in 2013 and 2014, that was unsuitable to meet the needs of Claimants, 
who are elderly, have limited education and limited experience in investments. The Claimants’ 
asserted position is that they wanted to protect their $50,000 investment. The Claim further 
alleges that Respondent represented that the principal was protected, and that the REIT would 
return the initial investment of $50,000 after seven years. In addition, the Claim alleges that 
Respondent failed to advise the Claimants that their investment was at risk, misrepresented the 
risk to the principal and failed to advise that the REIT could reduce or fail to pay dividends or 
distributions to the investors. According to the Claim, the relationship was on-going and, in 
September 2018 Respondent sold an annuity to the couple in which the couple transferred their 
interest in a separate annuity to a new one.
In response to the Motion to Dismiss, the Claimants include with their opposition memorandum 
of law, two documents that bear additional information on the Claim. The first is an affidavit 
signed by one of the Claimants that in May 2018, Claimant became concerned that the REIT 
was not a principal protected investment. The affidavit states that his son then emailed the 
Respondent raising serious concerns about the investment. The Claimants assert that there 
were verbal reassurances from Respondent that the principal was protected, but no timeframe 
dates are alleged. The second document is the email from the son dated May 4, 2018, raising 
the issue of unsuitability, and requesting an exit strategy from this investment. The email further 
states the account statements received by his father showed that the value of the REIT 
declining for months. The son further states that the father contacted the company directly and 
was advised that his principal was not protected in this type of investment. The son also 
describes a conversation wherein the Respondent told the father that the REIT could be “bought 
out” and the son then requested whether the Claimants could get out of the investment without 
suffering a significant loss. According to the Claimant’s affidavit, Respondent failed to respond 
to the email.
Based on the Claim, the Answer, the Motion to Dismiss with attachments, the opposition to 
Motion to Dismiss with attachments, the Reply with attachments and the oral arguments of the 
parties at the Prehearing Conference, the Arbitrator finds that the misrepresentation and 
allegations of unsuitability occurred at the time the product was purchased in 2013 and in 2014. 
Although the Claim alleges that the Respondent engaged in a pattern of misrepresentation and 
recommendations of unsuitability products to other clients, the Claim itself does not allege 
misrepresentation and unsuitability beyond the initial recommendation of the REIT for these 
Claimants. The affidavit and email from the son do not cure the Claim’s deficiencies. At best, 
they showed that the Claimants became aware that the principal was not protected, and that the 
product was declining in value months before the May 3, 2018, email. By the Claimant's own 
admission, the Respondent did not reply to the email. It should be noted that Claimant, in his 
affidavit, asserted that in May 2018 that he and his wife had not realized how the product had 
been misrepresented to them but the son’s email and the affidavit itself shows that they were 
questioning Respondent’s alleged representations prior to May 2018. Although there was an 
ongoing relationship with Respondent, the Claim does not allege any facts after the initial 
investment that would lead to a different event that would trigger the eligibility timeline.
Claimants’ attorney raised an argument at the Prehearing Conference that the 2018 
recommendation from Respondent and Claimants’ purchase of an annuity was part of an on-
going investment strategy. However, on the basis of the facts as alleged in this case, the 2018 
annuity purchase and the 2014 and 2013 REIT purchases are too remote to constitute an on-
going investment strategy.
The Motion to Dismiss is granted is granted based upon the above. The Claim was filed over 
nine years after the triggering event or occurrence (the last purchase of the REIT) took place.
Respondent’s Motion to Dismiss pursuant to Rule 12206 of the Code is granted by the Arbitrator 
without prejudice to any right Claimant has to file in court; Claimants are not prohibited from 
pursuing their claims in court pursuant to Rule 12206(b) of the Code. 
On December 9, 2024, Respondent withdrew the request for expungement. On December 12, 
2024, the Arbitrator issued an order pursuant to FINRA Rule 12800(d)(1)(C) denying the request 
for expungement (Occurrence Number 2259974) with prejudice.","Pursuant to the Code of Arbitration Procedure (“Code”), the following fees are assessed:
Filing Fees
FINRA Dispute Resolution Services assessed a filing fee* for each claim:
Initial Claim Filing Fee =$ 600.00
Expungement Filing Fee =$1,600.00
*The filing fee is made up of a non-refundable and a refundable portion. 
Member Fees
Member fees are assessed to each member firm that is a party in these proceedings or to the 
member firm that employed the associated person at the time of the event giving rise to the 
dispute. Accordingly, as Respondent’s former firm, Essex National Securities, LLC is assessed 
the following:
Member Surcharge =$ 750.00
Member Process Fee =$ 3850.00
Last-Minute Cancellation Fees
Fees apply when a hearing on the merits is cancelled within ten calendar days before the start 
of a scheduled hearing session: 
December 12, 2024, cancellation requested Respondent. =$ 600.00
Total Last-Minute Cancellation Fees =$ 600.00
The Arbitrator has assessed the total last-minute cancellation fees to Respondent. 
Hearing Session Fees and Assessments
The Arbitrator has assessed hearing session fees for each session conducted. A session is any 
meeting between the parties and the Arbitrator, including a pre-hearing conference with the 
Arbitrator, which lasts four (4) hours or less. Fees associated with these proceedings are:
Two (2) pre-hearing sessions @ $450.00/session
Pre-Hearing Conferences: August 19, 2024 1 session
October 29, 2024 1 session
=$ 900.00
Total Hearing Session Fees =$ 900.00
The Arbitrator has assessed $450.00 of the hearing session fees jointly and severally to 
Claimants.
The Arbitrator has assessed $450.00 of the hearing session fees to Respondent. 
All balances are payable to FINRA Dispute Resolution Services and are due upon receipt.
ARBITRATOR
Lynne M. Reid-McQueen - Sole Public Arbitrator
I, the undersigned Arbitrator, do hereby affirm, pursuant to Article 7507 of the Civil Practice Law 
and Rules, that I am the individual described herein and who executed this instrument, which is 
my award.
Arbitrator's Signature
Lynne M. Reid-McQueen
Lynne M. Reid-McQueen
Sole Public Arbitrator
12/13/2024
Signature Date
Awards are rendered by independent arbitrators who are chosen by the parties to issue final, 
binding decisions. FINRA makes available an arbitration forum—pursuant to rules approved by 
December 13, 2024
Date of Service (For FINRA Dispute Resolution Services use only)",
24-02051,24-02051,post_cutoff_control,2025-02-21,24-02051.pdf,5,8631,9,"For Claimant Samantha P. Hobart (“Claimant”): David I. Hantman, Esq., Bressler, Amery & 
Ross, P.C., New York, New York.
For Respondent Morgan Stanley (“Respondent”): Suzette J. Barnes, Esq., Morgan Stanley 
Wealth Management, San Francisco, California.","After considering the pleadings, the testimony and evidence presented at the expungement 
hearing, the Panel has decided in full and final resolution of the issues submitted for 
determination as follows: 
1. The Panel awards the expungement of all references to Occurrence Number 2240722 from 
registration records maintained by the CRD for Claimant Samantha Paige Hobart (CRD 
Number 6251748) with the understanding that, pursuant to Rule 2080, Claimant Samantha 
Paige Hobart must obtain confirmation from a court of competent jurisdiction before the CRD 
will execute the expungement directive. 
Unless specifically waived in writing by FINRA, parties seeking judicial confirmation of an 
arbitration award containing expungement relief must name FINRA as an additional party 
and serve FINRA with all appropriate documents. 
Pursuant to Rule 13805 of the Code of Arbitration Procedure (“Code”), the Panel has made 
the following affirmative findings of fact:
The registered person was not involved in the alleged investment-related sales practice 
violation, forgery, theft, misappropriation, or conversion of funds.
The claim, allegation, or information is false.
The Panel has made the above findings based on the following reasons: 
Claimant did not recommend covered call strategies or trade options for anyone, 
including the Customer. Claimant did not manage covered call strategies. Other people at 
Respondent performed these activities, and Claimant introduced the Customer to them 
because her expertise was not in this area. Claimant was a financial planner, and she 
adopted a holistic approach to financial planning. She advised the Customer of potential 
strategies in the areas of insurance needs, the Customer's artwork, estate planning, 
retirement planning, tax planning, and wealth transfer. Claimant also created a financial 
plan for the Customer. The Customer was a wealthy and sophisticated investor who 
pursued covered call strategies prior to becoming a customer with Respondent. He 
wished to pursue these strategies while a customer of Respondent, and Claimant's role 
was limited to introducing the Customer to other people at Respondent company who 
could assist him. For the above reasons and because it will not aid the investing public, 
regulators or prospective broker-dealer employers to keep the Customer's allegations on 
Claimant's record, the Panel grants Claimant's expungement petition. Claimant was not 
involved in the alleged investment-related sales practice violation, forgery, theft, 
misappropriation, or conversion of funds. Additionally, the claim, allegation, or information 
is false as to her.
2. Any and all claims for relief not specifically addressed herein are denied.","In the Statement of Claim, Claimant (CRD Number 6251748) requested expungement of 
Occurrence Number 2240722 from her CRD records.
In the Statement of Answer, Respondent requested:
1. The Panel award Claimant no damages from Respondent; and 
2. All hearing fees be allocated to Claimant.","Expungement Award
In the Matter of the Arbitration Between: 
Claimant
Samantha P. Hobart
Case Number: 24-02051
 vs.
Respondent
Morgan Stanley
Hearing Site: San Francisco, California
Awards are rendered by independent arbitrators who are chosen by the parties to issue final, 
binding decisions. FINRA makes available an arbitration forum—pursuant to rules approved by 
Nature of the Dispute: Associated Person vs. Member
The expungement hearing was conducted by videoconference.","Statement of Claim filed on or about: September 24, 2024.
Claimant signed the Submission Agreement: September 24, 2024.
Statement of Answer filed by Respondent on or about: November 7, 2024.
Respondent signed the Submission Agreement: November 13, 2024.","In the Statement of Claim, Claimant asserted a claim seeking expungement of customer dispute 
information from registration records maintained by the Central Registration Depository (“CRD”). 
In the Statement of Answer, Respondent did not oppose Claimant’s expungement request, 
denied any allegations of wrongdoing made in the Statement of Claim and asserted various 
affirmative defenses.","The Arbitrators acknowledge that they have each read the pleadings and other materials filed by 
the parties. 
On October 9, 2024 Claimant advised that the customer in Occurrence Number 2240722 
(“Customer”) was served with a copy of the Statement of Claim within 10 days of filing the 
Statement of Claim. 
On October 15, 2024, Claimant filed a written statement from the Customer that he supported 
Claimant’s request for expungement and did not wish to participate further in the expungement 
matter, including attending any hearings or receiving further documents in the matter. 
On January 13, 2025, Claimant advised that the Customer was served with a copy of the 
Statement of Answer, but it was not done within 10 days of filing the Statement of Answer.
On January 17, 2025, the authorized representative of the state securities regulator for California 
submitted a written statement and did not oppose the expungement request.
The Panel conducted a recorded hearing by videoconference on January 21, 2025, so the parties 
could present oral argument and evidence on Claimant’s request for expungement. Claimant 
participated by videoconference at the expungement hearing. Respondent participated in the 
expungement hearing and, as stated in the Statement of Answer, did not oppose the request for 
expungement. 
The Customer did not participate in the expungement hearing. The authorized representative of 
the state securities regulator for California participated in the expungement hearing and did not 
oppose the expungement request. 
The Panel noted Claimant’s representation that a prior arbitration panel or court has not 
previously ruled on expungement of the same occurrence in the CRD.
The Panel noted that the dispute related to Occurrence Number 2240722 was not settled and, 
therefore, there was no settlement documentation to review.
The Panel relied upon the following documentary or other evidence: Claimant’s exhibits and 
Claimant’s testimony.","Pursuant to the Code, the following fees are assessed:
Filing Fees
FINRA Dispute Resolution Services assessed a filing fee* for each claim:
Initial Claim Filing Fee =$ 1,600.00
*The filing fee is made up of a non-refundable and a refundable portion. 
Member Fees
Member fees are assessed to each member firm that is a party in these proceedings or to the 
member firm(s) that employed the associated person(s) at the time of the event(s) giving rise to 
the dispute. Accordingly, as a party, Respondent is assessed/are each assessed the following:
Member Surcharge =$ 2,000.00
Member Process Fee =$ 3,850.00
Hearing Session Fees and Assessments
The Panel has assessed hearing session fees for each session conducted. A session is any 
meeting between the parties and the Arbitrator(s), including a pre-hearing conference with the 
Arbitrator(s), which lasts four (4) hours or less. Fees associated with these proceedings are:
One (1) hearing session on expungement request @ $1,150.00/session
Hearing: January 21, 2025 1 session
=$ 1,150.00
Total Hearing Session Fees =$ 1,150.00
The Panel has assessed the total hearing session fees to Claimant.
All balances are payable to FINRA Dispute Resolution Services and are due upon receipt.","Mary Kathleen Coleman - Public Arbitrator, Presiding Chairperson
Robert H. Putnam, Jr. - Public Arbitrator
Kirtley M. Thiesmeyer - Public Arbitrator
I, the undersigned Arbitrator, do hereby affirm that I am the individual described herein and who 
executed this instrument, which is my award.
Concurring Arbitrators' Signatures
Mary Kathleen Coleman
Mary Kathleen Coleman
Public Arbitrator, Presiding Chairperson
02/20/2025
Signature Date
Robert H. Putnam, Jr.
Robert H. Putnam, Jr.
Public Arbitrator
02/20/2025
Signature Date
Kirtley M. Thiesmeyer
Kirtley M. Thiesmeyer
Public Arbitrator
02/20/2025
Signature Date
Awards are rendered by independent arbitrators who are chosen by the parties to issue final, 
binding decisions. FINRA makes available an arbitration forum—pursuant to rules approved by 
February 21, 2025
Date of Service (For FINRA Dispute Resolution Services use only)"
24-00976,24-00976,post_cutoff_control,2025-03-05,24-00976.pdf,5,7236,9,"For Claimants Jesse David, individually, and on behalf of his IRA (collectively, “Claimants”): 
Matthew N. Thibaut, Esq., Haselkorn & Thibaut, P.A., Juno Beach, Florida.
For Respondents First Trust Portfolios, L.P. (“First Trust”) and Michael Ryan Coyne (“Coyne”): 
David T. B. Audley, Esq., Chapman and Cutler LLP, Chicago, Illinois.
Hereinafter, First Trust and Coyne will collectively be referred to as “Respondents”.","After considering the pleadings, the testimony and evidence presented at the February 26, 2025 
recorded pre-hearing conference, the Panel has decided in full and final resolution of the issues 
submitted for determination through Respondents’ Amended Motion to Dismiss, as follows: 
1. Claimants’ claims are dismissed in their entirety without prejudice, pursuant to Rules 12200
and/or 12504(a)(6)(B) of the Code.
2. The Panel made no determination with respect to expungement of references to Occurrence
Number 2340916 from CRD registration records for Coyne, pursuant to Rule
12805(a)(1)(D)(ii)(a) of the Code.
=$ 1,425.00
=$ 1,600.00","In the Statement of Claim, Claimants requested:
1. General and compensatory damages in an amount of $500,000.00;
2. Lost opportunity costs;
3. Rescission of the improper investments;
4. Cost of proceedings;
5. Punitive damages in an amount according to proof; 
6. Interest at the legal rate on all sums recovered;
7. Attorneys’ fees and costs; and
8. Such other and further relief as this Panel deems just and appropriate.
In the Statement of Answer, Respondents requested: 
1. The case be dismissed for lack of jurisdiction under Rule 12200; and
2. Expungement of all references to Occurrence Number 2340916 from Central Registration 
Depository (“CRD”) registration records for Coyne (CRD Number 4674176).","Award
In the Matter of the Arbitration Between: 
Claimants
Jesse David, individually, and on behalf of his IRA
Case Number: 24-00976
 vs.
Respondents
First Trust Portfolios, L.P.
Michael Ryan Coyne
Hearing Site: Phoenix, Arizona
Awards are rendered by independent arbitrators who are chosen by the parties to issue final, 
binding decisions. FINRA makes available an arbitration forum—pursuant to rules approved by 
Nature of the Dispute: Customers vs. Member and Associated Person
This case was decided by an all-public panel.","Statement of Claim filed on or about: May 3, 2024.
Jesse David signed the Submission Agreement: May 3, 2024.
Jesse David on behalf of his IRA signed the Submission Agreement: May 3, 2024.
Statement of Answer filed by Respondents on or about: June 25, 2024.
First Trust signed the Submission Agreement: June 21, 2024.
Coyne signed the Submission Agreement: June 23, 2024.","In the Statement of Claim, Claimants asserted the following causes of action: negligence; 
professional negligence; gross negligence; violations of law; negligent supervision; breach of 
contract; breach of fiduciary duty; and breach of securities industry rules and regulations. The 
causes of action relate to structured notes.
Unless specifically admitted in the Statement of Answer, Respondents denied the allegations 
made in the Statement of Claim and asserted various affirmative defenses.","The Arbitrators acknowledge that they have each read the pleadings and other materials filed by 
the parties. 
On September 17, 2024, Respondents filed a Motion to Dismiss pursuant to Rule 12200, Rule 
12203 and Rule 12504 of the Code of Arbitration Procedure (“Code”). On October 11, 2024, 
Respondents filed an Amended Motion to Dismiss pursuant to Rule 12200, Rule 12203, and 
Rule 12504 of the Code (“Amended Motion to Dismiss”). On November 22, 2024, Claimants 
filed a response opposing the Amended Motion to Dismiss. On December 3, 2024, 
Respondents filed a reply in support of the Amended Motion to Dismiss. On February 26, 2025, 
the Panel heard oral arguments on the Amended Motion to Dismiss. The Panel hereby grants 
the Amended Motion to Dismiss as outlined in the Findings section below.
Due to the dismissal of Claimants’ claims and pursuant to Rule 12805(a)(1)(D)(ii), the Panel 
made no determination with respect to expungement of references to Occurrence Number 
2340916 from CRD registration records for Coyne.
FINDINGS
The Panel determined that Claimants’ claims against Respondents are not subject to FINRA 
arbitration.
The Panel did not find sufficient evidence to uphold a finding that Claimants were customers of 
either of the Respondents. The Panel did not find sufficient evidence to uphold a finding that 
either of the Respondents was associated with Claimants' account. Thus, neither of the 
Respondents is subject to FINRA arbitration of Claimants' claims.
The Panel expresses no opinion as to the merits of Claimants’ claims against either of the 
Respondents, or of Claimants’ ability to pursue a claim against either of the Respondents in a 
different forum.","Pursuant to the Code, the following fees are assessed:
Filing Fees
FINRA Dispute Resolution Services assessed a filing fee* for each claim:
Initial Claim Filing Fee
Expungement Filing Fee
*The filing fee is made up of a non-refundable and a refundable portion.
Member Fees
Member fees are assessed to each member firm that is a party in these proceedings or to the 
member firm that employed the associated person at the time of the events giving rise to the 
dispute. Accordingly, as a party, First Trust is assessed the following:
Member Surcharge =$ 2,025.00
Member Process Fee =$ 3,875.00
Hearing Session Fees and Assessments
The Panel has assessed hearing session fees for each session conducted. A session is any 
meeting between the parties and the Arbitrator(s), including a pre-hearing conference with the 
Arbitrator(s), which lasts four (4) hours or less. Fees associated with these proceedings are:
Three (3) pre-hearing sessions with the Panel @ $1,125.00/session
Pre-Hearing Conferences: August 14, 2024 1 session
January 21, 2025
February 26, 2025
1 session
1 session
=$ 3,375.00
Total Hearing Session Fees =$ 3,375.00
The Panel has assessed $1,125.00 of the hearing session fees to Claimant.
The Panel has assessed $2,250.00 of the hearing session fees jointly and severally to 
Respondents. 
All balances are payable to FINRA Dispute Resolution Services and are due upon receipt.","Jerome Allan Landau - Public Arbitrator, Presiding Chairperson
Loren Scott Buell - Public Arbitrator
Ernst Janensch - Public Arbitrator
I, the undersigned Arbitrator, do hereby affirm that I am the individual described herein and who 
executed this instrument, which is my award.
Concurring Arbitrators' Signatures
Jerome Allan Landau
Jerome Allan Landau
Public Arbitrator, Presiding Chairperson
03/04/2025
Signature Date
Loren Scott Buell
Loren Scott Buell
Public Arbitrator
03/04/2025
Signature Date
Ernst Janensch
Ernst Janensch
Public Arbitrator
03/05/2025
Signature Date
Awards are rendered by independent arbitrators who are chosen by the parties to issue final, 
binding decisions. FINRA makes available an arbitration forum—pursuant to rules approved by 
March 05, 2025
Date of Service (For FINRA Dispute Resolution Services use only)"
24-02426,24-02426,post_cutoff_control,2025-03-07,24-02426.pdf,4,5185,8,"For Claimants Kestra Financial, Inc. and Kestra Investment Services, LLC: Richard A. D'Amura, 
Esq., D'Amura & Zaidman, PLLC, Austin, Texas.
Respondent Durgesh Rajawat did not appear.","After considering the pleadings, the Arbitrator has decided and determined in full and final 
resolution of the issues submitted for determination as follows: 
1. Respondent is liable for and shall pay to Claimants the sum of $104,205.71.
2. Respondent is liable for and shall pay to Claimants interest on the above-stated amount at 
the rate of 11% per annum accruing from May 7, 2025, until paid.
3. Respondent is liable for and shall pay to Claimants the sum of $12,582.00 in attorneys' fees 
pursuant to the parties’ contract.
4. Respondent is liable for and shall pay to Claimant Kestra Investment Services, LLC 
$1,000.00 to reimburse Claimants for the non-refundable portion of the filing fee previously 
paid to FINRA Dispute Resolution Services.
5. Respondent is liable for and shall pay to Claimant Kestra Investment Services, LLC $300.00 
to reimburse Claimant for the Paper Decision Fee previously paid to FINRA Dispute 
Resolution Services.
6. Any and all claims for relief not specifically addressed herein, including any requests for 
attorneys’ fees or costs, are denied.","In the Statement of Claim, Claimants requested: compensatory damages, in an amount to be 
determined at hearing, but not less than $104,205.71, plus accrued interest; attorneys’ fees, 
costs, and any other fees associated with collection, including the fees associated with the 
instant arbitration; pre-judgment and post-judgment interest at the statutory rate; and other such 
further relief as the Arbitrator deemed just and proper.","Award
In the Matter of the Arbitration Between: 
Claimants
Kestra Financial, Inc.
Kestra Investment Services, LLC
Case Number: 24-02426
 vs.
Respondent
Durgesh Rajawat
Hearing Site: Boca Raton, Florida
Awards are rendered by independent arbitrators who are chosen by the parties to issue final, 
binding decisions. FINRA makes available an arbitration forum—pursuant to rules approved by 
Nature of the Dispute: Member and Non-Member vs. Associated Person","Statement of Claim filed on or about: November 12, 2024.
Kestra Financial, Inc. signed the Submission Agreement: November 12, 2024.
Kestra Investment Services, LLC signed the Submission Agreement: November 12, 2024.
Respondent did not file a Statement of Answer.","In the Statement of Claim, Claimants asserted the causes of action for breach of written contract 
and unjust enrichment relating to a promissory note.","The Arbitrator acknowledges having read the pleadings and other materials filed by the parties. 
Respondent Durgesh Rajawat did not file a Statement of Answer. Accordingly, this matter 
proceeded pursuant to Rule 13807 of the Code of Arbitration Procedure (“Code”).
On January 17, 2025, Claimant filed a Notice of Default under Rule 13801 of the Code.
The Arbitrator determined that Respondent Durgesh Rajawat was served with the Claim 
Notification letter dated November 12, 2024, by regular mail and FedEx, as evidenced by the 
FedEx tracking information available online, and the Overdue Notice (including the Statement of 
Claim) dated January 6, 2025, by regular mail and FedEx, as evidenced by the FedEx tracking 
information available online. The Arbitrator also determined that Respondent Durgesh Rajawat 
was served with the Notification of Arbitrator dated January 28, 2025, by regular mail and 
FedEx, as evidenced by the FedEx tracking information available online.
The Claim Notification letter notified Respondent Durgesh Rajawat that FINRA rules require 
parties to use the online DR Portal on a mandatory basis (except pro se investors) and that 
failure to register for the DR Portal will prevent the submission of pleadings, selection of 
arbitrators, and receipt of notification relating to case information and deadlines. Respondent 
Durgesh Rajawat failed to register for the DR Portal. 
The Arbitrator determined that Respondent Durgesh Rajawat is, therefore, bound by the 
Arbitrator’s ruling and determination.","Pursuant to the Code, Claimant Kestra Investment Services, LLC has paid to FINRA Dispute 
Resolution Services the $1,700.00 Member Surcharge and $3,250.00 Member Process Fee 
previously invoiced.
Claimant Kestra Investment Services, LLC has also paid to FINRA Dispute Resolution Services 
the $1,000.00 non-refundable portion of the filing fee and the $300.00 Paper Decision Fee.
ARBITRATOR
Paul J. Burkhart - Sole Public Arbitrator
I, the undersigned Arbitrator, do hereby affirm that I am the individual described herein and who 
executed this instrument, which is my award.
Arbitrator's Signature
Paul J. Burkhart
Paul J. Burkhart
Sole Public Arbitrator
03/07/2025
Signature Date
Awards are rendered by independent arbitrators who are chosen by the parties to issue final, 
binding decisions. FINRA makes available an arbitration forum—pursuant to rules approved by 
March 07, 2025
Date of Service (For FINRA Dispute Resolution Services use only)",
24-02566,24-02566,post_cutoff_control,2025-03-11,24-02566.pdf,4,5371,8,"For Claimant Wells Fargo Clearing Services, LLC (“Claimant”): Keith J. Barnett, Esq. and 
Timothy J. Bado, Esq., Troutman Pepper Hamilton Sanders LLP, Atlanta, Georgia.
Respondent Michael Stenson (“Respondent”) did not appear.","After considering the pleadings, the Arbitrator has decided and determined in full and final 
resolution of the issues submitted for determination as follows: 
1. Respondent is liable for and shall pay to Claimant the sum of $664,573.05.
2. Respondent is liable for and shall pay to Claimant interest on the above-stated sum at the 
rate of 5.23% from June 27, 2019, through and including the date this Award is paid in full.
3. Respondent is liable for and shall pay to Claimant the sum of $1,350.00 to reimburse 
Claimant for the non-refundable portion of the filing fee previously paid to FINRA Dispute 
Resolution Services.
4. Respondent is liable for and shall pay to Claimant the sum of $300.00 to reimburse Claimant 
for the Paper Decision Fee previously paid to FINRA Dispute Resolution Services.
5. Any and all claims for relief not specifically addressed herein, including any requests for 
attorneys’ fees, are denied.","In the Statement of Claim, Claimant requested that it be granted an award against Respondent 
for the following:
(A) The principal balance due and owing under the Promissory Note and interest accrued 
during the term of the Promissory Note at the rate of 2.23% per annum: $664,573.05;
(B) Interest at the rate of 5.23% per annum on the balance due and owing under the 
Promissory Note from the date of the Event of Default, June 27, 2019, to the date of 
payment in full;
(C)The costs of collection and of this proceeding, including attorneys’ fees as agreed to 
under the terms of the Promissory Note; and
(D)Any and all further relief that the Arbitrator deems just and proper.","Award
In the Matter of the Arbitration Between: 
Claimant
Wells Fargo Clearing Services, LLC
Case Number: 24-02566
 vs.
Respondent
Michael Stenson
Hearing Site: Dallas, Texas
Awards are rendered by independent arbitrators who are chosen by the parties to issue final, 
binding decisions. FINRA makes available an arbitration forum—pursuant to rules approved by 
Nature of the Dispute: Member vs. Associated Person","Statement of Claim filed on or about: December 4, 2024.
Claimant signed the Submission Agreement: December 4, 2024.","In the Statement of Claim, Claimant asserted a cause of action for breach of promissory note. 
The cause of action related to Claimant’s allegation that Respondent signed a promissory note 
dated April 8, 2016 (“Promissory Note”), and when Respondent’s employment with Claimant 
ended, the balance under the Promissory Note immediately became due and owing.","The Arbitrator acknowledges having read the pleadings and other materials filed by the parties. 
Respondent did not file a Statement of Answer. Accordingly, this matter proceeded pursuant to 
Rule 13807 of the Code of Arbitration Procedure (“Code”).
The Arbitrator determined that Respondent was served with the Claim Notification letter dated 
December 9, 2024 by regular mail and FedEx, as evidenced by the FedEx tracking information 
available online, and the Overdue Notice (including the Statement of Claim) dated January 29, 
2025 by regular mail and FedEx, as evidenced by the FedEx tracking information available 
online. The Arbitrator also determined that Respondent was served with the Notification of 
Arbitrator dated February 19, 2025 by regular mail and FedEx, as evidenced by the FedEx 
tracking information available online.
The Claim Notification letter notified Respondent that FINRA rules require parties to use the 
online DR Portal on a mandatory basis (except pro se investors) and that failure to register for 
the DR Portal will prevent the submission of pleadings, selection of arbitrators, and receipt of 
notification relating to case information and deadlines. Respondent failed to register for the DR 
Portal. 
The Arbitrator determined that Respondent is, therefore, bound by the Arbitrator’s ruling and 
determination.
FINDING
The Promissory Note provides that Respondent agrees to pay all attorneys’ fees incurred in any 
action to enforce the Promissory Note. Claimant has presented no evidence of attorneys’ fees 
incurred. Therefore, Claimant’s claim for attorneys’ fees is denied.","Pursuant to the Code, Claimant has paid to FINRA Dispute Resolution Services the $2,625.00 
Member Surcharge and $5,225.00 Member Process Fee previously invoiced.
Claimant has also paid to FINRA Dispute Resolution Services the $1,350.00 non-refundable 
portion of the filing fee and the $300.00 Paper Decision Fee.
ARBITRATOR
Lawrence R. Maxwell, Jr. - Sole Public Arbitrator
I, the undersigned Arbitrator, do hereby affirm that I am the individual described herein and who 
executed this instrument, which is my award.
Arbitrator's Signature
Lawrence R. Maxwell, Jr.
Lawrence R. Maxwell, Jr.
Sole Public Arbitrator
03/11/2025
Signature Date
Awards are rendered by independent arbitrators who are chosen by the parties to issue final, 
binding decisions. FINRA makes available an arbitration forum—pursuant to rules approved by 
March 11, 2025
Date of Service (For FINRA Dispute Resolution Services use only)",
25-00357,25-00357,post_cutoff_control,2025-05-16,25-00357.pdf,3,4540,8,"For Claimant Oppenheimer & Co., Inc.: John McGuire, Oppenheimer & Co. Inc., New York, New 
York.
Respondent Rebecca Esther Herz did not appear.","After considering the pleadings, the Arbitrator has decided and determined in full and final 
resolution of the issues submitted for determination as follows: 
1. Respondent is liable for and shall pay to Claimant the sum of $38,835.00.
2. Respondent is liable for and shall pay to Claimant interest on the above-stated sum at the 
rate of 9% per annum from June 26, 2023, through and including the date of payment in full.
3. Respondent is liable for and shall pay to Claimant $1,000.00 to reimburse Claimant for the 
non-refundable portion of the filing fee previously paid to FINRA Dispute Resolution Services.
4. Respondent is liable for and shall pay to Claimant $300.00 to reimburse Claimant for the 
Paper Decision Fee previously paid to FINRA Dispute Resolution Services.
5. Any and all claims for relief not specifically addressed herein, including any requests for 
attorneys’ fees, are denied.","In the Statement of Claim, Claimant requested: actual total damages in the amount of 
$38,835.00; interest at a rate of 9% per annum on $38,835.00 from June 26, 2023 through the 
date of payment in full; all costs incurred by Claimant in connection with the enforcement and 
collection of the amount owed, including but not limited to, FINRA filing fees of no less than 
$2,425.00 and attorneys’ fees incurred in connection with the filing of the Statement of Claim; 
and such other and further relief as the Arbitrator deemed just and equitable.","Award
In the Matter of the Arbitration Between: 
Claimant
Oppenheimer & Co., Inc.
Case Number: 25-00357
 vs.
Respondent
Rebecca Esther Herz
Hearing Site: Boca Raton, Florida
Awards are rendered by independent arbitrators who are chosen by the parties to issue final, 
binding decisions. FINRA makes available an arbitration forum—pursuant to rules approved by 
Nature of the Dispute: Member vs. Associated Person","Statement of Claim filed on or about: February 20, 2025.
Oppenheimer & Co., Inc. signed the Submission Agreement: February 20, 2025.","In the Statement of Claim, Claimant asserted a cause of action for breach of promissory note.","The Arbitrator acknowledges having read the pleadings and other materials filed by the parties. 
Respondent did not file a Statement of Answer. Accordingly, this matter proceeded pursuant to 
Rule 13807(e)(1) of the Code of Arbitration Procedure (“Code”) (effective October 16, 2023).
The Arbitrator determined that Respondent was served with the Claim Notification letter dated 
February 21, 2025, by regular mail, and the Overdue Notice (including the Statement of Claim) 
dated April 15, 2025, by regular and FedEx mail, as evidenced by the FedEx tracking 
information available online. The Arbitrator also determined that Respondent was served with 
the Notification of Arbitrator dated May 7, 2025, by regular and FedEx mail, as evidenced by the 
FedEx tracking information available online.
The Claim Notification letter notified Respondent that FINRA rules require parties to use the 
online DR Portal on a mandatory basis (except pro se investors) and that failure to register for 
the DR Portal will prevent the submission of pleadings, selection of arbitrators, and receipt of 
notification relating to case information and deadlines. Respondent failed to register for the DR 
Portal. 
The Arbitrator determined that Respondent is, therefore, bound by the Arbitrator’s ruling and 
determination.","Pursuant to the Code, Claimant has paid to FINRA Dispute Resolution Services the $975.00 
Member Surcharge and $2,275.00 Member Process Fee previously invoiced.
Claimant has also paid to FINRA Dispute Resolution Services the $1,000.00 non-refundable 
portion of the filing fee and the $300.00 Paper Decision Fee.
ARBITRATOR
Ellen J. Abrams - Sole Public Arbitrator
I, the undersigned Arbitrator, do hereby affirm that I am the individual described herein and who 
executed this instrument, which is my award.
Arbitrator's Signature
Ellen J. Abrams
Ellen J. Abrams
Sole Public Arbitrator
05/16/2025
Signature Date
Awards are rendered by independent arbitrators who are chosen by the parties to issue final, 
binding decisions. FINRA makes available an arbitration forum—pursuant to rules approved by 
May 16, 2025
Date of Service (For FINRA Dispute Resolution Services use only)",
24-01881,24-01881,post_cutoff_control,2025-06-12,24-01881.pdf,4,6262,8,"For Claimant Todd Sargent Strasser (“Claimant”): Peter Lindholm, J.D., and Dochtor Kennedy, 
MBA, J.D., Advisor Law, Broomfield, Colorado.
For Respondent Wells Fargo Clearing Services, LLC (“Respondent”): Geoff Beckham, Esq., 
Wells Fargo Legal Department, San Francisco, California.","After considering the pleadings, the Arbitrator has decided and determined in full and final 
resolution of the issues submitted for determination as follows: 
1. The Arbitrator recommends the expungement of the Reason for Termination and 
Termination Explanation in Section 3 of Todd Sargent Strasser’s (CRD Number 
5536716) Form U5 filed by Wells Fargo Clearing Services, LLC (CRD Number 19616) 
on March 13, 2024, and maintained by the CRD. The Reason for Termination shall be 
changed to “Voluntary” and the Termination Explanation should be deleted in its 
entirety and shall appear blank. This directive shall apply to all references to the 
Reason for Termination and Termination Explanation.
The Arbitrator further recommends the expungement of all references to Occurrence Number 
2335830 from the registration records maintained by the CRD for Todd Sargent Strasser. 
Any “Yes” answers should be changed to “No,” as applicable.
The Arbitrator recommends expungement based on the defamatory nature of the information. 
The above recommendations are made with the understanding that the registration records 
are not automatically amended. Todd Sargent Strasser must forward a copy of this Award to 
FINRA’s Credentialing, Registration, Education and Disclosure Department for review.
2. Any and all claims for relief not specifically addressed herein, are denied.","In the Statement of Claim, Claimant requested: 
1. Expungement of the Form U5 amendments corresponding with 
Occurrence Number 2335830, and those relevant portions of the Form U4, 
from Claimant’s CRD records, on the basis that the statement is defamatory 
in nature and tends to mislead, to include:
a. amendment of the Reason for Termination entry in Section 3 of Claimant’s Form U5 to 
read “Voluntary;”
b. expungement of the Termination Explanation from Claimant’s Form U5;
c. amendment of the answer to question 7F(1) on Claimant’s Form U5, from a “Yes” 
response to “No;” 
d. deletion of the Termination Disclosure Detail (U5) from the CRD; and
e. deletion of the Termination Disclosure Reporting Pages accompanying Occurrence 
Number 2335830 from the CRD.
2. Damages in the amount of $1.00 from Respondent; and3. Any other relief 
as the Arbitrator deems just and equitable.
In the Statement of Answer, Respondent requested all forum and hearing fees be assessed 
against Claimant.
At the hearing, Claimant withdrew his request for $1.00 in damages.","Award
In the Matter of the Arbitration Between: 
Claimant
Todd Sargent Strasser
 vs.
Case Number: 24-01881
Respondent
Wells Fargo Clearing Services, LLC
Hearing Site: Albuquerque, New Mexico
Awards are rendered by independent arbitrators who are chosen by the parties to issue final, 
binding decisions. FINRA makes available an arbitration forum—pursuant to rules approved by 
Nature of the Dispute: Associated Person vs. Member
The expungement hearing was conducted by videoconference.","Statement of Claim filed on or about: August 30, 2024.
Claimant signed the Submission Agreement: August 30, 2024.
Statement of Answer filed by Respondent on or about: October 23, 2024. 
Respondent signed the Submission Agreement: October 16, 2024.","In the Statement of Claim, Claimant alleged that the Form U5 filed by Respondent, as part of 
registration records maintained by the Central Registration Depository (“CRD”), is defamatory in 
nature and tends to mislead.
Unless specifically admitted in the Statement of Answer, Respondent denied the allegations 
made in the Statement of Claim.","The Arbitrator acknowledges having read the pleadings and other materials filed by the parties. 
The Arbitrator has provided an explanation of the decision in this award. The explanation is for 
the parties’ information only and is not precedential in nature.
FINDINGS
Although the filing was authorized and required, its content is defamatory in nature, and fairness 
requires that it is no longer necessary and should now be expunged from the record.","Pursuant to the Code of Arbitration Procedure (“Code”), the following fees are assessed:
Filing Fees
FINRA Dispute Resolution Services assessed a filing fee* for each claim:
Initial Claim Filing Fee =$ 50.00
*The filing fee is made up of a non-refundable and a refundable portion. 
Member Fees
Member fees are assessed to each member firm that is a party in these proceedings or to the 
member firm that employed the associated person at the time of the event giving rise to the 
dispute. Accordingly, Respondent is assessed the following:
Member Surcharge =$ 150.00
Hearing Session Fees and Assessments
The Panel has assessed hearing session fees for each session conducted. A session is any 
meeting between the parties and the Arbitrator(s), including a pre-hearing conference with the 
Arbitrator(s), which lasts four (4) hours or less. Fees associated with these proceedings are:
Total Hearing Session Fees =$ 100.00
The Arbitrator has assessed the total hearing session fees to Claimant.
All balances are payable to FINRA Dispute Resolution Services and are due upon receipt.
One (1) pre-hearing session with a single Arbitrator @ $50.00/session
Pre-Hearing Conference: December 9, 2024 1 session
=$ 50.00
One (1) hearing session on expungement request @ $50.00/session
Hearing: June 6, 2025 1 session
=$ 50.00
ARBITRATOR
Charles Earle Riggs - Sole Public Arbitrator
I, the undersigned Arbitrator, do hereby affirm that I am the individual described herein and who 
executed this instrument, which is my award.
Arbitrator's Signature
Charles Earle Riggs
Charles Earle Riggs
Sole Public Arbitrator
06/11/2025
Signature Date
Awards are rendered by independent arbitrators who are chosen by the parties to issue final, 
binding decisions. FINRA makes available an arbitration forum—pursuant to rules approved by 
June 12, 2025
Date of Service (For FINRA Dispute Resolution Services use only)",
24-01996,24-01996,post_cutoff_control,2025-06-20,24-01996.pdf,5,8421,9,"For Claimant Heather Peterson Weber: Chelsea Bauer, Esq., HLBS Law, Broomfield, Colorado.
For Respondent Citigroup Global Markets, Inc. (“Citigroup”): Adam Kauff, Esq., Kauff Laton 
Miller LLP, New York, New York.
For Respondent Merrill Lynch Pierce Fenner & Smith Inc. (“MLPFS”): Kathryn Dietrich Perreault, 
Esq. and Shruti Jaishankar, Esq., Maynard Nexsen PC, Birmingham, Alabama.","After considering the pleadings, the testimony and evidence presented at the expungement 
hearing, and any post-hearing submissions, the Panel has decided in full and final resolution of 
the issues submitted for determination as follows: 
1. Claimant’s request for expungement of Occurrence Numbers 986568, 1089358, 1724250, 
1831605, 1891716, 1893855, 1929155, 1929156, 1935138, and 2048809 from registration 
records maintained by the CRD is denied with prejudice. Pursuant to Rule 13805 of the 
Code, the Panel’s decision to issue an award containing relief for expungement of customer 
dispute information must be unanimous. Arbitrator Darryl C. Wilson found that one or more 
of the grounds for expungement in Rule 13805 of the Code were established. Arbitrators 
Sharon R. Merriman and Barbara M. Zak did not make such a finding. 
2. Any and all claims for relief not specifically addressed herein are denied.","In the Statement of Claim, Claimant (CRD Number 2911524) requested expungement of all 
references to Occurrence Numbers 986568, 1089358, 1724250, 1831605, 1891716, 1893855, 
1929155, 1929156, 1935138, and 2048809 from the CRD registration records and any and all 
other relief that the Panel deems just and equitable.
In their respective Statements of Answer, Respondents Citigroup and MLPFS did not delineate 
a specific relief request.","Expungement Award
In the Matter of the Arbitration Between: 
Claimant
Heather Peterson Weber
Case Number: 24-01996
 vs.
Respondents
Citigroup Global Markets, Inc.
Merrill Lynch Pierce Fenner & Smith Inc.
Hearing Site: Tampa, Florida
Awards are rendered by independent arbitrators who are appointed pursuant to Rule 13806 of 
the Code of Arbitration Procedure (“Code”) to issue final, binding decisions. FINRA makes 
available an arbitration forum—pursuant to rules approved by the SEC—but has no part in 
deciding the award.
Nature of the Dispute: Associated Person vs. Members
The expungement hearing was conducted by videoconference.","Statement of Claim filed by Claimant on or about: September 16, 2024.
Heather Peterson Weber signed the Submission Agreement: September 16, 2024.
Statement of Answer filed by Respondent Citigroup on or about: November 18, 2024.
Citigroup Global Markets, Inc. signed the Submission Agreement: November 18, 2024.
Statement of Answer filed by Respondent MLPFS on or about: December 4, 2024.
Merrill Lynch Pierce Fenner & Smith Inc. signed the Submission Agreement: December 4, 2024.","In the Statement of Claim, Claimant asserted a claim seeking expungement of customer dispute 
information from registration records maintained by the Central Registration Depository (“CRD”). 
In the Statement of Answer, Respondent Citigroup did not oppose Claimant’s request
for expungement of Occurrence Numbers 1089358 and 986568, and took no position as to 
Occurrence Numbers 1831605, 1724250, 1891716, 1893855, 1929155, 1929156, 1935138, and
2048809.
In the Statement of Answer, Respondent MLPFS took no position as to Claimant’s request
for expungement.","The Arbitrators acknowledge that they have each read the pleadings and other materials filed by 
the parties. 
On September 23, 2024, Claimant advised that the customers in Occurrence Numbers 
1724250, 1831605, 1893855, 1929155, 1929156, 1935138, and 2048809 (“Customers”) were 
served with a copy of the Statement of Claim within 10 days of filing the Statement of Claim and 
provided proof of service. The Panel determined that service by Claimant of the Statement of 
Claim on the customers in Occurrence Numbers 986568, 1089358 and 1891716 (the 
“Deceased Customers”) was impracticable because they had passed away. 
On November 25, 2024, Claimant advised that the Customers were served with a copy of the 
Respondent Citigroup’s Statement of Answer within 10 days of its filing and provided proof of 
service. The Panel determined that service by Claimant of Respondent Citigroup’s Statement of 
Answer on the Deceased Customers was impracticable because they had passed away.
On December 19, 2024, Claimant advised that the Customers were served with a copy of the 
Respondent MLPFS’s Statement of Answer within 10 days of its filing and provided proof of 
service. The Panel determined that service by Claimant of Respondent MLPFS’s Statement of 
Answer on the Deceased Customers was impracticable because they had passed away.
On October 1, 2024, the customers in Occurrence Number 1929156 registered for the DR Portal, 
providing them with access to all documents filed in the case and submitted a written statement. 
On October 22, 2024, the authorized representative of the state securities regulator for California 
submitted a written statement. 
On December 3, 2024, the authorized representative of the state securities regulator for Michigan 
submitted a written statement. 
The Panel conducted recorded hearings by videoconference on June 9 and 10, 2025, so the 
parties could present oral argument and evidence on Claimant’s request for expungement. 
Claimant appeared by videoconference at the expungement hearing. Respondents Citigroup and 
MLPFS also appeared at the expungement hearing and as stated in the Statement of Answer, 
Respondent Citigroup did not oppose Claimant’s request for expungement of Occurrence 
Numbers 1089358 and 986568. 
The Customers did not appear at the expungement hearing.
The authorized representative of the state securities regulator for California appeared at the 
expungement hearing by videoconference and opposed the expungement request. 
The authorized representative of the state securities regulator for Michigan did not appear at the 
expungement hearing.","Pursuant to the Code, the following fees are assessed:
Filing Fees
FINRA Dispute Resolution Services assessed a filing fee* for each claim:
Initial Claim Filing Fee =$ 1,600.00
*The filing fee is made up of a non-refundable and a refundable portion. 
Member Fees
Member fees are assessed to each member firm that is a party in these proceedings or to the 
member firm(s) that employed the associated person(s) at the time of the event(s) giving rise to 
the dispute. Accordingly, as parties, Respondents Citigroup and MLPFS are each assessed the 
following:
Member Surcharge =$ 2,000.00
Member Process Fee =$ 3,850.00
Hearing Session Fees and Assessments
The Panel has assessed hearing session fees for each session conducted. A session is any 
meeting between the parties and the Arbitrator(s), including a pre-hearing conference with the 
Arbitrator(s), which lasts four (4) hours or less. Fees associated with these proceedings are:
One (1) pre-hearing session with the Panel @ $1,150.00/session
Pre-Hearing Conference: December 16, 2024 1 session
=$ 1,150.00
Three (3) hearing sessions on expungement request @ $1,150.00/session =$ 3,450.00
Hearings: June 9, 2025 2 sessions
June 10, 2025 1 session
Total Hearing Session Fees =$ 4,600.00
The Panel has assessed the total hearing session fees to Claimant.
All balances are payable to FINRA Dispute Resolution Services and are due upon receipt.","Sharon R. Merriman - Public Arbitrator, Presiding Chairperson
Barbara M. Zak - Public Arbitrator
Darryl C. Wilson - Public Arbitrator
I, the undersigned Arbitrator, do hereby affirm that I am the individual described herein and who 
executed this instrument, which is my award.
Concurring Arbitrators' Signatures
Sharon R. Merriman
Sharon R. Merriman
Public Arbitrator, Presiding Chairperson
06/18/2025
Signature Date
Barbara M. Zak
Barbara M. Zak
Public Arbitrator
06/18/2025
Signature Date
Darryl C. Wilson
Darryl C. Wilson
Public Arbitrator
06/18/2025
Signature Date
Awards are rendered by independent arbitrators who issue final, binding decisions. FINRA 
makes available an arbitration forum—pursuant to rules approved by the SEC—but has no part 
in deciding the award.
June 20, 2025
Date of Service (For FINRA Dispute Resolution Services use only)"
25-00491,25-00491,post_cutoff_control,2025-07-24,25-00491.pdf,4,5132,8,"Claimant Jason Bernstein (“Claimant”) appeared pro se.
For Respondent Robinhood Financial, LLC. (“Respondent”): Richard J. Davis, Esq., Maynard 
Nexsen PC, Birmingham, Alabama.","After considering the pleadings, the Arbitrator has decided in full and final resolution of the 
issues submitted for determination as follows: 
1. Claimant’s claims are denied in their entirety. 
2. Any and all claims for relief not specifically addressed herein, including any requests for 
attorneys’ fees, are denied.","In the Statement of Claim, as amended, Claimant requested compensatory damages in the 
amount of $2,000.00; if the money has been returned, a clear explanation of what debit card 
and financial institution the $2,000.00 had been sent to; and $22,175.00 for lost interest and lost 
income; and reimbursement of all filing, hearing, and attorneys’ fees in connection with this 
arbitration.
In the Statement of Answer, as amended, Respondent requested that the Arbitrator deny all of 
Claimant’s claims in their entirety; costs; fees; and such other and further relief deemed just and 
equitable.","Award
In the Matter of the Arbitration Between: 
Claimant
Jason Bernstein
Case Number: 25-00491
 vs.
Respondent
Robinhood Financial, LLC.
Hearing Site: New York, New York
Awards are rendered by independent arbitrators who are chosen by the parties to issue final, 
binding decisions. FINRA makes available an arbitration forum—pursuant to rules approved by 
Nature of the Dispute: Customer vs. Member
This matter proceeded pursuant to Rule 12800 of the Code of Arbitration Procedure (“Code”).","Statement of Claim filed on or about: March 11, 2025.
Amended Statement of Claim filed on or about: May 8, 2025
Claimant signed the Submission Agreement: March 11, 2025.
Statement of Answer filed by Respondent on or about: May 1, 2025.
Amended Statement of Answer filed by Respondent on or about: May 28, 2025.
Respondent signed the Submission Agreement: May 1, 2025.","In the Statement of Claim, as amended, Claimant asserted the following causes of action: 
unauthorized freezing of account; forced liquidation; denial of ACAT transfer request; prolonged 
and ongoing obstruction; refusal to return funds; and wrongful withholding of funds. The causes 
of action relate to various unspecified securities.
Unless specifically admitted in the Statement of Answer, as amended, Respondent denied the 
allegations made in the Statement of Claim, as amended, and asserted various affirmative 
defenses.","The Arbitrator acknowledges having read the pleadings and other materials filed by the parties. 
On June 2, 2025, Claimant filed a Motion for a Simplified Arbitration and Partial Refund of the 
Filing Fee. On June 5, 2025, Respondent filed a response to the motion and confirmed its 
agreement with Claimant’s request for this matter to be decided solely on the written 
submissions of the parties. By Order dated June 17, 2025, the Arbitrator granted Claimant’s 
Motion for a Simplified Arbitration. Accordingly, the award in this matter is based solely on the 
pleadings and other materials submitted by the parties.
After due consideration, the Arbitrator denied Claimant’s request for partial refund of the filing 
fee.","Pursuant to the Code of Arbitration Procedure, the following fees are assessed:
Filing Fees
FINRA Dispute Resolution Services assessed a filing fee* for each claim:
Initial Claim Filing Fee =$ 2,175.00
*The filing fee is made up of a non-refundable and a refundable portion. 
Member Fees
Member fees are assessed to each member firm that is a party in these proceedings or to the 
member firm that employed the associated person at the time of the events giving rise to the 
dispute. Accordingly, as a party, Respondent is assessed the following:
Member Surcharge
=$ 3,420.00
Member Process Fee =$ 6,800.00
Hearing Session Fees and Assessments
The Arbitrator has assessed hearing session fees for each session conducted. A session is any 
meeting between the parties and the Arbitrator, including a pre-hearing conference with the 
Arbitrator, which lasts four (4) hours or less. Fees associated with these proceedings are:
Decision on the papers: =$ 300.00
Total Hearing Session Fees =$ 300.00
The Arbitrator has assessed the total hearing session fees to Claimant.
All balances are payable to FINRA Dispute Resolution Services and are due upon receipt.
ARBITRATOR
John Warner Lowe, Jr. - Sole Public Arbitrator
I, the undersigned Arbitrator, do hereby affirm, pursuant to Article 7507 of the Civil Practice Law 
and Rules, that I am the individual described herein and who executed this instrument, which is 
my award.
Arbitrator's Signature
John Warner Lowe, Jr.
John Warner Lowe, Jr.
Sole Public Arbitrator
07/24/2025
Signature Date
Awards are rendered by independent arbitrators who are chosen by the parties to issue final, 
binding decisions. FINRA makes available an arbitration forum—pursuant to rules approved by 
July 24, 2025
Date of Service (For FINRA Dispute Resolution Services use only)",
24-02711,24-02711,post_cutoff_control,2025-07-29,24-02711.pdf,5,7389,9,"For Claimant Konstantin Rusin: James P. Galvin, Esq., Galvin Legal, PLLC, Miami, Florida.
For Respondent HSBC Securities (USA), Inc.: Luca Provenzano, Esq. and Daniel R. Korb, Jr., 
Esq., Bressler Amery & Ross, P.C., Florham Park, New Jersey.","After considering the pleadings, the testimony and evidence presented at the expungement 
hearing, and any post-hearing submissions, the Panel has decided in full and final resolution of 
the issues submitted for determination as follows: 
1. The Panel awards the expungement of all references to Occurrence Number 2277926 from 
registration records maintained by the CRD for Claimant Konstantin Rusin (CRD Number 
5270520) with the understanding that, pursuant to Rule 2080, Claimant Konstantin Rusin 
must obtain confirmation from a court of competent jurisdiction before the CRD will execute 
the expungement directive. 
Unless specifically waived in writing by FINRA, parties seeking judicial confirmation of an 
arbitration award containing expungement relief must name FINRA as an additional party 
and serve FINRA with all appropriate documents. 
Pursuant to Rule 13805 of the Code, the Panel has made the following affirmative finding of 
fact: 
The claim, allegation, or information is factually impossible or clearly erroneous.
The Panel has made the above finding based on the following reasons:
The Panel finds the Claimant was without fault in the reported event. There was no 
mismanagement of the account. The ""complaint"" was, in reality, no more than an inquiry and 
an expression of concern. Claimant handled the matter appropriately. There is no benefit to 
the investing public to be gained by this matter remaining on the Claimant's CRD.
2. Any and all claims for relief not specifically addressed herein are denied.","In the Statement of Claim, Claimant (CRD Number 5270520) requested expungement of all 
references to Occurrence Number 2277926 from the CRD registration records.
In the Statement of Answer, Respondent requested that the Panel award Claimant no damages 
from Respondent and that all forum fees be allocated to Claimant.","Expungement Award
In the Matter of the Arbitration Between: 
Claimant
Konstantin Rusin
Case Number: 24-02711
 vs.
Respondent
HSBC Securities (USA), Inc.
Hearing Site: Washington, D.C.
Awards are rendered by independent arbitrators who are appointed pursuant to Rule 13806 of 
the Code of Arbitration Procedure (“Code”) to issue final, binding decisions. FINRA makes 
available an arbitration forum—pursuant to rules approved by the SEC—but has no part in 
deciding the award.
Nature of the Dispute: Associated Person vs. Member
The expungement hearing was conducted by videoconference.","Statement of Claim filed on or about: December 29, 2024.
Claimant signed the Submission Agreement: December 29, 2024.
Statement of Answer filed by Respondent on or about: February 18, 2025.
Respondent signed the Submission Agreement: February 13, 2025.","In the Statement of Claim, Claimant asserted a claim seeking expungement of customer dispute 
information from registration records maintained by the Central Registration Depository (“CRD”). 
In the Statement of Answer, Respondent did not oppose Claimant’s expungement request.","The Arbitrators acknowledge that they have each read the pleadings and other materials filed by 
the parties. 
On December 30, 2024, Claimant advised that the customers in Occurrence Number 2277926 
(“Customers”) were served with a copy of the Statement of Claim within 10 days of filing the 
Statement of Claim and provided proof of service. 
On March 10, 2025, Claimant advised that the Customers were served with a copy of the 
Statement of Answer, although not within 10 days of filing the Statement of Answer and 
provided proof of service.
On April 14, 2025, Claimant filed proof of service for the Statement of Claim, Statement of 
Answer, and copies of all documents provided by Claimant to the Customers. 
The Panel conducted a recorded hearing by videoconference on July 18, 2025, so the parties 
could present oral argument and evidence on Claimant’s request for expungement. Claimant 
appeared by videoconference at the expungement hearing. Respondent appeared by 
videoconference at the expungement hearing and as stated in the Statement of Answer, did not 
oppose the request for expungement.
The Customers did not appear at the expungement hearing.
No authorized representative of a state securities regulator appeared at the expungement hearing.
The Panel noted Claimant’s representation that a prior arbitration panel or court has not 
previously ruled on expungement of the same occurrence in the CRD.
The Panel noted that the dispute related to Occurrence Number 2277926 was not settled. 
Therefore, there was no settlement documentation to review. 
The Panel relied upon the following documentary or other evidence: the language in CRD; 
exhibits and testimony presented by Claimant; the fact that there was no arbitration proceeding 
brought and no settlement made; the fact that Claimant did not seek damages from 
Respondent; the denial of the complaint by Respondent; and the fact that the Customers did not 
appear.","Pursuant to the Code, the following fees are assessed:
Filing Fees
FINRA Dispute Resolution Services assessed a filing fee* for each claim:
Initial Claim Filing Fee =$ 1,600.00
*The filing fee is made up of a non-refundable and a refundable portion. 
Member Fees
Member fees are assessed to each member firm that is a party in these proceedings or to the 
member firm that employed the associated person at the time of the event(s) giving rise to the 
dispute. Accordingly, as a party, Respondent is assessed the following:
Member Surcharge =$ 2,000.00
Member Process Fee =$ 3,850.00
Hearing Session Fees and Assessments
The Panel has assessed hearing session fees for each session conducted. A session is any 
meeting between the parties and the Arbitrator(s), including a pre-hearing conference with the 
Arbitrator(s), which lasts four (4) hours or less. Fees associated with these proceedings are:
One (1) hearing session on expungement request @ $1,150.00/session
Hearing: July 18, 2025 1 session
=$ 1,150.00
Total Hearing Session Fees =$ 1,150.00
The Panel has assessed the total hearing session fees to Claimant.
All balances are payable to FINRA Dispute Resolution Services and are due upon receipt.","Barry Goldman - Public Arbitrator, Presiding Chairperson
John J. Fitzpatrick, Jr. - Public Arbitrator
Evalyn Lipton Fishbein - Public Arbitrator
I, the undersigned Arbitrator, do hereby affirm that I am the individual described herein and who 
executed this instrument, which is my award.
Concurring Arbitrators' Signatures
Barry Goldman
Barry Goldman
Public Arbitrator, Presiding Chairperson
07/29/2025
Signature Date
John J. Fitzpatrick, Jr.
John J. Fitzpatrick, Jr.
Public Arbitrator
07/29/2025
Signature Date
Evalyn Lipton Fishbein
Evalyn Lipton Fishbein
Public Arbitrator
07/29/2025
Signature Date
Awards are rendered by independent arbitrators who issue final, binding decisions. FINRA 
makes available an arbitration forum—pursuant to rules approved by the SEC—but has no part 
in deciding the award.
July 29, 2025
Date of Service (For FINRA Dispute Resolution Services use only)"
24-00971,24-00971,post_cutoff_control,2025-08-13,24-00971.pdf,5,6585,8,"For Claimant Wells Fargo Clearing Services, LLC (“Claimant”): Stephen J. Steinlight, Esq., 
Troutman Pepper Hamilton Sanders, LLP, New York, New York.
For Respondent George J. Cairnes (“Respondent”): Pimal A. Patel, Esq., Patel Anderson LLP, 
Houston, Texas.","After considering the pleadings, the testimony and evidence presented at the hearing, and any 
post-hearing submissions, the Arbitrator has decided in full and final resolution of the issues 
submitted for determination as follows: 
1. Respondent is liable for and shall pay to Claimant the sum of $180,482.76 in compensatory 
damages.
2. Respondent is liable for and shall pay to Claimant interest on the above-stated sum at the 
rate of 2.15% per annum from May 8, 2023, through and including the date in which the 
Award is paid in full.
3. Respondent is liable for and shall pay to Claimant the sum of $42,112.80 in attorneys’ fees 
pursuant to the terms of the Note.
4. Any and all claims for relief not specifically addressed herein, including any requests for 
punitive damages and treble damages, are denied.","In the Statement of Claim, Claimant requested the balance due and owning under the Note in 
an amount not less than $180,482.76, plus interest, costs, and legal fees and any and all further 
and additional relief that the Arbitrator deems just and proper.
In the Statement of Answer, Respondent requested that Claimant take nothing by way of its 
Statement of Claim.","Award
In the Matter of the Arbitration Between: 
Claimant
Wells Fargo Clearing Services, LLC
Case Number: 24-00971
 vs.
Respondent
George J. Cairnes
Hearing Site: Houston, Texas
Awards are rendered by independent arbitrators who are chosen by the parties to issue final, 
binding decisions. FINRA makes available an arbitration forum—pursuant to rules approved by 
Nature of the Dispute: Member vs. Associated Person
The evidentiary hearing was conducted partially by videoconference.","Statement of Claim filed on or about: May 3, 2024.
Claimant signed the Submission Agreement: May 2, 2024.
Statement of Answer filed on or about: June 20, 2024.
Respondent signed the Submission Agreement: June 19, 2024.","In the Statement of Claim, Claimant asserted the following causes of action: breach of contract 
and fraudulent inducement. The causes of action related to Claimant’s allegation that on April 7, 
2009, Respondent entered into a Promissory Note (“April Note”), and on June 3, 2009, 
Respondent entered into a second Promissory Note (“Note”), superseding the April Note. 
Claimant further alleged that when Respondent was terminated from his employment, on June 
28, 2023, the remaining balance due on the Note immediately became due and owing. 
Unless specifically admitted in the Statement of Answer, Respondent denied the allegations made 
in the Statement of Claim and asserted various affirmative defenses.","The Arbitrator acknowledges having read the pleadings and other materials filed by the parties. 
On April 29, 2025, Respondent filed a Motion to Dismiss pursuant to Rule 13206 of the Code of 
Arbitration Procedure (“Code”). On June 6, 2025, Claimant filed an Opposition to Respondent’s 
Motion to Dismiss. On June 11, 2025, Respondent filed a Reply in Support of its Motion to 
Dismiss. On July 10, 2025, the Arbitrator heard oral arguments on the Motion to Dismiss. On 
that same date, the Arbitrator entered an Order denying the Motion to Dismiss pursuant Rule 
13206 with prejudice.
At the hearing, before Claimant’s case-in-chief, Respondent made an oral Motion to Dismiss on 
the grounds of failure to plead modification of the Note. Claimant opposed the oral Motion to 
Dismiss. The Arbitrator deferred the decision on the oral Motion to Dismiss until the conclusion 
of the hearing. Herein, the Arbitrator denies the oral Motion to Dismiss.","Pursuant to the Code, the following fees are assessed:
Filing Fees
FINRA Dispute Resolution Services assessed a filing fee* for each claim:
Initial Claim Filing Fee =$ 2,125.00
*The filing fee is made up of a non-refundable and a refundable portion. 
Member Fees
Member fees are assessed to each member firm that is a party in these proceedings or to the 
member firm(s) that employed the associated person(s) at the time of the event(s) giving rise to 
the dispute. Accordingly, as a party, Claimant is assessed the following:
Member Surcharge =$ 1,700.00
Member Process Fee =$ 3,250.00

Postponement Fees
Postponements granted during these proceedings for which fees were assessed or waived: 
July 29, 2025, postponement requested by Claimant =$ 450.00
Total Postponement Fees =$ 450.00
The Arbitrator has assessed the total postponement fees to Claimant.
Last-Minute Cancellation Fees
Fees apply when a hearing on the merits is cancelled within ten calendar days before the start 
of a scheduled hearing session: 
July 29, 2025, cancellation requested by Claimant =$ 600.00
Total Last-Minute Cancellation Fees =$ 600.00
The Arbitrator has assessed the total last-minute cancellation fees to Claimant.
Hearing Session Fees and Assessments
The Arbitrator has assessed hearing session fees for each session conducted. A session is any 
meeting between the parties and the Arbitrator, including a pre-hearing conference with the 
Arbitrator, which lasts four (4) hours or less. Fees associated with these proceedings are:
Two (2) pre-hearing sessions @ $450.00/session
 Pre-Hearing Conferences: September 26, 2024 1 session
 July 10, 2025 1 session
=$ 900.00
Six (6) hearing sessions @ $450.00/session
July 30, 2025
July 31, 2025
August 1, 2025
August 4, 2025
2 sessions
2 sessions
1 session
1 session
=$ 2,700.00
Total Hearing Session Fees =$ 3,600.00
The Arbitrator has assessed $225.00 of the hearing session fees to Claimant.
The Arbitrator has assessed 3,375.00 of the hearing session fees to Respondent. 
All balances are payable to FINRA Dispute Resolution Services and are due upon receipt.
ARBITRATOR
Jeff Kilgore - Sole Public Arbitrator
I, the undersigned Arbitrator, do hereby affirm that I am the individual described herein and who 
executed this instrument, which is my award.
Arbitrator's Signature
Jeff Kilgore
Jeff Kilgore
Sole Public Arbitrator
08/13/2025
Signature Date
Awards are rendered by independent arbitrators who are chosen by the parties to issue final, 
binding decisions. FINRA makes available an arbitration forum—pursuant to rules approved by 
August 13, 2025
Date of Service (For FINRA Dispute Resolution Services use only)",
25-00957,25-00957,post_cutoff_control,2025-08-18,25-00957.pdf,6,9704,9,"For Claimant Alexander Parisis (“Claimant”): David I. Hantman, Esq., Bressler, Amery & Ross, 
P.C., New York, New York.
For Respondent J.P. Morgan Securities, LLC (“Respondent”): Thomas E. Stagg, Esq., Stagg 
Wabnik Law Group LLP, Garden City, New York.","After considering the pleadings, the testimony and evidence presented at the expungement 
hearing, and any post-hearing submissions, the Panel has decided in full and final resolution of 
the issues submitted for determination as follows: 
1. The Panel awards the expungement of all references to Occurrence Number 2270994 from 
registration records maintained by the CRD for Claimant Alexander Parisis (CRD Number 
6578981) with the understanding that, pursuant to Rule 2080, Claimant Alexander Parisis 
must obtain confirmation from a court of competent jurisdiction before the CRD will execute 
the expungement directive. 
Unless specifically waived in writing by FINRA, parties seeking judicial confirmation of an 
arbitration award containing expungement relief must name FINRA as an additional party 
and serve FINRA with all appropriate documents. 
Pursuant to Rule 13805 of the Code, the Panel has made the following affirmative finding of 
fact: 
The claim, allegation, or information is false.
The Panel has made the above finding based on the following reasons: 
The Claimant is a Senior Vice-President of Investments & Private Client Adviser with 
Respondent (since 2018). He has been in the securities industry for 11 years.
The Customer inherited $800,000 and sought investment advice from Claimant. Account 
opening documentation shows Customer represented that she had some 30 years of 
investing experience, was seeking growth (firstly) and income (secondly), had a 10–15-
year time horizon for need of the funds, and had a moderate level of risk tolerance. 
Claimant's investment recommendations were discussed over a 4-month period with 
Customer, and Customer agreed they were appropriate for Customer's needs and risk 
tolerance. However, Customer subsequently exhibited considerable nervousness over 
market turmoil (and short-term paper losses) and, notwithstanding continual counselling 
by the Claimant for continuation of the original long-term approach (which Customer 
requested), Customer demanded liquidation which resulted in realization of the paper 
losses. Customer then blamed Claimant for the losses, although investments were 
appropriate based on information provided by the Customer, and were agreed to by the 
Customer following much consideration. 
2. Any and all claims for relief not specifically addressed herein are denied.","In the Statement of Claim, Claimant (CRD Number 6578981) requested: expungement of all 
references to Occurrence Number 2270994 from the CRD registration records. 
In the Statement of Answer, Respondent requested that all costs and fees associated with this 
matter, including FINRA fees be assessed to Claimant.","Expungement Award
In the Matter of the Arbitration Between: 
Claimant
Alexander Parisis
Case Number: 25-00957
 vs.
Respondent
J.P. Morgan Securities, LLC
Hearing Site: Jersey City, New Jersey
Awards are rendered by independent arbitrators who are appointed pursuant to Rule 13806 of 
the Code of Arbitration Procedure (“Code”) to issue final, binding decisions. FINRA makes 
available an arbitration forum—pursuant to rules approved by the SEC—but has no part in 
deciding the award.
Nature of the Dispute: Associated Person vs. Member
The expungement hearing was conducted by videoconference.","Statement of Claim filed on or about: May 9, 2025.
Claimant signed the Submission Agreement: May 9, 2025.
Statement of Answer filed by Respondent on or about: May 27, 2025.
Respondent signed the Submission Agreement: August 12, 2025.","In the Statement of Claim, Claimant asserted a claim seeking expungement of customer dispute 
information from registration records maintained by the Central Registration Depository (“CRD”). 
In the Statement of Answer, Respondent did not oppose Claimant’s expungement request.","The Arbitrators acknowledge that they have each read the pleadings and other materials filed by 
the parties. 
On May 22,2025, Claimant advised that the customer in Occurrence Number 2270994 
(“Customer”) was served with a copy of the Statement of Claim within 10 days of filing the 
Statement of Claim and provided proof of service. 
On May 30, 2025, Claimant advised that the Customer was served with a copy of the Statement 
of Answer within 10 days of its filing and provided proof of service. 
The Panel conducted a recorded hearing by videoconference on August 12, 2025, so the parties 
could present oral argument and evidence on Claimant’s request for expungement. Claimant and 
Respondent appeared by videoconference at the expungement hearing. As stated in the 
Statement of Answer, Respondent did not oppose the request for expungement. 
The Customer did not appear at the expungement hearing. 
No authorized representative of a state securities regulator appeared at the expungement hearing.
The Panel reviewed the settlement documentation related to Occurrence Number 2270994, 
considered the amount of payment made to any party to the settlement, and considered other 
relevant terms and conditions of the settlement. The Panel noted that the settlement was not 
conditioned on any party to the settlement not opposing the expungement request and that 
Claimant did not contribute to the settlement amount. 
The Panel relied upon the following documentary or other evidence:
The Claimant's detailed and credible testimony, and the solid record he has established 
in his 11 years in the securities industry, without any prior recorded complaints from 
customers. 
Detailed transcriptions of numerous meetings and other communications with the 
Customer - first over a 4-month period prior to Customer's initial investment, followed by 
ongoing reviews of account performance, as well as overall market performance.
Reasonable investment allocations of Customer's significant inheritance (50% cash and 
50% invested in independently managed funds which fit the Customer's stated risk 
tolerance level). Customer initially claimed to have extensive investing experience but 
seemed to panic somewhat during periods of market swings/turbulence (i.e., expressed 
concern over performance within 2 weeks after initial investment).
Customer initially said her time horizon was 10-15 years, but liquidated investments 
within some 20 months. Submitted complaint (and sell instructions) via email 4/18/2023, 
then requested reversal of liquidation the next day. Respondent’s letter 5/23/2023 denied 
the complaint. Customer subsequently submitted very brief Statement of Claim 
5/25/2023. It was noted that some of Customer's information in both the complaint and 
Statement of Claim was at odds with information previously provided at inception of 
account.
Claimant's name was not mentioned in the Customer's Statement of Claim, and Claimant 
also had no involvement in the subsequent Settlement Agreement between Customer 
and Respondent (settlement of less than $15,000 against claim for losses of $45,000).","Pursuant to the Code, the following fees are assessed:
Filing Fees
FINRA Dispute Resolution Services assessed a filing fee* for each claim:
Initial Claim Filing Fee =$ 2,000.00
*The filing fee is made up of a non-refundable and a refundable portion. 
Member Fees
Member fees are assessed to each member firm that is a party in these proceedings or to the 
member firm that employed the associated person at the time of the event giving rise to the 
dispute. Accordingly, as a party, Respondent is assessed the following:
Member Surcharge =$ 2,600.00
Member Process Fee =$ 5,005.00
Late Pre-Hearing Cancellation Fees
Fees apply when a pre-hearing conference is cancelled within three business days of the 
scheduled conference: 
June 24, 2025, cancellation requested by Claimant =$ 300.00
Total Late Pre-Hearing Cancellation Fees =$ 300.00
The Panel has assessed the total late pre-hearing cancellation fees to Claimant.
Hearing Session Fees and Assessments
The Panel has assessed hearing session fees for each session conducted. A session is any 
meeting between the parties and the Arbitrators, including a pre-hearing conference with the 
Arbitrators, which lasts four (4) hours or less. Fees associated with these proceedings are:
One (1) hearing session on expungement request @ $1,150.00/session
Hearing: August 12, 2025 1 session
=$ 1,725.00
Total Hearing Session Fees =$ 1,725.00
The Panel has assessed the total hearing session fees to Claimant.
All balances are payable to FINRA Dispute Resolution Services and are due upon receipt.","Peter A.P. Dunlop - Public Arbitrator, Presiding Chairperson
Robert Dean McKinley - Public Arbitrator
Maya Steinitz - Public Arbitrator
I, the undersigned Arbitrator, do hereby affirm that I am the individual described herein and who 
executed this instrument, which is my award.
Concurring Arbitrators' Signatures
Peter A.P. Dunlop
Peter A.P. Dunlop
Public Arbitrator, Presiding Chairperson
08/16/2025
Signature Date
Robert Dean McKinley
Robert Dean McKinley
Public Arbitrator
08/15/2025
Signature Date
Maya Steinitz
Maya Steinitz
Public Arbitrator
08/18/2025
Signature Date
Awards are rendered by independent arbitrators who issue final, binding decisions. FINRA 
makes available an arbitration forum—pursuant to rules approved by the SEC—but has no part 
in deciding the award.
August 18, 2025
Date of Service (For FINRA Dispute Resolution Services use only)"
25-00534,25-00534,post_cutoff_control,2025-08-21,25-00534.pdf,5,8089,9,"For Claimant Eliah Ewing: Lawton R. Graves, Esq., Murphy and Anderson, P.A., Jacksonville, 
Florida.
For Respondent Ameriprise Financial Services, LLC: Howard M. Klausmeier, Esq., Ameriprise 
Financial Services, LLC, Troy, Michigan.","After considering the pleadings, the testimony and evidence presented at the expungement 
hearing, and any post-hearing submissions, the Panel has decided in full and final resolution of 
the issues submitted for determination as follows: 
1. The Panel awards the expungement of all references to Occurrence Number 2279451 from 
registration records maintained by the CRD for Claimant Eliah Ewing (CRD Number 
4769334) with the understanding that, pursuant to Rule 2080, Claimant Eliah Ewing must 
obtain confirmation from a court of competent jurisdiction before the CRD will execute the 
expungement directive. 
Unless specifically waived in writing by FINRA, parties seeking judicial confirmation of an 
arbitration award containing expungement relief must name FINRA as an additional party 
and serve FINRA with all appropriate documents. 
Pursuant to Rule 13805 of the Code, the Panel has made the following affirmative finding of 
fact: 
The claim, allegation, or information is false.
The Panel has made the above finding based on the following reasons: 
Claimant credibly testified as to the suitability of the subject investments, including the 
underlying Customer’s needs, understanding of the investments, risk tolerance and 
objectives. The testimony was supported by the documentary evidence.
The Panel considered the settlement agreement and the uncontradicted testimony that 
Claimant was not consulted, was not asked to contribute and did not contribute. 
The settlement amount is consistent with having been made to avoid costs of defense.
There was no evidence to support a conclusion that the subject investments were 
unsuitable and ample evidence to the contrary.","In the Statement of Claim, Claimant (CRD Number 4769334) requested expungement of all 
references to Occurrence Number 2279451 from the CRD registration records.
In the Statement of Answer, Respondent requested: that an award be issued that is consistent 
with Respondent’s Statement of Answer; that denies any and all relief requested against 
Respondent; and that assesses all hearing costs and fees against Claimant.","Expungement Award
In the Matter of the Arbitration Between: 
Claimant
Eliah Ewing
Case Number: 25-00534
 vs.
Respondent
Ameriprise Financial Services, LLC
Hearing Site: Tampa, Florida
Awards are rendered by independent arbitrators who are appointed pursuant to Rule 13806 of 
the Code of Arbitration Procedure (“Code”) to issue final, binding decisions. FINRA makes 
available an arbitration forum—pursuant to rules approved by the SEC—but has no part in 
deciding the award.
Nature of the Dispute: Associated Person vs. Member
The expungement hearing was conducted by videoconference.","Statement of Claim filed on or about: March 14, 2025.
Eliah Ewing signed the Submission Agreement: March 14, 2025.
Statement of Answer filed by Respondent on or about: May 19, 2025.
Ameriprise Financial Services, LLC signed the Submission Agreement: May 19, 2025.","In the Statement of Claim, Claimant asserted a claim seeking expungement of customer dispute 
information from registration records maintained by the Central Registration Depository (“CRD”). 
In the Statement of Answer, Respondent took no position on Claimant’s expungement request.","The Arbitrators acknowledge that they have each read the pleadings and other materials filed by 
the parties. 
On April 9, 2025, Claimant advised that the customer in Occurrence Number 2279451 
(“Customer”) was served with a copy of the Statement of Claim within 10 days of filing the 
Statement of Claim and provided proof of service.
On June 26, 2025, Claimant advised that the Customer was served with a copy of the 
Statement of Answer, although not within 10 days of filing the Statement of Answer and 
provided proof of service.
On April 11, 2025, the Customer registered for the DR Portal, providing them with access to all 
documents filed in the case. 
On May 8, 2025, the Customer submitted a written statement dated May 7, 2025, and opposed the 
expungement request.
The Panel conducted a recorded hearing by videoconference on August 12, 2025, so the parties 
could present oral argument and evidence on Claimant’s request for expungement. Claimant 
appeared by videoconference at the expungement hearing. Respondent appeared at the 
expungement hearing and did not oppose the request for expungement.
The Customer did not appear at the expungement hearing.
No authorized representative of a state securities regulator appeared at the expungement hearing.
The Panel noted Claimant’s representation that a prior arbitration panel or court has not 
previously ruled on expungement of the same occurrence in the CRD.
The Panel reviewed the settlement documentation related to Occurrence Number 2279451, 
considered the amount of payment made to any party to the settlement, and considered other 
relevant terms and conditions of the settlement. The Panel noted that the settlement was not 
conditioned on any party to the settlement not opposing the expungement request and that 
Claimant did not contribute to the settlement amount. 
The Panel relied upon the following documentary or other evidence: Claimant’s Statement of 
Claim with Exhibits; Respondent’s Statement of Answer; Claimant’s BrokerCheck® Report; 
Claimant’s CRD® or IARD (TM) System Report; Claimant’s Exhibit Notebook, numbers 5 
through 36; Customer’s Opposition to Motion to Expunge dated September 19, 2024, and 
Customer’s Statement dated May 7, 2025; and the oral testimony of Claimant.","Pursuant to the Code, the following fees are assessed:
Filing Fees
FINRA Dispute Resolution Services assessed a filing fee* for each claim:
Initial Claim Filing Fee =$ 2,000.00
*The filing fee is made up of a non-refundable and a refundable portion. 
Member Fees
Member fees are assessed to each member firm that is a party in these proceedings or to the 
member firm(s) that employed the associated person(s) at the time of the event(s) giving rise to 
the dispute. Accordingly, as a party, Respondent is assessed the following:
Member Surcharge =$ 2,600.00
Member Process Fee =$ 5,005.00
Hearing Session Fees and Assessments
The Panel has assessed hearing session fees for each session conducted. A session is any 
meeting between the parties and the Arbitrator(s), including a pre-hearing conference with the 
Arbitrator(s), which lasts four (4) hours or less. Fees associated with these proceedings are:
One (1) pre-hearing session with the Panel @ $1,725.00/session
Pre-Hearing Conference: June 26, 2025 1 session
=$ 1,725.00
One (1) hearing session on expungement request @ $1,725.00/session
Hearing: August 12, 2025 1 session
=$ 1,725.00
Total Hearing Session Fees =$ 3,450.00
The Panel has assessed the total hearing session fees to Claimant.
All balances are payable to FINRA Dispute Resolution Services and are due upon receipt.","Robert G. Falbisaner - Public Arbitrator, Presiding Chairperson
Douglas M. Branson - Public Arbitrator
Peter M. Cosel - Public Arbitrator
I, the undersigned Arbitrator, do hereby affirm that I am the individual described herein and who 
executed this instrument, which is my award.
Concurring Arbitrators' Signatures
Robert G. Falbisaner
Robert G. Falbisaner
Public Arbitrator, Presiding Chairperson
08/19/2025
Signature Date
Douglas M. Branson
Douglas M. Branson
Public Arbitrator
08/20/2025
Signature Date
Peter M. Cosel
Peter M. Cosel
Public Arbitrator
08/20/2025
Signature Date
Awards are rendered by independent arbitrators who issue final, binding decisions. FINRA 
makes available an arbitration forum—pursuant to rules approved by the SEC—but has no part 
in deciding the award.
August 21, 2025
Date of Service (For FINRA Dispute Resolution Services use only)"
25-00271,25-00271,post_cutoff_control,2025-09-15,25-00271.pdf,3,3940,8,"Claimant Richard J. Satran (“Claimant”) appeared pro se.
For Respondents UBS Financial Services Inc. (“UBS”), Salvatore Philip Baio (“Mr. Baio”), John 
Eugene Geoghan (“Mr. Geoghan”), and Clifford Virgin, III (“Mr. Virgin”) collectively 
“Respondents”: Charlotte S. Wolfe, Esq., UBS Business Solutions US LLC, Nashville, 
Tennessee.","After considering the pleadings, the Arbitrator has decided and determined in full and final 
resolution of the issues submitted for determination as follows: 
1. Claimant’s claims are denied in their entirety.
2. FINRA Dispute Resolution Services shall retain the $600.00 filing fee that Claimant deposited 
previously.
3. Respondents are jointly and severally liable for and shall pay to Claimant $300.00 to 
reimburse Claimant for one half of the filing fee previously paid to FINRA Dispute Resolution 
Services. 
4. Any and all claims for relief not specifically addressed herein, are denied.","In the Statement of Claim, Claimant requested: $36,940.00 for liquidated damages; $10,866.00 
for disgorgement of annual fees; $1,219.00 for lost opportunity costs; interest; and $975.00 for 
filing fees. 
In the Statement of Answer, Respondents requested that the Statement of Claim be dismissed 
in its entirety with prejudice and such other and further relief deemed just and proper.","Award
In the Matter of the Arbitration Between: 
Claimant
Richard J. Satran
Case Number: 25-00271
 vs.
Respondent
UBS Financial Services Inc.
Salvatore Philip Baio
John Eugene Geoghan
Clifford Virgin, III
Hearing Site: Jersey City, New Jersey
Awards are rendered by independent arbitrators who are chosen by the parties to issue final, 
binding decisions. FINRA makes available an arbitration forum—pursuant to rules approved by 
Nature of the Dispute: Customer vs. Member and Associated Persons
This matter proceeded pursuant to Rule 12800 of the Code of Arbitration Procedure (“Code”). 
The customer did not request a hearing.","Statement of Claim filed on or about: February 6, 2025.
Claimant signed the Submission Agreement: February 18, 2025.
Statement of Answer filed by Respondents on or about: April 24, 2025.
UBS signed the Submission Agreement: April 25, 2025.
Mr. Baio signed the Submission Agreement: July 9, 2025.
Mr. Geoghan signed the Submission Agreement: July 9, 2025.
Mr. Virgin signed the Submission Agreement: July 9, 2025.","In the Statement of Claim, Claimant asserted the following causes of action: negligence; 
unsuitability; breach of fiduciary duty; reverse churning; and failure to supervise. The causes of 
action relate to Claimant’s allegation that he suffered substantial losses from negligent care in 
his UBS managed account by a dual-registered financial advisor. 
Unless specifically admitted in the Statement of Answer, Respondents denied the allegations 
made in the Statement of Claim and asserted various affirmative defenses.",The Arbitrator acknowledges having read the pleadings and other materials filed by the parties.,"Pursuant to the Code:
1. Respondent UBS has paid to FINRA Dispute Resolution Services the $975.00 Member 
Surcharge and $2,275.00 Member Process Fee previously invoiced.
All balances are payable to FINRA Dispute Resolution Services and are due upon receipt.
ARBITRATOR
Kenneth J. Horowitz - Sole Public Arbitrator
I, the undersigned Arbitrator, do hereby affirm that I am the individual described herein and who 
executed this instrument, which is my award.
Arbitrator's Signature
Kenneth J. Horowitz
Kenneth J. Horowitz
Sole Public Arbitrator
09/12/2025
Signature Date
Awards are rendered by independent arbitrators who are chosen by the parties to issue final, 
binding decisions. FINRA makes available an arbitration forum—pursuant to rules approved by 
September 15, 2025
Date of Service (For FINRA Dispute Resolution Services use only)",
21-02911,21-02911,post_cutoff_control,2025-10-07,21-02911.pdf,9,18805,9,"For Claimants Mary Cecelia Collins, as Surviving Trustee of the David C. and Mary C. Collins 
Family Trust dated 01-20-97; Mary Cecelia Collins, as Trustee of the Mary C. Collins 1997 Trust 
U/A dated 01/20/1997; and Mary Cecelia Collins, as Successor Trustee of the David C. Collins 
1997 Trust U/A dated 01/20/1997: Bernard M. Resser, Esq., Barton LLP, Santa Monica, 
California; and James E. Heavey, Esq. and Michael C. Ward, Esq., Barton LLP, New York, New 
York.1
1 Counsel also represented Claimants David Christopher Collins, an Individual, Mary Ceclia Collins, an Individual, 
David Christopher Collins and Mary Cecelia Collins, as Trustees of the David C. and Mary C. Collins Family Trust 
dated 01-20-97, and David Christopher Collins, as Trustee of the David C. Collins 1997 Trust U/A dated 01/2/1997, 
prior to these Claimants being removed or substituted after the passing of David Christopher Collins.
For Respondents Westside Investment Management, Inc., a California Corporation 
(“Westside”); and James M. Frawley (“Frawley”): Kevin K. Fitzgerald, Esq. and Catherine L. 
Dellecker, Esq., JonesBell LLP, Los Angeles, California.
For Respondent LPL Financial, LLC, a California Limited Liability Company (“LPL”): George D. 
Sullivan, Esq. and Nicholas C. Friedman, Esq., Greenberg Traurig, LLP, New York, New York; 
and Steven M. Malina, Esq., Greenberg Traurig, LLP, Chicago, Illinois.","After considering the pleadings, the testimony and evidence presented at the hearing, and any 
post-hearing submissions, the Panel has decided in full and final resolution of the issues 
submitted for determination as follows: 
1. Claimants’ claims are denied in their entirety. 
2.Any and all claims for relief not specifically addressed herein, including any requests for 
punitive damages, treble damages, and attorneys’ fees, are denied.","In the Statement of Claim, as amended, Claimants requested:
A. On Count I, an Order (1) directing Respondents Westside and Frawley to pay monetary 
damages to Claimants for: (a) options trading losses in amount of at least 
$62,497,621.00; (b) unearned advisory fees totaling at least $1,874,367.81; and (c) other 
damages and losses associated with the accounts managed by Respondents Westside 
and Frawley and incurred to mitigate damages, all according to proof at the evidentiary 
hearing; (2) directing Respondents Westside and Frawley to pay exemplary and punitive 
damages to Claimants, according to proof;
B. On Count II, an Order directing Respondents Westside and Frawley to pay monetary 
damages to Claimants for: (a) options trading losses in amount of at least 
$62,497,621.00; (b) unearned advisory fees totaling at least $1,874,367.81; and (c) other 
damages and losses associated with the accounts managed by Respondents Westside 
and Frawley and incurred to mitigate damages, all according to proof at the evidentiary 
hearing;
C. On Count III, an Order (1) directing Respondents Westside and Frawley to pay monetary 
damages to Claimants for: (a) options trading losses in amount of at least 
$62,497,621.00; (b) unearned advisory fees totaling at least $1,874,367.81; and (c) other 
damages and losses associated with the accounts managed by Respondents Westside 
and Frawley and incurred to mitigate damages, all according to proof at the evidentiary 
hearing; (2) directing Respondents Westside and Frawley to pay exemplary and punitive 
damages to Claimants, according to proof;
D. On Count IV, an Order (1) directing Respondents Westside and Frawley to pay monetary 
damages to Claimants for: (a) options trading losses in amount of at least 
$62,497,621.00; (b) unearned advisory fees totaling at least $1,874,367.81; and (c) other 
damages and losses associated with the accounts managed by Respondents Westside 
and Frawley and incurred to mitigate damages, all according to proof at the evidentiary 
hearing; (2) directing Respondents Westside and Frawley to pay exemplary and punitive 
damages to Claimants, according to proof;
E. On Count V, an Order directing Respondent LPL to pay monetary damages to Claimants 
for: (a) options trading losses in amount of at least $62,497,621.00; (b) unearned 
advisory fees totaling at least $1,874,367.81; and (c) other damages and losses 
associated with the accounts managed by Respondents Westside and Frawley and 
incurred to mitigate damages, the amount to be determined at the evidentiary hearing;
F. On Count VI, an Order directing Respondent LPL to pay monetary damages to Claimants 
for: (a) options trading losses in amount of at least $62,497,621.00; (b) unearned 
advisory fees totaling at least $1,874,367.81; and (c) other damages and losses 
associated with the accounts managed by Respondents Westside and Frawley and 
incurred to mitigate damages, the amount to be determined at the evidentiary hearing;
G. On Count VII, an Order (1) directing all Respondents to pay monetary damages to 
Claimants for: (a) options trading losses in amount of at least $62,497,621.00; (b) 
unearned advisory fees totaling at least $1,874,367.81; and (c) other damages and 
losses associated with the accounts managed by Respondents Westside and Frawley 
and incurred to mitigate damages, all according to proof at the evidentiary hearing; (2) 
directing all Respondents to pay Claimants’ attorneys’ fees and costs incurred in this 
litigation pursuant to Welfare and Institutions Code section 15657.5(a); (3) directing 
Respondents Westside and Frawley to pay exemplary and punitive damages to 
Claimants, pursuant to Welfare and Institutions Code section 15657.5 and Civil Code 
section 3294, and according to proof;
H. On Count VIII, an Order (1) directing Respondents Westside and Frawley to pay 
monetary damages to Claimants for: (a) options trading losses in amount of at least 
$62,497,621.00; (b) unearned advisory fees totaling at least $1,874,367.81; and (c) other 
damages and losses associated with the accounts managed by Respondents Westside 
and Frawley and incurred to mitigate damages, all according to proof at the evidentiary 
hearing; (2) directing Respondents Westside and Frawley to pay exemplary and punitive 
damages to Claimants, according to proof; and 
I. On all Counts, an Order (1) for costs of suit including all arbitration and arbitrators’ fees 
and expenses; (2) for such other and further relief as the Panel deems just, proper, and 
equitable.
In the Statement of Answer, Respondents Westside and Frawley did not delineate a relief 
request.
In the Statement of Answer, and Statement of Answer to Amended Statement of Claim, 
Respondent LPL requested denial of Claimants’ claims against Respondent LPL in their entirety 
with prejudice and such other relief that the Panel deems fair and equitable.","Award
In the Matter of the Arbitration Between: 
Claimants
Mary Cecelia Collins, as Surviving Trustee of the
David C. and Mary C. Collins Family Trust dated
01-20-97; Mary Cecelia Collins, as Trustee of the 
Mary C. Collins 1997 Trust U/A dated 01/20/1997; 
and Mary Cecelia Collins, as Successor Trustee of
the David C. Collins 1997 Trust U/A dated 
01/20/1997
Case Number: 21-02911
 vs.
Respondents
Westside Investment Management, Inc.,
a California Corporation; James M. Frawley; 
and LPL Financial, LLC, a California Limited 
Liability Company
Hearing Site: Washington, D.C.
Awards are rendered by independent arbitrators who are chosen by the parties to issue final, 
binding decisions. FINRA makes available an arbitration forum—pursuant to rules approved by 
the SEC—but has no part in deciding the award.
Nature of the Dispute: Customers vs. Non-Member, Associated Person, and Member
This case was decided by an all-public panel.
The evidentiary hearing was conducted partially by videoconference.","Statement of Claim filed by Claimants on or about: November 24, 2021.
David Christopher Collins, an Individual, signed the Submission Agreement: November 23, 
2021.
Mary Cecelia Collins, an Individual, signed the Submission Agreement: November 23, 2021.
David Christopher Collins and Mary Cecelia Collins, as Trustees of the David C. and Mary C. 
Collins Family Trust dated 01-20-97, signed the Submission Agreement: November 23, 2021.
Mary Cecelia Collins, as Trustee of the Mary C. Collins 1997 Trust U/A dated 01/20/1997, 
signed the Submission Agreement: November 23, 2021.
David Christopher Collins, as Trustee of the David C. Collins 1997 Trust U/A dated 01/20/1997, 
signed the Submission Agreement: November 23, 2021.
Statement of Answer filed by Respondents Westside and Frawley on or about: February 17, 
2022.
Respondent Westside signed the Submission Agreement: January 12, 2022.
Respondent Frawley signed the Submission Agreement: January 12, 2022.
Statement of Answer filed by Respondent LPL on or about: February 17, 2022.
Respondent LPL signed the Submission Agreement: February 17, 2022.
Amended Statement of Claim filed by Claimants on or about: January 26, 2023.
Mary Cecelia Collins, as Surviving Trustee of the David C. and Mary C. Collins Family Trust 
dated 01-20-97, signed the Submission Agreement: October 6, 2025.
Mary Cecelia Collins, as Successor Trustee of the David C. Collins 1997 Trust U/A dated 
01/20/1997, signed the Submission Agreement: October 6, 2025.
Statement of Answer to Amended Statement of Claim filed by Respondent LPL on or about: 
March 22, 2023.","In the Statement of Claim, as amended, Claimants asserted the following causes of action: 
fraud and deceit against Respondents Westside and Frawley pursuant to Cal. Civil Code § 
1710(1) (“Count I”); negligent misrepresentation against Respondents Westside and Frawley 
pursuant to Cal. Civil Code § 1710(2) (“Count II”); suppression of fact against Respondents 
Westside and Frawley pursuant to Cal. Civil Code § 1710(3) (“Count III”); damages for securities 
transactions made through material misrepresentation or fraud against Respondents Westside 
and Frawley pursuant to Cal. Corp. Code § 25401 (“Count IV”); damages for securities 
transactions made through material misrepresentation or fraud against Respondent LPL as 
materially assisting persons pursuant to Cal. Corp. Code § 25401 (“Count V”); damages for 
negligence against Respondent LPL (“Count VI”); damages for financial elder abuse against all 
Respondents (“Count VII”); and damages for breach of fiduciary duty against Respondents 
Westside and Frawley (“Count VIII”). The causes of action relate to Claimants’ allegations, 
among other things, that Respondents Westside and Frawley chose and executed a securities 
trading strategy involving a covered call options trading strategy that was not suitable for the 
Claimants’ investment objectives for their holdings in Apple, Inc. shares and that Respondent 
LPL failed to require Respondents Westside and Frawley to comply with Respondent LPL’s 
rules and failed to properly review Respondents Westside and Frawley’s reports to Claimants, 
which review would have uncovered the alleged scheme that Respondents Westside and 
Frawley had been perpetuating with these highly misleading spreadsheets. 
Unless specifically admitted in the Statement of Answer, Respondents Westside and Frawley 
denied the allegations made in the Statement of Claim, as amended, and asserted various 
affirmative defenses.
Unless specifically admitted in the Statement of Answer or Statement of Answer to Amended 
Statement of Claim, Respondent LPL denied the allegations made in the Statement of Claim, as 
amended, and asserted various affirmative defenses.","The Arbitrators acknowledge that they have each read the pleadings and other materials filed by 
the parties. 
On or about January 26, 2023, Claimants filed a Motion for Leave to File an Amended 
Statement of Claim (“Motion”) to, among other things, reflect the death of David Christopher 
Collins, and state that his widow, Mary Cecelia Collins, became the Surviving Trustee of the 
David C. and Mary C. Collins Family Trust dated 01-20-97, and the Successor Trustee of the 
David C. Collins 1997 Trust U/A dated 01/20/1997. On or about February 6, 2023, Respondent 
LPL filed a response noting that it did not object to the filing of the Amended Statement of Claim 
but reserved the right to file an Amended Statement of Answer in accordance with FINRA Rules 
12303 and 12309. No response was filed by Respondents Westside and Frawley. On or about 
February 9, 2023, Claimants filed a reply in support of the Motion. On March 2, 2023, the Panel 
granted the Motion, and further, regarding Claimants naming “Does 1 – 100” as Respondents in 
the Amended Statement of Claim, the Panel ordered that no later than ten (10) days after 
completion of discovery, Claimants should amend their pleadings to either remove the 
unidentified parties or identify them by name.
As requested by the Panel, on or about March 17, 2025, Claimants filed a Motion to formally 
update the case caption set forth in their Amended Statement of Claim, which removed David 
Christopher Collins, an Individual, Mary Ceclia Collins, an Individual, David Christopher Collins 
and Mary Cecelia Collins, as Trustees of the David C. and Mary C. Collins Family Trust dated 
01-20-97, and David Christopher Collins, as Trustee of the David C. Collins 1997 Trust U/A 
dated 01/20/1997, as Claimants, and added Mary Cecelia Collins, as Surviving Trustee of the 
David C. and Mary C. Collins Family Trust dated 01-20-97, and Mary Cecelia Collins, as 
Successor Trustee of the David C. Collins 1997 Trust U/A dated 01/20/1997, as Claimants. On 
March 21, 2025, the Panel issued an Order granting the Motion.
On September 19, 2025, the Panel issued an Order amending the case caption to the final 
caption as reflected in this Award, which removed “Does 1 – 100” as Respondents.","Pursuant to the Code of Arbitration Procedure, the following fees are assessed:
Filing Fees
FINRA Dispute Resolution Services assessed a filing fee* for each claim:
Initial Claim Filing Fee =$ 2,300.00
Member Fees
Member fees are assessed to each member firm that is a party in these proceedings or to the 
member firm(s) that employed the associated person(s) at the time of the event(s) giving rise to 
the dispute. Accordingly, as a party, Respondent LPL is assessed the following:
Member Surcharge =$ 4,325.00
Member Process Fee =$ 7,300.00
Late Pre-Hearing Cancellation Fees
Fees apply when a pre-hearing conference is cancelled within three business days of the 
scheduled conference: 
September 8, 2023, cancellation requested by the Parties =$ 100.00
Total Late Pre-Hearing Cancellation Fees =$ 100.00
The Panel has assessed $50.00 of the late pre-hearing cancellation fees jointly and severally to 
The Panel has assessed $50.00 of the late pre-hearing cancellation fees jointly and severally to 
Postponement Fees
Postponements granted during these proceedings for which fees were assessed or waived: 
June 5-9, 2023, postponement requested by the Parties
June 3-7, 2024, postponement requested by Respondent LPL
July 22, 2025, postponement requested by Respondent LPL
=$
=$
=
1,575.00
 1,575.00
 WAIVED
Total Postponement Fees =$ 3,150.00
The Panel has assessed $1,575.00 of the postponement fees jointly and severally to Claimants.
The Panel has assessed $1,575.00 of the postponement fees jointly and severally to 
Last-Minute Cancellation Fees
Fees apply when a hearing on the merits is cancelled within ten calendar days before the start 
of a scheduled hearing session: 
July 22, 2025, cancellation requested by Respondent LPL = WAIVED
Total Last-Minute Cancellation Fees = WAIVED
The Panel has waived the total last-minute cancellation fees. 
Discovery-Related Motion Fees
Fees apply for each decision rendered on a discovery-related motion. 
One (1) decision on a discovery-related motion on the papers 
with the Panel @ $600.00/decision
=$ 600.00
Respondent LPL submitted one (1) discovery-related motion
Total Discovery-Related Motion Fees =$ 600.00
The Panel has assessed $300.00 of the discovery-related motion fees jointly and severally to 
The Panel has assessed $300.00 of the discovery-related motion fees jointly and severally to 
Hearing Session Fees and Assessments
The Panel has assessed hearing session fees for each session conducted. A session is any 
meeting between the parties and the Arbitrator(s), including a pre-hearing conference with the 
Arbitrator(s), which lasts four (4) hours or less. Fees associated with these proceedings are:
Seven (7) pre-hearing sessions with a single Arbitrator @ $450.00/session
Pre-Hearing Conferences: May 4, 2023 1 session
July 31, 2023
November 10, 2023
December 15, 2023
December 29, 2023
January 19, 2024
August 15, 2024
1 session
1 session
1 session
1 session
1 session
1 session
=$ 3,150.00
Four (4) pre-hearing sessions with the Panel @ $1,575.00/session
Pre-Hearing Conferences: April 1, 2022 1 session
January 24, 2023
June 27, 2023
April 17, 2024
1 session
1 session
1 session
=$ 6,300.00
Thirty-four (34) hearing sessions @ $1,575.00/session
Hearings: March 10, 2025 2 sessions
March 11, 2025
March 12, 2025
March 13, 2025
March 14, 2025
March 31, 2025
April 1, 2025
April 2, 2025
April 3, 2025
April 4, 2025
2 sessions
2 sessions
2 sessions
2 sessions
2 sessions
2 sessions
2 sessions
2 sessions
2 sessions
=$ 53,550.00
July 21, 2025
July 23, 2025
July 24, 2025
July 25, 2025
August 25, 2025
August 27, 2025
August 28, 2025
August 29, 2025
1 session
2 sessions
2 sessions
2 sessions
1 session
2 sessions
2 sessions
2 sessions
Total Hearing Session Fees =$ 63,000.00
The Panel has assessed $31,500.00 of the hearing session fees jointly and severally to 
The Panel has assessed $31,500.00 of the hearing session fees jointly and severally to 
All balances are payable to FINRA Dispute Resolution Services and are due upon receipt.","Patricia H. Latham - Public Arbitrator, Presiding Chairperson
Leslie E. Rossen - Public Arbitrator
Harry John D'Andrea - Public Arbitrator
I, the undersigned Arbitrator, do hereby affirm that I am the individual described herein and who 
executed this instrument, which is my award.
Concurring Arbitrators' Signatures
Patricia H. Latham
Patricia H. Latham
Public Arbitrator, Presiding Chairperson
10/07/2025
Signature Date
Leslie E. Rossen
Leslie E. Rossen
Public Arbitrator
10/06/2025
Signature Date
Harry John D'Andrea
Harry John D'Andrea
Public Arbitrator
10/06/2025
Signature Date
Awards are rendered by independent arbitrators who are chosen by the parties to issue final, 
binding decisions. FINRA makes available an arbitration forum—pursuant to rules approved by 
the SEC—but has no part in deciding the award.
October 07, 2025
Date of Service (For FINRA Dispute Resolution Services use only)"
25-00704,25-00704,post_cutoff_control,2025-10-10,25-00704.pdf,6,9753,9,"For Claimant E. Matthew Steinberg (“Claimant”): Jonathan Uretsky, Esq. and Anna Adelstein, 
Esq., PULLP, New York, New York.
For Respondent Oppenheimer & Co., Inc. (“Respondent”): Alexa P. Saberito, Esq., 
Oppenheimer & Co. Inc., New York, New York.","After considering the pleadings, the testimony and evidence presented at the expungement 
hearings, and any post-hearing submissions, the Panel has decided in full and final resolution of 
the issues submitted for determination as follows: 
1. Claimant’s claim for $1.00 in compensatory damages is denied. 
2. The Panel awards the expungement of all references to Occurrence Number 2309573 from 
registration records maintained by the CRD for Claimant E. Matthew Steinberg (CRD 
Number 2430032) with the understanding that, pursuant to Rule 2080, Claimant E. Matthew 
Steinberg must obtain confirmation from a court of competent jurisdiction before the CRD will 
execute the expungement directive. 
Unless specifically waived in writing by FINRA, parties seeking judicial confirmation of an 
arbitration award containing customer dispute expungement relief must name FINRA as an 
additional party and serve FINRA with all appropriate documents. 
Pursuant to Rule 13805 of the Code, the Panel has made the following affirmative finding of 
fact: 
The claim, allegation, or information is false.
The Panel has made the above finding based on the following reasons: 
E. Matthew Steinberg was the Customer’s Financial Advisor. Customer did not name Mr. 
Steinberg as a Respondent in his case against Oppenheimer & Co., Inc., but 
Oppenheimer properly reported the arbitration on Mr. Steinberg’s CRD. There is no other 
customer complaint on Mr. Steinberg’s CRD.
Customer and Oppenheimer reached a settlement prior to the arbitration hearing. Mr. 
Steinberg was not involved in the settlement negotiations or discussions. Claimant was 
told of the total settlement agreement and later was told by Oppenheimer that he was 
expected to contribute 50%. Claimant never saw the actual settlement agreement before 
he agreed to pay Oppenheimer. He had checked with other brokers and found out that it 
was not an unusual request by Oppenheimer. After 30 years with Oppenheimer, he did 
not want to switch brokerage firms.
Customer was a tax attorney, a serial entrepreneur, and an experienced investor. He was 
controlling his account by not only taking all income generated out of his nondiscretionary 
account, but moved into writing checks for withdrawals, borrowing large sums on margin 
against his assets for building a house, and finally taking daily continuous withdrawals to 
pay for his American Express charges. Customer continued to give specific instructions 
of which bonds to be sold to cover his cash withdrawals. Despite repeated requests and 
warnings from Mr. Steinberg about Customer’s continuous withdrawing to pay credit card 
bills and using margin, Customer, knowingly and deliberately, chose to continue to 
withdrawing cash.
The Panel concludes that the Customer’s complaint was both not directed at Mr. 
Steinberg’s action and was false in regard to any action by Mr. Steinberg.
3. Any and all claims for relief not specifically addressed herein are denied.","In the Statement of Claim, as amended, Claimant (CRD Number 2430032) requested: 
expungement of all references to Occurrence Number 2309573 from the CRD registration 
records; compensatory damages in the amount of $1.00 from Respondent; and any and all 
other relief that the Panel deems just and equitable.
In the Statement of Answer, Respondent denied that it is liable to Claimant for any monetary 
damages.","Expungement Award
In the Matter of the Arbitration Between: 
Claimant
E. Matthew Steinberg
Case Number: 25-00704
 vs.
Respondent
Oppenheimer & Co., Inc.
Hearing Site: Philadelphia, Pennsylvania
Awards are rendered by independent arbitrators who are appointed pursuant to Rule 13806 of 
the Code of Arbitration Procedure (“Code”) to issue final, binding decisions. FINRA makes 
available an arbitration forum—pursuant to rules approved by the SEC—but has no part in 
deciding the award.
Nature of the Dispute: Associated Person vs. Member
The expungement hearing was conducted by videoconference.","Statement of Claim filed on or about: April 4, 2025.
Amended Statement of Claim filed on or about: April 20, 2025. 
Claimant signed the Submission Agreement: April 4, 2025.
Statement of Answer filed by Respondent on or about: June 2, 2025.
Respondent signed the Submission Agreement: June 2, 2025.","In the Statement of Claim, as amended, Claimant asserted a claim seeking expungement of 
customer dispute information from registration records maintained by the Central Registration 
Depository (“CRD”). 
In the Statement of Answer, Respondent did not oppose Claimant’s expungement request and 
denied the allegations made in the Amended Statement of Claim.","The Arbitrators acknowledge that they have each read the pleadings and other materials filed by 
the parties. 
The initial Statement of Claim was filed on April 4, 2025. It was not served on Respondent and 
not considered by the Arbitrators. 
On October 8, 2025, Claimant advised that the customer in Occurrence Number 2309573 
(“Customer”) was served with a copy of the Statement of Claim, although not within 10 days of 
filing the Statement of Claim. 
On October 8, 2025, Claimant advised that the Customer was served with a copy of the 
Statement of Answer, although not within 10 days of filing the Statement of Answer

The Panel conducted recorded hearings by videoconference on September 25, 2025, and October 
6, 2025, so the parties could present oral argument and evidence on Claimant’s request for 
expungement. Claimant appeared by videoconference at the expungement hearings. Respondent 
appeared at the expungement hearings and, as stated in the Statement of Answer, did not oppose 
the request for expungement. 
The Customer and their representative did not appear at the expungement hearings. 
No authorized representative of a state securities regulator appeared at the expungement 
hearings.
The Panel noted Claimant’s representation that a prior arbitration panel or court has not 
previously ruled on expungement of the same occurrence in the CRD.
The Panel reviewed the settlement documentation related to Occurrence Number 2309573, 
considered the amount of payment made to any party to the settlement, and considered other 
relevant terms and conditions of the settlement. The Panel noted that the settlement was not 
conditioned on any party to the settlement not opposing the expungement request and that 
Claimant contributed to the settlement amount. The Panel recommends expungement of this 
occurrence because Claimant was not named in the case. Claimant did not participate in the 
settlement negotiation. Claimant was told of the total settlement agreement and later was told by 
Respondent that he was expected to contribute 50%. Claimant never saw the actual settlement 
agreement before he agreed to pay Respondent. He had checked with other brokers and found 
out that it was not an unusual request by Respondent. After 30 years with Respondent, he did 
not want to switch brokerage firms. Claims by Customer were false. 
The Panel relied upon the following documentary or other evidence: Claimant’s testimony and 
exhibits 2, 3, 4, 5, 6, 7, 8, 9, 12, 13, 14, 18, 20, 21, and 22.","Pursuant to the Code, the following fees are assessed:
Filing Fees
FINRA Dispute Resolution Services assessed a filing fee* for each claim:
Initial Claim Filing Fee =$ 2,000.00
*The filing fee is made up of a non-refundable and a refundable portion. 
Member Fees
Member fees are assessed to each member firm that is a party in these proceedings or to the 
member firm that employed the associated person at the time of the events giving rise to the 
dispute. Accordingly, as a party, Respondent is assessed the following:
Member Surcharge =$ 2,600.00
Member Process Fee =$ 5,005.00
Hearing Session Fees and Assessments
The Panel has assessed hearing session fees for each session conducted. A session is any 
meeting between the parties and the Arbitrators, including a pre-hearing conference with the 
Arbitrators, which lasts four (4) hours or less. Fees associated with these proceedings are:
One (1) pre-hearing session with the Panel @ $1,725.00/session
Pre-Hearing Conference: June 10, 2025 1 session
=$ 1,725.00
Two (2) hearing sessions on expungement request @ $1,725.00/session =$ 3,450.00
Hearings: September 25, 2025 1 session
October 6, 2025 1 session
Total Hearing Session Fees =$ 5,175.00
The Panel has assessed the total hearing session fees to Claimant.
All balances are payable to FINRA Dispute Resolution Services and are due upon receipt.","Julius Z. Frager - Public Arbitrator, Presiding Chairperson
Allan N. Taffet - Public Arbitrator
Avery B. Goodman - Public Arbitrator
I, the undersigned Arbitrator, do hereby affirm that I am the individual described herein and who 
executed this instrument, which is my award.
Concurring Arbitrators' Signatures
Julius Z. Frager
Julius Z. Frager
Public Arbitrator, Presiding Chairperson
10/09/2025
Signature Date
Allan N. Taffet
Allan N. Taffet
Public Arbitrator
10/09/2025
Signature Date
Avery B. Goodman
Avery B. Goodman
Public Arbitrator
10/10/2025
Signature Date
Awards are rendered by independent arbitrators who issue final, binding decisions. FINRA 
makes available an arbitration forum—pursuant to rules approved by the SEC—but has no part 
in deciding the award.
October 10, 2025
Date of Service (For FINRA Dispute Resolution Services use only)"
25-00480,25-00480,post_cutoff_control,2025-10-22,25-00480.pdf,4,6521,9,"For Claimant Andre Shane Vanhorn: Brian Luther, Esq., FA Expungement Services, LLC, 
Denver, Colorado.
For Respondent Merrill Lynch, Pierce, Fenner & Smith, Inc. (“MLPFS”): Shruti Jaishankar, Esq., 
Maynard Nexsen, P.C., Nashville, Tennessee.
For Respondent UBS Financial Services, Inc. (“UBS”): John Murphy, Esq., John Murphy & 
Associates, P.C., New York, New York.","After considering the pleadings, the testimony and evidence presented at the hearing, and any 
post-hearing submissions, the Panel has decided in full and final resolution of the issues 
submitted for determination as follows: 
1. Claimant Andre Shane Vanhorn’s (CRD Number 4104252) request for expungement of 
Occurrence Numbers 1456034 and 1606405 from his registration records maintained by the 
CRD is dismissed pursuant to Rule 13206 of the Code.","In the Statement of Claim, Claimant (CRD Number 4104252) requested expungement of all 
references to Occurrence Numbers 1456034 and 1606405 from the CRD registration records.
Respondent MLPFS did not delineate a specific relief request in the Statement of Answer.
In the Statement of Answer, Respondent UBS requested that all costs and fees associated with 
the Statement of Claim be assessed solely against Claimant.","Expungement Award
In the Matter of the Arbitration Between: 
Claimant
Andre Shane Vanhorn
Case Number: 25-00480
 vs.
Respondents
Merrill Lynch, Pierce, Fenner & Smith, Inc.
UBS Financial Services, Inc.
Hearing Site: Atlanta, Georgia
Awards are rendered by independent arbitrators who are chosen by the parties to issue final, 
binding decisions. FINRA makes available an arbitration forum—pursuant to rules approved by 
Nature of the Dispute: Associated Person vs. Members
This case was decided by an all-public panel.","Statement of Claim filed on or about: March 7, 2025.
Andre Shane Vanhorn signed the Submission Agreement: March 7, 2025.
Statement of Answer filed by Respondent MLPFS on or about: May 9, 2025.
Respondent MLPFS signed the Submission Agreement: May 9, 2025.
Statement of Answer filed by Respondent UBS on or about: May 1, 2025.
Respondent UBS signed the Submission Agreement: May 1, 2025.","In the Statement of Claim, Claimant asserted a claim seeking expungement of customer dispute 
information from registration records maintained by the Central Registration Depository (“CRD”). 
In the Statement of Answer, Respondent MLPFS took no position on Claimant’s expungement 
request, denied any allegations of wrongdoing made in the Statement of Claim, and asserted 
affirmative defenses.
In the Statement of Answer, Respondent UBS did not oppose Claimant’s expungement request.","The Arbitrators acknowledge that they have each read the pleadings and other materials filed by 
the parties. 
On September 4, 2025, the authorized representative of the state securities regulator for California 
Department of Financial Protection and Innovation (“DFPI”) filed a Motion to Dismiss pursuant to 
Rule 13206 of the Code of Arbitration Procedure (“Code”). On September 29, 2025, Claimant 
filed a response opposing the Motion to Dismiss. On October 15, 2025, the Panel heard oral 
arguments on the Motion to Dismiss. On October 16, 2025, the Panel granted the Motion to 
Dismiss on the following grounds: The Panel accepts DFPI's argument and relies on the 
unambiguous language of Rule 13206(a) of the Code in determining that Claimant's claim was 
not filed in a timely manner. Claimant claims that records of Occurrence Numbers 1456034 and 
1606405 should be expunged from his CRD record. The complaints underlying those 
occurrences were reported to the CRD in May 2011 and July 2012 and were settled in March 
2012 and May 2013, respectively. The rule limits the time period for eligibility for submission to 
arbitration to six years from the occurrence or event giving rise to the claim. Claimant filed his 
claim in March 2025 which is clearly beyond the period of eligibility stated in the rule which 
would have ended in May 2019 based on the facts in evidence.","Pursuant to the Code, the following fees are assessed:
Filing Fees
FINRA Dispute Resolution Services assessed a filing fee* for each claim:
Expungement Filing Fee =$ 2,000.00
*The filing fee is made up of a non-refundable and a refundable portion. 
Member Fees
Member fees are assessed to each member firm that is a party in these proceedings or to the 
member firm(s) that employed the associated person(s) at the time of the event(s) giving rise to 
the dispute. Accordingly, as parties, Respondents MLPFS and UBS are each assessed the 
following:
Member Surcharge =$ 2,600.00
Member Process Fee =$ 5,005.00
Hearing Session Fees and Assessments
The Panel has assessed hearing session fees for each session conducted. A session is any 
meeting between the parties and the Arbitrator(s), including a pre-hearing conference with the 
Arbitrator(s), which lasts four (4) hours or less. Fees associated with these proceedings are:
One (1) pre-hearing session with the Panel @ $1,725.00/session
Pre-Hearing Conference: June 25, 2025 1 session
=$ 1,725.00
One (1) pre-hearing session with the Panel @ $1,725.00/session
Pre-Hearing Conference: October 15, 2025 1 session
= WAIVED
Total Hearing Session Fees =$ 1,725.00
The Panel has assessed the hearing session fee for the June 25, 2025, pre-hearing conference 
to Claimant.
The Panel has waived the hearing session fee for the October 15, 2025, pre-hearing 
conference.
All balances are payable to FINRA Dispute Resolution Services and are due upon receipt.","Peter H. Daly - Public Arbitrator, Presiding Chairperson
Steven R. Reininger - Public Arbitrator
Marvin Kent Speigner, Jr. - Public Arbitrator
I, the undersigned Arbitrator, do hereby affirm that I am the individual described herein and who 
executed this instrument, which is my award.
Concurring Arbitrators' Signatures
Peter H. Daly
Peter H. Daly
Public Arbitrator, Presiding Chairperson
10/21/2025
Signature Date
Steven R. Reininger
Steven R. Reininger
Public Arbitrator
10/22/2025
Signature Date
Marvin Kent Speigner, Jr.
Marvin Kent Speigner, Jr.
Public Arbitrator
10/21/2025
Signature Date
Awards are rendered by independent arbitrators who are chosen by the parties to issue final, 
binding decisions. FINRA makes available an arbitration forum—pursuant to rules approved by 
October 22, 2025
Date of Service (For FINRA Dispute Resolution Services use only)"
24-02360,24-02360,post_cutoff_control,2025-10-23,24-02360.pdf,4,6799,9,"For Claimant Todd Baker (“Claimant”): Patrick E. Poston, Esq., The Law Office of Patrick E. 
Poston LLC, St. Louis, Missouri.
For Respondent State Farm VP Management Corporation (“Respondent”): Brooke D. Clarkson, 
Esq., Foley & Lardner LLP, Washington, District of Columbia.","After considering the pleadings, the testimony and evidence presented at the hearing, and any 
post-hearing submissions, the Panel has decided in full and final resolution of the issues 
submitted for determination as follows: 
1. The Panel recommends the expungement of the Reason for Termination and Termination 
Explanation in Section 3 of Todd Robert Baker’s (CRD Number 3023093) Form U5 filed by 
State Farm VP Management Corp. (CRD Number 43036) on August 6, 2020 and maintained 
by the CRD. The Reason for Termination shall be changed to “Voluntary” and the 
Termination Explanation should be deleted in its entirety and shall appear blank. 
The Panel further recommends the expungement of the explanation for the “If amending the 
Reason for Termination and/or termination explanation” on the Amended Form U5 filed by 
State Farm VP Management Corp. on November 30, 2023, and maintained by the CRD. The 
response to this prompt should be deleted in its entirety and shall appear blank. This 
directive shall apply to all references to the “If amending the Reason for Termination and/or 
termination explanation” section.
The Panel further recommends the expungement of all references to Occurrence Numbers 
2082823 and 2082824 from the registration records maintained by the CRD for Todd Robert 
Baker. Any “Yes” answers should be changed to “No,” as applicable.
The above recommendations are made with the understanding that the registration records 
are not automatically amended. Todd Robert Baker must obtain confirmation of this Award 
from a court of competent jurisdiction, before the CRD will execute the expungement 
directive, and must forward a copy of the Court Order to FINRA’s Credentialing, Registration, 
Education and Disclosure Department for the amendments to be incorporated into the 
Registration Records.
2. Any and all claims for relief not specifically addressed herein, including any requests for 
punitive damages, treble damages, and attorneys’ fees, are denied.","In the Statement of Claim, as amended, Claimant requested expungement of the Form U5 filed 
by Respondent and any further relief the Panel deems just and necessary under the 
circumstances.
In the Statement of Answer, Respondent requested that any request for costs and attorneys’ 
fees by Claimant be denied and that the cost of this action be assessed against Claimant (as 
well as Respondent’s attorneys’ fees to the extent deemed appropriate in an expungement 
matter).
At the hearing, Claimant requested expungement and did not pursue any other relief.","Award
In the Matter of the Arbitration Between: 
Claimant
Todd Baker
Case Number: 24-02360
 vs.
Respondent
State Farm VP Management Corporation
Hearing Site: Kansas City, Missouri
Awards are rendered by independent arbitrators who are chosen by the parties to issue final, 
binding decisions. FINRA makes available an arbitration forum—pursuant to rules approved by 
Nature of the Dispute: Associated Person vs. Member
The evidentiary hearing was conducted by videoconference.","Statement of Claim filed on or about: October 31, 2024.
Amended Statement of Claim filed on or about: May 16, 2025.
Claimant signed the Submission Agreement: November 21, 2024.
Statement of Answer filed on or about: February 21, 2025.
Respondent signed the Submission Agreement: April 24, 2025.","In the Statement of Claim, as amended, Claimant asserted a claim alleging that the Form U5 
filed by Respondent, as part of registration records maintained by the Central Registration 
Depository (“CRD”), is factually impossible, clearly erroneous, and/or false, and Claimant was 
not involved in any alleged investment-related sales practice violation, forgery, theft, 
misappropriation or conversion of funds.
Unless specifically admitted in the Statement of Answer, Respondent denied the allegations made 
in the Statement of Claim and asserted various affirmative defenses.","The Arbitrators acknowledge that they have each read the pleadings and other materials filed by 
the parties. 
In its Order dated April 28, 2025, the Panel allowed leave for Claimant to amend the Statement 
of Claim and for Respondent to respond to an amendment.","Pursuant to the Code of Arbitration Procedure, the following fees are assessed:
Filing Fees
FINRA Dispute Resolution Services assessed a filing fee* for each claim:
Initial Claim Filing Fee =$ 1,600.00
*The filing fee is made up of a non-refundable and a refundable portion. 
Member Fees
Member fees are assessed to each member firm that is a party in these proceedings or to the 
member firm(s) that employed the associated person(s) at the time of the event(s) giving rise to 
the dispute. Accordingly, as a party, Respondent is assessed the following:
Member Surcharge =$ 2,000.00
Member Process Fee =$ 3,850.00
Hearing Session Fees and Assessments
The Panel has assessed hearing session fees for each session conducted. A session is any 
meeting between the parties and the Arbitrator(s), including a pre-hearing conference with the 
Arbitrator(s), which lasts four (4) hours or less. Fees associated with these proceedings are:
One (1) pre-hearing session with the Panel @ $1,150.00/session
Pre-Hearing Conference: April 28, 2025 1 session
=$ 1,150.00
Two (2) hearing sessions @ $1,150.00/session
Hearings: July 17, 2025 1 session
September 23, 2025 1 session
=$ 2,300.00
Total Hearing Session Fees =$ 3,450.00
The Panel has assessed the total hearing session fees to Claimant.
All balances are payable to FINRA Dispute Resolution Services and are due upon receipt.","Gregory D. Hoffmann - Public Arbitrator, Presiding Chairperson
Henry R. Cox - Public Arbitrator
Kimberly McEnaney - Non-Public Arbitrator
I, the undersigned Arbitrator, do hereby affirm that I am the individual described herein and who 
executed this instrument, which is my award.
Concurring Arbitrators' Signatures
Gregory D. Hoffmann
Gregory D. Hoffmann
Public Arbitrator, Presiding Chairperson
10/22/2025
Signature Date
Henry R Cox
Henry R. Cox
Public Arbitrator
10/22/2025
Signature Date
Kimberly McEnaney
Kimberly McEnaney
Non-Public Arbitrator
10/23/2025
Signature Date
Awards are rendered by independent arbitrators who are chosen by the parties to issue final, 
binding decisions. FINRA makes available an arbitration forum—pursuant to rules approved by 
October 23, 2025
Date of Service (For FINRA Dispute Resolution Services use only)"
25-00367,25-00367,post_cutoff_control,2025-10-28,25-00367.pdf,5,6703,8,"Gary Braver (“Claimant”) appeared pro se.
For Respondent Fidelity Brokerage Services LLC (“Respondent”): Shawn J. Gebhardt, Esq., 
Fidelity Brokerage Services LLC, Durham, North Carolina.","After considering the pleadings, the testimony and evidence presented at the hearing, and any 
post-hearing submissions, the Arbitrator has decided in full and final resolution of the issues 
submitted for determination as follows: 
1. Claimant’s claims are denied in their entirety. 
2.Any and all claims for relief not specifically addressed herein, including any request for 
punitive damages, are denied. 
EXPLANATION OF DECISION
The hearing was a Simplified Arbitration Pursuant to FINRA Rule 12800, in particular Rule 
12800(c)(3)(A).
Gary Braver (the “Claimant”) alleged that his day order (the “Day Order”) to sell 25 shares of Netflix, 
placed on the NASDAQ market exchanges on January 23, 2024, with a limit of price of $496.50, 
should have been cancelled precisely at 4:00 pm on that date. Fidelity Brokerage Services, LLC 
(the “Respondent”) claimed that the Day Order was subject to a NASDAQ procedure known as the 
“Closing Cross,” whereby the Day Order was kept active for milliseconds beyond 4 PM.
In particular, a document produced by NASDAQ (Exhibit C-3) showed a designation of “Cross=N” 
which Claimant alleged meant that the Day Order was not subject to the Closing Cross. However, 
the Claimant did not produce any supporting or corroborating evidence of what that term actually 
meant, nor did any of the Respondent’s witnesses testify under cross examination that they had 
any knowledge of its meaning.
In fact, the Day Order was executed at the limit price of $496.50 at 38 milliseconds after 4:00 pm, 
or 4:00;00:038. The Claimant was paid the proceeds of that transaction. The Claimant alleges that 
he was damaged by virtue of the fact that, had the Day Order been cancelled at 4:00 PM, he would 
have been able to take advantage of the increase in the stock price of Netflix on subsequent 
trading days. The Respondent claimed that the trade was properly executed and that the Claimant 
suffered no damages.
The Claimant also sought punitive damages for the Respondent’s alleged “doctoring” of documents 
to disadvantage him.
The Claimant produced no definitive or substantive evidence that the Respondent’s conduct was 
contrary to the rules of either NASDAQ or FINRA. Accordingly, the Claimant has failed to prove his 
case for any damages resulting from the execution of the Day Order. Further, the Claimant 
produced no evidence of any wrongful conduct on the part of the Respondent and, therefore, could 
not demonstrate entitlement to punitive damages.
Therefore, the Claimant’s claim in this matter is denied in its entirety.","In the Statement of Claim, Claimant requested compensatory damages in the amount of 
$14,037.00, $465.00 in cost, and punitive damages.
In the Statement of Answer, Respondent requested that Claimant’s claims be denied in their 
entirety.
At the hearing, Claimant requested: $17,793.00 in compensatory damages and $925.00 in 
costs.","Award
In the Matter of the Arbitration Between: 
Claimant
Gary Braver
Case Number: 25-00367
 vs.
Respondent
Fidelity Brokerage Services LLC
Hearing Site: Boston, Massachusetts
Awards are rendered by independent arbitrators who are chosen by the parties to issue final, 
binding decisions. FINRA makes available an arbitration forum—pursuant to rules approved by 
Nature of the Dispute: Customer vs. Member
This matter proceeded pursuant to Rule 12800 of the Code of Arbitration Procedure (“Code”) 
under the Special Proceeding option.
The evidentiary hearing was conducted by videoconference.","Statement of Claim filed on or about: February 22, 2025.
Amended Statement of Claim filed on or about: October 15, 2025.
Gary Braver signed the Submission Agreement: February 21, 2025.
Statement of Answer filed by Respondent on or about: April 18, 2025.
Fidelity Brokerage Services LLC signed the Submission Agreement: April 11, 2025.","In the Statement of Claim, Claimant asserted the following causes of action: unauthorized 
trading. The causes of action relate to day limit order to sell Netflix stock.
Unless specifically admitted in the Statement of Answer, Respondent denied the allegations made 
in the Statement of Claim and asserted various affirmative defenses.","The Arbitrator acknowledges having read the pleadings and other materials filed by the parties. 
The Arbitrator has provided an explanation of the decision in this award. The explanation is for 
the parties’ information only and is not precedential in nature.","Pursuant to the Code, the following fees are assessed:
Filing Fees
FINRA Dispute Resolution Services assessed a filing fee* for each claim:
Initial Claim Filing Fee =$ 425.00
*The filing fee is made up of a non-refundable and a refundable portion. 
Member Fees
Member fees are assessed to each member firm that is a party in these proceedings or to the 
member firm that employed the associated person at the time of the event giving rise to the 
dispute. Accordingly, as a party, Respondent is assessed the following:
Member Surcharge =$ 495.00
Hearing Session Fees and Assessments
The Arbitrator has assessed hearing session fees for each session conducted. A session is any 
meeting between the parties and the Arbitrator, including a pre-hearing conference with the 
Arbitrator, which lasts four (4) hours or less. Fees associated with these proceedings are:
Three (3) pre-hearing sessions @ $450.00/session
Pre-Hearing Conferences: June 9, 2025 1 session
September 22, 2025
October14, 2025
1 session
1 session
=$ 1,350.00
Two (2) hearing sessions @ $450.00/session
Hearings: October 22, 2025 2 sessions
=$ 900.00
Total Hearing Session Fees =$ 2,250.00
The Arbitrator has assessed $1,800.00 of the hearing session fees to Claimant.
The Arbitrator has assessed $450.00 of the hearing session fees to Respondent. 
All balances are payable to FINRA Dispute Resolution Services and are due upon receipt.
ARBITRATOR
Howard N. Gorney - Sole Public Arbitrator
I, the undersigned Arbitrator, do hereby affirm that I am the individual described herein and who 
executed this instrument, which is my award.
Arbitrator's Signature
Howard N. Gorney
Howard N. Gorney
Sole Public Arbitrator
10/27/2025
Signature Date
Awards are rendered by independent arbitrators who are chosen by the parties to issue final, 
binding decisions. FINRA makes available an arbitration forum—pursuant to rules approved by 
October 28, 2025
Date of Service (For FINRA Dispute Resolution Services use only)",
24-02497,24-02497,post_cutoff_control,2025-11-13,24-02497.pdf,5,9272,8,"For Claimants Steward Partners Investment Solutions, LLC (“SPIS”), Steward Partners 
Holdings, LLC (“SPH”), and Steward Partners Investment Advisory, LLC (“SPIA”): Michael T. 
Roche, Esq., Jackie M. Clemence, Esq., and Alexander P. Fontana, Esq., Roche Law Group, 
LLC, Chicago, Illinois.
Respondent Andrew Joseph Egber did not appear.","After considering the pleadings, the testimony and evidence presented at the hearing, and any 
post-hearing submissions, the Arbitrator has decided in full and final resolution of the issues 
submitted for determination as follows: 
1. Respondent is liable for and shall pay to Claimants the sum of $298,045.64 in compensatory 
damages.
2. Respondent is liable for and shall pay to Claimants interest in the amount of $15,607.06, 
which is the total accrued interest up to and including October 22, 2025, pursuant to the Loan 
Terms Agreement between Respondent and Raymond James Financial Services, Inc. 
(“Raymond James”), the Fixed Loan Agreement between Respondent and Raymond James, 
and the Financial Advisor Loan Assumption Agreement between Respondent and Steward 
Partners Global Advisory, LLC (“SPGA”).
3. Respondent is liable for and shall pay to Claimants the sum of $40,145.70 in attorneys’ fees 
pursuant to the Loan Terms Agreement between Respondent and Raymond James, the 
Fixed Loan Agreement between Respondent and Raymond James, and the Financial 
Advisor Loan Assumption Agreement between Respondent and SPGA.
4. Respondent is liable for and shall pay to Claimants the sum of $1,000.00 as reimbursement 
for the non-refundable portion of the filing fee previously paid by Claimants to FINRA 
Dispute Resolution Services.
5. Any and all claims for relief not specifically addressed herein, including any requests for 
punitive damages and treble damages, are denied.","In the Statement of Claim, Claimants requested that an Award be entered in favor of Claimants:
1) Awarding Claimant SPIS damages in the amount of $98,115.32, representing the principal 
amount due and owing on the Affiliate Loan Assumption Agreement;
2) Awarding Claimant SPIS accrued interest as provided in the Affiliate Loan Assumption 
Agreement, along with all costs of collection, including its reasonable attorneys’ fees and 
costs;
3) Awarding Claimant SPH damages in the amount of $55,651.38, representing the amount 
due on both the 2019 and 2021 Tender Offers;
4) Awarding Claimant SPIA damages in the amount of $144,278.94, representing the 
amount due on the Settlement Amount;
5) Awarding Claimants all costs incurred in collecting the amounts due and owing, including 
but not limited to attorneys’ fees, filing fees, and forum fees; and
6) Awarding Claimants all such further relief as the Arbitrator deems just and proper.","Award
In the Matter of the Arbitration Between: 
Claimants
Steward Partners Investment Solutions, LLC
Steward Partners Holdings, LLC
Steward Partners Investment Advisory, LLC
Case Number: 24-02497
 vs.
Respondent
Andrew Joseph Egber
Hearing Site: Washington, D.C.
Awards are rendered by independent arbitrators who are chosen by the parties to issue final, 
binding decisions. FINRA makes available an arbitration forum—pursuant to rules approved by 
Nature of the Dispute: Member and Non-Members vs. Associated Person","Statement of Claim filed by Claimants on or about: November 20, 2024.
Claimant SPIS signed the Submission Agreement: November 20, 2024.
Claimant SPH signed the Submission Agreement: November 20, 2024.
Claimant SPIA signed the Submission Agreement: November 20, 2024.
Respondent did not file a Statement of Answer or sign the Submission Agreement.","In the Statement of Claim, Claimants asserted the following causes of action: fraud 
(Respondent's representations to Claimants in the Code of Ethics); fraud (Respondent's 
representations to Claimants in Form U4); fraud (Respondent's representations to Claimants in 
his 2022 Annual Compliance Questionnaire); fraud (Respondent's representations to Claimants 
in his 2023 Annual Compliance Questionnaire; breach of contract (Affiliate Loan Assumption 
Agreement); unjust enrichment (Affiliate Loan Assumption Agreement); breach of contract (2019 
Tender Offer); unjust enrichment (2019 Tender Offer); breach of contract (2021 Tender Offer); 
unjust enrichment (2021 Tender Offer); fraud; theft of investor funds for personal use; breach of 
fiduciary duties; and unjust enrichment (Customer repayment). The causes of action relate to 
Respondent’s employment with Claimants, including the repayment of loans received from 
Claimants, as well as other alleged issues related to Respondent’s employment with Claimants.","The Arbitrator acknowledges having read the pleadings and other materials filed by the parties.
Respondent did not file a properly executed Submission Agreement but is required to submit to 
arbitration pursuant to the Code of Arbitration Procedure (“Code”) and is bound by the 
determination of the Arbitrator on all issues submitted.
Respondent did not file a Statement of Answer. The Arbitrator determined that Respondent was 
served with the Claim Notification Letter dated December 5, 2024, by regular and FedEx mail, 
as evidenced by the FedEx tracking information available online, and the Overdue Notice 
(including the Statement of Claim) dated January 27, 2025, by regular and FedEx mail, as 
evidenced by the FedEx tracking information available online. The Arbitrator also determined 
that Respondent was served with the Notification of Arbitrator dated February 27, 2025, by 
regular mail.
The Claim Notification Letter notified Respondent that FINRA rules require parties to use the 
online DR Portal on a mandatory basis (except pro se investors) and that failure to register for 
the DR Portal will prevent the submission of pleadings, selection of arbitrators, and receipt of 
notification relating to case information and deadlines. Respondent failed to register for the DR 
Portal.
On April 18, 2025, after inquiries from the Panel were raised during the initial pre-hearing 
conference on April 4, 2025, as to the sufficiency of service on Respondent, Claimants filed 
notice of the service attempts that had been made, including attempts at service by a process 
server, FedEx, text message, email, and certified mail.
On April 25, 2025, the Panel issued an Order, directing Claimants to file a briefing on the 
meaning of “properly served.” On May 9, 2025, Claimants filed a brief in response to the 
aforementioned Order. On May 13, 2025, the Panel issued an Order finding that Respondent 
was properly served pursuant to the terms of Section 8(d) of the Financial Advisor Employment 
Agreement between Claimants and Respondent.
The Panel determined that Respondent is, therefore, bound by the Arbitrator’s ruling and 
determination.
On October 22, 2025, Claimants filed a Motion for Default pursuant to Rule 13801 of the Code, 
requesting a total amount of $353,798.40, as well as for such other and further relief as the 
Arbitrator deems just and equitable. Thereafter, the case proceeded pursuant to Rule 13801 of 
the Code, with the Chairperson becoming the sole Arbitrator and the other two Arbitrators being 
released.","Pursuant to the Code, the following fees are assessed:
Filing Fees
FINRA Dispute Resolution Services assessed a filing fee* for each claim:
Initial Claim Filing Fee =$ 2,125.00
*The filing fee is made up of a non-refundable and a refundable portion. 
Member Fees
Member fees are assessed to each member firm that is a party in these proceedings or to the 
member firm that employed the associated person at the time of the event(s) giving rise to the 
dispute. Accordingly, as a party, Claimant SPIS is assessed the following:
Member Surcharge =$ 2,025.00
Member Process Fee =$ 3,875.00
Hearing Session Fees and Assessments
The Arbitrator has assessed hearing session fees for each session conducted. A session is any 
meeting between the parties and the Arbitrator(s), including a pre-hearing conference with the 
Arbitrator(s), which lasts four (4) hours or less. Fees associated with these proceedings are:
One (1) pre-hearing session with the Panel @ $1,125.00/session
Pre-Hearing Conference: April 4, 2025 1 session
=$ 1,125.00
Decision on the papers: =$ 300.00
Total Hearing Session Fees =$ 1,425.00
The Arbitrator has assessed $562.50 of the hearing session fees jointly and severally to 
Claimants.
The Arbitrator has assessed $862.50 of the hearing session fees to Respondent. 
All balances are payable to FINRA Dispute Resolution Services and are due upon receipt.
ARBITRATOR
Geoffrey A. Drucker - Sole Public Arbitrator
I, the undersigned Arbitrator, do hereby affirm that I am the individual described herein and who 
executed this instrument, which is my award.
Arbitrator's Signature
Geoffrey A. Drucker
Geoffrey A. Drucker
Sole Public Arbitrator
11/12/2025
Signature Date
Awards are rendered by independent arbitrators who are chosen by the parties to issue final, 
binding decisions. FINRA makes available an arbitration forum—pursuant to rules approved by 
November 13, 2025
Date of Service (For FINRA Dispute Resolution Services use only)",
24-01745,24-01745,post_cutoff_control,2025-11-13,24-01745.pdf,5,6672,8,"For Claimant Mfon I. Ogbebor: Stephan Louviere, Esq., Louviere Law Firm, P.A., Pompano 
Beach, Florida.
For Respondent Merrill Lynch Pierce Fenner & Smith Inc.: Stuart D. Roberts, Esq., Maynard 
Nexsen, PC, Birmingham, Alabama.","After considering the pleadings, the testimony and evidence presented at the hearing, the 
Arbitrator has decided in full and final resolution of the issues submitted for determination as 
follows: 
1. The Arbitrator recommends the expungement of the Reason for Termination and 
Termination Explanation in Section 3 of Mfon I. Ogbebor’s (CRD Number 6625235) Form U5 
filed by Merrill Lynch, Pierce, Fenner & Smith Inc. (CRD Number 7691) on April 22, 2024 
and maintained by the CRD. The Reason for Termination shall remain the same and the 
Termination Explanation should be deleted in its entirety and shall appear blank. 
The Arbitrator further recommends the expungement of all references to Occurrence 
Number 2339892 from the registration records maintained by the CRD for Mfon I. Ogbebor. 
Any “Yes” answers should be changed to “No,” as applicable.
The Arbitrator recommends expungement based on the defamatory nature of the 
information. The above recommendations are made with the understanding that the 
registration records are not automatically amended. Mfon I. Ogbebor must forward a copy of 
this Award to FINRA’s Credentialing, Registration, Education and Disclosure Department for 
review.
2. Respondent is liable for and shall pay to Claimant $25.00 to reimburse Claimant for the non-
refundable portion of the filing fee previously paid to FINRA Dispute Resolution Services.
3. Any and all claims for relief not specifically addressed herein, are denied.","In the Statement of Claim, Claimant requested: expungement of the Reason for Termination and 
Termination Explanation in Section 3 of Claimant’s, Mfon I. Ogbebor (CRD Number 6625235), 
Amended Form U5 filed by Respondent on May 24, 2024, and maintained by the Central 
Registration Depository (""CRD""); that the Reason for Termination remain as “Voluntary,” and the 
Termination Explanation appear blank; expungement of the ""Yes"" answer to question 7F(1) on 
the foregoing Form U5 be changed to ""No"" and the accompanying Disclosure Reporting Page 
be deleted in its entirety, to the extent Claimant’s U5 is reported as such; that expungement be 
based on the defamatory nature of the underlying information and statements disseminated by 
Respondent upon which the reported termination Disclosure is premised; that these 
recommendations apply to any subsequent disclosures concerning the same event; an award of 
damages in the amount of $1.00 from Respondent for its part in contributing to Claimant’s injury 
and; any other relief as the Arbitrator deems just and equitable.
In the Statement of Answer, Respondent requested that the Arbitrator reject Claimant’s claims in 
their entirety.","Award
In the Matter of the Arbitration Between: 
Claimant
Mfon I. Ogbebor
Case Number: 24-01745
 vs.
Respondent
Merrill Lynch Pierce Fenner & Smith Inc.
Hearing Site: Providence, Rhode Island
Awards are rendered by independent arbitrators who are chosen by the parties to issue final, 
binding decisions. FINRA makes available an arbitration forum—pursuant to rules approved by 
Nature of the Dispute: Associated Person vs. Member
The evidentiary hearing was conducted by videoconference.","Statement of Claim filed on or about: August 13, 2024.
Mfon I. Ogbebor signed the Submission Agreement: August 13, 2024.
Statement of Answer filed by Respondent on or about: October 7, 2024
Merrill Lynch Pierce Fenner & Smith Inc. signed the Submission Agreement: October 7, 2024.","In the Statement of Claim, Claimant asserted a claim seeking expungement of Form U5.
Unless specifically admitted in the Statement of Answer, Respondent denied the allegations made 
in the Statement of Claim and asserted various affirmative defenses.","The Arbitrator acknowledges having read each the pleadings and other materials filed by the 
parties. 
On March 11, 2025, the parties agreed to resolve all claims except Claimant’s request for 
expungement. Therefore, the Arbitrator made no determination with respect to any of the relief 
requests contained in the Statement of Claim and the sole remaining issue was the request for 
expungement.","Pursuant to the Code of Arbitration Procedure, the following fees are assessed:
Filing Fees
FINRA Dispute Resolution Services assessed a filing fee* for each claim:
Initial Claim Filing Fee =$ 50.00
*The filing fee is made up of a non-refundable and a refundable portion. 
Member Fees
Member fees are assessed to each member firm that is a party in these proceedings or to the 
member firm that employed the associated person at the time of the event giving rise to the 
dispute. Accordingly, as a party, Merrill Lynch Pierce Fenner & Smith Inc. is assessed the 
following:
Member Surcharge =$ 150.00
Postponement Fees
Postponements granted during these proceedings for which fees were assessed or waived: 
June 10, 2025, postponement requested by the parties =$ 50.00
Total Postponement Fees =$ 50.00
The Arbitrator has assessed $25.00 of the postponement fees to Claimant.
The Arbitrator has assessed $25.00 of the postponement fees to Respondent.
Hearing Session Fees and Assessments
The Arbitrator has assessed hearing session fees for each session conducted. A session is any 
meeting between the parties and the Arbitrator, including a pre-hearing conference with the 
Arbitrator, which lasts four (4) hours or less. Fees associated with these proceedings are:
One (1) pre-hearing session with a single Arbitrator @ $50.00/session
Pre-Hearing Conference: January 7 , 2025 1 session
=$ 50.00
One (1) hearing session @ $50.00/session
Hearing: October 28, 2025 1 session

=$ 50.00
Total Hearing Session Fees =$ 100.00
The Arbitrator has assessed $25.00 of the hearing session fees to Claimant.
The Arbitrator has assessed $75.00 of the hearing session fees to Respondent. 
ARBITRATOR
Gene M. Bauer - Sole Public Arbitrator
I, the undersigned Arbitrator, do hereby affirm that I am the individual described herein and who 
executed this instrument, which is my award.
Arbitrator's Signature
Gene M. Bauer
Gene M. Bauer
Sole Public Arbitrator
11/13/2025
Signature Date
Awards are rendered by independent arbitrators who are chosen by the parties to issue final, 
binding decisions. FINRA makes available an arbitration forum—pursuant to rules approved by 
November 13, 2025
Date of Service (For FINRA Dispute Resolution Services use only)",
25-01511,25-01511,post_cutoff_control,2025-11-17,25-01511.pdf,3,3545,8,"For Claimant Robert W. Baird & Co. Incorporated (“Claimant”): Jessica L. Newman, Esq., 
Robert W. Baird & Co. Incorporated, Louisville, Kentucky.
Respondent Stephen W. Simpson, Jr. (“Respondent”) did not enter an appearance.","After considering the pleadings, the Arbitrator has decided and determined in full and final 
resolution of the issues submitted for determination as follows: 
1. Respondent is liable for and shall pay to Claimant the sum of $286,517.40.
2. Respondent is liable for and shall pay to Claimant interest on the above-stated sum at the 
rate of 4% per annum from April 1, 2025 through and including the date of full repayment.
3. Respondent is liable for and shall pay to Claimant $1,250.00 to reimburse Claimant for the 
non-refundable portion of the filing fee previously paid to FINRA Dispute Resolution Services.
4. Respondent is liable for and shall pay to Claimant $300.00 to reimburse Claimant for the 
Paper Decision Fee previously paid to FINRA Dispute Resolution Services.
5. Any and all claims for relief not specifically addressed herein, including any requests for 
attorneys’ fees, are denied.","In the Statement of Claim, Claimant requested compensatory damages in the amount of 
$286,517.40; costs, including the filing fee; interest; attorneys’ fees; expenses; and any further 
relief deemed appropriate.","Award
In the Matter of the Arbitration Between: 
Claimant
Robert W. Baird & Co. Incorporated
Case Number: 25-01511
 vs.
Respondent
Stephen W. Simpson, Jr.
Hearing Site: Boston, Massachusetts
Awards are rendered by independent arbitrators who are chosen by the parties to issue final, 
binding decisions. FINRA makes available an arbitration forum—pursuant to rules approved by 
Nature of the Dispute: Member vs. Associated Person","Statement of Claim filed on or about: July 24, 2025.
Claimant signed the Submission Agreement: August 12, 2025.","In the Statement of Claim, Claimant asserted a cause of action for breach of promissory note.","The Arbitrator acknowledges having read the pleadings and other materials filed by the parties. 
Respondent did not file a Statement of Answer. Accordingly, this matter proceeded pursuant to 
Rule 13807(e)(1) of the Code of Arbitration Procedure (“Code”).
On October 8, 2025, Respondent registered for the DR Portal, providing Respondent with 
access to all documents filed in the case, including the Statement of Claim, Overdue Notice, and 
Notification of Arbitrator. Therefore, Respondent is bound by the Arbitrator's ruling and 
determination.","Pursuant to the Code, Claimant has paid to FINRA Dispute Resolution Services the $2,640.00 
Member Surcharge and $5,040.00 Member Process Fee previously invoiced.
Claimant has also paid to FINRA Dispute Resolution Services the $1,250.00 non-refundable 
portion of the filing fee and the $300.00 Paper Decision Fee.
ARBITRATOR
Arthur J. Giacomarra - Sole Public Arbitrator
I, the undersigned Arbitrator, do hereby affirm that I am the individual described herein and who 
executed this instrument, which is my award.
Arbitrator's Signature
Arthur J. Giacomarra
Arthur J. Giacomarra
Sole Public Arbitrator
11/17/2025
Signature Date
Awards are rendered by independent arbitrators who are chosen by the parties to issue final, 
binding decisions. FINRA makes available an arbitration forum—pursuant to rules approved by 
November 17, 2025
Date of Service (For FINRA Dispute Resolution Services use only)",
25-00053,25-00053,post_cutoff_control,2025-11-26,25-00053.pdf,4,5599,9,"For Claimant Amy Sturge, Personal Representative on behalf of the Kenneth Andrew Janello 
Estate (“Claimant”): Amy E. Sturge, Albuquerque, New Mexico.
For Respondent UBS Financial Services, Inc. (“Respondent”): Melissa J. Gworek, Esq., UBS 
Business Solutions US LLC, Nashville, Tennessee.","After considering the pleadings, the testimony and evidence presented at the hearing, and any 
post-hearing submissions, the Panel has decided in full and final resolution of the issues 
submitted for determination as follows: 
1. Respondent is liable for and shall pay to Claimant the sum of $92,857.00 in compensatory 
damages.
2. Any and all claims for relief not specifically addressed herein, including any requests punitive 
damages, treble damages, and attorneys’ fees, are denied.","In the Statement of Claim, Claimant requested:
1. Compensatory damages in the amount of $89,608.32;
2. Other monetary relief in the amount of $40,575.21;
3. Attorneys’ fees;
4. Costs;
5. Interests;
6. Punitive/exemplary damages; and
7. Treble damages.
In the Statement of Answer, Respondent requested: 
1. An award dismissing the Statement of Claim in its entirety and with prejudice; and
2. Such other and further relief as the Arbitrators deem just and proper.","Award
In the Matter of the Arbitration Between: 
Claimant
Amy Sturge, Personal Representative on behalf of 
the Kenneth Andrew Janello Estate
Case Number: 25-00053
 vs.
Respondent
UBS Financial Services, Inc.
Hearing Site: Albuquerque, New Mexico
Awards are rendered by independent arbitrators who are chosen by the parties to issue final, 
binding decisions. FINRA makes available an arbitration forum—pursuant to rules approved by 
Nature of the Dispute: Customer vs. Member
This case was decided by a majority-public panel.
The evidentiary hearing was conducted partially by videoconference.","Statement of Claim filed on or about: January 8, 2025.
Claimant signed the Submission Agreement: January 23, 2025.
Statement of Answer filed by Respondent on or about: March 19, 2025.
Respondent signed the Submission Agreement: March 19, 2025.","In the Statement of Claim, Claimant asserted the following causes of action: breach of fiduciary 
duty; conflict of interest; and suspicious account activity. The causes of action relate to 
unspecified securities.
Unless specifically admitted in the Statement of Answer, Respondent denied the allegations made 
in the Statement of Claim and asserted various affirmative defenses.","The Arbitrators acknowledge that they have each read the pleadings and other materials filed by 
the parties.","Pursuant to the Code of Arbitration Procedure, the following fees are assessed:
Filing Fees
FINRA Dispute Resolution Services assessed a filing fee* for each claim:
Initial Claim Filing Fee =$ 1,790.00
*The filing fee is made up of a non-refundable and a refundable portion. 
FINRA Dispute Resolution Services administratively waived Claimant’s filing fee of $1,790.00. 
Member Fees
Member fees are assessed to each member firm that is a party in these proceedings or to the 
member firm(s) that employed the associated person(s) at the time of the event(s) giving rise to 
the dispute. Accordingly, as a party, Respondent is assessed the following:
Member Surcharge =$ 2,640.00
Member Process Fee =$ 5,040.00
Discovery-Related Motion Fees
Fees apply for each decision rendered on a discovery-related motion. 
One (1) decision on a discovery-related motion on the papers 
with one (1) Arbitrator @ $200.00/decision
=$ 200.00
Claimant submitted one (1) discovery-related motion
Total Discovery-Related Motion Fees =$ 200.00
The Panel has assessed $100.00 of the discovery-related motion fees to Claimant.
The Panel has assessed $100.00 of the discovery-related motion fees to Respondent.
Hearing Session Fees and Assessments
The Panel has assessed hearing session fees for each session conducted. A session is any 
meeting between the parties and the Arbitrator(s), including a pre-hearing conference with the 
Arbitrator(s), which lasts four (4) hours or less. Fees associated with these proceedings are:
One (1) pre-hearing session with the Panel @ $1,690.00/session
Pre-Hearing Conference: May 15, 2025 1 session
=$ 1,690.00
Seven (7) hearing sessions @ 1,690.00/session
Hearing: October 28, 2025 2 sessions
 October 29, 2025 2 sessions
October 30, 2025 2 sessions
November 4, 2025 1 session
=$ 11,830.00
Total Hearing Session Fees =$ 13,520.00
The Panel has assessed $845.00 of the hearing session fees to Claimant.
The Panel has assessed $12,675.00 of the hearing session fees to Respondent.
All balances are payable to FINRA Dispute Resolution Services and are due upon receipt.","Daniel Robbins - Public Arbitrator, Presiding Chairperson
Robyn M Hill - Public Arbitrator
Harold Wade Lavender, Jr. - Non-Public Arbitrator
I, the undersigned Arbitrator, do hereby affirm that I am the individual described herein and who 
executed this instrument, which is my award.
Concurring Arbitrators' Signatures
Daniel Robbins
Public Arbitrator, Presiding Chairperson
11/24/2025
Signature Date
Robyn M Hill
Public Arbitrator
11/25/2025
Signature Date
Harold Wade Lavender, Jr.
Non-Public Arbitrator
11/24/2025
Signature Date
Awards are rendered by independent arbitrators who are chosen by the parties to issue final, 
binding decisions. FINRA makes available an arbitration forum—pursuant to rules approved by 
November 26, 2025
Date of Service (For FINRA Dispute Resolution Services use only)"
25-00266,25-00266,post_cutoff_control,2025-12-11,25-00266.pdf,5,6752,9,"Claimant Cenezhana Rokhaneevna appeared pro se.
For Respondent Wells Fargo Clearing Services, LLC: Matthew P. Fischer, Esq. and Reid 
Edwards, Esq., Snell & Wilmer L.L.P., Phoenix, Arizona.","After considering the pleadings, the testimony and evidence presented at the hearing, the Panel 
has decided in full and final resolution of the issues submitted for determination as follows: 
1. The Panel recommends the expungement of the Termination Explanation in Section 3 of 
Cenezhana Asma Rokhaneevna (CRD Number 7322559) Form U5 filed by Wells Fargo 
Clearing Services, LLC (CRD Number 19616) on June 4, 2024 and maintained by the CRD. 
The Reason for Termination shall remain the same. The Termination Explanation shall be 
deleted in its entirety and replaced with the following language: “Discharged after internal 
review.” This directive shall apply to all references to the Termination Explanation.
The Panel recommends the expungement of all references to Occurrence Number 2341423 
from the registration records maintained by the CRD for Cenezhana Asma Rokhaneevna. 
Any “Yes” answers should be changed to “No,” as applicable.
The Panel recommends expungement based on the defamatory nature of the information. 
The above recommendations are made with the understanding that the registration records 
are not automatically amended. Cenezhana Asma Rokhaneevna must forward a copy of this 
Award to FINRA’s Credentialing, Registration, Education and Disclosure Department for 
review.
2. Any and all claims for relief not specifically addressed herein, including any requests for 
punitive damages, are denied.","In the Statement of Claim, Claimant requested: 
1. Recommendation from the Panel to expunge the defamatory information from the CRD;
2. Costs and fees;
3. Compensatory damages;
4. Other monetary relief;
5. Punitive damages; and
6. Any other relief the Panel deems just and equitable.
In the Statement of Answer, Respondent requested: 
1. An award in favor of Respondent and against Claimant, dismissing and denying each and 
every claim asserted by Claimant with prejudice and finding that Claimant takes nothing 
from Respondent;
2. Fees assessed against Claimant; and
3. Such other and further relief as the Panel deems just and proper.","Award
In the Matter of the Arbitration Between: 
Claimant
Cenezhana Rokhaneevna
Case Number: 25-00266
 vs.
Respondent
Wells Fargo Clearing Services, LLC
Hearing Site: Salt Lake City, Utah
Awards are rendered by independent arbitrators who are chosen by the parties to issue final, 
binding decisions. FINRA makes available an arbitration forum—pursuant to rules approved by 
Nature of the Dispute: Associated Person vs. Member
The evidentiary hearing was conducted by videoconference.","Statement of Claim filed on or about: February 7, 2025.
Claimant signed the Submission Agreement: February 6, 2025.
Statement of Answer filed by Respondent on or about: April 9, 2025.
Respondent signed the Submission Agreement: April 11, 2025.","In the Statement of Claim, Claimant asserted a claim seeking expungement of the Form U5 filed 
by Respondent, as a part of registration records maintained by the Central Registration 
Depository (“CRD”), is defamatory in nature and tends to mislead.
Unless specifically admitted in the Statement of Answer, Respondent denied the allegations made 
in the Statement of Claim and asserted various affirmative defenses.","The Arbitrators acknowledge that they have each read the pleadings and other materials filed by 
the parties. 
During the recorded evidentiary hearing, and after Claimant’s case in chief, Respondent moved 
for dismissal of Claimant’s claims for failure to present evidence of misstatement or defamation. 
The Panel hereby denies the motion to dismiss.","Pursuant to the Code of Arbitration Procedure, the following fees are assessed:
Filing Fees
FINRA Dispute Resolution Services assessed a filing fee* for each claim:
Initial Claim Filing Fee =$ 2,000.00
*The filing fee is made up of a non-refundable and a refundable portion. 
FINRA Dispute Resolution Services administratively waived Claimant’s filing fee of $2,000.00. 
Member Fees
Member fees are assessed to each member firm that is a party in these proceedings or to the 
member firm that employed the associated person at the time of the event giving rise to the 
dispute. Accordingly, as a party, Respondent is assessed the following:
Member Surcharge =$ 2,600.00
Member Process Fee =$ 5,005.00
Contested Motion for Issuance of Subpoena Fees
Fees apply for each decision on a contested motion for the issuance of a subpoena. 
One (1) decision on a contested motion for the issuance of a subpoena 
with one Arbitrator @ $200.00
=$ 200.00
Total Contested Motion for Issuance of Subpoena Fees =$ 200.00
The Panel has assessed $100.00 of the contested motion for issuance of subpoena fees to 
Respondent.
The Panel has waived $100.00 of the contested motion for issuance of subpoena fees for 
Claimant.
Hearing Session Fees and Assessments
The Panel has assessed hearing session fees for each session conducted. A session is any 
meeting between the parties and the Arbitrator(s), including a pre-hearing conference with the 
Arbitrator(s), which lasts four (4) hours or less. Fees associated with these proceedings are:
One (1) pre-hearing session with the Panel @ $1,725.00/session
Pre-Hearing Conference: June 11, 2025 1 session
=$ 1,725.00
Two (2) hearing sessions @ $1,725.00/session =$ 3,450.00
Hearings: December 5, 2025 2 sessions
Total Hearing Session Fees =$ 5,175.00
The Panel has assessed $2,587.50 of the hearing session fees to Respondent. 
The Panel has waived $2,587.50 of the hearing session fees for Claimant.
All balances are payable to FINRA Dispute Resolution Services and are due upon receipt.","Linda M. Edwards - Public Arbitrator, Presiding Chairperson
Jon Richard Catten - Public Arbitrator
Rick L. Knuth - Non-Public Arbitrator
I, the undersigned Arbitrator, do hereby affirm that I am the individual described herein and who 
executed this instrument, which is my award.
Concurring Arbitrators' Signatures
Linda M. Edwards
Linda M. Edwards
Public Arbitrator, Presiding Chairperson
12/10/2025
Signature Date
Jon Richard Catten
Jon Richard Catten
Public Arbitrator
12/09/2025
Signature Date
Rick L. Knuth
Rick L. Knuth
Non-Public Arbitrator
12/09/2025
Signature Date
Awards are rendered by independent arbitrators who are chosen by the parties to issue final, 
binding decisions. FINRA makes available an arbitration forum—pursuant to rules approved by 
December 11, 2025
Date of Service (For FINRA Dispute Resolution Services use only)"
24-01310,24-01310,post_cutoff_control,2025-12-12,24-01310.pdf,5,7812,9,"For Claimant James Charles Naify: Jeffrey K. Riffer, Esq. and Julie Z. Kimball, Esq., Elkins Kalt 
Weintraub Reuben Gartside LLP, Los Angeles, California.
For Respondents B of A Securities, Inc. (“B of A Securities”) and Merrill Lynch, Pierce, Fenner & 
Smith Incorporated (“Merrill Lynch”): Jason E. Murtagh, Esq. and Mary R. Hackett, Esq., 
Buchanan Ingersoll & Rooney LLP, San Diego, California.
Hereinafter, B of A Securities and Merrill Lynch are collectively referred to as “Respondents”.","After considering the pleadings, the testimony and evidence presented at the hearing, the Panel 
has decided in full and final resolution of the issues submitted for determination as follows: 
1. The Panel recommends the expungement of the Reason for Termination and Termination 
Explanation in Section 3 of James Charles Naify’s (CRD Number 2316318) Form U5 filed by 
Merrill Lynch, Pierce, Fenner & Smith Incorporated (CRD Number 7691) on July 28, 2021 
and maintained by the CRD. The Reason for Termination shall be changed to “Other” and 
the Termination Explanation shall be deleted in its entirety and replaced with the following 
language: “The parties have settled the case.” This directive shall apply to all references to 
the Reason for Termination and Termination Explanation.
The Panel further recommends the expungement of all references to Occurrence Number 
2142990 from the registration records maintained by the CRD for James Charles Naify. Any 
“Yes” answers should be changed to “No,” as applicable.
The Panel recommends expungement based on the defamatory nature of the information. 
The above recommendations are made with the understanding that the registration records 
are not automatically amended. James Charles Naify must forward a copy of this Award to 
FINRA’s Credentialing, Registration, Education and Disclosure Department for review.
2. Any and all claims for relief not specifically addressed herein, including any requests for 
attorneys’ fees, are denied.","In the Statement of Claim, Claimant requested:
1. Expungement of Respondents’ termination disclosure from registration records 
maintained by the CRD and BrokerCheck Report, for Claimant;
2. An appropriate remedy for Respondents’ improper behavior, including payment of 
forfeited deferred compensation;
3. Attorneys’ fees under California Code of Civil Procedure § 1021.5 and ERISA;
4. Prejudgment interest and surcharge;
5. An accounting and constructive trust; and
6. Such other and further relief as the Panel deems just and proper.
In the Statement of Answer, Respondents requested: 
1. Claimant’s claims be denied in their entirety; 
2. All costs be assessed against Claimant; 
3. Attorneys’ fees and costs in an amount to be determined at the hearing; and 
4. All other relief the Panel deems reasonable and appropriate under the circumstances of 
this case.","Award
In the Matter of the Arbitration Between: 
Claimant
James Charles Naify
Case Number: 24-01310
 vs.
Respondents
B of A Securities, Inc.
Merrill Lynch, Pierce, Fenner & Smith Incorporated
Hearing Site: Los Angeles, California
Awards are rendered by independent arbitrators who are chosen by the parties to issue final, 
binding decisions. FINRA makes available an arbitration forum—pursuant to rules approved by 
Nature of the Dispute: Associated Person vs. Members
The expungement hearing was conducted by videoconference.","Statement of Claim filed on or about: June 13, 2024.
Claimant signed the Submission Agreement: June 6, 2024.
Statement of Answer filed by Respondents on or about: August 16, 2024.
B of A Securities signed the Submission Agreement: August 20, 2024.
Merrill Lynch signed the Submission Agreement: August 20, 2024.","In the Statement of Claim, Claimant asserted the following causes of action: violation of 
California Bus. & Prof. Code §17200 and violation of ERISA. Claimant also asserted a claim 
alleging that the Form U5 filed by Respondents, as part of registration records maintained by the 
Central Registration Depository (“CRD”), is defamatory in nature.
Unless specifically admitted in the Statement of Answer, Respondents denied the allegations 
made in the Statement of Claim and asserted various affirmative defenses.","The Arbitrators acknowledge that they have each read the pleadings and other materials filed by 
the parties. 
On September 3, 2025, Claimant filed a notice of settlement regarding the damage portions of the 
claims against Respondents. Therefore, the Panel made no determination with respect to any of 
the damage requests contained in the Statement of Claim. The sole remaining issue was the 
request for expungement.","Pursuant to the Code of Arbitration Procedure, the following fees are assessed:
Filing Fees
FINRA Dispute Resolution Services assessed a filing fee* for each claim:
Initial Claim Filing Fee =$ 1,600.00
*The filing fee is made up of a non-refundable and a refundable portion. 
Pursuant to Armendariz v. Foundation Health Psychcare Services, Inc., 24 Cal. 4th 83 (2000),
Claimant is assessed $200.00 of the non-refundable portion of the filing fee. The balance of the
non-refundable portion of the filing fee, in the amount of $200.00, is assessed to Merrill Lynch.
Member Fees
Member fees are assessed to each member firm that is a party in these proceedings or to the 
member firm(s) that employed the associated person(s) at the time of the event(s) giving rise to 
the dispute. Accordingly, as parties, Respondents are each assessed the following:
Member Surcharge =$ 2,000.00
Member Process Fee =$ 3,850.00
Postponement Fees
Postponements granted during these proceedings for which fees were assessed or waived: 
June 9-13, 2025, postponement requested by Claimant
October 6-10, 2025, postponement requested by parties
=$
=$
1,150.00
1,150.00
Total Postponement Fees =$ 2,300.00
Pursuant to Armendariz v. Foundation Health Psychcare Services, Inc., 24 Cal. 4th 83 (2000),
the Panel has assessed the total postponement fees to Merrill Lynch.
Hearing Session Fees and Assessments
The Panel has assessed hearing session fees for each session conducted. A session is any 
meeting between the parties and the Arbitrator(s), including a pre-hearing conference with the 
Arbitrator(s), which lasts four (4) hours or less. Fees associated with these proceedings are:
One (1) pre-hearing session with the Panel @ $1,150.00/session
Pre-Hearing Conference: October 4, 2024 1 session
=$ 1,150.00
One (1) hearing session on expungement request @ $1,150.00/session
Hearing: October 7, 2025 1 session
=$ 1,150.00
Total Hearing Session Fees =$ 2,300.00
Pursuant to Armendariz v. Foundation Health Psychcare Services, Inc., 24 Cal. 4th 83 (2000),
the Panel has assessed the total hearing session fees to Merrill Lynch.
All balances are payable to FINRA Dispute Resolution Services and are due upon receipt.","Steven H. Gentry - Public Arbitrator, Presiding Chairperson
Robert C. Albini - Public Arbitrator
Jon Robert Daurio - Non-Public Arbitrator
I, the undersigned Arbitrator, do hereby affirm that I am the individual described herein and who 
executed this instrument, which is my award.
Concurring Arbitrators' Signatures
Steven H. Gentry
Steven H. Gentry
Public Arbitrator, Presiding Chairperson
12/11/2025
Signature Date
Robert C. Albini
Robert C. Albini
Public Arbitrator
12/11/2025
Signature Date
Jon Robert Daurio
Jon Robert Daurio
Non-Public Arbitrator
12/10/2025
Signature Date
Awards are rendered by independent arbitrators who are chosen by the parties to issue final, 
binding decisions. FINRA makes available an arbitration forum—pursuant to rules approved by 
December 12, 2025
Date of Service (For FINRA Dispute Resolution Services use only)"
24-00822,24-00822,post_cutoff_control,2025-12-12,24-00822.pdf,5,7075,8,"For Claimant Wells Fargo Advisors Financial Network, LLC (“Claimant”): Sara Soto, Esq., 
Bressler, Amery & Ross, P.C., Fort Lauderdale, Florida.

Respondent Jayson Robert Pocius (“Respondent”) was represented by counsel until September 
24, 2024. Thereafter, Respondent appeared pro se.","The parties entered into an agreement to present to the Arbitrator a Stipulated Award. Now, in 
lieu of a hearing and upon motion of both parties for entry of a Stipulated Award, and the written 
stipulation thereto, the Arbitrator grants the motion and enters this Stipulated Award granting the 
following relief:
1. Respondent is liable for and shall pay to Claimant the sum of $198,379.17, which represents 
the principal (including arrears) balance owed by Respondent to Claimant pursuant to the 
Promissory Note.
2. Each party shall bear its own costs, including attorneys’ fees, and any forum fees shall be 
apportioned equally between the parties.
3. Any and all claims for relief not specifically addressed herein are denied.","In the Statement of Claim, Claimant requested the following:
(A) The principal balance due and owing under the Promissory Note and interest accrued 
during the term of the Promissory Note at the rate of 2.25% per annum: $198,379.17;
(B) Interest at the rate of 5.25% per annum on the balance due and owing under the 
Promissory Note from the date of the event of default, May 9, 2023, to the date of 
payment;
(C)The costs of collection and of this proceeding including attorneys’ fees as agreed to 
under the terms of the Promissory Note; and
(D)Any and all further relief that the Arbitrator deems just and proper. 

In the Statement of Answer, Respondent requested that the Arbitrator find that he is not 
obligated to repay the sums due.","Stipulated Award
In the Matter of the Arbitration Between: 
Claimant
Wells Fargo Advisors 
Financial Network, LLC
Case Number: 24-00822
 vs.
Respondent
Jayson Robert Pocius
Hearing Site: Chicago, Illinois

Awards are rendered by independent arbitrators who are chosen by the parties to issue final, 
binding decisions. FINRA makes available an arbitration forum—pursuant to rules approved by 
Nature of the Dispute: Member vs. Associated Person","Statement of Claim filed on or about: April 16, 2024.
Claimant signed the Submission Agreement: April 16, 2024.
Statement of Answer filed on or about: September 24, 2024.
Respondent signed the Submission Agreement: September 25, 2024.","In the Statement of Claim, Claimant asserted a cause of action for breach of promissory note. 
The cause of action related to Claimant’s allegation that Respondent signed a promissory note 
dated August 20, 2019 (“Promissory Note”), which specifically required Respondent to repay the 
outstanding principal balance on the Promissory Note, accrued and accruing interest, plus all 
costs of collection including attorneys’ fees, filing fees and related costs. Claimant alleged that 
Respondent failed and refused to honor his obligations under the outstanding Promissory Note.
Unless specifically admitted in the Statement of Answer, Respondent denied the allegations made 
in the Statement of Claim and asserted an affirmative defense.
Stipulated Award Page 2 of 5","The Arbitrator acknowledges having read the pleadings and other materials filed by the parties. 
On December 3, 2025, the parties filed a Motion for Entry of a Stipulated Award. On December 
9, 2025, the Arbitrator granted the motion.
The Stipulated Award in this matter may be executed in counterpart copies.","Pursuant to the Code of Arbitration Procedure, the following fees are assessed:
Stipulated Award Page 3 of 5
Filing Fees
FINRA Dispute Resolution Services will retain or collect the non-refundable filing fees* for each 
claim:
Initial Claim Filing Fee =$ 2,125.00
*The filing fee is made up of a non-refundable and a refundable portion. 
Member Fees
Member fees are assessed to each member firm that is a party in these proceedings or to the 
member firm(s) that employed the associated person(s) at the time of the event(s) giving rise to 
the dispute. Accordingly, as a party, Claimant is assessed the following: 
Member Surcharge =$ 1,700.00
Member Process Fee =$ 3,250.00
Postponement Fees
Postponements granted during these proceedings for which fees were assessed or waived: 
October 15-17, 2025, postponement requested by the parties =$ 450.00
Total Postponement Fees =$ 450.00
The Arbitrator has assessed $225.00 of the postponement fees to Claimant.
The Arbitrator has assessed $225.00 of the postponement fees to Respondent.
Last-Minute Cancellation Fees
Fees apply when a hearing on the merits is cancelled within ten calendar days before the start 
of a scheduled hearing session: 
October 15-17, 2025, cancellation requested by the parties
December 8-9, 2025, cancellation requested by the parties
=$
=$
 600.00
 600.00
Total Last-Minute Cancellation Fees =$ 1,200.00
The Arbitrator has assessed $600.00 of the last-minute cancellation fees to Claimant.
The Arbitrator has assessed $600.00 of the last-minute cancellation fees to Respondent. 
Discovery-Related Motion Fees
Fees apply for each decision rendered on a discovery-related motion. 
One (1) decision on a discovery-related motion on the papers 
with one (1) Arbitrator @ $200.00/decision
=$ 200.00
Stipulated Award Page 4 of 5
Respondent submitted one (1) discovery-related motion
Total Discovery-Related Motion Fees =$ 200.00
The Arbitrator has assessed $100.00 of the discovery-related motion fees to Claimant.
The Arbitrator has assessed $100.00 of the discovery-related motion fees to Respondent.
Hearing Session Fees and Assessments
The Arbitrator has assessed hearing session fees for each session conducted. A session is any 
meeting between the parties and the Arbitrator(s), including a pre-hearing conference with the 
Arbitrator(s), which lasts four (4) hours or less. Fees associated with these proceedings are:
One (1) pre-hearing session @ $450.00/session
Pre-Hearing Conference: November 6, 2024 1 session
=$ 450.00
Decision on the papers: =$ 300.00
Total Hearing Session Fees =$ 750.00
The Arbitrator has assessed $375.00 of the hearing session fees to Claimant.
The Arbitrator has assessed $375.00 of the hearing session fees to Respondent. 
All balances are payable to FINRA Dispute Resolution Services and are due upon receipt.
Stipulated Award Page 5 of 5
ARBITRATOR
John William Kenesey - Sole Public Arbitrator
I, the undersigned Arbitrator, do hereby affirm that I am the individual described herein and who 
executed this instrument, which is my award.
Arbitrator's Signature
John William Kenesey
John William Kenesey
Sole Public Arbitrator
12/12/2025
Signature Date
Awards are rendered by independent arbitrators who are chosen by the parties to issue final, 
binding decisions. FINRA makes available an arbitration forum—pursuant to rules approved by 
December 12, 2025
Date of Service (For FINRA Dispute Resolution Services use only)",
25-00690,25-00690,post_cutoff_control,2025-12-17,25-00690.pdf,5,7351,9,"For Claimant Mark William Thatcher (“Claimant”): Peter Lindholm, Esq., HLBS Law, Broomfield, 
Colorado.
For Respondent Merrill Lynch, Pierce, Fenner & Smith Incorporated (“Respondent”): Shruti 
Jaishankar, Esq., Maynard Nexsen, PC, Nashville, Tennessee.","After considering the pleadings, the testimony and evidence presented at the expungement 
hearing, the Panel has decided in full and final resolution of the issues submitted for 
determination as follows: 
1. Claimant’s request for expungement of Occurrence Numbers 1438744 and 1515240 from 
registration records maintained by the CRD is denied with prejudice. Pursuant to Rule 13805 
of the Code, the Panel’s decision to issue an award containing relief for expungement of 
customer dispute information must be unanimous. Arbitrators Gerald H. Grayson and Phyllis 
Karasov found that one or more of the grounds for expungement in Rule 13805 of the Code 
were established. Arbitrator Evalyn Lipton Fishbein found that Claimant failed to bring the 
case within the time specified in Rule 13805 of the Code. 
2. Any and all claims for relief not specifically addressed herein are denied.","In the Statement of Claim, Claimant (CRD Number 4470726) requested: 
1. Expungement of Occurrence Numbers 1438744 and 1515240, from his CRD records, 
pursuant to FINRA Rule 2080(b)(1)(A), as the claim, allegation, or information is factually 
impossible or clearly erroneous; 
2. Expungement of Occurrence Numbers 1438744 and 1515240, from his CRD records, 
pursuant to FINRA Rule 2080(b)(1)(C), as the claim, allegation, or information is false; 
3. Deletion of all Disclosure Reporting Pages accompanying Occurrence Numbers 1438744 
and 1515240; and 
4. Any and all other relief that the Panel deems just and equitable.
In the Statement of Answer, Respondent did not set forth any specific relief request.","Expungement Award
In the Matter of the Arbitration Between: 
Claimant
Mark William Thatcher
Case Number: 25-00690
 vs.
Respondent
Merrill Lynch, Pierce, Fenner & Smith Incorporated
Hearing Site: Los Angeles, California
Awards are rendered by independent arbitrators who are appointed pursuant to Rule 13806 of 
the Code of Arbitration Procedure (“Code”) to issue final, binding decisions. FINRA makes 
available an arbitration forum—pursuant to rules approved by the SEC—but has no part in 
deciding the award.
Nature of the Dispute: Associated Person vs. Member
The expungement hearing was conducted by videoconference.","Statement of Claim filed on or about: April 2, 2025.
Claimant signed the Submission Agreement: April 2, 2025.
Statement of Answer filed on or about: June 24, 2025.
Respondent signed the Submission Agreement: June 24, 2025.","In the Statement of Claim, Claimant asserted a claim seeking expungement of customer dispute 
information from registration records maintained by the Central Registration Depository (“CRD”). 
In the Statement of Answer, Respondent took no position on Claimant’s expungement request.","The Arbitrators acknowledge that they have each read the pleadings and other materials filed by 
the parties. 
On April 21, 2025, Claimant advised that the customer in Occurrence Number 1515240 (“Ms. 
S”) was served with a copy of the Statement of Claim, although not within 10 days of filing the 
Statement of Claim, and provided proof of service.
On April 21, 2025, Claimant submitted LexisNexis death record for the customer in Occurrence 
Number 1438744 (“Mr. S”). On April 28, 2025, Claimant filed an Affidavit confirming that he was 
unable to serve the Statement of Claim on Mr. S as Mr. S is deceased. The Panel accepted 
Claimant’s representation that service was impracticable because he is deceased. 
On June 25, 2025, Claimant advised that Ms. S was served with a copy of the Statement of 
Answer within 10 days of its filing and provided proof of service. 
On November 21, 2025, the authorized representative of the state securities regulator for California 
(“State Regulator”) submitted a written statement and opposed the expungement request.
The Panel conducted recorded hearing by videoconference on December 11, 2025, so the parties 
could present oral argument and evidence on Claimant’s request for expungement. Claimant 
appeared by videoconference at the expungement hearing. Respondent appeared at the 
expungement hearing.
Ms. S did not appear at the expungement hearing.
The authorized representative of the State Regulator appeared at the expungement hearing by 
videoconference and opposed the expungement request.
On December 1, 2025, Claimant filed a Motion for Sanctions against the State Regulator 
(“Motion for Sanctions”) for violation of FINRA Rules 13206 and 13805. On December 5, 2025, 
the authorized representative of the State Regulator filed a response opposing the Motion for 
Sanctions. At the recorded hearing on December 11, 2025, the Panel heard oral arguments on 
the Motion for Sanctions. The Panel hereby denies the Motion for Sanctions.","Pursuant to the Code, the following fees are assessed:
Filing Fees
FINRA Dispute Resolution Services assessed a filing fee* for each claim:
Initial Claim Filing Fee =$ 2,000.00
*The filing fee is made up of a non-refundable and a refundable portion. 
Member Fees
Member fees are assessed to each member firm that is a party in these proceedings or to the 
member firm(s) that employed the associated person(s) at the time of the event(s) giving rise to 
the dispute. Accordingly, as a party, Respondent is assessed the following:
Member Surcharge =$ 2,600.00
Member Process Fee =$ 5,005.00
Hearing Session Fees and Assessments
The Panel has assessed hearing session fees for each session conducted. A session is any 
meeting between the parties and the Arbitrator(s), including a pre-hearing conference with the 
Arbitrator(s), which lasts four (4) hours or less. Fees associated with these proceedings are:
One (1) pre-hearing session with the Panel @ $1,725.00/session
Pre-Hearing Conference: July 21, 2025 1 session
=$ 1,725.00
One (1) hearing session on expungement request @ $1,725.00/session
Hearing: December 11, 2025 1 session
=$ 1,725.00
Total Hearing Session Fees =$ 3,450.00
The Panel has assessed the total hearing session fees to Claimant.
All balances are payable to FINRA Dispute Resolution Services and are due upon receipt.","Evalyn Lipton Fishbein - Public Arbitrator, Presiding Chairperson
Phyllis Karasov - Public Arbitrator
Gerald H. Grayson - Public Arbitrator
I, the undersigned Arbitrator, do hereby affirm that I am the individual described herein and who 
executed this instrument, which is my award.
Concurring Arbitrator's Signature
Evalyn Lipton Fishbein
Evalyn Lipton Fishbein
Public Arbitrator, Presiding Chairperson
12/17/2025
Signature Date
Dissenting Arbitrators’ Signatures
Phyllis Karasov
Phyllis Karasov
Public Arbitrator
12/17/2025
Signature Date
Gerald H. Grayson
Gerald H. Grayson
Public Arbitrator
12/16/2025
Signature Date
Awards are rendered by independent arbitrators who issue final, binding decisions. FINRA 
makes available an arbitration forum—pursuant to rules approved by the SEC—but has no part 
in deciding the award.
December 17, 2025
Date of Service (For FINRA Dispute Resolution Services use only)"
24-02088,24-02088,post_cutoff_control,2025-12-30,24-02088.pdf,5,7495,9,"Claimant Maher Dabbouseh (“Claimant”) appeared pro se.
For Respondent Edward Jones (“Respondent”): Steven M. Malina, Esq. and Kara Angeletti, 
Esq., Greenberg Traurig, LLP, Chicago, Illinois.","After considering the pleadings, the testimony and evidence presented at the hearing, and any 
post-hearing submissions, the Panel has decided in full and final resolution of the issues 
submitted for determination as follows: 
1. Claimant’s claims are denied in their entirety, including Claimant’s request for expungement 
of the Form U5 filed by Respondent. 
2. Claimant is liable for and shall pay to Respondent the sum of $201,474.41 in compensatory 
damages. The amount awarded is offset by the amount currently held in Claimant's personal 
account with Respondent, which the amount at the hearing was described as being about 
$77,000.00. All assets in Claimant's personal account are awarded to and shall be released 
to Respondent as an offset to the compensatory damages awarded in this arbitration to 
Respondent.
3. Any and all claims for relief not specifically addressed herein, including any requests for 
punitive damages, treble damages, and attorneys’ fees, are denied.","In the Statement of Claim, Claimant requested a total of $519,000.00 in damages, comprising of 
the following: $77,000.00 in funds held in his account; $96,000.00 for loss of proceeds 
associated with liquidation of his account; and pain and suffering. 
In the Statement of Answer and Counterclaim, Respondent requested that Claimant’s claims 
and requested relief be denied in their entirety that it be granted damages, in an amount to be 
determined by the Panel, and not less than $200,000.00; authorization to take possession of the 
funds in Claimant’s personal account with Respondent; pre- and post-judgment interest; costs 
and fees as provided by law; and such other and further relief as is just and proper. 
At the hearing, Claimant requested release of the assets held in his personal account with 
Respondent, approximately $77,000.00; $2.2 million for damages from the sale of real estate 
properties; $10 million for eavesdropping; $18 million for pain and suffering and damages to his 
children; and expungement of his Form U5 filed by Respondent, although Claimant did not file a 
request for expungement, nor did he make a claim or provide evidence supporting expungement 
during his case-in-chief. 
At the hearing, Respondent’s final damage request was limited solely to the claimed market loss 
of $201,474.41, and the release of assets to Respondent in Claimant’s personal account with 
Respondent, of approximately $77,000.00 as an offset.","Award
In the Matter of the Arbitration Between: 
Claimant
Maher Dabbouseh
Case Number: 24-02088
 vs.
Respondent
Edward Jones
Hearing Site: Chicago, Illinois
Awards are rendered by independent arbitrators who are chosen by the parties to issue final, 
binding decisions. FINRA makes available an arbitration forum—pursuant to rules approved by 
Nature of the Dispute: Associated Person vs. Member","Statement of Claim filed on or about: September 27, 2024.
Claimant signed the Submission Agreement: September 27, 2024.
Statement of Answer and Counterclaim filed on or about: November 20, 2024.
Respondent signed the Submission Agreement: November 20, 2024.","In the Statement of Claim, Claimant alleged that he was wrongfully terminated for making trade 
corrections on his own account that had already been cleared and approved by Respondent. 
Claimant alleged that Respondent suspended his account and denied him access to his fund.
Unless specifically admitted in the Statement of Answer and Counterclaim, Respondent denied the 
allegations made in the Statement of Claim and asserted various affirmative defenses. In the 
Counterclaim, Respondent asserted the following causes of action: fraud/fraudulent 
misrepresentation, computer fraud, conversion/civil theft, and unjust enrichment. The causes of 
action related to Respondent’s allegation that Claimant stole over $200,000.00 by submitting 
multiple, fraudulent trade correction requests to cover bad day trading bets placed in his personal 
account. Respondent alleged that in reliance on these fraudulent trade requests, it transferred at 
least $201,474.41 into Claimant’s account.","The Arbitrators acknowledge that they have each read the pleadings and other materials filed by 
the parties.","Pursuant to the Code of Arbitration Procedure, the following fees are assessed:
Filing Fees
FINRA Dispute Resolution Services assessed a filing fee* for each claim:
Initial Claim Filing Fee =$ 1,740.00
Counterclaim Filing Fee =$ 2,125.00
*The filing fee is made up of a non-refundable and a refundable portion. 
Member Fees
Member fees are assessed to each member firm that is a party in these proceedings or to the 
member firm(s) that employed the associated person(s) at the time of the event(s) giving rise to 
the dispute. Accordingly, as a party, Respondent is assessed the following:
Member Surcharge =$ 2,625.00
Member Process Fee =$ 5,225.00
Discovery-Related Motion Fees
Fees apply for each decision rendered on a discovery-related motion. 
One (1) decision on a discovery-related motion on the papers 
with one (1) Arbitrator @ $200.00/decision
=$ 200.00
Respondent submitted one (1) discovery-related motion
Total Discovery-Related Motion Fees =$ 200.00
The Panel has assessed the total discovery-related motion fees to Claimant.
Hearing Session Fees and Assessments
The Panel has assessed hearing session fees for each session conducted. A session is any 
meeting between the parties and the Arbitrator(s), including a pre-hearing conference with the 
Arbitrator(s), which lasts four (4) hours or less. Fees associated with these proceedings are:
One (1) pre-hearing session with a single Arbitrator @ $450.00/session
Pre-Hearing Conference: June 17, 2025 1 session
=$ 450.00
Two (2) pre-hearing sessions with the Panel @ $1,325.00/session
Pre-Hearing Conferences: January 23, 2025 1 session
March 12, 2025 1 session
=$ 2,650.00
Seven (7) hearing sessions @ $1,325.00/session
Hearings: December 2, 2025 2 sessions
=$ 9,275.00
December 3, 2025
December 4, 2025
December 5, 2025
2 sessions
2 sessions
1 session
Total Hearing Session Fees =$ 12,375.00
The Panel has assessed $11,487.50 of the hearing session fees to Claimant.
The Panel has assessed $887.50 of the hearing session fees to Respondent. 
All balances are payable to FINRA Dispute Resolution Services and are due upon receipt.","Raymond P. Buschmann - Public Arbitrator, Presiding Chairperson
Larry Evert Carlson - Public Arbitrator
Thomas Wiegand - Non-Public Arbitrator
I, the undersigned Arbitrator, do hereby affirm that I am the individual described herein and who 
executed this instrument, which is my award.
Concurring Arbitrators' Signatures
Raymond P. Buschmann
Raymond P. Buschmann
Public Arbitrator, Presiding Chairperson
12/26/2025
Signature Date
Larry Evert Carlson
Larry Evert Carlson
Public Arbitrator
12/24/2025
Signature Date
Thomas Wiegand
Thomas Wiegand
Non-Public Arbitrator
12/29/2025
Signature Date
Awards are rendered by independent arbitrators who are chosen by the parties to issue final, 
binding decisions. FINRA makes available an arbitration forum—pursuant to rules approved by 
December 30, 2025
Date of Service (For FINRA Dispute Resolution Services use only)"
24-02696,24-02696,post_cutoff_control,2025-12-30,24-02696.pdf,4,5731,9,"For Claimant Paul Gioupis (“Claimant”): Michael Gilmore, Esq., Moss & Gilmore LLP, Mineola, 
New York.
For Respondents Cape Securities Inc. (“Cape”) and James Randall Webb (“Webb”) collectively 
referred to as “Respondents”: Scott Holcomb, Esq., Holcomb + Ward, LLP, Atlanta, Georgia.","After considering the pleadings, the testimony and evidence presented at the hearing, and any 
post-hearing submissions, the Panel has decided in full and final resolution of the issues 
submitted for determination as follows: 
1. Respondents are jointly and severally liable for and shall pay to Claimant the sum of 
$528,795.49 in compensatory damages. 
2.Any and all claims for relief not specifically addressed herein, including any requests for 
punitive damages, treble damages, and attorneys’ fees, are denied.","In the Statement of Claim, Claimant requested: damages in excess of $650,000.00; pre-
judgement and post-judgment interest; attorneys’ fees; and such other and further relief the 
Panel deemed just and proper. 
In the Statement of Answer, Respondents did not set forth a specific relief request.
At the hearing, Claimant requested damages in the amount of $714,046.15.","Award
In the Matter of the Arbitration Between: 
Claimant
Paul Gioupis
Case Number: 24-02696
 vs.
Respondents
Cape Securities Inc.
James Randall Webb
Hearing Site: New York, New York
Awards are rendered by independent arbitrators who are chosen by the parties to issue final, 
binding decisions. FINRA makes available an arbitration forum—pursuant to rules approved by 
Nature of the Dispute: Associated Person vs. Member and Associated Person","Statement of Claim filed on or about: December 26, 2024.
Claimant signed the Submission Agreement: December 19, 2024.
Joint Statement of Answer filed by Respondents on or about: February 14, 2024.
Cape signed the Submission Agreement: February 14, 2025.
Webb signed the Submission Agreement: February 14, 2025.","In the Statement of Claim, Claimant asserted the following causes of action: breach of contract; 
breach of the implied covenant of good faith and fair dealing; conversion/civil theft; and unjust 
enrichment. 
Unless specifically admitted in the Statement of Answer, Respondents denied the allegations 
made in the Statement of Claim and asserted various affirmative defenses.","The Arbitrators acknowledge that they have each read the pleadings and other materials filed by 
the parties. 
At the evidentiary hearing, after Claimant’s case-in-chief, Respondent Webb made a Motion to 
Dismiss and requested that the Panel dismiss the case against him. Claimant opposed the 
Motion asserting that Respondent Webb was intrinsically linked with Respondent Cape 
Securities. The Panel denied Respondent Webb’s Motion.","Pursuant to the Code of Arbitration Procedure, the following fees are assessed:
Filing Fees
FINRA Dispute Resolution Services assessed a filing fee* for each claim:
Initial Claim Filing Fee =$ 1,740.00
*The filing fee is made up of a non-refundable and a refundable portion. 
Member Fees
Member fees are assessed to each member firm that is a party in these proceedings or to the 
member firm that employed the associated person at the time of the events giving rise to the 
dispute. Accordingly, as a party, Respondent Cape Securities Inc., is assessed the following:
Member Surcharge =$ 2,625.00
Member Process Fee =$ 5,225.00
Discovery-Related Motion Fees
Fees apply for each decision rendered on a discovery-related motion. 
One (1) decision on a discovery-related motion on the papers 
with one (1) Arbitrator @ $200.00/decision
=$ 200.00
Claimant submitted one (1) discovery-related motion
Total Discovery-Related Motion Fees =$ 200.00
The Panel has assessed the total discovery-related motion fees jointly and severally to 
Respondents.
Hearing Session Fees and Assessments
The Panel has assessed hearing session fees for each session conducted. A session is any 
meeting between the parties and the Arbitrators, including a pre-hearing conference with the 
Arbitrators, which lasts four (4) hours or less. Fees associated with these proceedings are:
One (1) pre-hearing session with the Panel @ $1,325.00/session
Pre-Hearing Conference: April 8, 2025 1 session
=$ 1,325.00
Six (6) hearing sessions @ $1,325.00/session
Hearings: December 9, 2025 2 sessions
December 10, 2025
December 11, 2025
2 sessions
2 sessions
=$ 7,950.00
Total Hearing Session Fees =$ 9,275.00
The Panel has assessed $4,637.50 of the hearing session fees to Claimant.
The Panel has assessed $4,637.50 of the hearing session fees jointly and severally to 
Respondents. 
All balances are payable to FINRA Dispute Resolution Services and are due upon receipt.","Elizabeth Gilbert - Public Arbitrator, Presiding Chairperson
Veera V. Konka - Public Arbitrator
Ronald Jay Horowitz - Non-Public Arbitrator
I, the undersigned Arbitrator, do hereby affirm, pursuant to Article 7507 of the Civil Practice Law 
and Rules, that I am the individual described herein and who executed this instrument, which is 
my award.
Concurring Arbitrators' Signatures
Elizabeth Gilbert
Elizabeth Gilbert
Public Arbitrator, Presiding Chairperson
12/29/2025
Signature Date
Veera V. Konka
Veera V. Konka
Public Arbitrator
12/30/2025
Signature Date
Ronald Jay Horowitz
Ronald Jay Horowitz
Non-Public Arbitrator
12/30/2025
Signature Date
Awards are rendered by independent arbitrators who are chosen by the parties to issue final, 
binding decisions. FINRA makes available an arbitration forum—pursuant to rules approved by 
December 30, 2025
Date of Service (For FINRA Dispute Resolution Services use only)"
25-01035,25-01035,post_cutoff_control,2026-01-02,25-01035.pdf,4,6017,9,"For Claimant Leonardo Duarte Costa (“Claimant”): Fabricia Resende, Esq., Resende Law 
Offices, P.A., Boynton Beach, Florida.
For Respondent J.P. Morgan Securities LLC (“Respondent”): Morgan K. Johnson, Esq., UB 
Greensfelder LLP, Chicago, Illinois.","After considering the pleadings, Respondent’s Motion to Dismiss, the testimony and evidence 
presented at the December 18, 2025 recorded pre-hearing conference, the Panel has decided 
in full and final resolution of the issues submitted for determination as follows: 
1. Claimant’s claims are dismissed without prejudice pursuant to Rule 13206 of the Code. 
2.Any and all claims for relief not specifically addressed herein are denied.","In the Statement of Claim, as amended, Claimant requested the Panel to grant an award 
recommending expungement of the termination disclosure from his CRD; find that the grounds 
for expungement under Rule 2080(b)(1)(A) and/or (C) are satisfied; request Respondent to 
cooperate in effecting expungement; and award such further relief as the Panel deems just and 
proper.
In the Statement of Answer, Respondent did not set forth any specific relief request.","Award
In the Matter of the Arbitration Between: 
Claimant
Leonardo Duarte Costa
Case Number: 25-01035
 vs.
Respondent
J.P. Morgan Securities LLC
Hearing Site: Boca Raton, Florida
Awards are rendered by independent arbitrators who are chosen by the parties to issue final, 
binding decisions. FINRA makes available an arbitration forum—pursuant to rules approved by 
Nature of the Dispute: Associated Person vs. Member","Statement of Claim filed on or about: May 21, 2025.
Amended Statement of Claim filed on or about: June 23, 2025.
Claimant signed the Submission Agreement: May 21, 2025.
Statement of Answer filed by Respondent on or about: August 7, 2025.
Respondent signed the Submission Agreement: August 5, 2025.","In the Statement of Claim, as amended, Claimant asserted a claim seeking expungement of the 
termination disclosure recorded in the Central Registration Depository (“CRD”).
Unless specifically admitted in the Statement of Answer, Respondent denied the allegations made 
in the Statement of Claim.","The Arbitrators acknowledge that they have each read the pleadings and other materials filed by 
the parties. 
On August 7, 2025, Respondent filed a Motion to Dismiss pursuant to Rule 13206 of the Code 
of Arbitration Procedure (“Code”). On August 11, 2025, Claimant filed a response opposing the 
Motion to Dismiss. On August 18, 2025, Respondent filed a Reply in Support of its Motion to 
Dismiss. On August 18, 2025, Claimant filed a Sur-Reply in Support of Opposition to the Motion 
to Dismiss. On December 18, 2025, the Panel heard oral arguments on the Motion to Dismiss. 
The Panel hereby grants the Motion to Dismiss on the grounds that:
The occurrence or event giving rise to Claimant’s expungement request occurred in 
February 2016. The six year time period to request expungement expired in February 
2022. Pursuant to FINRA Rule 13206, Claimant’s request for expungement is ineligible.
Respondent’s Motion to Dismiss pursuant to Rule 13206 of the Code is granted by the Panel 
without prejudice to any right Claimant has to file in court; Claimant is not prohibited from 
pursuing his claims in court pursuant to Rule 13206(b) of the Code.","Pursuant to the Code, the following fees are assessed:
Filing Fees
FINRA Dispute Resolution Services assessed a filing fee* for each claim:
Initial Claim Filing Fee =$ 2,000.00
*The filing fee is made up of a non-refundable and a refundable portion. 
FINRA Dispute Resolution Services administratively waived Claimant’s filing fee of $2,000.00. 
Member Fees
Member fees are assessed to each member firm that is a party in these proceedings or to the 
member firm that employed the associated person at the time of the event giving rise to the 
dispute. Accordingly, as a party, Respondent is assessed the following:
Member Surcharge =$ 2,600.00
Member Process Fee =$ 5,005.00
Late Pre-Hearing Cancellation Fees
Fees apply when a pre-hearing conference is cancelled within three business days of the 
scheduled conference: 
October 13, 2025, cancellation requested parties =$ 300.00
Total Late Pre-Hearing Cancellation Fees =$ 300.00
The Panel has assessed the total late pre-hearing cancellation fees to Claimant.
Hearing Session Fees and Assessments
The Panel has assessed hearing session fees for each session conducted. A session is any 
meeting between the parties and the Arbitrators, including a pre-hearing conference with the 
Arbitrators, which lasts four (4) hours or less. Fees associated with these proceedings are:
Two (2) pre-hearing sessions with the Panel @ $1,725.00/session
Pre-Hearing Conferences: November 10, 2025 1 session
December 18, 2025 1 session
=$ 3,450.00
Total Hearing Session Fees =$ 3,450.00
The Panel has assessed the total hearing session fees to Claimant.
All balances are payable to FINRA Dispute Resolution Services and are due upon receipt.","Nanci Sondra Landy - Public Arbitrator, Presiding Chairperson
Melanie Anne Dernis - Public Arbitrator
Anthony Bruno Sanguinetti - Non-Public Arbitrator
I, the undersigned Arbitrator, do hereby affirm that I am the individual described herein and who 
executed this instrument, which is my award.
Concurring Arbitrators' Signatures
Nanci Sondra Landy
Nanci Sondra Landy
Public Arbitrator, Presiding Chairperson
12/31/2025
Signature Date
Melanie Anne Dernis
Melanie Anne Dernis
Public Arbitrator
12/31/2025
Signature Date
Anthony Bruno Sanguinetti
Anthony Bruno Sanguinetti
Non-Public Arbitrator
12/31/2025
Signature Date
Awards are rendered by independent arbitrators who are chosen by the parties to issue final, 
binding decisions. FINRA makes available an arbitration forum—pursuant to rules approved by 
January 02, 2026
Date of Service (For FINRA Dispute Resolution Services use only)"
25-00105,25-00105,post_cutoff_control,2026-01-23,25-00105.pdf,3,4458,8,"For Claimant Morgan Stanley (“Claimant”): Alan S. Brodherson, Esq., Law Office of Alan S. 
Brodherson, New York, New York.
Morgan A. Feliz (“Respondent”) did not appear in ths matter.","After considering the pleadings, the Arbitrator has decided and determined in full and final 
resolution of the issues submitted for determination as follows: 
1. Respondent is liable for and shall pay to Claimant the sum of $156,000.78 in compensatory 
damages.
2. Respondent is liable for and shall pay to Claimant interest on the above-stated sum at the 
rate of 9% per annum from date of service of the Award through and including the date the 
Award is paid.
3. Respondent is liable for and shall pay to Claimant the amount of $5,657.50 in attorneys' fees 
pursuant to the Settlement Agreement.
4. Respondent is liable for and shall pay to Claimant $1,250.00 to reimburse Claimant for the 
non-refundable portion of the filing fee previously paid to FINRA Dispute Resolution Services.
5. Respondent is liable for and shall pay to Claimant $300.00 to reimburse Claimant for the 
Paper Decision Fee previously paid to FINRA Dispute Resolution Services.
6. Any and all claims for relief not specifically addressed herein are denied.","In the Statement of Claim, Claimant requested: the principal amount of $152,141.14, along with 
interest as of January 16, 2025 in the amount of $13,809.87, along with additional per diem 
interest from January 8, 2025, through the date of award at the rate of $23.97 per day; and fees, 
expenses, including all FINRA forum fees, reasonable attorneys’ fees, as provided for by the 
Settlement Agreement, and such other and further relief as the Panel deems appropriate.","Award
In the Matter of the Arbitration Between: 
Claimant
Morgan Stanley
Case Number: 25-00105
 vs.
Respondent
Morgan A. Feliz
Hearing Site: New York, New York
Awards are rendered by independent arbitrators who are chosen by the parties to issue final, 
binding decisions. FINRA makes available an arbitration forum—pursuant to rules approved by 
Nature of the Dispute: Member vs. Associated Person","Statement of Claim filed on or about: January 16, 2025.
Morgan Stanley signed the Submission Agreement: January 16, 2025.","In the Statement of Claim, Claimant asserted a cause of action for breach of promissory note.","The Arbitrator acknowledges having read the pleadings and other materials filed by the parties. 
Respondent did not file a Statement of Answer. Accordingly, this matter proceeded pursuant to 
Rule 13807(e)(1) of the Code of Arbitration Procedure (“Code”) effective October 16, 2023.
The Arbitrator determined that Respondent was served with the Claim Notification letter dated 
January 17, 2025, by regular mail and the Overdue Notice (including the Statement of Claim) 
dated March 18, 2025, by FedEx mail, as evidenced by the FedEx tracking information available 
online. The Arbitrator also determined that Respondent was served with the Notification of 
Arbitrator dated January 7, 2026, by regular and FedEx mail, as evidenced by the FedEx 
tracking information available online.
On January 8, 2026, Respondent registered for the DR Portal, providing Respondent with 
access to all documents filed in the case, including the Statement of Claim, Overdue Notice, and 
Notification of Arbitrator. Therefore, Respondent is bound by the Arbitrator's ruling and 
determination.","Pursuant to the Code, Claimant has paid to FINRA Dispute Resolution Services the $2,210.00 
Member Surcharge and $4,225.00 Member Process Fee previously invoiced.
Claimant has also paid to FINRA Dispute Resolution Services the $1,250.00 non-refundable 
portion of the filing fee and the $300.00 Paper Decision Fee.
ARBITRATOR
Sandra J. Mullings - Sole Public Arbitrator
I, the undersigned Arbitrator, do hereby affirm, pursuant to Article 7507 of the Civil Practice Law 
and Rules, that I am the individual described herein and who executed this instrument, which is 
my award.
Arbitrator's Signature
Sandra J. Mullings
Sandra J. Mullings
Sole Public Arbitrator
01/22/2026
Signature Date
Awards are rendered by independent arbitrators who are chosen by the parties to issue final, 
binding decisions. FINRA makes available an arbitration forum—pursuant to rules approved by 
January 23, 2026
Date of Service (For FINRA Dispute Resolution Services use only)",
24-01769,24-01769,post_cutoff_control,2026-01-26,24-01769.pdf,4,6384,9,"For Claimant Kevin Delroy Block (“Claimant”): Wilmer D. Masterson, Esq., Kilgore & Kilgore, 
PLLC, Dallas, Texas.
For Respondent National Financial Services LLC (“Respondent”): Jeffrey S. Dunlap, Esq., UB 
Greensfelder LLP, Cleveland, Ohio.","After considering the pleadings, the testimony and evidence presented at the hearing, and any 
post-hearing submissions, the Panel has decided in full and final resolution of the issues 
submitted for determination as follows: 
1. Claimant’s claims are denied in their entirety. 
2. Any and all claims for relief not specifically addressed herein, including any punitive 
damages, and attorneys’ fees, are denied.","In the Statement of Claim, Claimant requested judgment for actual, special and consequential 
damages resulting from the tortious acts of Respondent, past and future; loss of income, profits, 
bonuses, awards and other compensation, and benefits, both past and future; judgment for 
other past and future pecuniary losses; actual damages for past and future damage to 
reputation and for the past and future mental anguish and emotional distress suffered by 
Claimant; pre-judgment and post-judgment interest at the maximum legal rate; costs; punitive 
damages; injunctive relief, temporary and permanent, ordering the expungement of all 
defamatory information contained in the original and/or amended U5’s filed by Respondent with 
respect to Claimant; and such other and further relief to which Claimant may be justly entitled.
In the Statement of Answer, Respondent requested an award: dismissing Claimant’s claims and 
denying his request for expungement of the language in his Form U5; assessing all forum fees 
and costs against Claimant; and granting Respondent such other, further and different relief as 
this Panel may deem appropriate.","Award
In the Matter of the Arbitration Between: 
Claimant
Kevin Delroy Block
Case Number: 24-01769
 vs.
Respondent
National Financial Services LLC
Hearing Site: Dallas, Texas
Awards are rendered by independent arbitrators who are chosen by the parties to issue final, 
binding decisions. FINRA makes available an arbitration forum—pursuant to rules approved by 
Nature of the Dispute: Associated Person vs. Member
This case was decided by a majority-public panel.","Statement of Claim filed on or about: August 16, 2024.
Kevin Delroy Block signed the Submission Agreement: July 1, 2024.
Statement of Answer filed by Respondent on or about: October 11, 2024.
National Financial Services LLC signed the Submission Agreement: January 14, 2025.","In the Statement of Claim, Claimant asserted the cause of action of defamation on Claimant’s 
Form U5.
Unless specifically admitted in the Statement of Answer, Respondent denied the allegations made 
in the Statement of Claim and asserted various affirmative defenses.","The Arbitrators acknowledge that they have each read the pleadings and other materials filed by 
the parties. 
After the conclusion of Claimants’ case-in-chief, Respondent made a Motion to Dismiss 
Claimant’s claim for defamation because Claimant failed to establish the first element of the 
claim, i.e., that the statement on his U5 is a false statement of fact. Respondent argues that 
truth is a defense to a defamation claim. Claimant argued in opposition that the statement on his 
U5 is incorrect and defamatory because the stop payment and Q1s (closures) that Claimant 
placed on the account were not restrictions and the account was his sole property account and 
not a joint account. After oral arguments and due deliberation, the Panel denied the Motions to 
Dismiss.","Pursuant to the Code, the following fees are assessed:
Filing Fees
FINRA Dispute Resolution Services assessed a filing fee* for each claim:
Initial Claim Filing Fee =$ 1,600.00
*The filing fee is made up of a non-refundable and a refundable portion. 
Member Fees
Member fees are assessed to each member firm that is a party in these proceedings or to the 
member firm that employed the associated person at the time of the event giving rise to the 
dispute. Accordingly, as a party Respondent, is assessed the following:
Member Surcharge =$ 2,000.00
Member Process Fee =$ 3,850.00
Late Pre-Hearing Cancellation Fees
Fees apply when a pre-hearing conference is cancelled within three business days of the 
scheduled conference: 
December 4, 2024, cancellation requested by Claimant. =$ 300.00
Total Late Pre-Hearing Cancellation Fees =$ 300.00
The Panel has assessed the total late pre-hearing cancellation fees to Claimant.
Hearing Session Fees and Assessments
The Panel has assessed hearing session fees for each session conducted. A session is any 
meeting between the parties and the Arbitrators, including a pre-hearing conference with the 
Arbitrators, which lasts four (4) hours or less. Fees associated with these proceedings are:
One (1) pre-hearing session with the Panel @ $1,150.00/session
Pre-Hearing Conference: January 2, 2025 1 session
=$ 1,150.00
Three (3) hearing sessions @ $1,150.00/session
Hearings: January 13, 2026 2 sessions
January 14, 2026 1 session
=$ 3,450.00
Total Hearing Session Fees =$ 4,600.00
The Panel has assessed $4,025.00 of the hearing session fees to Claimant.
The Panel has assessed 575.00 of the hearing session fees to Respondent. 
All balances are payable to FINRA Dispute Resolution Services and are due upon receipt.","Mary Elizabeth Skelnik - Public Arbitrator, Presiding Chairperson
Ye Whei Peter Chen - Public Arbitrator
Elizabeth Aten Lamberson - Non-Public Arbitrator
I, the undersigned Arbitrator, do hereby affirm that I am the individual described herein and who 
executed this instrument, which is my award.
Concurring Arbitrators' Signatures
Mary Elizabeth Skelnik
Mary Elizabeth Skelnik
Public Arbitrator, Presiding Chairperson
01/23/2026
Signature Date
Ye Whei Peter Chen
Ye Whei Peter Chen
Public Arbitrator
01/23/2026
Signature Date
Elizabeth Aten Lamberson
Elizabeth Aten Lamberson
Non-Public Arbitrator
01/23/2026
Signature Date
Awards are rendered by independent arbitrators who are chosen by the parties to issue final, 
binding decisions. FINRA makes available an arbitration forum—pursuant to rules approved by 
January 26, 2026
Date of Service (For FINRA Dispute Resolution Services use only)"
25-00737,25-00737,post_cutoff_control,2026-01-29,25-00737.pdf,6,10009,9,"For Claimant William Cole Smith: John Cataldo, Esq., D'Ambrosio LLP, Boston, Massachusetts.
For Respondent OSAIC Wealth, Inc.: Justin Sacca, Esq., Osaic Wealth, Inc., Scottsdale, 
Arizona.","After considering the pleadings, the testimony and evidence presented at the expungement 
hearing, and any post-hearing submissions, the Panel has decided in full and final resolution of 
the issues submitted for determination as follows: 
1. Claimant William Cole Smith’s (CRD Number 5327357) request for expungement of 
Occurrence Number 2253367 from registration records maintained by the CRD is denied 
with prejudice. The Panel’s decision was unanimous. 
The Panel has made the above finding based on the following reasons: 
Key Facts
Claimant is a registered representative and investment advisor. Between August 2010 and 
October 2016, Claimant was registered with Lincoln Financial Advisors Corporation 
(“Lincoln”) now known as Respondent OSAIC Wealth, Inc. as an independent contractor.
In 2015, Claimant recommended that the Customer, a government contractor, purchase a
$100,000.00 investment in Atlas Growth Partners, L.P. (“Atlas”), an oil and gas investment 
private fund.
Claimant testified that Respondent had approved Atlas for investment by customers. 
Claimant believed Atlas was a suitable investment for the Customer because the company’s 
tax advisor had recommended tax-advantaged investments to offset the Customer’s growing 
income.
Atlas did not perform as expected and declared bankruptcy in 2021. On December 28,
2022, the Customer, along with other Atlas investors, filed an arbitration claim against 
Respondent seeking compensatory damages. The claim does not name Claimant as a party 
but alleges that he “failed in his due diligence by not giving them [the Customer] the proper 
information about their investment.”
This allegation was reported on Claimant’s BrokerCheck® report as Occurrence Number
2253367. The report says that Claimant “recommended an unsuitable Oil & Gas
investment.” The alleged damages are $100,000.00 (the amount invested). The outcome is a
settlement for $79,721.09 to which Claimant contributed nothing.
Claimant vehemently denies any responsibility for the loss in his BrokerCheck® report and
filed this claim to have this occurrence expunged. According to Claimant, the Customer did 
not blame him for recommending Atlas and remains a client to this day.
The Initial Prehearing Conference Order in this matter states in paragraph 38: “Claimant
does not have settlement documents in hand and will provide whatever is furnished in 
discovery. Lincoln is hereby ordered to produce the settlement agreements.”
Governing Law
FINRA Rule 13805 governs expungement requests that are separate from customer 
litigation. Subsection (b)(8) tasks the Panel with reviewing settlement documents to 
determine whether the broker seeking expungement paid to settle the claim, and whether the 
customer agreed not to oppose expungement in exchange for this payment. 
Subsection (b)(9) allows a panel to expunge a customer dispute only if it unanimously finds 
that:
a. the claim, allegation or information is factually impossible or clearly erroneous;
b. the registered person was not involved in the alleged investment-related sales practice 
violation, forgery, theft, misappropriation or conversion of funds; or
c. the claim, allegation or information is false.
Analysis and Conclusion
Settlement Agreement
Respondent did not comply with the Panel’s order to produce the settlement agreement. This 
is not Claimant’s fault. Claimant testified that he had no role in negotiating the settlement and 
contributed nothing to the payout. Claimant’s testimony is credible because he was not a 
party to the claim, and his BrokerCheck® report shows no contribution from personal funds.
Grounds for Expungement
Claimant seeks expungement under all three permitted grounds. While the record contains
no proof of wrongdoing by Claimant, his uncorroborated testimony is not sufficient to meet 
the high bar for expungement. Respondent paid just under 80% of the amount sought to 
settle an arbitration claim which casts blame on Claimant. If, as Claimant asserts, the 
Customer’s principals were not aware of and did not support the assertion in their arbitration 
claim that Claimant was at fault, he should have had at least one of the principals testify on 
his behalf or sign a letter supporting his request for expungement. The record is insufficient 
to show that the challenged customer complaint is clearly erroneous or false, or that Claimant 
had nothing to do with the transaction.","In the Statement of Claim, Claimant (CRD Number 5327357) requested expungement of all 
references to Occurrence Number 2253367 from the CRD registration records.
In the Statement of Answer, Respondents requested a statement from the Panel on the issue of 
whether to order recommending that the occurrence be expunged from Claimant’s CRD record 
in the form required by FINRA Rule 2080, and an order that all processing and forum costs of 
this proceeding, including the FINRA Member Surcharge Fee, be assessed against Claimant.","Expungement Award
In the Matter of the Arbitration Between: 
Claimant
William Cole Smith
Case Number: 25-00737
 vs.
Respondent
OSAIC Wealth, Inc.
Hearing Site: Washington, D.C.
Awards are rendered by independent arbitrators who are appointed pursuant to Rule 13806 of 
the Code of Arbitration Procedure (“Code”) to issue final, binding decisions. FINRA makes 
available an arbitration forum—pursuant to rules approved by the SEC—but has no part in 
deciding the award.
Nature of the Dispute: Associated Person vs. Members
The expungement hearing was conducted by videoconference.","Statement of Claim filed on or about: April 9, 2025.
William Cole Smith signed the Submission Agreement: May 12, 2025.
Statement of Answer filed by Respondent on or about: July 3, 2025.
OSAIC Wealth, Inc. signed the Submission Agreement: July 7, 2025.","In the Statement of Claim, Claimant asserted a claim seeking expungement of customer dispute 
information from registration records maintained by the Central Registration Depository (“CRD”). 
In the Statement of Answer, Respondent took no position on Claimant’s expungement request 
and asserted various affirmative defenses.","The Arbitrators acknowledge that they have each read the pleadings and other materials filed by 
the parties. 
On May 23, 2025, the authorized representative of the state securities regulator for Alabama 
requested, and was provided, access to the documents in this proceeding.
On September 7, 2025, Claimant advised that the customer in Occurrence Number 2253367 
(“Customer”) was served with a copy of the Statement of Claim and the Statement of Answer, 
although not within 10 days of filing the Statement of Claim and provided proof of service. 
The Panel conducted a recorded hearing by videoconference on January 22, 2026, so the parties 
could present oral argument and evidence on Claimant’s request for expungement. Claimant 
appeared by videoconference at the expungement hearing. Respondent appeared by 
videoconference at the expungement hearing.
The Customer did not appear at the expungement hearing.
The authorized representative of the state securities regulator for Alabama did not appear at the 
expungement hearing.","Pursuant to the Code, the following fees are assessed:
Filing Fees
FINRA Dispute Resolution Services assessed a filing fee* for each claim:
Initial Claim Filing Fee =$ 2,000.00
*The filing fee is made up of a non-refundable and a refundable portion. 
Member Fees
Member fees are assessed to each member firm that is a party in these proceedings or to the 
member firm(s) that employed the associated person(s) at the time of the event(s) giving rise to 
the dispute. Accordingly, as a party, Respondent Osaic Wealth, Inc. is assessed the following:
Member Surcharge =$ 2,600.00
Member Process Fee =$ 5,005.00
Late Pre-Hearing Cancellation Fees
Fees apply when a pre-hearing conference is cancelled within three business days of the 
scheduled conference: 
December 17, 2025, Joint cancellation requested = WAIVED
Total Late Pre-Hearing Cancellation Fees = WAIVED
The Panel has waived the total late pre-hearing cancellation fees.
Hearing Session Fees and Assessments
The Panel has assessed hearing session fees for each session conducted. A session is any 
meeting between the parties and the Arbitrator(s), including a pre-hearing conference with the 
Arbitrator(s), which lasts four (4) hours or less. Fees associated with these proceedings are:
One (1) pre-hearing session with the Panel @ $1,725.00/session
Pre-Hearing Conference: August 25, 2025 1 session
=$ 1,725.00
One (1) hearing session on expungement request @ $1,725.00/session
Hearing: January 22, 2026 1 session
=$ 1,725.00
Total Hearing Session Fees =$ 3,450.00
The Panel has assessed the total hearing session fees to Claimant.
All balances are payable to FINRA Dispute Resolution Services and are due upon receipt.","Geoffrey A. Drucker - Public Arbitrator, Presiding Chairperson
Leon Fox - Public Arbitrator
Thomas R. Dreiling - Public Arbitrator
I, the undersigned Arbitrator, do hereby affirm that I am the individual described herein and who 
executed this instrument, which is my award.
Concurring Arbitrators' Signatures
Geoffrey A. Drucker
Geoffrey A. Drucker
Public Arbitrator, Presiding Chairperson
01/28/2026
Signature Date
Leon Fox
Leon Fox
Public Arbitrator
01/28/2026
Signature Date
Thomas R. Dreiling
Thomas R. Dreiling
Public Arbitrator
01/28/2026
Signature Date
Awards are rendered by independent arbitrators who issue final, binding decisions. FINRA 
makes available an arbitration forum—pursuant to rules approved by the SEC—but has no part 
in deciding the award.
January 29, 2026
Date of Service (For FINRA Dispute Resolution Services use only)"
25-01615,25-01615,post_cutoff_control,2026-02-03,25-01615.pdf,3,4529,8,"For Claimant Central National Bank (“Claimant”): Bruce W. Barnes, Esq., Bruce W. Barnes, 
P.A., Safety Harbor, Florida.
Respondent Stuart Ethan Wells (“Respondent”) was represented by counsel until January 30, 
2026. Thereafter, Respondent appeared pro se.","After considering the pleadings, the Arbitrator has decided and determined in full and final 
resolution of the issues submitted for determination as follows: 
1. Respondent is liable for and shall pay to Claimant the sum of $88,058.57.
2. Respondent is liable for and shall pay to Claimant interest on the above-stated sum at the 
rate of 8% per annum from April 22, 2025, through and including the date the Award is paid 
in full.
3. Respondent is liable for and shall pay to Claimant the sum of $17,795.00 in attorneys' fees 
pursuant to the Promissory Note originally executed by Respondent and LPL (Issuance date 
June 5, 2023), later assigned by LPL to Claimant.
4. Respondent is liable for and shall pay to Claimant $1,000.00 to reimburse Claimant for the 
non-refundable portion of the filing fee previously paid to FINRA Dispute Resolution Services.
5. Respondent is liable for and shall pay to Claimant $300.00 to reimburse Claimant for the 
Paper Decision Fee previously paid to FINRA Dispute Resolution Services.
6. Any and all claims for relief not specifically addressed herein are denied.","In the Statement of Claim, Claimant requested damages in the amount of $88,058.57; accrued 
interest beginning on April 22, 2025, at the rate of 8.0% per annum; reasonable attorneys’ fees; 
costs of this proceeding; and such further relief as the Arbitrator deems appropriate.","Award
In the Matter of the Arbitration Between: 
Claimant
Central National Bank
Case Number: 25-01615
 vs.
Respondent
Stuart Ethan Wells
Hearing Site: Wichita, Kansas
Awards are rendered by independent arbitrators who are chosen by the parties to issue final, 
binding decisions. FINRA makes available an arbitration forum—pursuant to rules approved by 
Nature of the Dispute: Non-Member vs. Associated Person","Statement of Claim filed on or about: August 6, 2025.
Claimant signed the Submission Agreement: August 6, 2025.
Respondent did not file a Statement of Answer or sign the Submission Agreement.","In the Statement of Claim, Claimant asserted a cause of action for breach of contract. The 
cause of action related to Claimant’s allegation that, in connection with his affiliation with LPL 
Financial LLC (“LPL”), Respondent executed a Term Loan Promissory Note (“Promissory Note”) 
in favor of LPL. Claimant alleged that when Respondent’s employment with LPL was terminated 
on April 21, 2025, the balance under the Promissory Note immediately became due and owing. 
Claimant alleged that an Assignment and Assumption Agreement (“Assignment”) was entered 
into between LPL and Claimant, and effective July 30, 2025, LPL assigned all of its rights in the 
Promissory Note to Claimant. Pursuant to the Assignment, Claimant elected to pursue 
collection.","The Arbitrator acknowledges having read the pleadings and other materials filed by the parties. 
Respondent did not file a Statement of Answer. Accordingly, this matter proceeded pursuant to 
Rule 13807(e)(1) of the Code of Arbitration Procedure (“Code”).
On August 22, 2025, Respondent registered for the DR Portal, providing Respondent with 
access to all documents filed in the case, including the Statement of Claim and Notification of 
Arbitrator. Therefore, Respondent is bound by the Arbitrator's ruling and determination.","Pursuant to the Code, Claimant has paid to FINRA Dispute Resolution Services the $1,430.00 
Member Surcharge and $2,925.00 Member Process Fee previously invoiced.
Claimant has also paid to FINRA Dispute Resolution Services the $1,000.00 non-refundable 
portion of the filing fee and the $300.00 Paper Decision Fee.
ARBITRATOR
Ilene T. Gormly - Sole Public Arbitrator
I, the undersigned Arbitrator, do hereby affirm that I am the individual described herein and who 
executed this instrument, which is my award.
Arbitrator's Signature
Ilene T. Gormly
Ilene T. Gormly
Sole Public Arbitrator
02/03/2026
Signature Date
Awards are rendered by independent arbitrators who are chosen by the parties to issue final, 
binding decisions. FINRA makes available an arbitration forum—pursuant to rules approved by 
February 03, 2026
Date of Service (For FINRA Dispute Resolution Services use only)",
25-01881,25-01881,post_cutoff_control,2026-02-10,25-01881.pdf,4,5844,8,"For Claimant Wells Fargo Clearing Services, LLC (“Claimant”): Frank Cuccio, Esq. and Audrey 
Rizk, Esq., Bressler, Amery & Ross, P.C., Florham Park, New Jersey.
Respondent Brendan Kammerer (“Respondent”) did not enter an appearance.","After considering the pleadings, the Arbitrator has decided and determined in full and final 
resolution of the issues submitted for determination as follows: 
1. Respondent is liable for and shall pay to Claimant the sum of $280,355.46.
2. Respondent is liable for and shall pay to Claimant interest on the above-stated sum at the 
rate of 5.54% per annum from December 16, 2024 through and including the date of 
3. Respondent is liable for and shall pay to Claimant the sum of $34,614.85.
4. Respondent is liable for and shall pay to Claimant interest on the above-stated sum at the 
rate of 6% per annum from December 16, 2024 through and including the date of payment of 
the award.
5. Respondent is liable for and shall pay to Claimant the sum of $66,308.00.
6. Respondent is liable for and shall pay to Claimant interest on the above-stated sum at the 
rate of 5.85% per annum from December 16, 2024 through and including the date of 
7. Respondent is liable for and shall pay to Claimant the sum of $1,110.00 in costs.
8. Respondent is liable for and shall pay to Claimant the sum of $10,479.65 in attorneys' fees 
pursuant to the terms of the Promissory Notes.
9. Respondent is liable for and shall pay to Claimant $1,250.00 to reimburse Claimant for the 
non-refundable portion of the filing fee previously paid to FINRA Dispute Resolution Services.
10.Respondent is liable for and shall pay to Claimant $300.00 to reimburse Claimant for the 
Paper Decision Fee previously paid to FINRA Dispute Resolution Services.
11.Any and all claims for relief not specifically addressed herein are denied.","In the Statement of Claim, Claimant requested: 
1) The principal balance due and owing under Note 1 in the amount of $280,355.46; interest 
accrued during the term of Note 1 at the rate of 2.54% per annum; and interest at the rate 
of 5.54% per annum on the balance due and owing under Note 1 from the date of default 
2) The principal balance due and owing under Note 2 in the amount of $34,614.85; interest 
accrued during the term of Note 2 at the rate of 3.00% per annum; and interest at the rate 
of 6.00% per annum on the balance due and owing under Note 2 from the date of default 
3) The principal balance due and owing under Note 3 in the amount of $66,308.00; interest 
accrued during the term of Note 3 at the rate of 2.85% per annum; and interest at the rate 
of 5.85% per annum on the balance due and owing under Note 3 from the date of default 
4) Costs of collection and of this proceeding including attorneys’ fees as agreed to under the 
terms of the Promissory Notes. 
5) Any and all further relief deemed just and proper.","Award
In the Matter of the Arbitration Between: 
Claimant
Wells Fargo Clearing Services, LLC
Case Number: 25-01881
 vs.
Respondent
Brendan Kammerer
Hearing Site: Boston, Massachusetts
Awards are rendered by independent arbitrators who are chosen by the parties to issue final, 
binding decisions. FINRA makes available an arbitration forum—pursuant to rules approved by 
Nature of the Dispute: Member vs. Associated Person","Statement of Claim filed on or about: September 5, 2025.
Claimant signed the Submission Agreement: September 5, 2025.","In the Statement of Claim, Claimant asserted a cause of action for breach of three promissory 
notes: promissory note dated January 15, 2016 (“Promissory Note 1”); promissory note dated 
April 1, 2018 (“Promissory Note 2”); and promissory note dated April 1, 2019 (“Promissory Note 
3”).","The Arbitrator acknowledges having read the pleadings and other materials filed by the parties. 
Respondent did not file a Statement of Answer. Accordingly, this matter proceeded pursuant to 
Rule 13807(e)(1) of the Code of Arbitration Procedure (“Code”).
The Arbitrator determined that Respondent was served with the Claim Notification letter dated 
September 8, 2025 by regular mail, and the Overdue Notice (including the Statement of Claim) 
dated October 29, 2025 by regular mail. The Arbitrator also determined that Respondent was 
served with the Notification of Arbitrator dated November 26, 2025 by regular mail.
The Claim Notification letter notified Respondent that FINRA rules require parties to use the 
online DR Portal on a mandatory basis (except pro se investors) and that failure to register for 
the DR Portal will prevent the submission of pleadings, selection of arbitrators, and receipt of 
notification relating to case information and deadlines. Respondent failed to register for the DR 
Portal. 
The Arbitrator determined that Respondent is, therefore, bound by the Arbitrator’s ruling and 
determination.","Pursuant to the Code, Claimant has paid to FINRA Dispute Resolution Services the $2,640.00 
Member Surcharge and $5,040.00 Member Process Fee previously invoiced.
Claimant has also paid to FINRA Dispute Resolution Services the $1,250.00 non-refundable 
portion of the filing fee and the $300.00 Paper Decision Fee.
ARBITRATOR
David S. Godkin - Sole Public Arbitrator
I, the undersigned Arbitrator, do hereby affirm that I am the individual described herein and who 
executed this instrument, which is my award.
Arbitrator's Signature
David S. Godkin
David S. Godkin
Sole Public Arbitrator
02/06/2026
Signature Date
Awards are rendered by independent arbitrators who are chosen by the parties to issue final, 
binding decisions. FINRA makes available an arbitration forum—pursuant to rules approved by 
February 10, 2026
Date of Service (For FINRA Dispute Resolution Services use only)",
25-01815,25-01815,post_cutoff_control,2026-02-13,25-01815.pdf,4,5200,8,"Claimant Fayez El Giheny (“Claimant”) appeared pro se.
For Respondents LPL Financial LLC (“LPL”), Oscar Martinez (“Martinez”), Daniel Raymond 
(“Raymond”), and George Allen Tarwater (“Tarwater”): Kathleen Adams, LPL Financial LLC, 
San Diego, California.
For Respondent Invesco Capital Markets, Inc. (“Invesco”): Adam M. Harris, Esq., Israel David 
LLC, New York, New York and Mario A. Moya, Esq., Moya Law Firm, Oakland, California.
Respondent Orion Portfolio Solutions, LLC (“Orion”) did not enter an appearance in this matter.","After considering the pleadings, the Arbitrator has decided and determined in full and final 
resolution of the issues submitted for determination as follows: 
1. Claimant’s claims are denied in their entirety.
2. FINRA Dispute Resolution Services shall retain the $600.00 filing fee that Claimant deposited 
previously.
3. Any and all claims for relief not specifically addressed herein are denied.","In the Statement of Claim, Claimant requested compensatory damages in the amount of 
$49,999.00. 
In the Statement of Answer, LPL, Martinez, Raymond and Tarwater requested: 
1. An award finding that Claimant is not entitled to recover damages from LPL and 
dismissing Claimant’s claims in their entirety, with prejudice; 
2. LPL be awarded its costs and the arbitrators’ fees and expenses be assessed against 
Claimant; and 
3. Such other and further relief as the Arbitrator deems just and equitable. 
In the Statement of Answer, Invesco requested an award be entered in its favor.","Award
In the Matter of the Arbitration Between: 
Claimant
Fayez El Giheny
Case Number: 25-01815
 vs.
Respondents
LPL Financial LLC
Invesco Capital Markets, Inc.
Oscar Martinez
Daniel Raymond
George Allen Tarwater
Orion Portfolio Solutions, LLC
Hearing Site: San Francisco, California
Awards are rendered by independent arbitrators who are chosen by the parties to issue final, 
binding decisions. FINRA makes available an arbitration forum—pursuant to rules approved by 
Nature of the Dispute: Customer vs. Members, Associated Persons, and Non-Member
This matter proceeded pursuant to Rule 12800 of the Code of Arbitration Procedure (“Code”). 
Claimant did not request a hearing.","Statement of Claim filed on or about: August 27, 2025.
Final Submissions filed on or about: February 1, 2026.
Claimant signed the Submission Agreement: October 2, 2025.
Statement of Answer filed by LPL, Martinez, Raymond, and Tarwater on or about: November 
24, 2025.
Final Submissions filed by LPL, Martinez, Raymond, and Tarwater on or about: February 3, 
2026.
LPL signed the Submission Agreement: December 16, 2025.
Martinez did not sign the Submission Agreement.
Raymond did not sign the Submission Agreement.
Tarwater did not sign the Submission Agreement.
Statement of Answer filed by Invesco on or about: December 15, 2025.
Final Submission filed by Invesco on or about: February 3, 2026.
Invesco signed the Submission Agreement: December 15, 2025.
Orion did not file a Statement of Answer or sign the Submission Agreement.","In the Statement of Claim, Claimant asserted the following causes of action: breach of fiduciary 
duty; manipulation; misrepresentation; omission of facts; errors/charges; failure to supervise; 
and negligence. The causes of action relate to alleged mismanagement of investment accounts. 
Unless specifically admitted in the Statement of Answer, LPL, Martinez, Raymond, and Tarwater 
denied the allegations made in the Statement of Claim and asserted various affirmative defenses.
Unless specifically admitted in the Statement of Answer, Invesco denied the allegations made in 
the Statement of Claim and asserted various affirmative defenses.","The Arbitrator acknowledges having read the pleadings and other materials filed by the parties. 
Martinez, Raymond and Tarwater did not file a properly executed Submission Agreement but is 
required to submit to arbitration pursuant to the Code and, having answered the claim, is bound 
by the determination of the Arbitrator on all issues submitted.
Orion is not a member or associated person of FINRA and did not voluntarily submit to 
arbitration. Therefore, the Arbitrator made no determination with respect to the claims against 
Orion.","Pursuant to the Code:
1. LPL has paid to FINRA Dispute Resolution Services the $975.00 Member Surcharge and 
$2,275.00 Member Process Fee previously invoiced.
2. Invesco has paid to FINRA Dispute Resolution Services the $975.00 Member Surcharge and 
$2,275.00 Member Process Fee previously invoiced
ARBITRATOR
David I. Levine - Sole Public Arbitrator
I, the undersigned Arbitrator, do hereby affirm that I am the individual described herein and who 
executed this instrument, which is my award.
Arbitrator's Signature
David I. Levine
David I. Levine
Sole Public Arbitrator
02/13/2026
Signature Date
Awards are rendered by independent arbitrators who are chosen by the parties to issue final, 
binding decisions. FINRA makes available an arbitration forum—pursuant to rules approved by 
February 13, 2026
Date of Service (For FINRA Dispute Resolution Services use only)",
