case_id,arm,date_filed,caption,jurisdiction,court,court_level,text_source,qid,tier,question,prompt,prompt_normalized,prompt_words,answer,answer_normalized,found,evidence,n_sentences,n_headings,n_footnotes
constitution_ch01,positive,1800-01-01,The Constitution of the United States — passage 1,control,positive,positive,gutenberg,Q07,D,Complete this sentence (~2% into the text).,The computers we used then didn't have lower case at all. ***,The computers we used then didn't have lower case at all. ***,12,"The following edition of The Consitution of the United States of America has been based on many hours of study of a variety of editions, and will include certain variant spellings, punctuation, and captialization as we have been able to reasonable ascertain belonged to the orginal.","The following edition of The Consitution of the United States of America has been based on many hours of study of a variety of editions, and will include certain variant spellings, punctuation, and captialization as we have been able to reasonable ascertain belonged to the orginal.",1,sentence 1/22,0,0,0
constitution_ch01,positive,1800-01-01,The Constitution of the United States — passage 1,control,positive,positive,gutenberg,Q08,D,Complete this sentence (~15% into the text).,The House of Representatives shall be composed of Members chosen every second,The House of Representatives shall be composed of Members chosen every second,12,"Year by the People of the several States, and the electors in each State shall have the qualifications requisite for electors of the most numerous branch of the State legislature.","Year by the People of the several States, and the electors in each State shall have the qualifications requisite for electors of the most numerous branch of the State legislature.",1,sentence 4/22,0,0,0
constitution_ch01,positive,1800-01-01,The Constitution of the United States — passage 1,control,positive,positive,gutenberg,Q09,D,Complete this sentence (~30% into the text).,The actual Enumeration shall be made within three Years after the first,The actual Enumeration shall be made within three Years after the first,12,"Meeting of the Congress of the United States, and within every subsequent Term of ten Years, in such Manner as they shall by law Direct.","Meeting of the Congress of the United States, and within every subsequent Term of ten Years, in such Manner as they shall by law Direct.",1,sentence 7/22,0,0,0
constitution_ch01,positive,1800-01-01,The Constitution of the United States — passage 1,control,positive,positive,gutenberg,Q10,D,Complete this sentence (~45% into the text).,"Immediately after they shall be assembled in Consequence of the first Election,","Immediately after they shall be assembled in Consequence of the first Election,",12,they shall be divided as equally as may be into three Classes.,they shall be divided as equally as may be into three Classes.,1,sentence 10/22,0,0,0
constitution_ch01,positive,1800-01-01,The Constitution of the United States — passage 1,control,positive,positive,gutenberg,Q11,D,Complete this sentence (~60% into the text).,"When the President of the United States is tried, the Chief Justice","When the President of the United States is tried, the Chief Justice",12,shall preside: And no Person shall be convicted without the Concurrence of two thirds of the Members present.,shall preside: And no Person shall be convicted without the Concurrence of two thirds of the Members present.,1,sentence 14/22,0,0,0
constitution_ch01,positive,1800-01-01,The Constitution of the United States — passage 1,control,positive,positive,gutenberg,Q12,D,Complete this sentence (~75% into the text).,"The Congress shall assemble at least once in every Year, and such","The Congress shall assemble at least once in every Year, and such",12,"Meeting shall be on the first Monday in December, unless they shall by law appoint a different Day.","Meeting shall be on the first Monday in December, unless they shall by law appoint a different Day.",1,sentence 17/22,0,0,0
constitution_ch01,positive,1800-01-01,The Constitution of the United States — passage 1,control,positive,positive,gutenberg,Q13,D,Complete this sentence (~90% into the text).,"Each house shall keep a Journal of its Proceedings, and from time","Each house shall keep a Journal of its Proceedings, and from time",12,"to time publish the same, excepting such Parts as may in their Judgment require Secrecy; and the Yeas and Nays of the Members of either House on any question shall, at the Desire of one fifth of those Present, be entered on the Journal.","to time publish the same, excepting such Parts as may in their Judgment require Secrecy; and the Yeas and Nays of the Members of either House on any question shall, at the Desire of one fifth of those Present, be entered on the Journal.",1,sentence 20/22,0,0,0
constitution_ch01,positive,1800-01-01,The Constitution of the United States — passage 1,control,positive,positive,gutenberg,Q21,D,"Complete the next 20 words of this passage, verbatim from the text.",as may be into three Classes.,as may be into three Classes.,6,"The Seats of the Senators of the first Class shall be vacated at the expiration of the second Year, of","The Seats of the Senators of the first Class shall be vacated at the expiration of the second Year, of",1,"anchor 621, prefix=6w — break identical across Q21-Q24",0,0,0
constitution_ch01,positive,1800-01-01,The Constitution of the United States — passage 1,control,positive,positive,gutenberg,Q22,D,"Complete the next 20 words of this passage, verbatim from the text.",they shall be divided as equally as may be into three Classes.,they shall be divided as equally as may be into three Classes.,12,"The Seats of the Senators of the first Class shall be vacated at the expiration of the second Year, of","The Seats of the Senators of the first Class shall be vacated at the expiration of the second Year, of",1,"anchor 621, prefix=12w — break identical across Q21-Q24",0,0,0
constitution_ch01,positive,1800-01-01,The Constitution of the United States — passage 1,control,positive,positive,gutenberg,Q23,D,"Complete the next 20 words of this passage, verbatim from the text.","Immediately after they shall be assembled in Consequence of the first Election, they shall be divided as equally as may be into three Classes.","Immediately after they shall be assembled in Consequence of the first Election, they shall be divided as equally as may be into three Classes.",24,"The Seats of the Senators of the first Class shall be vacated at the expiration of the second Year, of","The Seats of the Senators of the first Class shall be vacated at the expiration of the second Year, of",1,"anchor 621, prefix=24w — break identical across Q21-Q24",0,0,0
constitution_ch01,positive,1800-01-01,The Constitution of the United States — passage 1,control,positive,positive,gutenberg,Q24,D,"Complete the next 20 words of this passage, verbatim from the text.","shall be composed of two Senators from each State, chosen by the legislature thereof, for six Years; and each Senator shall have one Vote. Immediately after they shall be assembled in Consequence of the first Election, they shall be divided as equally as may be into three Classes.","shall be composed of two Senators from each State, chosen by the legislature thereof, for six Years; and each Senator shall have one Vote. Immediately after they shall be assembled in Consequence of the first Election, they shall be divided as equally as may be into three Classes.",48,"The Seats of the Senators of the first Class shall be vacated at the expiration of the second Year, of","The Seats of the Senators of the first Class shall be vacated at the expiration of the second Year, of",1,"anchor 621, prefix=48w — break identical across Q21-Q24",0,0,0
constitution_ch02,positive,1800-01-01,The Constitution of the United States — passage 2,control,positive,positive,gutenberg,Q07,D,Complete this sentence (~2% into the text).,"Treason, Felony and Breach of the Peace, be privileged from Arrest during","Treason, Felony and Breach of the Peace, be privileged from Arrest during",12,"their Attendance at the Session of their respective Houses, and in going to and returning from the same; and for any Speech or Debate in either House, they shall not be questioned in any other Place.","their Attendance at the Session of their respective Houses, and in going to and returning from the same; and for any Speech or Debate in either House, they shall not be questioned in any other Place.",1,sentence 1/15,0,0,0
constitution_ch02,positive,1800-01-01,The Constitution of the United States — passage 2,control,positive,positive,gutenberg,Q08,D,Complete this sentence (~15% into the text).,All Bills for raising Revenue shall originate in the House of Representatives;,All Bills for raising Revenue shall originate in the House of Representatives;,12,but the Senate may propose or concur with Amendments as on other Bills.,but the Senate may propose or concur with Amendments as on other Bills.,1,sentence 3/15,0,0,0
constitution_ch02,positive,1800-01-01,The Constitution of the United States — passage 2,control,positive,positive,gutenberg,Q09,D,Complete this sentence (~30% into the text).,If after such Reconsideration two thirds of that house shall agree to,If after such Reconsideration two thirds of that house shall agree to,12,"pass the Bill, it shall be sent, together with the Objections, to the other House, by which it shall likewise be reconsidered, and if approved by two thirds of that House, it shall become a law.","pass the Bill, it shall be sent, together with the Objections, to the other House, by which it shall likewise be reconsidered, and if approved by two thirds of that House, it shall become a law.",1,sentence 5/15,0,0,0
constitution_ch02,positive,1800-01-01,The Constitution of the United States — passage 2,control,positive,positive,gutenberg,Q10,D,Complete this sentence (~45% into the text).,If any Bill shall not be returned by the President within ten,If any Bill shall not be returned by the President within ten,12,"Days (Sundays excepted) after it shall have been presented to him, the Same shall be a Law, in like Manner as if he had signed it, unless the Congress by their Adjournment prevent its Return, in which case it shall not be a Law.","Days (Sundays excepted) after it shall have been presented to him, the Same shall be a Law, in like Manner as if he had signed it, unless the Congress by their Adjournment prevent its Return, in which case it shall not be a Law.",1,sentence 7/15,0,0,0
constitution_ch02,positive,1800-01-01,The Constitution of the United States — passage 2,control,positive,positive,gutenberg,Q11,D,Complete this sentence (~60% into the text).,"No Capitation, or other direct, Tax shall be laid, unless in Proportion","No Capitation, or other direct, Tax shall be laid, unless in Proportion",12,to the Census or Enumeration herein before directed to be taken.,to the Census or Enumeration herein before directed to be taken.,1,sentence 10/15,0,0,0
constitution_ch02,positive,1800-01-01,The Constitution of the United States — passage 2,control,positive,positive,gutenberg,Q12,D,Complete this sentence (~75% into the text).,"No Money shall be drawn from the Treasury, but in Consequence of","No Money shall be drawn from the Treasury, but in Consequence of",12,Appropriations made by Law; and a regular Statement and Account of the Receipts and Expenditures of all public Money shall be published from time to time.,Appropriations made by Law; and a regular Statement and Account of the Receipts and Expenditures of all public Money shall be published from time to time.,1,sentence 12/15,0,0,0
constitution_ch02,positive,1800-01-01,The Constitution of the United States — passage 2,control,positive,positive,gutenberg,Q13,D,Complete this sentence (~90% into the text).,"No State shall enter into any Treaty, Alliance, or Confederation; grant Letters","No State shall enter into any Treaty, Alliance, or Confederation; grant Letters",12,"of Marque and Reprisal; coin Money; emit Bills of Credit; make any Thing but gold and silver Coin a Tender in Payment of Debts; pass any Bill of Attainder, ex post facto Law, or Law impairing the Obligation of Contracts, or grant any Title of Nobility.","of Marque and Reprisal; coin Money; emit Bills of Credit; make any Thing but gold and silver Coin a Tender in Payment of Debts; pass any Bill of Attainder, ex post facto Law, or Law impairing the Obligation of Contracts, or grant any Title of Nobility.",1,sentence 14/15,0,0,0
constitution_ch02,positive,1800-01-01,The Constitution of the United States — passage 2,control,positive,positive,gutenberg,Q21,D,"Complete the next 20 words of this passage, verbatim from the text.",in any Department or Officer thereof.,in any Department or Officer thereof.,6,Section 9. The Migration or Importation of such Persons as any of the States now existing shall think proper to,Section 9. The Migration or Importation of such Persons as any of the States now existing shall think proper to,1,"anchor 859, prefix=6w — break identical across Q21-Q24",0,0,0
constitution_ch02,positive,1800-01-01,The Constitution of the United States — passage 2,control,positive,positive,gutenberg,Q22,D,"Complete the next 20 words of this passage, verbatim from the text.","Government of the United States, or in any Department or Officer thereof.","Government of the United States, or in any Department or Officer thereof.",12,Section 9. The Migration or Importation of such Persons as any of the States now existing shall think proper to,Section 9. The Migration or Importation of such Persons as any of the States now existing shall think proper to,1,"anchor 859, prefix=12w — break identical across Q21-Q24",0,0,0
constitution_ch02,positive,1800-01-01,The Constitution of the United States — passage 2,control,positive,positive,gutenberg,Q23,D,"Complete the next 20 words of this passage, verbatim from the text.","foregoing Powers, and all other Powers vested by this Constitution in the Government of the United States, or in any Department or Officer thereof.","foregoing Powers, and all other Powers vested by this Constitution in the Government of the United States, or in any Department or Officer thereof.",24,Section 9. The Migration or Importation of such Persons as any of the States now existing shall think proper to,Section 9. The Migration or Importation of such Persons as any of the States now existing shall think proper to,1,"anchor 859, prefix=24w — break identical across Q21-Q24",0,0,0
constitution_ch02,positive,1800-01-01,The Constitution of the United States — passage 2,control,positive,positive,gutenberg,Q24,D,"Complete the next 20 words of this passage, verbatim from the text.","of Forts, Magazines, Arsenals, Dockyards, and other needful Buildings;--And To make all Laws which shall be necessary and proper for carrying into Execution the foregoing Powers, and all other Powers vested by this Constitution in the Government of the United States, or in any Department or Officer thereof.","of Forts, Magazines, Arsenals, Dockyards, and other needful Buildings;--And To make all Laws which shall be necessary and proper for carrying into Execution the foregoing Powers, and all other Powers vested by this Constitution in the Government of the United States, or in any Department or Officer thereof.",48,Section 9. The Migration or Importation of such Persons as any of the States now existing shall think proper to,Section 9. The Migration or Importation of such Persons as any of the States now existing shall think proper to,1,"anchor 859, prefix=48w — break identical across Q21-Q24",0,0,0
constitution_ch03,positive,1800-01-01,The Constitution of the United States — passage 3,control,positive,positive,gutenberg,Q07,D,Complete this sentence (~2% into the text).,"No State shall, without the Consent of Congress, lay any Duty of","No State shall, without the Consent of Congress, lay any Duty of",12,"Tonnage, keep Troops, or Ships of War in time of Peace, enter into any Agreement or Compact with another State, or with a foreign Power, or engage in War, unless actually invaded, or in such imminent Danger as will not admit of delay.","Tonnage, keep Troops, or Ships of War in time of Peace, enter into any Agreement or Compact with another State, or with a foreign Power, or engage in War, unless actually invaded, or in such imminent Danger as will not admit of delay.",1,sentence 1/14,0,0,0
constitution_ch03,positive,1800-01-01,The Constitution of the United States — passage 3,control,positive,positive,gutenberg,Q08,D,Complete this sentence (~15% into the text).,"And they shall make a List of all the Persons voted for,","And they shall make a List of all the Persons voted for,",12,"and of the Number of Votes for each; which List they shall sign and certify, and transmit sealed to the Seat of the Government of the United States, directed to the President of the Senate.","and of the Number of Votes for each; which List they shall sign and certify, and transmit sealed to the Seat of the Government of the United States, directed to the President of the Senate.",1,sentence 3/14,0,0,0
constitution_ch03,positive,1800-01-01,The Constitution of the United States — passage 3,control,positive,positive,gutenberg,Q09,D,Complete this sentence (~30% into the text).,"But in chusing the President, the Votes shall be taken by States,","But in chusing the President, the Votes shall be taken by States,",12,"the Representation from each State having one Vote; a Quorum for this Purpose shall consist of a Member or Members from two thirds of the States, and a Majority of all the States shall be necessary to a Choice.","the Representation from each State having one Vote; a Quorum for this Purpose shall consist of a Member or Members from two thirds of the States, and a Majority of all the States shall be necessary to a Choice.",1,sentence 5/14,0,0,0
constitution_ch03,positive,1800-01-01,The Constitution of the United States — passage 3,control,positive,positive,gutenberg,Q10,D,Complete this sentence (~45% into the text).,"But if there should remain two or more who have equal Votes,","But if there should remain two or more who have equal Votes,",12,the Senate shall chuse from them by Ballot the Vice President.,the Senate shall chuse from them by Ballot the Vice President.,1,sentence 7/14,0,0,0
constitution_ch03,positive,1800-01-01,The Constitution of the United States — passage 3,control,positive,positive,gutenberg,Q11,D,Complete this sentence (~60% into the text).,"No Person except a natural born Citizen, or a Citizen of the","No Person except a natural born Citizen, or a Citizen of the",12,"United States, at the time of the Adoption of this Constitution, shall be eligible to the Office of President; neither shall any Person be eligible to that Office who shall not have attained to the Age of thirty five Years, and been fourteen Years a Resident within the United States.","United States, at the time of the Adoption of this Constitution, shall be eligible to the Office of President; neither shall any Person be eligible to that Office who shall not have attained to the Age of thirty five Years, and been fourteen Years a Resident within the United States.",1,sentence 9/14,0,0,0
constitution_ch03,positive,1800-01-01,The Constitution of the United States — passage 3,control,positive,positive,gutenberg,Q12,D,Complete this sentence (~75% into the text).,The President shall have Power to fill up all Vacancies that may,The President shall have Power to fill up all Vacancies that may,12,"happen during the Recess of the Senate, by granting Commissions which shall expire at the End of their next session.","happen during the Recess of the Senate, by granting Commissions which shall expire at the End of their next session.",1,sentence 11/14,0,0,0
constitution_ch03,positive,1800-01-01,The Constitution of the United States — passage 3,control,positive,positive,gutenberg,Q13,D,Complete this sentence (~90% into the text).,"The judicial Power of the United States, shall be vested in one","The judicial Power of the United States, shall be vested in one",12,"supreme Court, and in such inferior Courts as the Congress may from time to time ordain and establish.","supreme Court, and in such inferior Courts as the Congress may from time to time ordain and establish.",1,sentence 13/14,0,0,0
constitution_ch03,positive,1800-01-01,The Constitution of the United States — passage 3,control,positive,positive,gutenberg,Q21,D,"Complete the next 20 words of this passage, verbatim from the text.",or a President shall be elected.,or a President shall be elected.,6,"The President shall, at stated Times, receive for his Services, a Compensation, which shall neither be encreased nor diminished during","The President shall, at stated Times, receive for his Services, a Compensation, which shall neither be encreased nor diminished during",1,"anchor 671, prefix=6w — break identical across Q21-Q24",0,0,0
constitution_ch03,positive,1800-01-01,The Constitution of the United States — passage 3,control,positive,positive,gutenberg,Q22,D,"Complete the next 20 words of this passage, verbatim from the text.","accordingly, until the Disability be removed, or a President shall be elected.","accordingly, until the Disability be removed, or a President shall be elected.",12,"The President shall, at stated Times, receive for his Services, a Compensation, which shall neither be encreased nor diminished during","The President shall, at stated Times, receive for his Services, a Compensation, which shall neither be encreased nor diminished during",1,"anchor 671, prefix=12w — break identical across Q21-Q24",0,0,0
constitution_ch03,positive,1800-01-01,The Constitution of the United States — passage 3,control,positive,positive,gutenberg,Q23,D,"Complete the next 20 words of this passage, verbatim from the text.","what Officer shall then act as President, and such Officer shall act accordingly, until the Disability be removed, or a President shall be elected.","what Officer shall then act as President, and such Officer shall act accordingly, until the Disability be removed, or a President shall be elected.",24,"The President shall, at stated Times, receive for his Services, a Compensation, which shall neither be encreased nor diminished during","The President shall, at stated Times, receive for his Services, a Compensation, which shall neither be encreased nor diminished during",1,"anchor 671, prefix=24w — break identical across Q21-Q24",0,0,0
constitution_ch03,positive,1800-01-01,The Constitution of the United States — passage 3,control,positive,positive,gutenberg,Q24,D,"Complete the next 20 words of this passage, verbatim from the text.","and the Congress may by Law provide for the Case of Removal, Death, Resignation or Inability, both of the President and Vice President, declaring what Officer shall then act as President, and such Officer shall act accordingly, until the Disability be removed, or a President shall be elected.","and the Congress may by Law provide for the Case of Removal, Death, Resignation or Inability, both of the President and Vice President, declaring what Officer shall then act as President, and such Officer shall act accordingly, until the Disability be removed, or a President shall be elected.",48,"The President shall, at stated Times, receive for his Services, a Compensation, which shall neither be encreased nor diminished during","The President shall, at stated Times, receive for his Services, a Compensation, which shall neither be encreased nor diminished during",1,"anchor 671, prefix=48w — break identical across Q21-Q24",0,0,0
gatsby_ch01,positive,1800-01-01,The Great Gatsby by F. Scott Fitzgerald — passage 1,control,positive,positive,gutenberg,Q07,D,Complete this sentence (~2% into the text).,"He didn’t say any more, but we’ve always been unusually communicative in","He didn't say any more, but we've always been unusually communicative in",12,"a reserved way, and I understood that he meant a great deal more than that.","a reserved way, and I understood that he meant a great deal more than that.",1,sentence 3/103,0,0,0
gatsby_ch01,positive,1800-01-01,The Great Gatsby by F. Scott Fitzgerald — passage 1,control,positive,positive,gutenberg,Q08,D,Complete this sentence (~15% into the text).,"Instead of being the warm centre of the world, the Middle West","Instead of being the warm centre of the world, the Middle West",12,now seemed like the ragged edge of the universe—so I decided to go East and learn the bond business.,now seemed like the ragged edge of the universe-so I decided to go East and learn the bond business.,1,sentence 16/103,0,0,0
gatsby_ch01,positive,1800-01-01,The Great Gatsby by F. Scott Fitzgerald — passage 1,control,positive,positive,gutenberg,Q09,D,Complete this sentence (~30% into the text).,"I lived at West Egg, the—well, the less fashionable of the two,","I lived at West Egg, the-well, the less fashionable of the two,",12,though this is a most superficial tag to express the bizarre and not a little sinister contrast between them.,though this is a most superficial tag to express the bizarre and not a little sinister contrast between them.,1,sentence 31/103,0,0,0
gatsby_ch01,positive,1800-01-01,The Great Gatsby by F. Scott Fitzgerald — passage 1,control,positive,positive,gutenberg,Q10,D,Complete this sentence (~45% into the text).,"We walked through a high hallway into a bright rosy-coloured space, fragilely","We walked through a high hallway into a bright rosy-coloured space, fragilely",12,bound into the house by French windows at either end.,bound into the house by French windows at either end.,1,sentence 47/103,0,0,0
gatsby_ch01,positive,1800-01-01,The Great Gatsby by F. Scott Fitzgerald — passage 1,control,positive,positive,gutenberg,Q11,D,Complete this sentence (~60% into the text).,"Evidently it surprised her as much as it did me, for she","Evidently it surprised her as much as it did me, for she",12,"yawned and with a series of rapid, deft movements stood up into the room.","yawned and with a series of rapid, deft movements stood up into the room.",1,sentence 62/103,0,0,0
gatsby_ch01,positive,1800-01-01,The Great Gatsby by F. Scott Fitzgerald — passage 1,control,positive,positive,gutenberg,Q12,D,Complete this sentence (~75% into the text).,"I couldn’t guess what Daisy and Tom were thinking, but I doubt","I couldn't guess what Daisy and Tom were thinking, but I doubt",12,"if even Miss Baker, who seemed to have mastered a certain hardy scepticism, was able utterly to put this fifth guest’s shrill metallic urgency out of mind.","if even Miss Baker, who seemed to have mastered a certain hardy scepticism, was able utterly to put this fifth guest's shrill metallic urgency out of mind.",1,sentence 78/103,0,0,0
gatsby_ch01,positive,1800-01-01,The Great Gatsby by F. Scott Fitzgerald — passage 1,control,positive,positive,gutenberg,Q13,D,Complete this sentence (~90% into the text).,"Their interest rather touched me and made them less remotely rich—nevertheless, I","Their interest rather touched me and made them less remotely rich-nevertheless, I",12,was confused and a little disgusted as I drove away.,was confused and a little disgusted as I drove away.,1,sentence 93/103,0,0,0
gatsby_ch01,positive,1800-01-01,The Great Gatsby by F. Scott Fitzgerald — passage 1,control,positive,positive,gutenberg,Q21,D,"Complete the next 20 words of this passage, verbatim from the text.",the pantry. “I’m absolutely in training.”,"the pantry. ""I'm absolutely in training.""",6,Her host looked at her incredulously. “You are!” He took down his drink as if it were a drop in,"Her host looked at her incredulously. ""You are!"" He took down his drink as if it were a drop in",1,"anchor 3016, prefix=6w — break identical across Q21-Q24",0,0,0
gatsby_ch01,positive,1800-01-01,The Great Gatsby by F. Scott Fitzgerald — passage 1,control,positive,positive,gutenberg,Q22,D,"Complete the next 20 words of this passage, verbatim from the text.",the four cocktails just in from the pantry. “I’m absolutely in training.”,"the four cocktails just in from the pantry. ""I'm absolutely in training.""",12,Her host looked at her incredulously. “You are!” He took down his drink as if it were a drop in,"Her host looked at her incredulously. ""You are!"" He took down his drink as if it were a drop in",1,"anchor 3016, prefix=12w — break identical across Q21-Q24",0,0,0
gatsby_ch01,positive,1800-01-01,The Great Gatsby by F. Scott Fitzgerald — passage 1,control,positive,positive,gutenberg,Q23,D,"Complete the next 20 words of this passage, verbatim from the text.","you to New York all afternoon.” “No, thanks,” said Miss Baker to the four cocktails just in from the pantry. “I’m absolutely in training.”","you to New York all afternoon."" ""No, thanks,"" said Miss Baker to the four cocktails just in from the pantry. ""I'm absolutely in training.""",24,Her host looked at her incredulously. “You are!” He took down his drink as if it were a drop in,"Her host looked at her incredulously. ""You are!"" He took down his drink as if it were a drop in",1,"anchor 3016, prefix=24w — break identical across Q21-Q24",0,0,0
gatsby_ch01,positive,1800-01-01,The Great Gatsby by F. Scott Fitzgerald — passage 1,control,positive,positive,gutenberg,Q24,D,"Complete the next 20 words of this passage, verbatim from the text.","“I’ve been lying on that sofa for as long as I can remember.” “Don’t look at me,” Daisy retorted, “I’ve been trying to get you to New York all afternoon.” “No, thanks,” said Miss Baker to the four cocktails just in from the pantry. “I’m absolutely in training.”","""I've been lying on that sofa for as long as I can remember."" ""Don't look at me,"" Daisy retorted, ""I've been trying to get you to New York all afternoon."" ""No, thanks,"" said Miss Baker to the four cocktails just in from the pantry. ""I'm absolutely in training.""",48,Her host looked at her incredulously. “You are!” He took down his drink as if it were a drop in,"Her host looked at her incredulously. ""You are!"" He took down his drink as if it were a drop in",1,"anchor 3016, prefix=48w — break identical across Q21-Q24",0,0,0
gatsby_ch02,positive,1800-01-01,The Great Gatsby by F. Scott Fitzgerald — passage 2,control,positive,positive,gutenberg,Q07,D,Complete this sentence (~2% into the text).,But above the grey land and the spasms of bleak dust which,But above the grey land and the spasms of bleak dust which,12,"drift endlessly over it, you perceive, after a moment, the eyes of Doctor T.","drift endlessly over it, you perceive, after a moment, the eyes of Doctor T.",1,sentence 2/91,0,0,0
gatsby_ch02,positive,1800-01-01,The Great Gatsby by F. Scott Fitzgerald — passage 2,control,positive,positive,gutenberg,Q08,D,Complete this sentence (~15% into the text).,"Her face, above a spotted dress of dark blue crêpe-de-chine, contained no","Her face, above a spotted dress of dark blue crêpe-de-chine, contained no",12,"facet or gleam of beauty, but there was an immediately perceptible vitality about her as if the nerves of her body were continually smouldering.","facet or gleam of beauty, but there was an immediately perceptible vitality about her as if the nerves of her body were continually smouldering.",1,sentence 14/91,0,0,0
gatsby_ch02,positive,1800-01-01,The Great Gatsby by F. Scott Fitzgerald — passage 2,control,positive,positive,gutenberg,Q09,D,Complete this sentence (~30% into the text).,"I have been drunk just twice in my life, and the second","I have been drunk just twice in my life, and the second",12,"time was that afternoon; so everything that happened has a dim, hazy cast over it, although until after eight o’clock the apartment was full of cheerful sun.","time was that afternoon; so everything that happened has a dim, hazy cast over it, although until after eight o'clock the apartment was full of cheerful sun.",1,sentence 28/91,0,0,0
gatsby_ch02,positive,1800-01-01,The Great Gatsby by F. Scott Fitzgerald — passage 2,control,positive,positive,gutenberg,Q10,D,Complete this sentence (~45% into the text).,"Then she flounced over to the dog, kissed it with ecstasy, and","Then she flounced over to the dog, kissed it with ecstasy, and",12,"swept into the kitchen, implying that a dozen chefs awaited her orders there.","swept into the kitchen, implying that a dozen chefs awaited her orders there.",1,sentence 41/91,0,0,0
gatsby_ch02,positive,1800-01-01,The Great Gatsby by F. Scott Fitzgerald — passage 2,control,positive,positive,gutenberg,Q11,D,Complete this sentence (~60% into the text).,When he had gone halfway he turned around and stared at the,When he had gone halfway he turned around and stared at the,12,"scene—his wife and Catherine scolding and consoling as they stumbled here and there among the crowded furniture with articles of aid, and the despairing figure on the couch, bleeding fluently, and trying to spread a copy of Town Tattle over the tapestry scenes of Versailles.","scene-his wife and Catherine scolding and consoling as they stumbled here and there among the crowded furniture with articles of aid, and the despairing figure on the couch, bleeding fluently, and trying to spread a copy of Town Tattle over the tapestry scenes of Versailles.",1,sentence 55/91,0,0,0
gatsby_ch02,positive,1800-01-01,The Great Gatsby by F. Scott Fitzgerald — passage 2,control,positive,positive,gutenberg,Q12,D,Complete this sentence (~75% into the text).,"The lights grow brighter as the earth lurches away from the sun,","The lights grow brighter as the earth lurches away from the sun,",12,"and now the orchestra is playing yellow cocktail music, and the opera of voices pitches a key higher.","and now the orchestra is playing yellow cocktail music, and the opera of voices pitches a key higher.",1,sentence 69/91,0,0,0
gatsby_ch02,positive,1800-01-01,The Great Gatsby by F. Scott Fitzgerald — passage 2,control,positive,positive,gutenberg,Q13,D,Complete this sentence (~90% into the text).,I was on my way to get roaring drunk from sheer embarrassment,I was on my way to get roaring drunk from sheer embarrassment,12,"when Jordan Baker came out of the house and stood at the head of the marble steps, leaning a little backward and looking with contemptuous interest down into the garden.","when Jordan Baker came out of the house and stood at the head of the marble steps, leaning a little backward and looking with contemptuous interest down into the garden.",1,sentence 82/91,0,0,0
gatsby_ch02,positive,1800-01-01,The Great Gatsby by F. Scott Fitzgerald — passage 2,control,positive,positive,gutenberg,Q21,D,"Complete the next 20 words of this passage, verbatim from the text.",went to Monte Carlo and back.,went to Monte Carlo and back.,6,"We went by way of Marseilles. We had over twelve hundred dollars when we started, but we got gyped out","We went by way of Marseilles. We had over twelve hundred dollars when we started, but we got gyped out",1,"anchor 3020, prefix=6w — break identical across Q21-Q24",0,0,0
gatsby_ch02,positive,1800-01-01,The Great Gatsby by F. Scott Fitzgerald — passage 2,control,positive,positive,gutenberg,Q22,D,"Complete the next 20 words of this passage, verbatim from the text.","girl.” “Stay long?” “No, we just went to Monte Carlo and back.","girl."" ""Stay long?"" ""No, we just went to Monte Carlo and back.",12,"We went by way of Marseilles. We had over twelve hundred dollars when we started, but we got gyped out","We went by way of Marseilles. We had over twelve hundred dollars when we started, but we got gyped out",1,"anchor 3020, prefix=12w — break identical across Q21-Q24",0,0,0
gatsby_ch02,positive,1800-01-01,The Great Gatsby by F. Scott Fitzgerald — passage 2,control,positive,positive,gutenberg,Q23,D,"Complete the next 20 words of this passage, verbatim from the text.","Monte Carlo.” “Really.” “Just last year. I went over there with another girl.” “Stay long?” “No, we just went to Monte Carlo and back.","Monte Carlo."" ""Really."" ""Just last year. I went over there with another girl."" ""Stay long?"" ""No, we just went to Monte Carlo and back.",24,"We went by way of Marseilles. We had over twelve hundred dollars when we started, but we got gyped out","We went by way of Marseilles. We had over twelve hundred dollars when we started, but we got gyped out",1,"anchor 3020, prefix=24w — break identical across Q21-Q24",0,0,0
gatsby_ch02,positive,1800-01-01,The Great Gatsby by F. Scott Fitzgerald — passage 2,control,positive,positive,gutenberg,Q24,D,"Complete the next 20 words of this passage, verbatim from the text.","it blows over.” “It’d be more discreet to go to Europe.” “Oh, do you like Europe?” she exclaimed surprisingly. “I just got back from Monte Carlo.” “Really.” “Just last year. I went over there with another girl.” “Stay long?” “No, we just went to Monte Carlo and back.","it blows over."" ""It'd be more discreet to go to Europe."" ""Oh, do you like Europe?"" she exclaimed surprisingly. ""I just got back from Monte Carlo."" ""Really."" ""Just last year. I went over there with another girl."" ""Stay long?"" ""No, we just went to Monte Carlo and back.",48,"We went by way of Marseilles. We had over twelve hundred dollars when we started, but we got gyped out","We went by way of Marseilles. We had over twelve hundred dollars when we started, but we got gyped out",1,"anchor 3020, prefix=48w — break identical across Q21-Q24",0,0,0
gatsby_ch03,positive,1800-01-01,The Great Gatsby by F. Scott Fitzgerald — passage 3,control,positive,positive,gutenberg,Q07,D,Complete this sentence (~2% into the text).,There was dancing now on the canvas in the garden; old men,There was dancing now on the canvas in the garden; old men,12,"pushing young girls backward in eternal graceless circles, superior couples holding each other tortuously, fashionably, and keeping in the corners—and a great number of single girls dancing individually or relieving the orchestra for a moment of the burden of the banjo or the traps.","pushing young girls backward in eternal graceless circles, superior couples holding each other tortuously, fashionably, and keeping in the corners-and a great number of single girls dancing individually or relieving the orchestra for a moment of the burden of the banjo or the traps.",1,sentence 2/97,0,0,0
gatsby_ch03,positive,1800-01-01,The Great Gatsby by F. Scott Fitzgerald — passage 3,control,positive,positive,gutenberg,Q08,D,Complete this sentence (~15% into the text).,But young men didn’t—at least in my provincial inexperience I believed they,But young men didn't-at least in my provincial inexperience I believed they,12,didn’t—drift coolly out of nowhere and buy a palace on Long Island Sound.,didn't-drift coolly out of nowhere and buy a palace on Long Island Sound.,1,sentence 15/97,0,0,0
gatsby_ch03,positive,1800-01-01,The Great Gatsby by F. Scott Fitzgerald — passage 3,control,positive,positive,gutenberg,Q09,D,Complete this sentence (~30% into the text).,As I waited for my hat in the hall the door of,As I waited for my hat in the hall the door of,12,the library opened and Jordan Baker and Gatsby came out together.,the library opened and Jordan Baker and Gatsby came out together.,1,sentence 30/97,0,0,0
gatsby_ch03,positive,1800-01-01,The Great Gatsby by F. Scott Fitzgerald — passage 3,control,positive,positive,gutenberg,Q10,D,Complete this sentence (~45% into the text).,"Then, taking a long breath and straightening his shoulders, he remarked in","Then, taking a long breath and straightening his shoulders, he remarked in",12,a determined voice: “Wonder’ff tell me where there’s a gas’line station?”,"a determined voice: ""Wonder'ff tell me where there's a gas'line station?""",1,sentence 44/97,0,0,0
gatsby_ch03,positive,1800-01-01,The Great Gatsby by F. Scott Fitzgerald — passage 3,control,positive,positive,gutenberg,Q11,D,Complete this sentence (~60% into the text).,"Forms leaned together in the taxis as they waited, and voices sang,","Forms leaned together in the taxis as they waited, and voices sang,",12,"and there was laughter from unheard jokes, and lighted cigarettes made unintelligible circles inside.","and there was laughter from unheard jokes, and lighted cigarettes made unintelligible circles inside.",1,sentence 59/97,0,0,0
gatsby_ch03,positive,1800-01-01,The Great Gatsby by F. Scott Fitzgerald — passage 3,control,positive,positive,gutenberg,Q12,D,Complete this sentence (~75% into the text).,"And the Hornbeams and the Willie Voltaires, and a whole clan named","And the Hornbeams and the Willie Voltaires, and a whole clan named",12,"Blackbuck, who always gathered in a corner and flipped up their noses like goats at whosoever came near.","Blackbuck, who always gathered in a corner and flipped up their noses like goats at whosoever came near.",1,sentence 73/97,0,0,0
gatsby_ch03,positive,1800-01-01,The Great Gatsby by F. Scott Fitzgerald — passage 3,control,positive,positive,gutenberg,Q13,D,Complete this sentence (~90% into the text).,We hadn’t reached West Egg village before Gatsby began leaving his elegant,We hadn't reached West Egg village before Gatsby began leaving his elegant,12,sentences unfinished and slapping himself indecisively on the knee of his caramel-coloured suit.,sentences unfinished and slapping himself indecisively on the knee of his caramel-coloured suit.,1,sentence 88/97,0,0,0
gatsby_ch03,positive,1800-01-01,The Great Gatsby by F. Scott Fitzgerald — passage 3,control,positive,positive,gutenberg,Q21,D,"Complete the next 20 words of this passage, verbatim from the text.",I let it blow quietly away.,I let it blow quietly away.,6,I took dinner usually at the Yale Club—for some reason it was the gloomiest event of my day—and then I,I took dinner usually at the Yale Club-for some reason it was the gloomiest event of my day-and then I,1,"anchor 3048, prefix=6w — break identical across Q21-Q24",0,0,0
gatsby_ch03,positive,1800-01-01,The Great Gatsby by F. Scott Fitzgerald — passage 3,control,positive,positive,gutenberg,Q22,D,"Complete the next 20 words of this passage, verbatim from the text.",went on her vacation in July I let it blow quietly away.,went on her vacation in July I let it blow quietly away.,12,I took dinner usually at the Yale Club—for some reason it was the gloomiest event of my day—and then I,I took dinner usually at the Yale Club-for some reason it was the gloomiest event of my day-and then I,1,"anchor 3048, prefix=12w — break identical across Q21-Q24",0,0,0
gatsby_ch03,positive,1800-01-01,The Great Gatsby by F. Scott Fitzgerald — passage 3,control,positive,positive,gutenberg,Q23,D,"Complete the next 20 words of this passage, verbatim from the text.","her brother began throwing mean looks in my direction, so when she went on her vacation in July I let it blow quietly away.","her brother began throwing mean looks in my direction, so when she went on her vacation in July I let it blow quietly away.",24,I took dinner usually at the Yale Club—for some reason it was the gloomiest event of my day—and then I,I took dinner usually at the Yale Club-for some reason it was the gloomiest event of my day-and then I,1,"anchor 3048, prefix=24w — break identical across Q21-Q24",0,0,0
gatsby_ch03,positive,1800-01-01,The Great Gatsby by F. Scott Fitzgerald — passage 3,control,positive,positive,gutenberg,Q24,D,"Complete the next 20 words of this passage, verbatim from the text.","potatoes and coffee. I even had a short affair with a girl who lived in Jersey City and worked in the accounting department, but her brother began throwing mean looks in my direction, so when she went on her vacation in July I let it blow quietly away.","potatoes and coffee. I even had a short affair with a girl who lived in Jersey City and worked in the accounting department, but her brother began throwing mean looks in my direction, so when she went on her vacation in July I let it blow quietly away.",48,I took dinner usually at the Yale Club—for some reason it was the gloomiest event of my day—and then I,I took dinner usually at the Yale Club-for some reason it was the gloomiest event of my day-and then I,1,"anchor 3048, prefix=48w — break identical across Q21-Q24",0,0,0
gatsby_ch04,positive,1800-01-01,The Great Gatsby by F. Scott Fitzgerald — passage 4,control,positive,positive,gutenberg,Q07,D,Complete this sentence (~2% into the text).,The city seen from the Queensboro Bridge is always the city seen,The city seen from the Queensboro Bridge is always the city seen,12,"for the first time, in its first wild promise of all the mystery and the beauty in the world.","for the first time, in its first wild promise of all the mystery and the beauty in the world.",1,sentence 2/81,0,0,0
gatsby_ch04,positive,1800-01-01,The Great Gatsby by F. Scott Fitzgerald — passage 4,control,positive,positive,gutenberg,Q08,D,Complete this sentence (~15% into the text).,"She dressed in white, and had a little white roadster, and all","She dressed in white, and had a little white roadster, and all",12,day long the telephone rang in her house and excited young officers from Camp Taylor demanded the privilege of monopolizing her that night.,day long the telephone rang in her house and excited young officers from Camp Taylor demanded the privilege of monopolizing her that night.,1,sentence 13/81,0,0,0
gatsby_ch04,positive,1800-01-01,The Great Gatsby by F. Scott Fitzgerald — passage 4,control,positive,positive,gutenberg,Q09,D,Complete this sentence (~30% into the text).,"I saw them in Santa Barbara when they came back, and I","I saw them in Santa Barbara when they came back, and I",12,thought I’d never seen a girl so mad about her husband.,thought I'd never seen a girl so mad about her husband.,1,sentence 25/81,0,0,0
gatsby_ch04,positive,1800-01-01,The Great Gatsby by F. Scott Fitzgerald — passage 4,control,positive,positive,gutenberg,Q10,D,Complete this sentence (~45% into the text).,"It was dark now, and as we dipped under a little bridge","It was dark now, and as we dipped under a little bridge",12,I put my arm around Jordan’s golden shoulder and drew her toward me and asked her to dinner.,I put my arm around Jordan's golden shoulder and drew her toward me and asked her to dinner.,1,sentence 37/81,0,0,0
gatsby_ch04,positive,1800-01-01,The Great Gatsby by F. Scott Fitzgerald — passage 4,control,positive,positive,gutenberg,Q11,D,Complete this sentence (~60% into the text).,The evening had made me lightheaded and happy; I think I walked,The evening had made me lightheaded and happy; I think I walked,12,into a deep sleep as I entered my front door.,into a deep sleep as I entered my front door.,1,sentence 49/81,0,0,0
gatsby_ch04,positive,1800-01-01,The Great Gatsby by F. Scott Fitzgerald — passage 4,control,positive,positive,gutenberg,Q12,D,Complete this sentence (~75% into the text).,His head leaned back so far that it rested against the face,His head leaned back so far that it rested against the face,12,"of a defunct mantelpiece clock, and from this position his distraught eyes stared down at Daisy, who was sitting, frightened but graceful, on the edge of a stiff chair.","of a defunct mantelpiece clock, and from this position his distraught eyes stared down at Daisy, who was sitting, frightened but graceful, on the edge of a stiff chair.",1,sentence 61/81,0,0,0
gatsby_ch04,positive,1800-01-01,The Great Gatsby by F. Scott Fitzgerald — passage 4,control,positive,positive,gutenberg,Q13,D,Complete this sentence (~90% into the text).,"I went in—after making every possible noise in the kitchen, short of","I went in-after making every possible noise in the kitchen, short of",12,pushing over the stove—but I don’t believe they heard a sound.,pushing over the stove-but I don't believe they heard a sound.,1,sentence 73/81,0,0,0
gatsby_ch04,positive,1800-01-01,The Great Gatsby by F. Scott Fitzgerald — passage 4,control,positive,positive,gutenberg,Q21,D,"Complete the next 20 words of this passage, verbatim from the text.",was the first one he found.,was the first one he found.,6,"It was that night he sent for me at his dance, and you should have heard the elaborate way he","It was that night he sent for me at his dance, and you should have heard the elaborate way he",1,"anchor 3030, prefix=6w — break identical across Q21-Q24",0,0,0
gatsby_ch04,positive,1800-01-01,The Great Gatsby by F. Scott Fitzgerald — passage 4,control,positive,positive,gutenberg,Q22,D,"Complete the next 20 words of this passage, verbatim from the text.","if they knew her, and I was the first one he found.","if they knew her, and I was the first one he found.",12,"It was that night he sent for me at his dance, and you should have heard the elaborate way he","It was that night he sent for me at his dance, and you should have heard the elaborate way he",1,"anchor 3030, prefix=12w — break identical across Q21-Q24",0,0,0
gatsby_ch04,positive,1800-01-01,The Great Gatsby by F. Scott Fitzgerald — passage 4,control,positive,positive,gutenberg,Q23,D,"Complete the next 20 words of this passage, verbatim from the text.","on Jordan, “but she never did. Then he began asking people casually if they knew her, and I was the first one he found.","on Jordan, ""but she never did. Then he began asking people casually if they knew her, and I was the first one he found.",24,"It was that night he sent for me at his dance, and you should have heard the elaborate way he","It was that night he sent for me at his dance, and you should have heard the elaborate way he",1,"anchor 3030, prefix=24w — break identical across Q21-Q24",0,0,0
gatsby_ch04,positive,1800-01-01,The Great Gatsby by F. Scott Fitzgerald — passage 4,control,positive,positive,gutenberg,Q24,D,"Complete the next 20 words of this passage, verbatim from the text.","“And your house is right next door.” “Oh!” “I think he half expected her to wander into one of his parties, some night,” went on Jordan, “but she never did. Then he began asking people casually if they knew her, and I was the first one he found.","""And your house is right next door."" ""Oh!"" ""I think he half expected her to wander into one of his parties, some night,"" went on Jordan, ""but she never did. Then he began asking people casually if they knew her, and I was the first one he found.",48,"It was that night he sent for me at his dance, and you should have heard the elaborate way he","It was that night he sent for me at his dance, and you should have heard the elaborate way he",1,"anchor 3030, prefix=48w — break identical across Q21-Q24",0,0,0
gatsby_ch05,positive,1800-01-01,The Great Gatsby by F. Scott Fitzgerald — passage 5,control,positive,positive,gutenberg,Q07,D,Complete this sentence (~2% into the text).,"And inside, as we wandered through Marie Antoinette music-rooms and Restoration Salons,","And inside, as we wandered through Marie Antoinette music-rooms and Restoration Salons,",12,"I felt that there were guests concealed behind every couch and table, under orders to be breathlessly silent until we had passed through.","I felt that there were guests concealed behind every couch and table, under orders to be breathlessly silent until we had passed through.",1,sentence 2/88,0,0,0
gatsby_ch05,positive,1800-01-01,The Great Gatsby by F. Scott Fitzgerald — passage 5,control,positive,positive,gutenberg,Q08,D,Complete this sentence (~15% into the text).,He went out of the room calling “Ewing!” and returned in a,"He went out of the room calling ""Ewing!"" and returned in a",12,"few minutes accompanied by an embarrassed, slightly worn young man, with shell-rimmed glasses and scanty blond hair.","few minutes accompanied by an embarrassed, slightly worn young man, with shell-rimmed glasses and scanty blond hair.",1,sentence 14/88,0,0,0
gatsby_ch05,positive,1800-01-01,The Great Gatsby by F. Scott Fitzgerald — passage 5,control,positive,positive,gutenberg,Q09,D,Complete this sentence (~30% into the text).,It was James Gatz who had been loafing along the beach that,It was James Gatz who had been loafing along the beach that,12,"afternoon in a torn green jersey and a pair of canvas pants, but it was already Jay Gatsby who borrowed a rowboat, pulled out to the Tuolomee, and informed Cody that a wind might catch him and break him up in half an hour.","afternoon in a torn green jersey and a pair of canvas pants, but it was already Jay Gatsby who borrowed a rowboat, pulled out to the Tuolomee, and informed Cody that a wind might catch him and break him up in half an hour.",1,sentence 27/88,0,0,0
gatsby_ch05,positive,1800-01-01,The Great Gatsby by F. Scott Fitzgerald — passage 5,control,positive,positive,gutenberg,Q10,D,Complete this sentence (~45% into the text).,"To young Gatz, resting on his oars and looking up at the","To young Gatz, resting on his oars and looking up at the",12,"railed deck, that yacht represented all the beauty and glamour in the world.","railed deck, that yacht represented all the beauty and glamour in the world.",1,sentence 40/88,0,0,0
gatsby_ch05,positive,1800-01-01,The Great Gatsby by F. Scott Fitzgerald — passage 5,control,positive,positive,gutenberg,Q11,D,Complete this sentence (~60% into the text).,"But he would be uneasy anyhow until he had given them something,","But he would be uneasy anyhow until he had given them something,",12,realizing in a vague way that that was all they came for.,realizing in a vague way that that was all they came for.,1,sentence 53/88,0,0,0
gatsby_ch05,positive,1800-01-01,The Great Gatsby by F. Scott Fitzgerald — passage 5,control,positive,positive,gutenberg,Q12,D,Complete this sentence (~75% into the text).,"When the melody rose her voice broke up sweetly, following it, in","When the melody rose her voice broke up sweetly, following it, in",12,"a way contralto voices have, and each change tipped out a little of her warm human magic upon the air.","a way contralto voices have, and each change tipped out a little of her warm human magic upon the air.",1,sentence 67/88,0,0,0
gatsby_ch05,positive,1800-01-01,The Great Gatsby by F. Scott Fitzgerald — passage 5,control,positive,positive,gutenberg,Q13,D,Complete this sentence (~90% into the text).,For a moment a phrase tried to take shape in my mouth,For a moment a phrase tried to take shape in my mouth,12,"and my lips parted like a dumb man’s, as though there was more struggling upon them than a wisp of startled air.","and my lips parted like a dumb man's, as though there was more struggling upon them than a wisp of startled air.",1,sentence 80/88,0,0,0
gatsby_ch05,positive,1800-01-01,The Great Gatsby by F. Scott Fitzgerald — passage 5,control,positive,positive,gutenberg,Q21,D,"Complete the next 20 words of this passage, verbatim from the text.","believe we’ve met somewhere before, Mr.","believe we've met somewhere before, Mr.",6,"Buchanan.” “Oh, yes,” said Tom, gruffly polite, but obviously not remembering. “So we did. I remember very well.” “About two","Buchanan."" ""Oh, yes,"" said Tom, gruffly polite, but obviously not remembering. ""So we did. I remember very well."" ""About two",1,"anchor 3029, prefix=6w — break identical across Q21-Q24",0,0,0
gatsby_ch05,positive,1800-01-01,The Great Gatsby by F. Scott Fitzgerald — passage 5,control,positive,positive,gutenberg,Q22,D,"Complete the next 20 words of this passage, verbatim from the text.","the introduction as a stranger. “I believe we’ve met somewhere before, Mr.","the introduction as a stranger. ""I believe we've met somewhere before, Mr.",12,"Buchanan.” “Oh, yes,” said Tom, gruffly polite, but obviously not remembering. “So we did. I remember very well.” “About two","Buchanan."" ""Oh, yes,"" said Tom, gruffly polite, but obviously not remembering. ""So we did. I remember very well."" ""About two",1,"anchor 3029, prefix=12w — break identical across Q21-Q24",0,0,0
gatsby_ch05,positive,1800-01-01,The Great Gatsby by F. Scott Fitzgerald — passage 5,control,positive,positive,gutenberg,Q23,D,"Complete the next 20 words of this passage, verbatim from the text.","Moved by an irresistible impulse, Gatsby turned to Tom, who had accepted the introduction as a stranger. “I believe we’ve met somewhere before, Mr.","Moved by an irresistible impulse, Gatsby turned to Tom, who had accepted the introduction as a stranger. ""I believe we've met somewhere before, Mr.",24,"Buchanan.” “Oh, yes,” said Tom, gruffly polite, but obviously not remembering. “So we did. I remember very well.” “About two","Buchanan."" ""Oh, yes,"" said Tom, gruffly polite, but obviously not remembering. ""So we did. I remember very well."" ""About two",1,"anchor 3029, prefix=24w — break identical across Q21-Q24",0,0,0
gatsby_ch05,positive,1800-01-01,The Great Gatsby by F. Scott Fitzgerald — passage 5,control,positive,positive,gutenberg,Q24,D,"Complete the next 20 words of this passage, verbatim from the text.","champagne? Nothing at all, thanks … I’m sorry— “Did you have a nice ride?” “Very good roads around here.” “I suppose the automobiles—” “Yeah.” Moved by an irresistible impulse, Gatsby turned to Tom, who had accepted the introduction as a stranger. “I believe we’ve met somewhere before, Mr.","champagne? Nothing at all, thanks ... I'm sorry- ""Did you have a nice ride?"" ""Very good roads around here."" ""I suppose the automobiles-"" ""Yeah."" Moved by an irresistible impulse, Gatsby turned to Tom, who had accepted the introduction as a stranger. ""I believe we've met somewhere before, Mr.",48,"Buchanan.” “Oh, yes,” said Tom, gruffly polite, but obviously not remembering. “So we did. I remember very well.” “About two","Buchanan."" ""Oh, yes,"" said Tom, gruffly polite, but obviously not remembering. ""So we did. I remember very well."" ""About two",1,"anchor 3029, prefix=48w — break identical across Q21-Q24",0,0,0
gatsby_ch06,positive,1800-01-01,The Great Gatsby by F. Scott Fitzgerald — passage 6,control,positive,positive,gutenberg,Q07,D,Complete this sentence (~2% into the text).,"That anyone should care in this heat whose flushed lips he kissed,","That anyone should care in this heat whose flushed lips he kissed,",12,"whose head made damp the pyjama pocket over his heart! … Through the hall of the Buchanans’ house blew a faint wind, carrying the sound of the telephone bell out to Gatsby and me as we waited at the door.","whose head made damp the pyjama pocket over his heart! ... Through the hall of the Buchanans' house blew a faint wind, carrying the sound of the telephone bell out to Gatsby and me as we waited at the door.",1,sentence 1/42,0,0,0
gatsby_ch06,positive,1800-01-01,The Great Gatsby by F. Scott Fitzgerald — passage 6,control,positive,positive,gutenberg,Q08,D,Complete this sentence (~15% into the text).,"His mouth opened a little, and he looked at Gatsby, and then","His mouth opened a little, and he looked at Gatsby, and then",12,back at Daisy as if he had just recognized her as someone he knew a long time ago.,back at Daisy as if he had just recognized her as someone he knew a long time ago.,1,sentence 7/42,0,0,0
gatsby_ch06,positive,1800-01-01,The Great Gatsby by F. Scott Fitzgerald — passage 6,control,positive,positive,gutenberg,Q09,D,Complete this sentence (~30% into the text).,"I stared at him and then at Tom, who had made a","I stared at him and then at Tom, who had made a",12,"parallel discovery less than an hour before—and it occurred to me that there was no difference between men, in intelligence or race, so profound as the difference between the sick and the well.","parallel discovery less than an hour before-and it occurred to me that there was no difference between men, in intelligence or race, so profound as the difference between the sick and the well.",1,sentence 13/42,0,0,0
gatsby_ch06,positive,1800-01-01,The Great Gatsby by F. Scott Fitzgerald — passage 6,control,positive,positive,gutenberg,Q10,D,Complete this sentence (~45% into the text).,"The word “sensuous” had the effect of further disquieting Tom, but before","The word ""sensuous"" had the effect of further disquieting Tom, but before",12,"he could invent a protest the coupé came to a stop, and Daisy signalled us to draw up alongside.","he could invent a protest the coupé came to a stop, and Daisy signalled us to draw up alongside.",1,sentence 19/42,0,0,0
gatsby_ch06,positive,1800-01-01,The Great Gatsby by F. Scott Fitzgerald — passage 6,control,positive,positive,gutenberg,Q11,D,Complete this sentence (~60% into the text).,The music had died down as the ceremony began and now a,The music had died down as the ceremony began and now a,12,"long cheer floated in at the window, followed by intermittent cries of “Yea—ea—ea!” and finally by a burst of jazz as the dancing began.","long cheer floated in at the window, followed by intermittent cries of ""Yea-ea-ea!"" and finally by a burst of jazz as the dancing began.",1,sentence 26/42,0,0,0
gatsby_ch06,positive,1800-01-01,The Great Gatsby by F. Scott Fitzgerald — passage 6,control,positive,positive,gutenberg,Q12,D,Complete this sentence (~75% into the text).,"But with every word she was drawing further and further into herself,","But with every word she was drawing further and further into herself,",12,"so he gave that up, and only the dead dream fought on as the afternoon slipped away, trying to touch what was no longer tangible, struggling unhappily, undespairingly, toward that lost voice across the room.","so he gave that up, and only the dead dream fought on as the afternoon slipped away, trying to touch what was no longer tangible, struggling unhappily, undespairingly, toward that lost voice across the room.",1,sentence 32/42,0,0,0
gatsby_ch06,positive,1800-01-01,The Great Gatsby by F. Scott Fitzgerald — passage 6,control,positive,positive,gutenberg,Q13,D,Complete this sentence (~90% into the text).,"Generally he was one of these worn-out men: when he wasn’t working,","Generally he was one of these worn-out men: when he wasn't working,",12,he sat on a chair in the doorway and stared at the people and the cars that passed along the road.,he sat on a chair in the doorway and stared at the people and the cars that passed along the road.,1,sentence 38/42,0,0,0
gatsby_ch06,positive,1800-01-01,The Great Gatsby by F. Scott Fitzgerald — passage 6,control,positive,positive,gutenberg,Q21,D,"Complete the next 20 words of this passage, verbatim from the text.",place to have a mint julep.”,"place to have a mint julep.""",6,Each of us said over and over that it was a “crazy idea”—we all talked at once to a baffled,"Each of us said over and over that it was a ""crazy idea""-we all talked at once to a baffled",1,"anchor 3036, prefix=6w — break identical across Q21-Q24",0,0,0
gatsby_ch06,positive,1800-01-01,The Great Gatsby by F. Scott Fitzgerald — passage 6,control,positive,positive,gutenberg,Q22,D,"Complete the next 20 words of this passage, verbatim from the text.",assumed more tangible form as “a place to have a mint julep.”,"assumed more tangible form as ""a place to have a mint julep.""",12,Each of us said over and over that it was a “crazy idea”—we all talked at once to a baffled,"Each of us said over and over that it was a ""crazy idea""-we all talked at once to a baffled",1,"anchor 3036, prefix=12w — break identical across Q21-Q24",0,0,0
gatsby_ch06,positive,1800-01-01,The Great Gatsby by F. Scott Fitzgerald — passage 6,control,positive,positive,gutenberg,Q23,D,"Complete the next 20 words of this passage, verbatim from the text.","suggestion that we hire five bathrooms and take cold baths, and then assumed more tangible form as “a place to have a mint julep.”","suggestion that we hire five bathrooms and take cold baths, and then assumed more tangible form as ""a place to have a mint julep.""",24,Each of us said over and over that it was a “crazy idea”—we all talked at once to a baffled,"Each of us said over and over that it was a ""crazy idea""-we all talked at once to a baffled",1,"anchor 3036, prefix=24w — break identical across Q21-Q24",0,0,0
gatsby_ch06,positive,1800-01-01,The Great Gatsby by F. Scott Fitzgerald — passage 6,control,positive,positive,gutenberg,Q24,D,"Complete the next 20 words of this passage, verbatim from the text.","kept climbing like a damp snake around my legs and intermittent beads of sweat raced cool across my back. The notion originated with Daisy’s suggestion that we hire five bathrooms and take cold baths, and then assumed more tangible form as “a place to have a mint julep.”","kept climbing like a damp snake around my legs and intermittent beads of sweat raced cool across my back. The notion originated with Daisy's suggestion that we hire five bathrooms and take cold baths, and then assumed more tangible form as ""a place to have a mint julep.""",48,Each of us said over and over that it was a “crazy idea”—we all talked at once to a baffled,"Each of us said over and over that it was a ""crazy idea""-we all talked at once to a baffled",1,"anchor 3036, prefix=48w — break identical across Q21-Q24",0,0,0
gatsby_ch07,positive,1800-01-01,The Great Gatsby by F. Scott Fitzgerald — passage 7,control,positive,positive,gutenberg,Q07,D,Complete this sentence (~2% into the text).,"Michaelis and this man reached her first, but when they had torn","Michaelis and this man reached her first, but when they had torn",12,"open her shirtwaist, still damp with perspiration, they saw that her left breast was swinging loose like a flap, and there was no need to listen for the heart beneath.","open her shirtwaist, still damp with perspiration, they saw that her left breast was swinging loose like a flap, and there was no need to listen for the heart beneath.",1,sentence 2/83,0,0,0
gatsby_ch07,positive,1800-01-01,The Great Gatsby by F. Scott Fitzgerald — passage 7,control,positive,positive,gutenberg,Q08,D,Complete this sentence (~15% into the text).,Wilson’s eyes fell upon Tom; he started up on his tiptoes and,Wilson's eyes fell upon Tom; he started up on his tiptoes and,12,then would have collapsed to his knees had not Tom held him upright.,then would have collapsed to his knees had not Tom held him upright.,1,sentence 13/83,0,0,0
gatsby_ch07,positive,1800-01-01,The Great Gatsby by F. Scott Fitzgerald — passage 7,control,positive,positive,gutenberg,Q09,D,Complete this sentence (~30% into the text).,Crossing the porch where we had dined that June night three months,Crossing the porch where we had dined that June night three months,12,"before, I came to a small rectangle of light which I guessed was the pantry window.","before, I came to a small rectangle of light which I guessed was the pantry window.",1,sentence 25/83,0,0,0
gatsby_ch07,positive,1800-01-01,The Great Gatsby by F. Scott Fitzgerald — passage 7,control,positive,positive,gutenberg,Q10,D,Complete this sentence (~45% into the text).,"However glorious might be his future as Jay Gatsby, he was at","However glorious might be his future as Jay Gatsby, he was at",12,"present a penniless young man without a past, and at any moment the invisible cloak of his uniform might slip from his shoulders.","present a penniless young man without a past, and at any moment the invisible cloak of his uniform might slip from his shoulders.",1,sentence 38/83,0,0,0
gatsby_ch07,positive,1800-01-01,The Great Gatsby by F. Scott Fitzgerald — passage 7,control,positive,positive,gutenberg,Q11,D,Complete this sentence (~60% into the text).,For Daisy was young and her artificial world was redolent of orchids,For Daisy was young and her artificial world was redolent of orchids,12,"and pleasant, cheerful snobbery and orchestras which set the rhythm of the year, summing up the sadness and suggestiveness of life in new tunes.","and pleasant, cheerful snobbery and orchestras which set the rhythm of the year, summing up the sadness and suggestiveness of life in new tunes.",1,sentence 50/83,0,0,0
gatsby_ch07,positive,1800-01-01,The Great Gatsby by F. Scott Fitzgerald — passage 7,control,positive,positive,gutenberg,Q12,D,Complete this sentence (~75% into the text).,He stretched out his hand desperately as if to snatch only a,He stretched out his hand desperately as if to snatch only a,12,"wisp of air, to save a fragment of the spot that she had made lovely for him.","wisp of air, to save a fragment of the spot that she had made lovely for him.",1,sentence 63/83,0,0,0
gatsby_ch07,positive,1800-01-01,The Great Gatsby by F. Scott Fitzgerald — passage 7,control,positive,positive,gutenberg,Q13,D,Complete this sentence (~90% into the text).,Still later Michaelis had to ask the last stranger to wait there,Still later Michaelis had to ask the last stranger to wait there,12,"fifteen minutes longer, while he went back to his own place and made a pot of coffee.","fifteen minutes longer, while he went back to his own place and made a pot of coffee.",1,sentence 75/83,0,0,0
gatsby_ch07,positive,1800-01-01,The Great Gatsby by F. Scott Fitzgerald — passage 7,control,positive,positive,gutenberg,Q21,D,"Complete the next 20 words of this passage, verbatim from the text.",be blown anywhere about the world.,be blown anywhere about the world.,6,"But he didn’t despise himself and it didn’t turn out as he had imagined. He had intended, probably, to take","But he didn't despise himself and it didn't turn out as he had imagined. He had intended, probably, to take",1,"anchor 3014, prefix=6w — break identical across Q21-Q24",0,0,0
gatsby_ch07,positive,1800-01-01,The Great Gatsby by F. Scott Fitzgerald — passage 7,control,positive,positive,gutenberg,Q22,D,"Complete the next 20 words of this passage, verbatim from the text.",whim of an impersonal government to be blown anywhere about the world.,whim of an impersonal government to be blown anywhere about the world.,12,"But he didn’t despise himself and it didn’t turn out as he had imagined. He had intended, probably, to take","But he didn't despise himself and it didn't turn out as he had imagined. He had intended, probably, to take",1,"anchor 3014, prefix=12w — break identical across Q21-Q24",0,0,0
gatsby_ch07,positive,1800-01-01,The Great Gatsby by F. Scott Fitzgerald — passage 7,control,positive,positive,gutenberg,Q23,D,"Complete the next 20 words of this passage, verbatim from the text.","no comfortable family standing behind him, and he was liable at the whim of an impersonal government to be blown anywhere about the world.","no comfortable family standing behind him, and he was liable at the whim of an impersonal government to be blown anywhere about the world.",24,"But he didn’t despise himself and it didn’t turn out as he had imagined. He had intended, probably, to take","But he didn't despise himself and it didn't turn out as he had imagined. He had intended, probably, to take",1,"anchor 3014, prefix=24w — break identical across Q21-Q24",0,0,0
gatsby_ch07,positive,1800-01-01,The Great Gatsby by F. Scott Fitzgerald — passage 7,control,positive,positive,gutenberg,Q24,D,"Complete the next 20 words of this passage, verbatim from the text.","same strata as herself—that he was fully able to take care of her. As a matter of fact, he had no such facilities—he had no comfortable family standing behind him, and he was liable at the whim of an impersonal government to be blown anywhere about the world.","same strata as herself-that he was fully able to take care of her. As a matter of fact, he had no such facilities-he had no comfortable family standing behind him, and he was liable at the whim of an impersonal government to be blown anywhere about the world.",48,"But he didn’t despise himself and it didn’t turn out as he had imagined. He had intended, probably, to take","But he didn't despise himself and it didn't turn out as he had imagined. He had intended, probably, to take",1,"anchor 3014, prefix=48w — break identical across Q21-Q24",0,0,0
gatsby_ch08,positive,1800-01-01,The Great Gatsby by F. Scott Fitzgerald — passage 8,control,positive,positive,gutenberg,Q07,D,Complete this sentence (~2% into the text).,It was one of the watchers of the night before who had,It was one of the watchers of the night before who had,12,"promised to come back, so he cooked breakfast for three, which he and the other man ate together.","promised to come back, so he cooked breakfast for three, which he and the other man ate together.",1,sentence 2/95,0,0,0
gatsby_ch08,positive,1800-01-01,The Great Gatsby by F. Scott Fitzgerald — passage 8,control,positive,positive,gutenberg,Q08,D,Complete this sentence (~15% into the text).,"A new world, material without being real, where poor ghosts, breathing dreams","A new world, material without being real, where poor ghosts, breathing dreams",12,"like air, drifted fortuitously about … like that ashen, fantastic figure gliding toward him through the amorphous trees.","like air, drifted fortuitously about ... like that ashen, fantastic figure gliding toward him through the amorphous trees.",1,sentence 15/95,0,0,0
gatsby_ch08,positive,1800-01-01,The Great Gatsby by F. Scott Fitzgerald — passage 8,control,positive,positive,gutenberg,Q09,D,Complete this sentence (~30% into the text).,"Someone started to ask me questions, but I broke away and going","Someone started to ask me questions, but I broke away and going",12,upstairs looked hastily through the unlocked parts of his desk—he’d never told me definitely that his parents were dead.,upstairs looked hastily through the unlocked parts of his desk-he'd never told me definitely that his parents were dead.,1,sentence 29/95,0,0,0
gatsby_ch08,positive,1800-01-01,The Great Gatsby by F. Scott Fitzgerald — passage 8,control,positive,positive,gutenberg,Q10,D,Complete this sentence (~45% into the text).,I didn’t want it to be in the papers and draw a,I didn't want it to be in the papers and draw a,12,"sightseeing crowd, so I’d been calling up a few people myself.","sightseeing crowd, so I'd been calling up a few people myself.",1,sentence 43/95,0,0,0
gatsby_ch08,positive,1800-01-01,The Great Gatsby by F. Scott Fitzgerald — passage 8,control,positive,positive,gutenberg,Q11,D,Complete this sentence (~60% into the text).,As we started through the gate into the cemetery I heard a,As we started through the gate into the cemetery I heard a,12,car stop and then the sound of someone splashing after us over the soggy ground.,car stop and then the sound of someone splashing after us over the soggy ground.,1,sentence 58/95,0,0,0
gatsby_ch08,positive,1800-01-01,The Great Gatsby by F. Scott Fitzgerald — passage 8,control,positive,positive,gutenberg,Q12,D,Complete this sentence (~75% into the text).,In the foreground four solemn men in dress suits are walking along,In the foreground four solemn men in dress suits are walking along,12,the sidewalk with a stretcher on which lies a drunken woman in a white evening dress.,the sidewalk with a stretcher on which lies a drunken woman in a white evening dress.,1,sentence 72/95,0,0,0
gatsby_ch08,positive,1800-01-01,The Great Gatsby by F. Scott Fitzgerald — passage 8,control,positive,positive,gutenberg,Q13,D,Complete this sentence (~90% into the text).,Probably it was some final guest who had been away at the,Probably it was some final guest who had been away at the,12,ends of the earth and didn’t know that the party was over.,ends of the earth and didn't know that the party was over.,1,sentence 86/95,0,0,0
gatsby_ch08,positive,1800-01-01,The Great Gatsby by F. Scott Fitzgerald — passage 8,control,positive,positive,gutenberg,Q21,D,"Complete the next 20 words of this passage, verbatim from the text.","nothing, right out of the gutter.","nothing, right out of the gutter.",6,"I saw right away he was a fine-appearing, gentlemanly young man, and when he told me he was at Oggsford","I saw right away he was a fine-appearing, gentlemanly young man, and when he told me he was at Oggsford",1,"anchor 3024, prefix=6w — break identical across Q21-Q24",0,0,0
gatsby_ch08,positive,1800-01-01,The Great Gatsby by F. Scott Fitzgerald — passage 8,control,positive,positive,gutenberg,Q22,D,"Complete the next 20 words of this passage, verbatim from the text.","“I raised him up out of nothing, right out of the gutter.","""I raised him up out of nothing, right out of the gutter.",12,"I saw right away he was a fine-appearing, gentlemanly young man, and when he told me he was at Oggsford","I saw right away he was a fine-appearing, gentlemanly young man, and when he told me he was at Oggsford",1,"anchor 3024, prefix=12w — break identical across Q21-Q24",0,0,0
gatsby_ch08,positive,1800-01-01,The Great Gatsby by F. Scott Fitzgerald — passage 8,control,positive,positive,gutenberg,Q23,D,"Complete the next 20 words of this passage, verbatim from the text.","start him in business?” I inquired. “Start him! I made him.” “Oh.” “I raised him up out of nothing, right out of the gutter.","start him in business?"" I inquired. ""Start him! I made him."" ""Oh."" ""I raised him up out of nothing, right out of the gutter.",24,"I saw right away he was a fine-appearing, gentlemanly young man, and when he told me he was at Oggsford","I saw right away he was a fine-appearing, gentlemanly young man, and when he told me he was at Oggsford",1,"anchor 3024, prefix=24w — break identical across Q21-Q24",0,0,0
gatsby_ch08,positive,1800-01-01,The Great Gatsby by F. Scott Fitzgerald — passage 8,control,positive,positive,gutenberg,Q24,D,"Complete the next 20 words of this passage, verbatim from the text.","‘Come on have some lunch with me,’ I said. He ate more than four dollars’ worth of food in half an hour.” “Did you start him in business?” I inquired. “Start him! I made him.” “Oh.” “I raised him up out of nothing, right out of the gutter.","'Come on have some lunch with me,' I said. He ate more than four dollars' worth of food in half an hour."" ""Did you start him in business?"" I inquired. ""Start him! I made him."" ""Oh."" ""I raised him up out of nothing, right out of the gutter.",48,"I saw right away he was a fine-appearing, gentlemanly young man, and when he told me he was at Oggsford","I saw right away he was a fine-appearing, gentlemanly young man, and when he told me he was at Oggsford",1,"anchor 3024, prefix=48w — break identical across Q21-Q24",0,0,0
gatsby_shuf_ch01,negative,1800-01-01,The Great Gatsby by F. Scott Fitzgerald (word order scrambled) — passage 1,control,negative,negative,gutenberg,Q07,D,Complete this sentence (~2% into the text).,"I but him—with the that father Civil like fifty-one, great-uncle, my carries","I but him-with the that father Civil like fifty-one, great-uncle, my carries",12,"on War, I’m to painting later father, father’s that a delayed a I War. in and graduated enjoyed as known little after of office.","on War, I'm to painting later father, father's that a delayed a I War. in and graduated enjoyed as known little after of office.",1,sentence 1/9,0,0,0
gatsby_shuf_ch01,negative,1800-01-01,The Great Gatsby by F. Scott Fitzgerald (word order scrambled) — passage 1,control,negative,negative,gutenberg,Q08,D,Complete this sentence (~15% into the text).,She girl looking had. in was in my surname wanted to murmur,She girl looking had. in was in my surname wanted to murmur,12,"into a that people Miss charming.) made criticism (I’ve said almost less only murmur was fluttered, any At and Baker.","into a that people Miss charming.) made criticism (I've said almost less only murmur was fluttered, any At and Baker.",1,sentence 2/9,0,0,0
gatsby_shuf_ch01,negative,1800-01-01,The Great Gatsby by F. Scott Fitzgerald (word order scrambled) — passage 1,control,negative,negative,gutenberg,Q09,D,Complete this sentence (~30% into the text).,Tom “What stopped on hovering you ought Haven’t her. rested her?” who,"Tom ""What stopped on hovering you ought Haven't her. rested her?"" who",12,"ever three to room, hand the “She’s seen been like and asleep. see “Never.” had She’s—”","ever three to room, hand the ""She's seen been like and asleep. see ""Never."" had She's-""",1,sentence 3/9,0,0,0
gatsby_shuf_ch01,negative,1800-01-01,The Great Gatsby by F. Scott Fitzgerald (word order scrambled) — passage 1,control,negative,negative,gutenberg,Q10,D,Complete this sentence (~45% into the text).,I a Tom you Coloured Goddard?” his about by rather tone. out,"I a Tom you Coloured Goddard?"" his about by rather tone. out",12,"by a Have pessimist surprised the “I’ve broke read Rise to is it’s will it. we be stuff; an utterly said idea It’s “Tom’s of with look getting all white be—will race expression book, if proved.”","by a Have pessimist surprised the ""I've broke read Rise to is it's will it. we be stuff; an utterly said idea It's ""Tom's of with look getting all white be-will race expression book, if proved.""",1,sentence 5/9,0,0,0
gatsby_shuf_ch01,negative,1800-01-01,The Great Gatsby by F. Scott Fitzgerald (word order scrambled) — passage 1,control,negative,negative,gutenberg,Q11,D,Complete this sentence (~60% into the text).,"Daisy, profound,” everybody The read to scientific don’t very been and ought","Daisy, profound,"" everybody The read to scientific don't very been and ought",12,"submerged. out the insisted unthoughtful was thing. all worked “He reads deep books up with long impatiently. word What in we—” fellow words the are Tom, at glancing “Well, us, out whole that to them. her has books sadness.","submerged. out the insisted unthoughtful was thing. all worked ""He reads deep books up with long impatiently. word What in we-"" fellow words the are Tom, at glancing ""Well, us, out whole that to them. her has books sadness.",1,sentence 6/9,0,0,0
gatsby_shuf_ch01,negative,1800-01-01,The Great Gatsby by F. Scott Fitzgerald (word order scrambled) — passage 1,control,negative,negative,gutenberg,Q12,D,Complete this sentence (~75% into the text).,"Something was him no edge was on and at ideas a garages,","Something was him no edge was on and at ideas a garages,",12,front stale his if his making nourished summer by as sturdy egotism Already a abandoned I grass its in roller where ran estate under yard.,front stale his if his making nourished summer by as sturdy egotism Already a abandoned I grass its in roller where ran estate under yard.,1,sentence 7/9,0,0,0
gatsby_shuf_ch01,negative,1800-01-01,The Great Gatsby by F. Scott Fitzgerald (word order scrambled) — passage 1,control,negative,negative,gutenberg,Q13,D,Complete this sentence (~90% into the text).,"I the Involuntarily single minute a toward way, from and could a","I the Involuntarily single minute a toward way, from and could a",12,"far he in seaward—and far out glanced nothing was distinguished light, except as his York Egg of once dock. more When the and he was vanished, had About I road for the halfway motor Gatsby end alone have looked that the a and I darkness.","far he in seaward-and far out glanced nothing was distinguished light, except as his York Egg of once dock. more When the and he was vanished, had About I road for the halfway motor Gatsby end alone have looked that the a and I darkness.",1,sentence 9/9,0,0,0
gatsby_shuf_ch01,negative,1800-01-01,The Great Gatsby by F. Scott Fitzgerald (word order scrambled) — passage 1,control,negative,negative,gutenberg,Q21,D,"Complete the next 20 words of this passage, verbatim from the text.",cadet. grey curiosity a I face.,cadet. grey curiosity a I face.,6,"It me seen looked eyes wan, her sun-strained had to reciprocal with charming, me young polite the shoulders of throwing","It me seen looked eyes wan, her sun-strained had to reciprocal with charming, me young polite the shoulders of throwing",1,"anchor 3095, prefix=6w — break identical across Q21-Q24",0,0,0
gatsby_shuf_ch01,negative,1800-01-01,The Great Gatsby by F. Scott Fitzgerald (word order scrambled) — passage 1,control,negative,negative,gutenberg,Q22,D,"Complete the next 20 words of this passage, verbatim from the text.",now at Her a backward like cadet. grey curiosity a I face.,now at Her a backward like cadet. grey curiosity a I face.,12,"It me seen looked eyes wan, her sun-strained had to reciprocal with charming, me young polite the shoulders of throwing","It me seen looked eyes wan, her sun-strained had to reciprocal with charming, me young polite the shoulders of throwing",1,"anchor 3095, prefix=12w — break identical across Q21-Q24",0,0,0
gatsby_shuf_ch01,negative,1800-01-01,The Great Gatsby by F. Scott Fitzgerald (word order scrambled) — passage 1,control,negative,negative,gutenberg,Q23,D,"Complete the next 20 words of this passage, verbatim from the text.","she Baker, slender, which erect her. at girl, “got body out that now at Her a backward like cadet. grey curiosity a I face.","she Baker, slender, which erect her. at girl, ""got body out that now at Her a backward like cadet. grey curiosity a I face.",24,"It me seen looked eyes wan, her sun-strained had to reciprocal with charming, me young polite the shoulders of throwing","It me seen looked eyes wan, her sun-strained had to reciprocal with charming, me young polite the shoulders of throwing",1,"anchor 3095, prefix=24w — break identical across Q21-Q24",0,0,0
gatsby_shuf_ch01,negative,1800-01-01,The Great Gatsby by F. Scott Fitzgerald (word order scrambled) — passage 1,control,negative,negative,gutenberg,Q24,D,"Complete the next 20 words of this passage, verbatim from the text.","I enjoyed anything accentuated at is with Miss she small-breasted what an was I it me.” beyond looked ever carriage, wondering get you glass. she Baker, slender, which erect her. at girl, “got body out that now at Her a backward like cadet. grey curiosity a I face.","I enjoyed anything accentuated at is with Miss she small-breasted what an was I it me."" beyond looked ever carriage, wondering get you glass. she Baker, slender, which erect her. at girl, ""got body out that now at Her a backward like cadet. grey curiosity a I face.",48,"It me seen looked eyes wan, her sun-strained had to reciprocal with charming, me young polite the shoulders of throwing","It me seen looked eyes wan, her sun-strained had to reciprocal with charming, me young polite the shoulders of throwing",1,"anchor 3095, prefix=48w — break identical across Q21-Q24",0,0,0
gatsby_shuf_ch02,negative,1800-01-01,The Great Gatsby by F. Scott Fitzgerald (word order scrambled) — passage 2,control,negative,negative,gutenberg,Q21,D,"Complete the next 20 words of this passage, verbatim from the text.",forced Catherine. between him.” married didn’t.”,"forced Catherine. between him."" married didn't.""",6,"I to.” the “Nobody difference said ambiguously. him,” know and Myrtle “And marry considered. you did Myrtle, that’s didn’t your","I to."" the ""Nobody difference said ambiguously. him,"" know and Myrtle ""And marry considered. you did Myrtle, that's didn't your",1,"anchor 3179, prefix=6w — break identical across Q21-Q24",0,0,0
gatsby_shuf_ch02,negative,1800-01-01,The Great Gatsby by F. Scott Fitzgerald (word order scrambled) — passage 2,control,negative,negative,gutenberg,Q22,D,"Complete the next 20 words of this passage, verbatim from the text.","you married “I “Why you, “I forced Catherine. between him.” married didn’t.”","you married ""I ""Why you, ""I forced Catherine. between him."" married didn't.""",12,"I to.” the “Nobody difference said ambiguously. him,” know and Myrtle “And marry considered. you did Myrtle, that’s didn’t your","I to."" the ""Nobody difference said ambiguously. him,"" know and Myrtle ""And marry considered. you did Myrtle, that's didn't your",1,"anchor 3179, prefix=12w — break identical across Q21-Q24",0,0,0
gatsby_shuf_ch02,negative,1800-01-01,The Great Gatsby by F. Scott Fitzgerald (word order scrambled) — passage 2,control,negative,negative,gutenberg,Q23,D,"Complete the next 20 words of this passage, verbatim from the text.","he’d got up Chester, man’s “Well, mine.” case him because I demanded you married “I “Why you, “I forced Catherine. between him.” married didn’t.”","he'd got up Chester, man's ""Well, mine."" case him because I demanded you married ""I ""Why you, ""I forced Catherine. between him."" married didn't.""",24,"I to.” the “Nobody difference said ambiguously. him,” know and Myrtle “And marry considered. you did Myrtle, that’s didn’t your","I to."" the ""Nobody difference said ambiguously. him,"" know and Myrtle ""And marry considered. you did Myrtle, that's didn't your",1,"anchor 3179, prefix=24w — break identical across Q21-Q24",0,0,0
gatsby_shuf_ch02,negative,1800-01-01,The Great Gatsby by F. Scott Fitzgerald (word order scrambled) — passage 2,control,negative,negative,gutenberg,Q24,D,"Complete the next 20 words of this passage, verbatim from the text.","to way me. that I you!’ if said met me: Myrtle head nodding below ‘Lucille, saying me sure.” her hadn’t least Wilson, of “Yes, he’d got up Chester, man’s “Well, mine.” case him because I demanded you married “I “Why you, “I forced Catherine. between him.” married didn’t.”","to way me. that I you!' if said met me: Myrtle head nodding below 'Lucille, saying me sure."" her hadn't least Wilson, of ""Yes, he'd got up Chester, man's ""Well, mine."" case him because I demanded you married ""I ""Why you, ""I forced Catherine. between him."" married didn't.""",48,"I to.” the “Nobody difference said ambiguously. him,” know and Myrtle “And marry considered. you did Myrtle, that’s didn’t your","I to."" the ""Nobody difference said ambiguously. him,"" know and Myrtle ""And marry considered. you did Myrtle, that's didn't your",1,"anchor 3179, prefix=48w — break identical across Q21-Q24",0,0,0
gatsby_shuf_ch03,negative,1800-01-01,The Great Gatsby by F. Scott Fitzgerald (word order scrambled) — passage 3,control,negative,negative,gutenberg,Q07,D,Complete this sentence (~2% into the text).,I’ve yet. it?” tell it up only I in can’t real. think.,"I've yet. it?"" tell it up only I in can't real. think.",12,"library.” sober “A I and the thought to Did tell me here sit little bit, an I “Has about been I hour. now, young told graceless backward went outdoors. and men canvas tortuously, hands the each gravely circles, old garden; “You eternal on was They’re—”","library."" sober ""A I and the thought to Did tell me here sit little bit, an I ""Has about been I hour. now, young told graceless backward went outdoors. and men canvas tortuously, hands the each gravely circles, old garden; ""You eternal on was They're-""",1,sentence 1/9,0,0,0
gatsby_shuf_ch03,negative,1800-01-01,The Great Gatsby by F. Scott Fitzgerald (word order scrambled) — passage 3,control,negative,negative,gutenberg,Q08,D,Complete this sentence (~15% into the text).,Jordan she turned for host. me. again waved around I time haven’t,Jordan she turned for host. me. again waved around I time haven't,12,acquaintance. new I I “Much “This better.” even the there—”,"acquaintance. new I I ""Much ""This better."" even the there-""",1,sentence 2/9,0,0,0
gatsby_shuf_ch03,negative,1800-01-01,The Great Gatsby by F. Scott Fitzgerald (word order scrambled) — passage 3,control,negative,negative,gutenberg,Q09,D,Complete this sentence (~30% into the text).,I man if as Gatsby an at “and at invisible “What!” moment,"I man if as Gatsby an at ""and at invisible ""What!"" moment",12,"this distance, sent me understand. with he over chauffeur hedge his the a looked the my I he in Gatsby,” hand failed said “I’m to invitation.” suddenly. he For understandingly. knew, reassurance one a quality you good beg I’m very exclaimed.","this distance, sent me understand. with he over chauffeur hedge his the a looked the my I he in Gatsby,"" hand failed said ""I'm to invitation."" suddenly. he For understandingly. knew, reassurance one a quality you good beg I'm very exclaimed.",1,sentence 3/9,0,0,0
gatsby_shuf_ch03,negative,1800-01-01,The Great Gatsby by F. Scott Fitzgerald (word order scrambled) — passage 3,control,negative,negative,gutenberg,Q10,D,Complete this sentence (~45% into the text).,Dennickers the Kellehers and Chromes the Betty another one in the in,Dennickers the Kellehers and Chromes the Betty another one in the in,12,"four front physical killed in person, never with of Palmetto, they ones were identical girls. subway arrived Benny Square. so Times They McClenahan were but quite by same jumping a always with train who himself have were before.","four front physical killed in person, never with of Palmetto, they ones were identical girls. subway arrived Benny Square. so Times They McClenahan were but quite by same jumping a always with train who himself have were before.",1,sentence 5/9,0,0,0
gatsby_shuf_ch03,negative,1800-01-01,The Great Gatsby by F. Scott Fitzgerald (word order scrambled) — passage 3,control,negative,negative,gutenberg,Q11,D,Complete this sentence (~60% into the text).,Egg had the had then slapping and village unfinished elaborate he disconcerting,Egg had the had then slapping and village unfinished elaborate he disconcerting,12,"roadhouse himself of faded And leaving consequence, sentences began proprietor We elegant reached simply came and hadn’t become West next ride.","roadhouse himself of faded And leaving consequence, sentences began proprietor We elegant reached simply came and hadn't become West next ride.",1,sentence 6/9,0,0,0
gatsby_shuf_ch03,negative,1800-01-01,The Great Gatsby by F. Scott Fitzgerald (word order scrambled) — passage 3,control,negative,negative,gutenberg,Q12,D,Complete this sentence (~75% into the text).,"I his it something it, And as of if him all. sudden","I his it something it, And as of if him all. sudden",12,"a “San was and died if good For deal extinction him. of I all “I moment clan solemn, casually. family as memory a haunted into came a that the Francisco.” still of of see.”","a ""San was and died if good For deal extinction him. of I all ""I moment clan solemn, casually. family as memory a haunted into came a that the Francisco."" still of of see.""",1,sentence 7/9,0,0,0
gatsby_shuf_ch03,negative,1800-01-01,The Great Gatsby by F. Scott Fitzgerald (word order scrambled) — passage 3,control,negative,negative,gutenberg,Q13,D,Complete this sentence (~90% into the text).,"German was down words to little decoration—even up Allied major, among the","German was down words to little decoration-even up Allied major, among the",12,and He them—with had of struggles which elicited comprehended circumstances My his national The the brave smile. little fully It and people.,and He them-with had of struggles which elicited comprehended circumstances My his national The the brave smile. little fully It and people.,1,sentence 9/9,0,0,0
gatsby_shuf_ch03,negative,1800-01-01,The Great Gatsby by F. Scott Fitzgerald (word order scrambled) — passage 3,control,negative,negative,gutenberg,Q21,D,"Complete the next 20 words of this passage, verbatim from the text.",in Again the dark as heart.,in Again the dark as heart.,6,"I sinking lined of sang, well. laughter For unintelligible I voices that I, excitement, cigarettes while lighted lost there inside.","I sinking lined of sang, well. laughter For unintelligible I voices that I, excitement, cigarettes while lighted lost there inside.",1,"anchor 3317, prefix=6w — break identical across Q21-Q24",0,0,0
gatsby_shuf_ch03,negative,1800-01-01,The Great Gatsby by F. Scott Fitzgerald (word order scrambled) — passage 3,control,negative,negative,gutenberg,Q22,D,"Complete the next 20 words of this passage, verbatim from the text.",throbbing for they taxis deep theatre in Again the dark as heart.,throbbing for they taxis deep theatre in Again the dark as heart.,12,"I sinking lined of sang, well. laughter For unintelligible I voices that I, excitement, cigarettes while lighted lost there inside.","I sinking lined of sang, well. laughter For unintelligible I voices that I, excitement, cigarettes while lighted lost there inside.",1,"anchor 3317, prefix=12w — break identical across Q21-Q24",0,0,0
gatsby_shuf_ch03,negative,1800-01-01,The Great Gatsby by F. Scott Fitzgerald (word order scrambled) — passage 3,control,negative,negative,gutenberg,Q23,D,"Complete the next 20 words of this passage, verbatim from the text.","together with waited, o’clock, in of at leaned felt the were my throbbing for they taxis deep theatre in Again the dark as heart.","together with waited, o'clock, in of at leaned felt the were my throbbing for they taxis deep theatre in Again the dark as heart.",24,"I sinking lined of sang, well. laughter For unintelligible I voices that I, excitement, cigarettes while lighted lost there inside.","I sinking lined of sang, well. laughter For unintelligible I voices that I, excitement, cigarettes while lighted lost there inside.",1,"anchor 3317, prefix=24w — break identical across Q21-Q24",0,0,0
gatsby_shuf_ch03,negative,1800-01-01,The Great Gatsby by F. Scott Fitzgerald (word order scrambled) — passage 3,control,negative,negative,gutenberg,Q24,D,"Complete the next 20 words of this passage, verbatim from the text.","sometimes, dinner—young for in others—poor it clerks it night was felt district, and a eight Forms the five the Forties bound lanes taxicabs, when together with waited, o’clock, in of at leaned felt the were my throbbing for they taxis deep theatre in Again the dark as heart.","sometimes, dinner-young for in others-poor it clerks it night was felt district, and a eight Forms the five the Forties bound lanes taxicabs, when together with waited, o'clock, in of at leaned felt the were my throbbing for they taxis deep theatre in Again the dark as heart.",48,"I sinking lined of sang, well. laughter For unintelligible I voices that I, excitement, cigarettes while lighted lost there inside.","I sinking lined of sang, well. laughter For unintelligible I voices that I, excitement, cigarettes while lighted lost there inside.",1,"anchor 3317, prefix=48w — break identical across Q21-Q24",0,0,0
gatsby_shuf_ch04,negative,1800-01-01,The Great Gatsby by F. Scott Fitzgerald (word order scrambled) — passage 4,control,negative,negative,gutenberg,Q07,D,Complete this sentence (~2% into the text).,"Gatsby his Katspaugh his I Katspaugh, handed right, pay covered an expressive","Gatsby his Katspaugh his I Katspaugh, handed right, pay covered an expressive",12,"mouth.’ to the and it He Gatsby arm shut and a he said: then “I don’t took money and there.” ‘All him he was abstraction. and new “This the lapsed sentence of said a nice each moved looking here,” asked Mr. restaurant swallowed a us and Mr. waiter.","mouth.' to the and it He Gatsby arm shut and a he said: then ""I don't took money and there."" 'All him he was abstraction. and new ""This the lapsed sentence of said a nice each moved looking here,"" asked Mr. restaurant swallowed a us and Mr. waiter.",1,sentence 1/12,0,0,0
gatsby_shuf_ch04,negative,1800-01-01,The Great Gatsby by F. Scott Fitzgerald (word order scrambled) — passage 4,control,negative,negative,gutenberg,Q08,D,Complete this sentence (~15% into the text).,"Wolfshiem: memories.” over Mr. there.” street Mr. agreed to Gatsby, across “It’s","Wolfshiem: memories."" over Mr. there."" street Mr. agreed to Gatsby, across ""It's",12,"place “What like of said highballs,” hot then “Yes, small—yes,” the “But Mr.","place ""What like of said highballs,"" hot then ""Yes, small-yes,"" the ""But Mr.",1,sentence 2/12,0,0,0
gatsby_shuf_ch04,negative,1800-01-01,The Great Gatsby by F. Scott Fitzgerald (word order scrambled) — passage 4,control,negative,negative,gutenberg,Q09,D,Complete this sentence (~30% into the text).,York several but she her with that was at who around By,York several but she her with that was at who around By,12,"all. the couldn’t as the gay a next play few had autumn the army with more, soldiers didn’t into was She shortsighted in flat-footed, only men young gay again, she with town, get ever. any but circumstance February with New of in and more Buchanan June ever Orleans.","all. the couldn't as the gay a next play few had autumn the army with more, soldiers didn't into was She shortsighted in flat-footed, only men young gay again, she with town, get ever. any but circumstance February with New of in and more Buchanan June ever Orleans.",1,sentence 4/12,0,0,0
gatsby_shuf_ch04,negative,1800-01-01,The Great Gatsby by F. Scott Fitzgerald (word order scrambled) — passage 4,control,negative,negative,gutenberg,Q10,D,Complete this sentence (~45% into the text).,Of anything a door.’ to He you much want kept doesn’t read,Of anything a door.' to He you much want kept doesn't read,12,"says friend abandon to saying. were ‘I he’s Tom, right her started the said next of he know he I though a he Tom’s, very particular whole see idea. about “When arm dark and we and a little put under the my Daisy’s a It years a Chicago of drew toward catching as paper I her now, name.”","says friend abandon to saying. were 'I he's Tom, right her started the said next of he know he I though a he Tom's, very particular whole see idea. about ""When arm dark and we and a little put under the my Daisy's a It years a Chicago of drew toward catching as paper I her now, name.""",1,sentence 6/12,0,0,0
gatsby_shuf_ch04,negative,1800-01-01,The Great Gatsby by F. Scott Fitzgerald (word order scrambled) — passage 4,control,negative,negative,gutenberg,Q11,D,Complete this sentence (~60% into the text).,"Let’s I my “It’s Coney the summer.” it right.” looking Baker,” take","Let's I my ""It's Coney the summer."" it right."" looking Baker,"" take",12,"He to Miss said the of use eagerness. with “All me we got plunge pool? haven’t “I’ve bed.” waited, to suppose in with I suppressed swimming I “I talked at all a made go to all to he “What day right,” invite carelessly.","He to Miss said the of use eagerness. with ""All me we got plunge pool? haven't ""I've bed."" waited, to suppose in with I suppressed swimming I ""I talked at all a made go to all to he ""What day right,"" invite carelessly.",1,sentence 8/12,0,0,0
gatsby_shuf_ch04,negative,1800-01-01,The Great Gatsby by F. Scott Fitzgerald (word order scrambled) — passage 4,control,negative,negative,gutenberg,Q12,D,Complete this sentence (~75% into the text).,"I’ve that realized was drug the was in he “Oh, an “That’s","I've that realized was drug the was in he ""Oh, an ""That's",12,"I he reply. he “I affair,” wasn’t things,” him been business answered: appropriate business he several asked what before corrected in for it in over night?” oil I with attention. one Before I’m the But you thinking business. mean in you’ve He me Daisy “Do now.”","I he reply. he ""I affair,"" wasn't things,"" him been business answered: appropriate business he several asked what before corrected in for it in over night?"" oil I with attention. one Before I'm the But you thinking business. mean in you've He me Daisy ""Do now.""",1,sentence 10/12,0,0,0
gatsby_shuf_ch04,negative,1800-01-01,The Great Gatsby by F. Scott Fitzgerald (word order scrambled) — passage 4,control,negative,negative,gutenberg,Q13,D,Complete this sentence (~90% into the text).,I and could other I then was in at looked what either,I and could other I then was in at looked what either,12,"answer, been proposed more not the “That of live “I brass house the in buttons how there but I and you came the see it?” there?” don’t love you her like on pointing. place gleamed cried she it, of two rows out sunlight.","answer, been proposed more not the ""That of live ""I brass house the in buttons how there but I and you came the see it?"" there?"" don't love you her like on pointing. place gleamed cried she it, of two rows out sunlight.",1,sentence 11/12,0,0,0
gatsby_shuf_ch04,negative,1800-01-01,The Great Gatsby by F. Scott Fitzgerald (word order scrambled) — passage 4,control,negative,negative,gutenberg,Q21,D,"Complete the next 20 words of this passage, verbatim from the text.",out way!’ heard in and it.,out way!' heard in and it.,6,Of anything a door.’ to He you much want kept doesn’t read says friend abandon to saying. were ‘I he’s,Of anything a door.' to He you much want kept doesn't read says friend abandon to saying. were 'I he's,1,"anchor 3077, prefix=6w — break identical across Q21-Q24",0,0,0
gatsby_shuf_ch04,negative,1800-01-01,The Great Gatsby by F. Scott Fitzgerald (word order scrambled) — passage 4,control,negative,negative,gutenberg,Q22,D,"Complete the next 20 words of this passage, verbatim from the text.","New he’d have immediately dance, course, out way!’ heard in and it.","New he'd have immediately dance, course, out way!' heard in and it.",12,Of anything a door.’ to He you much want kept doesn’t read says friend abandon to saying. were ‘I he’s,Of anything a door.' to He you much want kept doesn't read says friend abandon to saying. were 'I he's,1,"anchor 3077, prefix=12w — break identical across Q21-Q24",0,0,0
gatsby_shuf_ch04,negative,1800-01-01,The Great Gatsby by F. Scott Fitzgerald (word order scrambled) — passage 4,control,negative,negative,gutenberg,Q23,D,"Complete the next 20 words of this passage, verbatim from the text.","the you do the thought mad: I ‘I suggested should York—and go New he’d have immediately dance, course, out way!’ heard in and it.","the you do the thought mad: I 'I suggested should York-and go New he'd have immediately dance, course, out way!' heard in and it.",24,Of anything a door.’ to He you much want kept doesn’t read says friend abandon to saying. were ‘I he’s,Of anything a door.' to He you much want kept doesn't read says friend abandon to saying. were 'I he's,1,"anchor 3077, prefix=24w — break identical across Q21-Q24",0,0,0
gatsby_shuf_ch04,negative,1800-01-01,The Great Gatsby by F. Scott Fitzgerald (word order scrambled) — passage 4,control,negative,negative,gutenberg,Q24,D,"Complete the next 20 words of this passage, verbatim from the text.","at I sent was night,” for the people was never first he want luncheon to up elaborate to of I worked “ don’t way the you do the thought mad: I ‘I suggested should York—and go New he’d have immediately dance, course, out way!’ heard in and it.","at I sent was night,"" for the people was never first he want luncheon to up elaborate to of I worked "" don't way the you do the thought mad: I 'I suggested should York-and go New he'd have immediately dance, course, out way!' heard in and it.",48,Of anything a door.’ to He you much want kept doesn’t read says friend abandon to saying. were ‘I he’s,Of anything a door.' to He you much want kept doesn't read says friend abandon to saying. were 'I he's,1,"anchor 3077, prefix=48w — break identical across Q21-Q24",0,0,0
gatsby_shuf_ch05,negative,1800-01-01,The Great Gatsby by F. Scott Fitzgerald (word order scrambled) — passage 5,control,negative,negative,gutenberg,Q07,D,Complete this sentence (~2% into the text).,"There moments his happiness. been back goodbye that to face, faint quality","There moments his happiness. been back goodbye that to face, faint quality",12,"to five of the into bewilderment had say the Almost have of had present a though occurred him vitality colossal fault, had through her that short gone it beyond himself even because had everything.","to five of the into bewilderment had say the Almost have of had present a though occurred him vitality colossal fault, had through her that short gone it beyond himself even because had everything.",1,sentence 1/7,0,0,0
gatsby_shuf_ch05,negative,1800-01-01,The Great Gatsby by F. Scott Fitzgerald (word order scrambled) — passage 5,control,negative,negative,gutenberg,Q08,D,Complete this sentence (~15% into the text).,"Daisy out couldn’t held deathless glanced up warmth, more me, be and","Daisy out couldn't held deathless glanced up warmth, more me, be and",12,"at looked know looked voice went the arrived one back leaving and remotely, me, this rain, from reporter intense life.","at looked know looked voice went the arrived one back leaving and remotely, me, this rain, from reporter intense life.",1,sentence 2/7,0,0,0
gatsby_shuf_ch05,negative,1800-01-01,The Great Gatsby by F. Scott Fitzgerald (word order scrambled) — passage 5,control,negative,negative,gutenberg,Q09,D,Complete this sentence (~30% into the text).,New steps by there an down About marble the together. time room,New steps by there an down About marble the together. time room,12,young VI at I York possessed into of out them Then ambitious the if Gatsby say.,young VI at I York possessed into of out them Then ambitious the if Gatsby say.,1,sentence 3/7,0,0,0
gatsby_shuf_ch05,negative,1800-01-01,The Great Gatsby by F. Scott Fitzgerald (word order scrambled) — passage 5,control,negative,negative,gutenberg,Q10,D,Complete this sentence (~45% into the text).,I rumours Moreover of advantage So of his and association didn’t see,I rumours Moreover of advantage So of his and association didn't see,12,"his I set his halt, misconceptions It too, affairs. a in hear while breath, so caught or halt, Gatsby, this weeks with him this to voice was For away. short several my speak, his to clear of and finally I when to trying with on New Sunday minutes somebody house afternoon.","his I set his halt, misconceptions It too, affairs. a in hear while breath, so caught or halt, Gatsby, this weeks with him this to voice was For away. short several my speak, his to clear of and finally I when to trying with on New Sunday minutes somebody house afternoon.",1,sentence 4/7,0,0,0
gatsby_shuf_ch05,negative,1800-01-01,The Great Gatsby by F. Scott Fitzgerald (word order scrambled) — passage 5,control,negative,negative,gutenberg,Q11,D,Complete this sentence (~60% into the text).,"After her group: no,” said “Mrs. them Buchanan the for so liked","After her group: no,"" said ""Mrs. them Buchanan the for so liked",12,"“I Tom celebrities,” remained polo man—what it met “not rest for player” his of was evening.","""I Tom celebrities,"" remained polo man-what it met ""not rest for player"" his of was evening.",1,sentence 5/7,0,0,0
gatsby_shuf_ch05,negative,1800-01-01,The Great Gatsby by F. Scott Fitzgerald (word order scrambled) — passage 5,control,negative,negative,gutenberg,Q12,D,Complete this sentence (~75% into the text).,"Almost the standing the operate he toward of me very had pale,","Almost the standing the operate he toward of me very had pale,",12,"It ray occurred to touching watched evening slowly even and all this proximity, their attain between.","It ray occurred to touching watched evening slowly even and all this proximity, their attain between.",1,sentence 6/7,0,0,0
gatsby_shuf_ch05,negative,1800-01-01,The Great Gatsby by F. Scott Fitzgerald (word order scrambled) — passage 5,control,negative,negative,gutenberg,Q13,D,Complete this sentence (~90% into the text).,Saturday just Trimalchio drive Only go door. pause over unfamiliar I drove,Saturday just Trimalchio drive Only go door. pause over unfamiliar I drove,12,"sick “Is villainous Wondering from Gatsby went if sick?” he me Mr. with “Nope.” out—an away. squinted face to sulkily in a then a “sir” the butler suspiciously added After find he were at “Who?” rather worried. dilatory, slammed him “I he hadn’t grudging around, All door. me him I he him.”","sick ""Is villainous Wondering from Gatsby went if sick?"" he me Mr. with ""Nope."" out-an away. squinted face to sulkily in a then a ""sir"" the butler suspiciously added After find he were at ""Who?"" rather worried. dilatory, slammed him ""I he hadn't grudging around, All door. me him I he him.""",1,sentence 7/7,0,0,0
gatsby_shuf_ch05,negative,1800-01-01,The Great Gatsby by F. Scott Fitzgerald (word order scrambled) — passage 5,control,negative,negative,gutenberg,Q21,D,"Complete the next 20 words of this passage, verbatim from the text.",not but Moved said we’ve remembering.,not but Moved said we've remembering.,6,"Mr. a met had before, believe an who Tom, irresistible stranger. “Oh, automobiles—” the gruffly polite, the impulse, “Yeah.” Buchanan.”","Mr. a met had before, believe an who Tom, irresistible stranger. ""Oh, automobiles-"" the gruffly polite, the impulse, ""Yeah."" Buchanan.""",1,"anchor 3017, prefix=6w — break identical across Q21-Q24",0,0,0
gatsby_shuf_ch05,negative,1800-01-01,The Great Gatsby by F. Scott Fitzgerald (word order scrambled) — passage 5,control,negative,negative,gutenberg,Q22,D,"Complete the next 20 words of this passage, verbatim from the text.","turned obviously introduction Gatsby Tom, “I not but Moved said we’ve remembering.","turned obviously introduction Gatsby Tom, ""I not but Moved said we've remembering.",12,"Mr. a met had before, believe an who Tom, irresistible stranger. “Oh, automobiles—” the gruffly polite, the impulse, “Yeah.” Buchanan.”","Mr. a met had before, believe an who Tom, irresistible stranger. ""Oh, automobiles-"" the gruffly polite, the impulse, ""Yeah."" Buchanan.""",1,"anchor 3017, prefix=12w — break identical across Q21-Q24",0,0,0
gatsby_shuf_ch05,negative,1800-01-01,The Great Gatsby by F. Scott Fitzgerald (word order scrambled) — passage 5,control,negative,negative,gutenberg,Q23,D,"Complete the next 20 words of this passage, verbatim from the text.","sorry— have I’m lemonade? here.” came Mr. accepted by suppose somewhere as turned obviously introduction Gatsby Tom, “I not but Moved said we’ve remembering.","sorry- have I'm lemonade? here."" came Mr. accepted by suppose somewhere as turned obviously introduction Gatsby Tom, ""I not but Moved said we've remembering.",24,"Mr. a met had before, believe an who Tom, irresistible stranger. “Oh, automobiles—” the gruffly polite, the impulse, “Yeah.” Buchanan.”","Mr. a met had before, believe an who Tom, irresistible stranger. ""Oh, automobiles-"" the gruffly polite, the impulse, ""Yeah."" Buchanan.""",1,"anchor 3017, prefix=24w — break identical across Q21-Q24",0,0,0
gatsby_shuf_ch05,negative,1800-01-01,The Great Gatsby by F. Scott Fitzgerald (word order scrambled) — passage 5,control,negative,negative,gutenberg,Q24,D,"Complete the next 20 words of this passage, verbatim from the text.","nice vague all, a all for. … little Sloane champagne? around in was thanks. ride?” at that that “Very a good wanted roads A sorry— have I’m lemonade? here.” came Mr. accepted by suppose somewhere as turned obviously introduction Gatsby Tom, “I not but Moved said we’ve remembering.","nice vague all, a all for. ... little Sloane champagne? around in was thanks. ride?"" at that that ""Very a good wanted roads A sorry- have I'm lemonade? here."" came Mr. accepted by suppose somewhere as turned obviously introduction Gatsby Tom, ""I not but Moved said we've remembering.",48,"Mr. a met had before, believe an who Tom, irresistible stranger. “Oh, automobiles—” the gruffly polite, the impulse, “Yeah.” Buchanan.”","Mr. a met had before, believe an who Tom, irresistible stranger. ""Oh, automobiles-"" the gruffly polite, the impulse, ""Yeah."" Buchanan.""",1,"anchor 3017, prefix=48w — break identical across Q21-Q24",0,0,0
gatsby_shuf_ch06,negative,1800-01-01,The Great Gatsby by F. Scott Fitzgerald (word order scrambled) — passage 6,control,negative,negative,gutenberg,Q07,D,Complete this sentence (~2% into the text).,He our Jordan.” your while They upstairs with curve own “Come wheeled,"He our Jordan."" your while They upstairs with curve own ""Come wheeled",12,"expectantly. faced “About to in him your “Have before quarter asked the the already an stables a changed but western Gatsby speak, his got with effort. started mind, down not a Tom and sky. you Gatsby here?” of mile in don’t get idea their we going get town,”","expectantly. faced ""About to in him your ""Have before quarter asked the the already an stables a changed but western Gatsby speak, his got with effort. started mind, down not a Tom and sky. you Gatsby here?"" of mile in don't get idea their we going get town,""",1,sentence 1/7,0,0,0
gatsby_shuf_ch06,negative,1800-01-01,The Great Gatsby by F. Scott Fitzgerald (word order scrambled) — passage 6,control,negative,negative,gutenberg,Q08,D,Complete this sentence (~15% into the text).,He all of sight that behind. leaving see me you pretty pulled,He all of sight that behind. leaving see me you pretty pulled,12,"Maybe me overtook second don’t that what I He him, back believe you suggested.","Maybe me overtook second don't that what I He him, back believe you suggested.",1,sentence 2/7,0,0,0
gatsby_shuf_ch06,negative,1800-01-01,The Great Gatsby by F. Scott Fitzgerald (word order scrambled) — passage 6,control,negative,negative,gutenberg,Q09,D,Complete this sentence (~30% into the text).,Daisy listening Wedding middle Mendelssohn’s married to March ballroom June! the from,Daisy listening Wedding middle Mendelssohn's married to March ballroom June! the from,12,"“Louisville “Imagine marrying June,” of anybody Jordan portentous cried in the we Tennessee.” into and he “Biloxi,”","""Louisville ""Imagine marrying June,"" of anybody Jordan portentous cried in the we Tennessee."" into and he ""Biloxi,""",1,sentence 3/7,0,0,0
gatsby_shuf_ch06,negative,1800-01-01,The Great Gatsby by F. Scott Fitzgerald (word order scrambled) — passage 6,control,negative,negative,gutenberg,Q10,D,Complete this sentence (~45% into the text).,"Jordan, Biloxi, two Who lived was was him ‘Blocks’ he “A fainted,","Jordan, Biloxi, two Who lived was was him 'Blocks' he ""A fainted,",12,"just fact—and appended it doors carried house,” we made from boxes—that’s him out. might added a he any she irreverent, left And three Daddy church.","just fact-and appended it doors carried house,"" we made from boxes-that's him out. might added a he any she irreverent, left And three Daddy church.",1,sentence 4/7,0,0,0
gatsby_shuf_ch06,negative,1800-01-01,The Great Gatsby by F. Scott Fitzgerald (word order scrambled) — passage 6,control,negative,negative,gutenberg,Q11,D,Complete this sentence (~60% into the text).,"Suddenly and the I sob you did I She you “Oh, him","Suddenly and the I sob you did I She you ""Oh, him",12,“I closed. too too.” she opened now—isn’t began that past.” carpet. enough? love love can’t eyes cried much!” to loved and “I what’s Gatsby’s once—but to help want you helplessly.,"""I closed. too too."" she opened now-isn't began that past."" carpet. enough? love love can't eyes cried much!"" to loved and ""I what's Gatsby's once-but to help want you helplessly.",1,sentence 5/7,0,0,0
gatsby_shuf_ch06,negative,1800-01-01,The Great Gatsby by F. Scott Fitzgerald (word order scrambled) — passage 6,control,negative,negative,gutenberg,Q12,D,Complete this sentence (~75% into the text).,I over a first wrong.” said one “What the his That’s about,"I over a first wrong."" said one ""What the his That's about",12,"politely. friend picked Chase guess far the counter. him your it?” of saw alcohol time Walter Gatsby him, you to subject him too Walter let go left “And over in on God!","politely. friend picked Chase guess far the counter. him your it?"" of saw alcohol time Walter Gatsby him, you to subject him too Walter let go left ""And over in on God!",1,sentence 6/7,0,0,0
gatsby_shuf_ch06,negative,1800-01-01,The Great Gatsby by F. Scott Fitzgerald (word order scrambled) — passage 6,control,negative,negative,gutenberg,Q13,D,Complete this sentence (~90% into the text).,Tom started Before but voice thirty. was we seven new a coupé,Tom started Before but voice thirty. was we seven new a coupé,12,"was the me talked portentous, when his I with of and Island. for laughing, stretched o’clock Long the overhead.","was the me talked portentous, when his I with of and Island. for laughing, stretched o'clock Long the overhead.",1,sentence 7/7,0,0,0
gatsby_shuf_ch06,negative,1800-01-01,The Great Gatsby by F. Scott Fitzgerald (word order scrambled) — passage 6,control,negative,negative,gutenberg,Q21,D,"Complete the next 20 words of this passage, verbatim from the text.",to slipped parted examined “Excuse it.”,"to slipped parted examined ""Excuse it.""",6,"I ‘old of chair. here, a sharply. business. Tom,” “What on and Daisy, that the yours, pick said see is?”","I 'old of chair. here, a sharply. business. Tom,"" ""What on and Daisy, that the yours, pick said see is?""",1,"anchor 3239, prefix=6w — break identical across Q21-Q24",0,0,0
gatsby_shuf_ch06,negative,1800-01-01,The Great Gatsby by F. Scott Fitzgerald (word order scrambled) — passage 6,control,negative,negative,gutenberg,Q22,D,"Complete the next 20 words of this passage, verbatim from the text.",whereupon got the telephone splashed silence. to slipped parted examined “Excuse it.”,"whereupon got the telephone splashed silence. to slipped parted examined ""Excuse it.""",12,"I ‘old of chair. here, a sharply. business. Tom,” “What on and Daisy, that the yours, pick said see is?”","I 'old of chair. here, a sharply. business. Tom,"" ""What on and Daisy, that the yours, pick said see is?""",1,"anchor 3239, prefix=12w — break identical across Q21-Q24",0,0,0
gatsby_shuf_ch06,negative,1800-01-01,The Great Gatsby by F. Scott Fitzgerald (word order scrambled) — passage 6,control,negative,negative,gutenberg,Q23,D,"Complete the next 20 words of this passage, verbatim from the text.","whispered, the one from offered. muttered time me”—but no Gatsby its “I’ll whereupon got the telephone splashed silence. to slipped parted examined “Excuse it.”","whispered, the one from offered. muttered time me""-but no Gatsby its ""I'll whereupon got the telephone splashed silence. to slipped parted examined ""Excuse it.""",24,"I ‘old of chair. here, a sharply. business. Tom,” “What on and Daisy, that the yours, pick said see is?”","I 'old of chair. here, a sharply. business. Tom,"" ""What on and Daisy, that the yours, pick said see is?""",1,"anchor 3239, prefix=24w — break identical across Q21-Q24",0,0,0
gatsby_shuf_ch06,negative,1800-01-01,The Great Gatsby by F. Scott Fitzgerald (word order scrambled) — passage 6,control,negative,negative,gutenberg,Q24,D,"Complete the next 20 words of this passage, verbatim from the text.","on He sport?” the the wanted come to bottle nail pick “Hum!” of Jordan The string, and up,” book “I’ve it floor, laughed. this whispered, the one from offered. muttered time me”—but no Gatsby its “I’ll whereupon got the telephone splashed silence. to slipped parted examined “Excuse it.”","on He sport?"" the the wanted come to bottle nail pick ""Hum!"" of Jordan The string, and up,"" book ""I've it floor, laughed. this whispered, the one from offered. muttered time me""-but no Gatsby its ""I'll whereupon got the telephone splashed silence. to slipped parted examined ""Excuse it.""",48,"I ‘old of chair. here, a sharply. business. Tom,” “What on and Daisy, that the yours, pick said see is?”","I 'old of chair. here, a sharply. business. Tom,"" ""What on and Daisy, that the yours, pick said see is?""",1,"anchor 3239, prefix=48w — break identical across Q21-Q24",0,0,0
gatsby_shuf_ch07,negative,1800-01-01,The Great Gatsby by F. Scott Fitzgerald (word order scrambled) — passage 7,control,negative,negative,gutenberg,Q07,D,Complete this sentence (~2% into the text).,I take became said we a intent a resolved over a uttered,I take became said we a intent a resolved over a uttered,12,"sound the into we got wailing the coupé itself as walked over which toward from hollow, of in the out garage, words sound door which issued incessantly and and moan.","sound the into we got wailing the coupé itself as walked over which toward from hollow, of in the out garage, words sound door which issued incessantly and and moan.",1,sentence 1/6,0,0,0
gatsby_shuf_ch07,negative,1800-01-01,The Great Gatsby by F. Scott Fitzgerald (word order scrambled) — passage 7,control,negative,negative,gutenberg,Q08,D,Complete this sentence (~15% into the text).,I take became said we a intent a resolved over a uttered,I take became said we a intent a resolved over a uttered,12,"sound the into we got wailing the coupé itself as walked over which toward from hollow, of in the out garage, words sound door which issued incessantly and and moan.","sound the into we got wailing the coupé itself as walked over which toward from hollow, of in the out garage, words sound door which issued incessantly and and moan.",1,sentence 1/6,0,0,0
gatsby_shuf_ch07,negative,1800-01-01,The Great Gatsby by F. Scott Fitzgerald (word order scrambled) — passage 7,control,negative,negative,gutenberg,Q09,D,Complete this sentence (~30% into the text).,New.” the “It and going the “big but the me here faster’n,"New."" the ""It and going the ""big but the me here faster'n",12,near. asked was yellow let’s have name. down Going accident?” forty.,"near. asked was yellow let's have name. down Going accident?"" forty.",1,sentence 2/6,0,0,0
gatsby_shuf_ch07,negative,1800-01-01,The Great Gatsby by F. Scott Fitzgerald (word order scrambled) — passage 7,control,negative,negative,gutenberg,Q10,D,Complete this sentence (~45% into the text).,"A gravely, and As phrases. can the do a him, porch nothing","A gravely, and As phrases. can the do a him, porch nothing",12,"spoke brisk to he moonlight we Jordan better waiting take them a kitchen in you you “No, the for I’d you’re you go home, want be and any.” you supper—if “Come get in.”","spoke brisk to he moonlight we Jordan better waiting take them a kitchen in you you ""No, the for I'd you're you go home, want be and any."" you supper-if ""Come get in.""",1,sentence 3/6,0,0,0
gatsby_shuf_ch07,negative,1800-01-01,The Great Gatsby by F. Scott Fitzgerald (word order scrambled) — passage 7,control,negative,negative,gutenberg,Q11,D,Complete this sentence (~60% into the text).,"The drawing-room if I a window. night was the three a drawn,","The drawing-room if I a window. night was the three a drawn,",12,"porch small before, guessed had rectangle where the at empty.","porch small before, guessed had rectangle where the at empty.",1,sentence 4/6,0,0,0
gatsby_shuf_ch07,negative,1800-01-01,The Great Gatsby by F. Scott Fitzgerald (word order scrambled) — passage 7,control,negative,negative,gutenberg,Q12,D,Complete this sentence (~75% into the text).,"God!” a had his “Oh, wife before, saying began Wilson might he","God!"" a had his ""Oh, wife before, saying began Wilson might he",12,conceivably have several his did?” has in “Then said Wilson.,"conceivably have several his did?"" has in ""Then said Wilson.",1,sentence 5/6,0,0,0
gatsby_shuf_ch07,negative,1800-01-01,The Great Gatsby by F. Scott Fitzgerald (word order scrambled) — passage 7,control,negative,negative,gutenberg,Q13,D,Complete this sentence (~90% into the text).,It definitely. thing a these the had him seen wouldn’t rather it,It definitely. thing a these the had him seen wouldn't rather it,12,"but had this was been He there hadn’t her occurred believed him that in special Michaelis significance Mrs. that Wilson stop.” any to he from husband, and speak to away it. running to too, to as that rock twisting the “She’s again, “Ah-h-h—”","but had this was been He there hadn't her occurred believed him that in special Michaelis significance Mrs. that Wilson stop."" any to he from husband, and speak to away it. running to too, to as that rock twisting the ""She's again, ""Ah-h-h-""",1,sentence 6/6,0,0,0
gatsby_shuf_ch07,negative,1800-01-01,The Great Gatsby by F. Scott Fitzgerald (word order scrambled) — passage 7,control,negative,negative,gutenberg,Q21,D,"Complete the next 20 words of this passage, verbatim from the text.",now—there him worried the of instead.,now-there him worried the of instead.,6,Oxford armistice of quality a to some tried complication the command get sent After machine-guns. and misunderstanding but he was,Oxford armistice of quality a to some tried complication the command get sent After machine-guns. and misunderstanding but he was,1,"anchor 3451, prefix=6w — break identical across Q21-Q24",0,0,0
gatsby_shuf_ch07,negative,1800-01-01,The Great Gatsby by F. Scott Fitzgerald (word order scrambled) — passage 7,control,negative,negative,gutenberg,Q22,D,"Complete the next 20 words of this passage, verbatim from the text.","he nervous divisional home, despair frantically now—there him worried the of instead.","he nervous divisional home, despair frantically now-there him worried the of instead.",12,Oxford armistice of quality a to some tried complication the command get sent After machine-guns. and misunderstanding but he was,Oxford armistice of quality a to some tried complication the command get sent After machine-guns. and misunderstanding but he was,1,"anchor 3451, prefix=12w — break identical across Q21-Q24",0,0,0
gatsby_shuf_ch07,negative,1800-01-01,The Great Gatsby by F. Scott Fitzgerald (word order scrambled) — passage 7,control,negative,negative,gutenberg,Q23,D,"Complete the next 20 words of this passage, verbatim from the text.","He his she to he end of in though went following the he nervous divisional home, despair frantically now—there him worried the of instead.","He his she to he end of in though went following the he nervous divisional home, despair frantically now-there him worried the of instead.",24,Oxford armistice of quality a to some tried complication the command get sent After machine-guns. and misunderstanding but he was,Oxford armistice of quality a to some tried complication the command get sent After machine-guns. and misunderstanding but he was,1,"anchor 3451, prefix=24w — break identical across Q21-Q24",0,0,0
gatsby_shuf_ch07,negative,1800-01-01,The Great Gatsby by F. Scott Fitzgerald (word order scrambled) — passage 7,control,negative,negative,gutenberg,Q24,D,"Complete the next 20 words of this passage, verbatim from the text.","the before the got front, well extraordinarily gently, ------------------------------------------------------------------------ was as touched did fingers, were he and battles asleep. captain a her He majority He his she to he end of in though went following the he nervous divisional home, despair frantically now—there him worried the of instead.","the before the got front, well extraordinarily gently, ------------------------------------------------------------------------ was as touched did fingers, were he and battles asleep. captain a her He majority He his she to he end of in though went following the he nervous divisional home, despair frantically now-there him worried the of instead.",48,Oxford armistice of quality a to some tried complication the command get sent After machine-guns. and misunderstanding but he was,Oxford armistice of quality a to some tried complication the command get sent After machine-guns. and misunderstanding but he was,1,"anchor 3451, prefix=48w — break identical across Q21-Q24",0,0,0
gatsby_shuf_ch08,negative,1800-01-01,The Great Gatsby by F. Scott Fitzgerald (word order scrambled) — passage 8,control,negative,negative,gutenberg,Q07,D,Complete this sentence (~2% into the text).,I answer Wolfshiem Wolfshiem’s back and When noon—but solidarity except to arrived,I answer Wolfshiem Wolfshiem's back and When noon-but solidarity except to arrived,12,feeling wire brought neither newspaper to most against them as true the act at me Such of hardly all. mad man has and a one my of all.,feeling wire brought neither newspaper to most against them as true the act at me Such of hardly all. mad man has and a one my of all.,1,sentence 1/9,0,0,0
gatsby_shuf_ch08,negative,1800-01-01,The Great Gatsby by F. Scott Fitzgerald (word order scrambled) — passage 8,control,negative,negative,gutenberg,Q08,D,Complete this sentence (~15% into the text).,Dear that can been I This is this us and cannot come,Dear that can been I This is this us and cannot come,12,up mixed If cannot anything make some in can did very as now. am thing I now business a think.,up mixed If cannot anything make some in can did very as now. am thing I now business a think.,1,sentence 2/9,0,0,0
gatsby_shuf_ch08,negative,1800-01-01,The Great Gatsby by F. Scott Fitzgerald (word order scrambled) — passage 8,control,negative,negative,gutenberg,Q09,D,Complete this sentence (~30% into the text).,"Carraway,” said. friend was I “This sounded another too, at for in","Carraway,"" said. friend was I ""This sounded another too, at for in",12,"it so the He to be “Oh!” sightseeing wish “Three said. were up interested.” a hard o’clock, you’d hastily.","it so the He to be ""Oh!"" sightseeing wish ""Three said. were up interested."" a hard o'clock, you'd hastily.",1,sentence 3/9,0,0,0
gatsby_shuf_ch08,negative,1800-01-01,The Great Gatsby by F. Scott Fitzgerald (word order scrambled) — passage 8,control,negative,negative,gutenberg,Q10,D,Complete this sentence (~45% into the text).,"I Forty-third for half Street me,’ hour.” have a with young away","I Forty-third for half Street me,' hour."" have a with young away",12,"made the when I he out of him! gutter. me and in gentlemanly a him.” raised “I inquired. start “Start out was saw nothing, “Oh.”","made the when I he out of him! gutter. me and in gentlemanly a him."" raised ""I inquired. start ""Start out was saw nothing, ""Oh.""",1,sentence 5/9,0,0,0
gatsby_shuf_ch08,negative,1800-01-01,The Great Gatsby by F. Scott Fitzgerald (word order scrambled) — passage 8,control,negative,negative,gutenberg,Q11,D,Complete this sentence (~60% into the text).,"I it,” mixed it—I a in any up never like all to","I it,"" mixed it-I a in any up never like all to",12,get way. in mixed killed man out. gets I “There’s up in nothing said.,"get way. in mixed killed man out. gets I ""There's up in nothing said.",1,sentence 6/9,0,0,0
gatsby_shuf_ch08,negative,1800-01-01,The Great Gatsby by F. Scott Fitzgerald (word order scrambled) — passage 8,control,negative,negative,gutenberg,Q12,D,Complete this sentence (~75% into the text).,I and stiff home. to of before when air blue wet to,I and stiff home. to of before when air blue wet to,12,"in blew the the be the left, back So done brittle an was I line come was the one leaves thing smoke decided laundry wind on the There over have wanted that awkward, sweep and away.","in blew the the be the left, back So done brittle an was I line come was the one leaves thing smoke decided laundry wind on the There over have wanted that awkward, sweep and away.",1,sentence 7/9,0,0,0
gatsby_shuf_ch08,negative,1800-01-01,The Great Gatsby by F. Scott Fitzgerald (word order scrambled) — passage 8,control,negative,negative,gutenberg,Q13,D,Complete this sentence (~90% into the text).,Just hand. and frowning and into to and he holding of windows,Just hand. and frowning and into to and he holding of windows,12,"walked out him up Suddenly began adapting restless me jewellery to as you.” think “Tom,” with said you the don’t to You object matter “What’s inquired, Do I know “You’re with the he you.”","walked out him up Suddenly began adapting restless me jewellery to as you."" think ""Tom,"" with said you the don't to You object matter ""What's inquired, Do I know ""You're with the he you.""",1,sentence 9/9,0,0,0
gatsby_shuf_ch08,negative,1800-01-01,The Great Gatsby by F. Scott Fitzgerald (word order scrambled) — passage 8,control,negative,negative,gutenberg,Q21,D,"Complete the next 20 words of this passage, verbatim from the text.","“Start out was saw nothing, “Oh.”","""Start out was saw nothing, ""Oh.""",6,"I right he up I told right man, him business?” him fine-appearing, of could I a American at I there.","I right he up I told right man, him business?"" him fine-appearing, of could I a American at I there.",1,"anchor 3027, prefix=6w — break identical across Q21-Q24",0,0,0
gatsby_shuf_ch08,negative,1800-01-01,The Great Gatsby by F. Scott Fitzgerald (word order scrambled) — passage 8,control,negative,negative,gutenberg,Q22,D,"Complete the next 20 words of this passage, verbatim from the text.","a him.” raised “I inquired. start “Start out was saw nothing, “Oh.”","a him."" raised ""I inquired. start ""Start out was saw nothing, ""Oh.""",12,"I right he up I told right man, him business?” him fine-appearing, of could I a American at I there.","I right he up I told right man, him business?"" him fine-appearing, of could I a American at I there.",1,"anchor 3027, prefix=12w — break identical across Q21-Q24",0,0,0
gatsby_shuf_ch08,negative,1800-01-01,The Great Gatsby by F. Scott Fitzgerald (word order scrambled) — passage 8,control,negative,negative,gutenberg,Q23,D,"Complete the next 20 words of this passage, verbatim from the text.","the when I he out of him! gutter. me and in gentlemanly a him.” raised “I inquired. start “Start out was saw nothing, “Oh.”","the when I he out of him! gutter. me and in gentlemanly a him."" raised ""I inquired. start ""Start out was saw nothing, ""Oh.""",24,"I right he up I told right man, him business?” him fine-appearing, of could I a American at I there.","I right he up I told right man, him business?"" him fine-appearing, of could I a American at I there.",1,"anchor 3027, prefix=24w — break identical across Q21-Q24",0,0,0
gatsby_shuf_ch08,negative,1800-01-01,The Great Gatsby by F. Scott Fitzgerald (word order scrambled) — passage 8,control,negative,negative,gutenberg,Q24,D,"Complete the next 20 words of this passage, verbatim from the text.","and He on an hadn’t days. more a “Did job. said. I Forty-third for half Street me,’ hour.” have a with young away made the when I he out of him! gutter. me and in gentlemanly a him.” raised “I inquired. start “Start out was saw nothing, “Oh.”","and He on an hadn't days. more a ""Did job. said. I Forty-third for half Street me,' hour."" have a with young away made the when I he out of him! gutter. me and in gentlemanly a him."" raised ""I inquired. start ""Start out was saw nothing, ""Oh.""",48,"I right he up I told right man, him business?” him fine-appearing, of could I a American at I there.","I right he up I told right man, him business?"" him fine-appearing, of could I a American at I there.",1,"anchor 3027, prefix=48w — break identical across Q21-Q24",0,0,0
mobydick_ch01,positive,1800-01-01,Moby-Dick by Herman Melville — passage 1,control,positive,positive,gutenberg,Q07,D,Complete this sentence (~2% into the text).,But gulp down your tears and hie aloft to the royal-mast with,But gulp down your tears and hie aloft to the royal-mast with,12,"your hearts; for your friends who have gone before are clearing out the seven-storied heavens, and making refugees of long-pampered Gabriel, Michael, and Raphael, against your coming.","your hearts; for your friends who have gone before are clearing out the seven-storied heavens, and making refugees of long-pampered Gabriel, Michael, and Raphael, against your coming.",1,sentence 9/408,0,0,0
mobydick_ch01,positive,1800-01-01,Moby-Dick by Herman Melville — passage 1,control,positive,positive,gutenberg,Q08,D,Complete this sentence (~15% into the text).,"Too expensive and jolly, again thought I, pausing one moment to watch","Too expensive and jolly, again thought I, pausing one moment to watch",12,"the broad glare in the street, and hear the sounds of the tinkling glasses within.","the broad glare in the street, and hear the sounds of the tinkling glasses within.",1,sentence 62/408,0,0,0
mobydick_ch01,positive,1800-01-01,Moby-Dick by Herman Melville — passage 1,control,positive,positive,gutenberg,Q09,D,Complete this sentence (~30% into the text).,"I now took the measure of the bench, and found that it","I now took the measure of the bench, and found that it",12,was a foot too short; but that could be mended with a chair.,was a foot too short; but that could be mended with a chair.,1,sentence 123/408,0,0,0
mobydick_ch01,positive,1800-01-01,Moby-Dick by Herman Melville — passage 1,control,positive,positive,gutenberg,Q10,D,Complete this sentence (~45% into the text).,And it was so light too; the sun shining in at the,And it was so light too; the sun shining in at the,12,"window, and a great rattling of coaches in the streets, and the sound of gay voices all over the house.","window, and a great rattling of coaches in the streets, and the sound of gay voices all over the house.",1,sentence 184/408,0,0,0
mobydick_ch01,positive,1800-01-01,Moby-Dick by Herman Melville — passage 1,control,positive,positive,gutenberg,Q11,D,Complete this sentence (~60% into the text).,Oh! ye whose dead lie buried beneath the green grass; who standing,Oh! ye whose dead lie buried beneath the green grass; who standing,12,"among flowers can say—here, _here_ lies my beloved; ye know not the desolation that broods in bosoms like these.","among flowers can say-here, _here_ lies my beloved; ye know not the desolation that broods in bosoms like these.",1,sentence 245/408,0,0,0
mobydick_ch01,positive,1800-01-01,Moby-Dick by Herman Melville — passage 1,control,positive,positive,gutenberg,Q12,D,Complete this sentence (~75% into the text).,He goes down in the whirling heart of such a masterless commotion,He goes down in the whirling heart of such a masterless commotion,12,"that he scarce heeds the moment when he drops seething into the yawning jaws awaiting him; and the whale shoots-to all his ivory teeth, like so many white bolts, upon his prison.","that he scarce heeds the moment when he drops seething into the yawning jaws awaiting him; and the whale shoots-to all his ivory teeth, like so many white bolts, upon his prison.",1,sentence 307/408,0,0,0
mobydick_ch01,positive,1800-01-01,Moby-Dick by Herman Melville — passage 1,control,positive,positive,gutenberg,Q13,D,Complete this sentence (~90% into the text).,When a new-hatched savage running wild about his native woodlands in a,When a new-hatched savage running wild about his native woodlands in a,12,"grass clout, followed by the nibbling goats, as if he were a green sapling; even then, in Queequeg’s ambitious soul, lurked a strong desire to see something more of Christendom than a specimen whaler or two.","grass clout, followed by the nibbling goats, as if he were a green sapling; even then, in Queequeg's ambitious soul, lurked a strong desire to see something more of Christendom than a specimen whaler or two.",1,sentence 368/408,0,0,0
mobydick_ch01,positive,1800-01-01,Moby-Dick by Herman Melville — passage 1,control,positive,positive,gutenberg,Q21,D,"Complete the next 20 words of this passage, verbatim from the text.",of astonishment he began feeling me.,of astonishment he began feeling me.,6,"Stammering out something, I knew not what, I rolled away from him against the wall, and then conjured him, whoever","Stammering out something, I knew not what, I rolled away from him against the wall, and then conjured him, whoever",1,"anchor 13300, prefix=6w — break identical across Q21-Q24",0,0,0
mobydick_ch01,positive,1800-01-01,Moby-Dick by Herman Melville — passage 1,control,positive,positive,gutenberg,Q22,D,"Complete the next 20 words of this passage, verbatim from the text.",now; and giving a sudden grunt of astonishment he began feeling me.,now; and giving a sudden grunt of astonishment he began feeling me.,12,"Stammering out something, I knew not what, I rolled away from him against the wall, and then conjured him, whoever","Stammering out something, I knew not what, I rolled away from him against the wall, and then conjured him, whoever",1,"anchor 13300, prefix=12w — break identical across Q21-Q24",0,0,0
mobydick_ch01,positive,1800-01-01,Moby-Dick by Herman Melville — passage 1,control,positive,positive,gutenberg,Q23,D,"Complete the next 20 words of this passage, verbatim from the text.","into bed with me. I sang out, I could not help it now; and giving a sudden grunt of astonishment he began feeling me.","into bed with me. I sang out, I could not help it now; and giving a sudden grunt of astonishment he began feeling me.",24,"Stammering out something, I knew not what, I rolled away from him against the wall, and then conjured him, whoever","Stammering out something, I knew not what, I rolled away from him against the wall, and then conjured him, whoever",1,"anchor 13300, prefix=24w — break identical across Q21-Q24",0,0,0
mobydick_ch01,positive,1800-01-01,Moby-Dick by Herman Melville — passage 1,control,positive,positive,gutenberg,Q24,D,"Complete the next 20 words of this passage, verbatim from the text.","he puffed out great clouds of tobacco smoke. The next moment the light was extinguished, and this wild cannibal, tomahawk between his teeth, sprang into bed with me. I sang out, I could not help it now; and giving a sudden grunt of astonishment he began feeling me.","he puffed out great clouds of tobacco smoke. The next moment the light was extinguished, and this wild cannibal, tomahawk between his teeth, sprang into bed with me. I sang out, I could not help it now; and giving a sudden grunt of astonishment he began feeling me.",48,"Stammering out something, I knew not what, I rolled away from him against the wall, and then conjured him, whoever","Stammering out something, I knew not what, I rolled away from him against the wall, and then conjured him, whoever",1,"anchor 13300, prefix=48w — break identical across Q21-Q24",0,0,0
mobydick_ch02,positive,1800-01-01,Moby-Dick by Herman Melville — passage 2,control,positive,positive,gutenberg,Q07,D,Complete this sentence (~2% into the text).,"Shooting himself perpendicularly from the water, Queequeg, now took an instant’s glance","Shooting himself perpendicularly from the water, Queequeg, now took an instant's glance",12,"around him, and seeming to see just how matters were, dived down and disappeared.","around him, and seeming to see just how matters were, dived down and disappeared.",1,sentence 8/385,0,0,0
mobydick_ch02,positive,1800-01-01,Moby-Dick by Herman Melville — passage 2,control,positive,positive,gutenberg,Q08,D,Complete this sentence (~15% into the text).,"Dost see that leg?—I’ll take that leg away from thy stern, if","Dost see that leg?-I'll take that leg away from thy stern, if",12,ever thou talkest of the marchant service to me again.,ever thou talkest of the marchant service to me again.,1,sentence 58/385,0,0,0
mobydick_ch02,positive,1800-01-01,Moby-Dick by Herman Melville — passage 2,control,positive,positive,gutenberg,Q09,D,Complete this sentence (~30% into the text).,I was surprised to behold resting against the wall the wooden shaft,I was surprised to behold resting against the wall the wooden shaft,12,"of Queequeg’s harpoon, which the landlady the evening previous had taken from him, before our mounting to the chamber.","of Queequeg's harpoon, which the landlady the evening previous had taken from him, before our mounting to the chamber.",1,sentence 116/385,0,0,0
mobydick_ch02,positive,1800-01-01,Moby-Dick by Herman Melville — passage 2,control,positive,positive,gutenberg,Q10,D,Complete this sentence (~45% into the text).,At one time she would come on board with a jar of,At one time she would come on board with a jar of,12,"pickles for the steward’s pantry; another time with a bunch of quills for the chief mate’s desk, where he kept his log; a third time with a roll of flannel for the small of some one’s rheumatic back.","pickles for the steward's pantry; another time with a bunch of quills for the chief mate's desk, where he kept his log; a third time with a roll of flannel for the small of some one's rheumatic back.",1,sentence 174/385,0,0,0
mobydick_ch02,positive,1800-01-01,Moby-Dick by Herman Melville — passage 2,control,positive,positive,gutenberg,Q11,D,Complete this sentence (~60% into the text).,"They may celebrate as they will the heroes of Exploring Expeditions, your","They may celebrate as they will the heroes of Exploring Expeditions, your",12,"Cooks, your Krusensterns; but I say that scores of anonymous Captains have sailed out of Nantucket, that were as great, and greater than your Cook and your Krusenstern.","Cooks, your Krusensterns; but I say that scores of anonymous Captains have sailed out of Nantucket, that were as great, and greater than your Cook and your Krusenstern.",1,sentence 232/385,0,0,0
mobydick_ch02,positive,1800-01-01,Moby-Dick by Herman Melville — passage 2,control,positive,positive,gutenberg,Q12,D,Complete this sentence (~75% into the text).,But no longer snuffing in the trail of the wild beasts of,But no longer snuffing in the trail of the wild beasts of,12,"the woodland, Tashtego now hunted in the wake of the great whales of the sea; the unerring harpoon of the son fitly replacing the infallible arrow of the sires.","the woodland, Tashtego now hunted in the wake of the great whales of the sea; the unerring harpoon of the son fitly replacing the infallible arrow of the sires.",1,sentence 289/385,0,0,0
mobydick_ch02,positive,1800-01-01,Moby-Dick by Herman Melville — passage 2,control,positive,positive,gutenberg,Q13,D,Complete this sentence (~90% into the text).,"Here have I been unconsciously toiling, not pleasuring—aye, and ignorantly smoking to","Here have I been unconsciously toiling, not pleasuring-aye, and ignorantly smoking to",12,"windward all the while; to windward, and with such nervous whiffs, as if, like the dying whale, my final jets were the strongest and fullest of trouble.","windward all the while; to windward, and with such nervous whiffs, as if, like the dying whale, my final jets were the strongest and fullest of trouble.",1,sentence 347/385,0,0,0
mobydick_ch02,positive,1800-01-01,Moby-Dick by Herman Melville — passage 2,control,positive,positive,gutenberg,Q21,D,"Complete the next 20 words of this passage, verbatim from the text.","Charity—Aunt Charity, as everybody called her.","Charity-Aunt Charity, as everybody called her.",6,"And like a sister of charity did this charitable Aunt Charity bustle about hither and thither, ready to turn her","And like a sister of charity did this charitable Aunt Charity bustle about hither and thither, ready to turn her",1,"anchor 13308, prefix=6w — break identical across Q21-Q24",0,0,0
mobydick_ch02,positive,1800-01-01,Moby-Dick by Herman Melville — passage 2,control,positive,positive,gutenberg,Q22,D,"Complete the next 20 words of this passage, verbatim from the text.","better deserve her name, which was Charity—Aunt Charity, as everybody called her.","better deserve her name, which was Charity-Aunt Charity, as everybody called her.",12,"And like a sister of charity did this charitable Aunt Charity bustle about hither and thither, ready to turn her","And like a sister of charity did this charitable Aunt Charity bustle about hither and thither, ready to turn her",1,"anchor 13308, prefix=12w — break identical across Q21-Q24",0,0,0
mobydick_ch02,positive,1800-01-01,Moby-Dick by Herman Melville — passage 2,control,positive,positive,gutenberg,Q23,D,"Complete the next 20 words of this passage, verbatim from the text.","for the small of some one’s rheumatic back. Never did any woman better deserve her name, which was Charity—Aunt Charity, as everybody called her.","for the small of some one's rheumatic back. Never did any woman better deserve her name, which was Charity-Aunt Charity, as everybody called her.",24,"And like a sister of charity did this charitable Aunt Charity bustle about hither and thither, ready to turn her","And like a sister of charity did this charitable Aunt Charity bustle about hither and thither, ready to turn her",1,"anchor 13308, prefix=24w — break identical across Q21-Q24",0,0,0
mobydick_ch02,positive,1800-01-01,Moby-Dick by Herman Melville — passage 2,control,positive,positive,gutenberg,Q24,D,"Complete the next 20 words of this passage, verbatim from the text.","time with a bunch of quills for the chief mate’s desk, where he kept his log; a third time with a roll of flannel for the small of some one’s rheumatic back. Never did any woman better deserve her name, which was Charity—Aunt Charity, as everybody called her.","time with a bunch of quills for the chief mate's desk, where he kept his log; a third time with a roll of flannel for the small of some one's rheumatic back. Never did any woman better deserve her name, which was Charity-Aunt Charity, as everybody called her.",48,"And like a sister of charity did this charitable Aunt Charity bustle about hither and thither, ready to turn her","And like a sister of charity did this charitable Aunt Charity bustle about hither and thither, ready to turn her",1,"anchor 13308, prefix=48w — break identical across Q21-Q24",0,0,0
mobydick_ch03,positive,1800-01-01,Moby-Dick by Herman Melville — passage 3,control,positive,positive,gutenberg,Q07,D,Complete this sentence (~2% into the text).,"When, as I opine, in the course of time, the true nature","When, as I opine, in the course of time, the true nature",12,"of spermaceti became known, its original name was still retained by the dealers; no doubt to enhance its value by a notion so strangely significant of its scarcity.","of spermaceti became known, its original name was still retained by the dealers; no doubt to enhance its value by a notion so strangely significant of its scarcity.",1,sentence 9/400,0,0,0
mobydick_ch03,positive,1800-01-01,Moby-Dick by Herman Melville — passage 3,control,positive,positive,gutenberg,Q08,D,Complete this sentence (~15% into the text).,"I call him thus, because he always swims in hilarious shoals, which","I call him thus, because he always swims in hilarious shoals, which",12,upon the broad sea keep tossing themselves to heaven like caps in a Fourth-of-July crowd.,upon the broad sea keep tossing themselves to heaven like caps in a Fourth-of-July crowd.,1,sentence 61/400,0,0,0
mobydick_ch03,positive,1800-01-01,Moby-Dick by Herman Melville — passage 3,control,positive,positive,gutenberg,Q09,D,Complete this sentence (~30% into the text).,"Nor did the whetstone which the harpooneers carried in their pockets, for","Nor did the whetstone which the harpooneers carried in their pockets, for",12,"their lances and other weapons; and with which whetstones, at dinner, they would ostentatiously sharpen their knives; that grating sound did not at all tend to tranquillize poor Dough-Boy.","their lances and other weapons; and with which whetstones, at dinner, they would ostentatiously sharpen their knives; that grating sound did not at all tend to tranquillize poor Dough-Boy.",1,sentence 121/400,0,0,0
mobydick_ch03,positive,1800-01-01,Moby-Dick by Herman Melville — passage 3,control,positive,positive,gutenberg,Q10,D,Complete this sentence (~45% into the text).,That inscrutable thing is chiefly what I hate; and be the white,That inscrutable thing is chiefly what I hate; and be the white,12,"whale agent, or be the white whale principal, I will wreak that hate upon him.","whale agent, or be the white whale principal, I will wreak that hate upon him.",1,sentence 181/400,0,0,0
mobydick_ch03,positive,1800-01-01,Moby-Dick by Herman Melville — passage 3,control,positive,positive,gutenberg,Q11,D,Complete this sentence (~60% into the text).,And however the general experiences in the fishery may amend such reports,And however the general experiences in the fishery may amend such reports,12,"as these; yet in their full terribleness, even to the bloodthirsty item of Povelson, the superstitious belief in them is, in some vicissitudes of their vocation, revived in the minds of the hunters.","as these; yet in their full terribleness, even to the bloodthirsty item of Povelson, the superstitious belief in them is, in some vicissitudes of their vocation, revived in the minds of the hunters.",1,sentence 241/400,0,0,0
mobydick_ch03,positive,1800-01-01,Moby-Dick by Herman Melville — passage 3,control,positive,positive,gutenberg,Q12,D,Complete this sentence (~75% into the text).,"A most imperial and archangelical apparition of that unfallen, western world, which","A most imperial and archangelical apparition of that unfallen, western world, which",12,"to the eyes of the old trappers and hunters revived the glories of those primeval times when Adam walked majestic as a god, bluff-browed and fearless as this mighty steed.","to the eyes of the old trappers and hunters revived the glories of those primeval times when Adam walked majestic as a god, bluff-browed and fearless as this mighty steed.",1,sentence 301/400,0,0,0
mobydick_ch03,positive,1800-01-01,Moby-Dick by Herman Melville — passage 3,control,positive,positive,gutenberg,Q13,D,Complete this sentence (~90% into the text).,"Yet the premature hour of the Pequod’s sailing had, perhaps, been correctly","Yet the premature hour of the Pequod's sailing had, perhaps, been correctly",12,"selected by Ahab, with a view to this very complexion of things.","selected by Ahab, with a view to this very complexion of things.",1,sentence 361/400,0,0,0
mobydick_ch03,positive,1800-01-01,Moby-Dick by Herman Melville — passage 3,control,positive,positive,gutenberg,Q21,D,"Complete the next 20 words of this passage, verbatim from the text.",all your horribles! I feel funny.,all your horribles! I feel funny.,6,"Fa, la! lirra, skirra! What’s my juicy little pear at home doing now? Crying its eyes out?—Giving a party to","Fa, la! lirra, skirra! What's my juicy little pear at home doing now? Crying its eyes out?-Giving a party to",1,"anchor 13299, prefix=6w — break identical across Q21-Q24",0,0,0
mobydick_ch03,positive,1800-01-01,Moby-Dick by Herman Melville — passage 3,control,positive,positive,gutenberg,Q22,D,"Complete the next 20 words of this passage, verbatim from the text.",a waggish leering as lurks in all your horribles! I feel funny.,a waggish leering as lurks in all your horribles! I feel funny.,12,"Fa, la! lirra, skirra! What’s my juicy little pear at home doing now? Crying its eyes out?—Giving a party to","Fa, la! lirra, skirra! What's my juicy little pear at home doing now? Crying its eyes out?-Giving a party to",1,"anchor 13299, prefix=12w — break identical across Q21-Q24",0,0,0
mobydick_ch03,positive,1800-01-01,Moby-Dick by Herman Melville — passage 3,control,positive,positive,gutenberg,Q23,D,"Complete the next 20 words of this passage, verbatim from the text.","but be it what it will, I’ll go to it laughing. Such a waggish leering as lurks in all your horribles! I feel funny.","but be it what it will, I'll go to it laughing. Such a waggish leering as lurks in all your horribles! I feel funny.",24,"Fa, la! lirra, skirra! What’s my juicy little pear at home doing now? Crying its eyes out?—Giving a party to","Fa, la! lirra, skirra! What's my juicy little pear at home doing now? Crying its eyes out?-Giving a party to",1,"anchor 13299, prefix=24w — break identical across Q21-Q24",0,0,0
mobydick_ch03,positive,1800-01-01,Moby-Dick by Herman Melville — passage 3,control,positive,positive,gutenberg,Q24,D,"Complete the next 20 words of this passage, verbatim from the text.","saw it. Well, Stubb, _wise_ Stubb—that’s my title—well, Stubb, what of it, Stubb? Here’s a carcase. I know not all that may be coming, but be it what it will, I’ll go to it laughing. Such a waggish leering as lurks in all your horribles! I feel funny.","saw it. Well, Stubb, _wise_ Stubb-that's my title-well, Stubb, what of it, Stubb? Here's a carcase. I know not all that may be coming, but be it what it will, I'll go to it laughing. Such a waggish leering as lurks in all your horribles! I feel funny.",48,"Fa, la! lirra, skirra! What’s my juicy little pear at home doing now? Crying its eyes out?—Giving a party to","Fa, la! lirra, skirra! What's my juicy little pear at home doing now? Crying its eyes out?-Giving a party to",1,"anchor 13299, prefix=48w — break identical across Q21-Q24",0,0,0
mobydick_ch04,positive,1800-01-01,Moby-Dick by Herman Melville — passage 4,control,positive,positive,gutenberg,Q07,D,Complete this sentence (~2% into the text).,"Now, the Captain D’Wolf here alluded to as commanding the ship in","Now, the Captain D'Wolf here alluded to as commanding the ship in",12,"question, is a New Englander, who, after a long life of unusual adventures as a sea-captain, this day resides in the village of Dorchester near Boston.","question, is a New Englander, who, after a long life of unusual adventures as a sea-captain, this day resides in the village of Dorchester near Boston.",1,sentence 9/411,0,0,0
mobydick_ch04,positive,1800-01-01,Moby-Dick by Herman Melville — passage 4,control,positive,positive,gutenberg,Q08,D,Complete this sentence (~15% into the text).,"But strangely crowning this ebonness was a glistening white plaited turban, the","But strangely crowning this ebonness was a glistening white plaited turban, the",12,living hair braided and coiled round and round upon his head.,living hair braided and coiled round and round upon his head.,1,sentence 62/411,0,0,0
mobydick_ch04,positive,1800-01-01,Moby-Dick by Herman Melville — passage 4,control,positive,positive,gutenberg,Q09,D,Complete this sentence (~30% into the text).,"He bolts down all events, all creeds, and beliefs, and persuasions, all","He bolts down all events, all creeds, and beliefs, and persuasions, all",12,"hard things visible and invisible, never mind how knobby; as an ostrich of potent digestion gobbles down bullets and gun flints.","hard things visible and invisible, never mind how knobby; as an ostrich of potent digestion gobbles down bullets and gun flints.",1,sentence 124/411,0,0,0
mobydick_ch04,positive,1800-01-01,Moby-Dick by Herman Melville — passage 4,control,positive,positive,gutenberg,Q10,D,Complete this sentence (~45% into the text).,"But all this might remain inadequately estimated, were not something said here","But all this might remain inadequately estimated, were not something said here",12,"of the peculiar usages of whaling-vessels when meeting each other in foreign seas, and especially on a common cruising-ground.","of the peculiar usages of whaling-vessels when meeting each other in foreign seas, and especially on a common cruising-ground.",1,sentence 185/411,0,0,0
mobydick_ch04,positive,1800-01-01,Moby-Dick by Herman Melville — passage 4,control,positive,positive,gutenberg,Q11,D,Complete this sentence (~60% into the text).,"Seeing, however, that his forbearance had not the slightest effect, by an","Seeing, however, that his forbearance had not the slightest effect, by an",12,awful and unspeakable intimation with his twisted hand he warned off the foolish and infatuated man; but it was to no purpose.,awful and unspeakable intimation with his twisted hand he warned off the foolish and infatuated man; but it was to no purpose.,1,sentence 247/411,0,0,0
mobydick_ch04,positive,1800-01-01,Moby-Dick by Herman Melville — passage 4,control,positive,positive,gutenberg,Q12,D,Complete this sentence (~75% into the text).,George’s; ever since then has something of the same sort of license,George's; ever since then has something of the same sort of license,12,"prevailed, not only in most popular pictures of the whale, but in many scientific presentations of him.","prevailed, not only in most popular pictures of the whale, but in many scientific presentations of him.",1,sentence 309/411,0,0,0
mobydick_ch04,positive,1800-01-01,Moby-Dick by Herman Melville — passage 4,control,positive,positive,gutenberg,Q13,D,Complete this sentence (~90% into the text).,"Any time these ten years, they tell me, has that man held","Any time these ten years, they tell me, has that man held",12,"up that picture, and exhibited that stump to an incredulous world.","up that picture, and exhibited that stump to an incredulous world.",1,sentence 370/411,0,0,0
mobydick_ch04,positive,1800-01-01,Moby-Dick by Herman Melville — passage 4,control,positive,positive,gutenberg,Q21,D,"Complete the next 20 words of this passage, verbatim from the text.",never transpired abaft the Pequod’s main-mast.,never transpired abaft the Pequod's main-mast.,6,"Interweaving in its proper place this darker thread with the story as publicly narrated on the ship, the whole of","Interweaving in its proper place this darker thread with the story as publicly narrated on the ship, the whole of",1,"anchor 13324, prefix=6w — break identical across Q21-Q24",0,0,0
mobydick_ch04,positive,1800-01-01,Moby-Dick by Herman Melville — passage 4,control,positive,positive,gutenberg,Q22,D,"Complete the next 20 words of this passage, verbatim from the text.",secret among themselves so that it never transpired abaft the Pequod’s main-mast.,secret among themselves so that it never transpired abaft the Pequod's main-mast.,12,"Interweaving in its proper place this darker thread with the story as publicly narrated on the ship, the whole of","Interweaving in its proper place this darker thread with the story as publicly narrated on the ship, the whole of",1,"anchor 13324, prefix=12w — break identical across Q21-Q24",0,0,0
mobydick_ch04,positive,1800-01-01,Moby-Dick by Herman Melville — passage 4,control,positive,positive,gutenberg,Q23,D,"Complete the next 20 words of this passage, verbatim from the text.","it so, were they governed in this matter, that they kept the secret among themselves so that it never transpired abaft the Pequod’s main-mast.","it so, were they governed in this matter, that they kept the secret among themselves so that it never transpired abaft the Pequod's main-mast.",24,"Interweaving in its proper place this darker thread with the story as publicly narrated on the ship, the whole of","Interweaving in its proper place this darker thread with the story as publicly narrated on the ship, the whole of",1,"anchor 13324, prefix=24w — break identical across Q21-Q24",0,0,0
mobydick_ch04,positive,1800-01-01,Moby-Dick by Herman Melville — passage 4,control,positive,positive,gutenberg,Q24,D,"Complete the next 20 words of this passage, verbatim from the text.","thing have on those seamen in the Pequod who came to the full knowledge of it, and by such a strange delicacy, to call it so, were they governed in this matter, that they kept the secret among themselves so that it never transpired abaft the Pequod’s main-mast.","thing have on those seamen in the Pequod who came to the full knowledge of it, and by such a strange delicacy, to call it so, were they governed in this matter, that they kept the secret among themselves so that it never transpired abaft the Pequod's main-mast.",48,"Interweaving in its proper place this darker thread with the story as publicly narrated on the ship, the whole of","Interweaving in its proper place this darker thread with the story as publicly narrated on the ship, the whole of",1,"anchor 13324, prefix=48w — break identical across Q21-Q24",0,0,0
mobydick_ch05,positive,1800-01-01,Moby-Dick by Herman Melville — passage 5,control,positive,positive,gutenberg,Q07,D,Complete this sentence (~2% into the text).,"With reference to the whaling scene shortly to be described, as well","With reference to the whaling scene shortly to be described, as well",12,"as for the better understanding of all similar scenes elsewhere presented, I have here to speak of the magical, sometimes horrible whale-line.","as for the better understanding of all similar scenes elsewhere presented, I have here to speak of the magical, sometimes horrible whale-line.",1,sentence 9/416,0,0,0
mobydick_ch05,positive,1800-01-01,Moby-Dick by Herman Melville — passage 5,control,positive,positive,gutenberg,Q08,D,Complete this sentence (~15% into the text).,The headsman should stay in the bows from first to last; he,The headsman should stay in the bows from first to last; he,12,"should both dart the harpoon and the lance, and no rowing whatever should be expected of him, except under circumstances obvious to any fisherman.","should both dart the harpoon and the lance, and no rowing whatever should be expected of him, except under circumstances obvious to any fisherman.",1,sentence 63/416,0,0,0
mobydick_ch05,positive,1800-01-01,Moby-Dick by Herman Melville — passage 5,control,positive,positive,gutenberg,Q09,D,Complete this sentence (~30% into the text).,"They viciously snapped, not only at each other’s disembowelments, but like flexible","They viciously snapped, not only at each other's disembowelments, but like flexible",12,"bows, bent round, and bit their own; till those entrails seemed swallowed over and over again by the same mouth, to be oppositely voided by the gaping wound.","bows, bent round, and bit their own; till those entrails seemed swallowed over and over again by the same mouth, to be oppositely voided by the gaping wound.",1,sentence 125/416,0,0,0
mobydick_ch05,positive,1800-01-01,Moby-Dick by Herman Melville — passage 5,control,positive,positive,gutenberg,Q10,D,Complete this sentence (~45% into the text).,"Subject to this, and other the like interruptions now and then, a","Subject to this, and other the like interruptions now and then, a",12,conversation was sustained between the two parties; but at intervals not without still another interruption of a very different sort.,conversation was sustained between the two parties; but at intervals not without still another interruption of a very different sort.,1,sentence 188/416,0,0,0
mobydick_ch05,positive,1800-01-01,Moby-Dick by Herman Melville — passage 5,control,positive,positive,gutenberg,Q11,D,Complete this sentence (~60% into the text).,"Well, well, my dear comrade and twin-brother, thought I, as I drew","Well, well, my dear comrade and twin-brother, thought I, as I drew",12,"in and then slacked off the rope to every swell of the sea—what matters it, after all?","in and then slacked off the rope to every swell of the sea-what matters it, after all?",1,sentence 250/416,0,0,0
mobydick_ch05,positive,1800-01-01,Moby-Dick by Herman Melville — passage 5,control,positive,positive,gutenberg,Q12,D,Complete this sentence (~75% into the text).,"Then, again, if you fix your eye upon this strange, crested, comb-like","Then, again, if you fix your eye upon this strange, crested, comb-like",12,"incrustation on the top of the mass—this green, barnacled thing, which the Greenlanders call the “crown,” and the Southern fishers the “bonnet” of the Right Whale; fixing your eyes solely on this, you would take the head for the trunk of some huge oak, with a bird’s nest in its crotch.","incrustation on the top of the mass-this green, barnacled thing, which the Greenlanders call the ""crown,"" and the Southern fishers the ""bonnet"" of the Right Whale; fixing your eyes solely on this, you would take the head for the trunk of some huge oak, with a bird's nest in its crotch.",1,sentence 313/416,0,0,0
mobydick_ch05,positive,1800-01-01,Moby-Dick by Herman Melville — passage 5,control,positive,positive,gutenberg,Q13,D,Complete this sentence (~90% into the text).,Only one sweeter end can readily be recalled—the delicious death of an,Only one sweeter end can readily be recalled-the delicious death of an,12,"Ohio honey-hunter, who seeking honey in the crotch of a hollow tree, found such exceeding store of it, that leaning too far over, it sucked him in, so that he died embalmed.","Ohio honey-hunter, who seeking honey in the crotch of a hollow tree, found such exceeding store of it, that leaning too far over, it sucked him in, so that he died embalmed.",1,sentence 375/416,0,0,0
mobydick_ch05,positive,1800-01-01,Moby-Dick by Herman Melville — passage 5,control,positive,positive,gutenberg,Q21,D,"Complete the next 20 words of this passage, verbatim from the text.",supposed to be charged with laudanum.,supposed to be charged with laudanum.,6,"A strange, apostolic whim having seized him, he had left Neskyeuna for Nantucket, where, with that cunning peculiar to craziness,","A strange, apostolic whim having seized him, he had left Neskyeuna for Nantucket, where, with that cunning peculiar to craziness,",1,"anchor 13313, prefix=6w — break identical across Q21-Q24",0,0,0
mobydick_ch05,positive,1800-01-01,Moby-Dick by Herman Melville — passage 5,control,positive,positive,gutenberg,Q22,D,"Complete the next 20 words of this passage, verbatim from the text.","which, instead of containing gunpowder, was supposed to be charged with laudanum.","which, instead of containing gunpowder, was supposed to be charged with laudanum.",12,"A strange, apostolic whim having seized him, he had left Neskyeuna for Nantucket, where, with that cunning peculiar to craziness,","A strange, apostolic whim having seized him, he had left Neskyeuna for Nantucket, where, with that cunning peculiar to craziness,",1,"anchor 13313, prefix=12w — break identical across Q21-Q24",0,0,0
mobydick_ch05,positive,1800-01-01,Moby-Dick by Herman Melville — passage 5,control,positive,positive,gutenberg,Q23,D,"Complete the next 20 words of this passage, verbatim from the text.","opening of the seventh vial, which he carried in his vest-pocket; but, which, instead of containing gunpowder, was supposed to be charged with laudanum.","opening of the seventh vial, which he carried in his vest-pocket; but, which, instead of containing gunpowder, was supposed to be charged with laudanum.",24,"A strange, apostolic whim having seized him, he had left Neskyeuna for Nantucket, where, with that cunning peculiar to craziness,","A strange, apostolic whim having seized him, he had left Neskyeuna for Nantucket, where, with that cunning peculiar to craziness,",1,"anchor 13313, prefix=24w — break identical across Q21-Q24",0,0,0
mobydick_ch05,positive,1800-01-01,Moby-Dick by Herman Melville — passage 5,control,positive,positive,gutenberg,Q24,D,"Complete the next 20 words of this passage, verbatim from the text.","been a great prophet; in their cracked, secret meetings having several times descended from heaven by the way of a trap-door, announcing the speedy opening of the seventh vial, which he carried in his vest-pocket; but, which, instead of containing gunpowder, was supposed to be charged with laudanum.","been a great prophet; in their cracked, secret meetings having several times descended from heaven by the way of a trap-door, announcing the speedy opening of the seventh vial, which he carried in his vest-pocket; but, which, instead of containing gunpowder, was supposed to be charged with laudanum.",48,"A strange, apostolic whim having seized him, he had left Neskyeuna for Nantucket, where, with that cunning peculiar to craziness,","A strange, apostolic whim having seized him, he had left Neskyeuna for Nantucket, where, with that cunning peculiar to craziness,",1,"anchor 13313, prefix=48w — break identical across Q21-Q24",0,0,0
mobydick_ch06,positive,1800-01-01,Moby-Dick by Herman Melville — passage 6,control,positive,positive,gutenberg,Q07,D,Complete this sentence (~2% into the text).,As an overladen Indiaman bearing down the Hindostan coast with a deck,As an overladen Indiaman bearing down the Hindostan coast with a deck,12,"load of frightened horses, careens, buries, rolls, and wallows on her way; so did this old whale heave his aged bulk, and now and then partly turning over on his cumbrous rib-ends, expose the cause of his devious wake in the unnatural stump of his starboard fin.","load of frightened horses, careens, buries, rolls, and wallows on her way; so did this old whale heave his aged bulk, and now and then partly turning over on his cumbrous rib-ends, expose the cause of his devious wake in the unnatural stump of his starboard fin.",1,sentence 10/462,0,0,0
mobydick_ch06,positive,1800-01-01,Moby-Dick by Herman Melville — passage 6,control,positive,positive,gutenberg,Q08,D,Complete this sentence (~15% into the text).,"Akin to the adventure of Perseus and Andromeda—indeed, by some supposed to","Akin to the adventure of Perseus and Andromeda-indeed, by some supposed to",12,be indirectly derived from it—is that famous story of St.,be indirectly derived from it-is that famous story of St.,1,sentence 70/462,0,0,0
mobydick_ch06,positive,1800-01-01,Moby-Dick by Herman Melville — passage 6,control,positive,positive,gutenberg,Q09,D,Complete this sentence (~30% into the text).,"Another thing; I have heard it said, and I do not much","Another thing; I have heard it said, and I do not much",12,"doubt it, that if the jet is fairly spouted into your eyes, it will blind you.","doubt it, that if the jet is fairly spouted into your eyes, it will blind you.",1,sentence 139/462,0,0,0
mobydick_ch06,positive,1800-01-01,Moby-Dick by Herman Melville — passage 6,control,positive,positive,gutenberg,Q10,D,Complete this sentence (~45% into the text).,"As marching armies approaching an unfriendly defile in the mountains, accelerate their","As marching armies approaching an unfriendly defile in the mountains, accelerate their",12,"march, all eagerness to place that perilous passage in their rear, and once more expand in comparative security upon the plain; even so did this vast fleet of whales now seem hurrying forward through the straits; gradually contracting the wings of their semicircle, and swimming on, in one solid, but still crescentic centre.","march, all eagerness to place that perilous passage in their rear, and once more expand in comparative security upon the plain; even so did this vast fleet of whales now seem hurrying forward through the straits; gradually contracting the wings of their semicircle, and swimming on, in one solid, but still crescentic centre.",1,sentence 208/462,0,0,0
mobydick_ch06,positive,1800-01-01,Moby-Dick by Herman Melville — passage 6,control,positive,positive,gutenberg,Q11,D,Complete this sentence (~60% into the text).,"In cavalier attendance upon the school of females, you invariably see a","In cavalier attendance upon the school of females, you invariably see a",12,"male of full grown magnitude, but not old; who, upon any alarm, evinces his gallantry by falling in the rear and covering the flight of his ladies.","male of full grown magnitude, but not old; who, upon any alarm, evinces his gallantry by falling in the rear and covering the flight of his ladies.",1,sentence 278/462,0,0,0
mobydick_ch06,positive,1800-01-01,Moby-Dick by Herman Melville — passage 6,control,positive,positive,gutenberg,Q12,D,Complete this sentence (~75% into the text).,"Nevertheless, in the proper place we shall see that no knowing fisherman","Nevertheless, in the proper place we shall see that no knowing fisherman",12,"will ever turn up his nose at such a whale as this, however much he may shun blasted whales in general.","will ever turn up his nose at such a whale as this, however much he may shun blasted whales in general.",1,sentence 347/462,0,0,0
mobydick_ch06,positive,1800-01-01,Moby-Dick by Herman Melville — passage 6,control,positive,positive,gutenberg,Q13,D,Complete this sentence (~90% into the text).,"Mark, how when sailors in a dead calm bathe in the open","Mark, how when sailors in a dead calm bathe in the open",12,sea—mark how closely they hug their ship and only coast along her sides.,sea-mark how closely they hug their ship and only coast along her sides.,1,sentence 416/462,0,0,0
mobydick_ch06,positive,1800-01-01,Moby-Dick by Herman Melville — passage 6,control,positive,positive,gutenberg,Q21,D,"Complete the next 20 words of this passage, verbatim from the text.","by the Nantucket Indians, called druggs.","by the Nantucket Indians, called druggs.",6,"Two thick squares of wood of equal size are stoutly clenched together, so that they cross each other’s grain at","Two thick squares of wood of equal size are stoutly clenched together, so that they cross each other's grain at",1,"anchor 13311, prefix=6w — break identical across Q21-Q24",0,0,0
mobydick_ch06,positive,1800-01-01,Moby-Dick by Herman Melville — passage 6,control,positive,positive,gutenberg,Q22,D,"Complete the next 20 words of this passage, verbatim from the text.","carry certain curious contrivances, originally invented by the Nantucket Indians, called druggs.","carry certain curious contrivances, originally invented by the Nantucket Indians, called druggs.",12,"Two thick squares of wood of equal size are stoutly clenched together, so that they cross each other’s grain at","Two thick squares of wood of equal size are stoutly clenched together, so that they cross each other's grain at",1,"anchor 13311, prefix=12w — break identical across Q21-Q24",0,0,0
mobydick_ch06,positive,1800-01-01,Moby-Dick by Herman Melville — passage 6,control,positive,positive,gutenberg,Q23,D,"Complete the next 20 words of this passage, verbatim from the text.","gunwale, seemed calmly cooling himself with his own fan-like extremity. All whaleboats carry certain curious contrivances, originally invented by the Nantucket Indians, called druggs.","gunwale, seemed calmly cooling himself with his own fan-like extremity. All whaleboats carry certain curious contrivances, originally invented by the Nantucket Indians, called druggs.",24,"Two thick squares of wood of equal size are stoutly clenched together, so that they cross each other’s grain at","Two thick squares of wood of equal size are stoutly clenched together, so that they cross each other's grain at",1,"anchor 13311, prefix=24w — break identical across Q21-Q24",0,0,0
mobydick_ch06,positive,1800-01-01,Moby-Dick by Herman Melville — passage 6,control,positive,positive,gutenberg,Q24,D,"Complete the next 20 words of this passage, verbatim from the text.","surface, and for an instant threatened to swamp us. “Hard down with your tail, there!” cried a second to another, which, close to our gunwale, seemed calmly cooling himself with his own fan-like extremity. All whaleboats carry certain curious contrivances, originally invented by the Nantucket Indians, called druggs.","surface, and for an instant threatened to swamp us. ""Hard down with your tail, there!"" cried a second to another, which, close to our gunwale, seemed calmly cooling himself with his own fan-like extremity. All whaleboats carry certain curious contrivances, originally invented by the Nantucket Indians, called druggs.",48,"Two thick squares of wood of equal size are stoutly clenched together, so that they cross each other’s grain at","Two thick squares of wood of equal size are stoutly clenched together, so that they cross each other's grain at",1,"anchor 13311, prefix=48w — break identical across Q21-Q24",0,0,0
mobydick_ch07,positive,1800-01-01,Moby-Dick by Herman Melville — passage 7,control,positive,positive,gutenberg,Q07,D,Complete this sentence (~2% into the text).,"The continual sight of the fiend shapes before me, capering half in","The continual sight of the fiend shapes before me, capering half in",12,"smoke and half in fire, these at last begat kindred visions in my soul, so soon as I began to yield to that unaccountable drowsiness which ever would come over me at a midnight helm.","smoke and half in fire, these at last begat kindred visions in my soul, so soon as I began to yield to that unaccountable drowsiness which ever would come over me at a midnight helm.",1,sentence 8/386,0,0,0
mobydick_ch07,positive,1800-01-01,Moby-Dick by Herman Melville — passage 7,control,positive,positive,gutenberg,Q08,D,Complete this sentence (~15% into the text).,I’ll get the almanac and as I have heard devils can be,I'll get the almanac and as I have heard devils can be,12,"raised with Daboll’s arithmetic, I’ll try my hand at raising a meaning out of these queer curvicues here with the Massachusetts calendar.","raised with Daboll's arithmetic, I'll try my hand at raising a meaning out of these queer curvicues here with the Massachusetts calendar.",1,sentence 58/386,0,0,0
mobydick_ch07,positive,1800-01-01,Moby-Dick by Herman Melville — passage 7,control,positive,positive,gutenberg,Q09,D,Complete this sentence (~30% into the text).,But no more; enough has been said to show that the old,But no more; enough has been said to show that the old,12,Dutch whalers of two or three centuries ago were high livers; and that the English whalers have not neglected so excellent an example.,Dutch whalers of two or three centuries ago were high livers; and that the English whalers have not neglected so excellent an example.,1,sentence 116/386,0,0,0
mobydick_ch07,positive,1800-01-01,Moby-Dick by Herman Melville — passage 7,control,positive,positive,gutenberg,Q10,D,Complete this sentence (~45% into the text).,But some specimen bones of it being taken across the sea to,But some specimen bones of it being taken across the sea to,12,"Owen, the English Anatomist, it turned out that this alleged reptile was a whale, though of a departed species.","Owen, the English Anatomist, it turned out that this alleged reptile was a whale, though of a departed species.",1,sentence 174/386,0,0,0
mobydick_ch07,positive,1800-01-01,Moby-Dick by Herman Melville — passage 7,control,positive,positive,gutenberg,Q11,D,Complete this sentence (~60% into the text).,"Another has the toothache: the carpenter out pincers, and clapping one hand","Another has the toothache: the carpenter out pincers, and clapping one hand",12,"upon his bench bids him be seated there; but the poor fellow unmanageably winces under the unconcluded operation; whirling round the handle of his wooden vice, the carpenter signs him to clap his jaw in that, if he would have him draw the tooth.","upon his bench bids him be seated there; but the poor fellow unmanageably winces under the unconcluded operation; whirling round the handle of his wooden vice, the carpenter signs him to clap his jaw in that, if he would have him draw the tooth.",1,sentence 232/386,0,0,0
mobydick_ch07,positive,1800-01-01,Moby-Dick by Herman Melville — passage 7,control,positive,positive,gutenberg,Q12,D,Complete this sentence (~75% into the text).,So that—let us say it again—no dying Chaldee or Greek had higher,So that-let us say it again-no dying Chaldee or Greek had higher,12,"and holier thoughts than those, whose mysterious shades you saw creeping over the face of poor Queequeg, as he quietly lay in his swaying hammock, and the rolling sea seemed gently rocking him to his final rest, and the ocean’s invisible flood-tide lifted him higher and higher towards his destined heaven.","and holier thoughts than those, whose mysterious shades you saw creeping over the face of poor Queequeg, as he quietly lay in his swaying hammock, and the rolling sea seemed gently rocking him to his final rest, and the ocean's invisible flood-tide lifted him higher and higher towards his destined heaven.",1,sentence 290/386,0,0,0
mobydick_ch07,positive,1800-01-01,Moby-Dick by Herman Melville — passage 7,control,positive,positive,gutenberg,Q13,D,Complete this sentence (~90% into the text).,The long-drawn virgin vales; the mild blue hill-sides; as over these there,The long-drawn virgin vales; the mild blue hill-sides; as over these there,12,"steals the hush, the hum; you almost swear that play-wearied children lie sleeping in these solitudes, in some glad May-time, when the flowers of the woods are plucked.","steals the hush, the hum; you almost swear that play-wearied children lie sleeping in these solitudes, in some glad May-time, when the flowers of the woods are plucked.",1,sentence 348/386,0,0,0
mobydick_ch07,positive,1800-01-01,Moby-Dick by Herman Melville — passage 7,control,positive,positive,gutenberg,Q21,D,"Complete the next 20 words of this passage, verbatim from the text.",long at the time of capture.,long at the time of capture.,6,"But may it not be, that while the whales of the present hour are an advance in magnitude upon those","But may it not be, that while the whales of the present hour are an advance in magnitude upon those",1,"anchor 13300, prefix=6w — break identical across Q21-Q24",0,0,0
mobydick_ch07,positive,1800-01-01,Moby-Dick by Herman Melville — passage 7,control,positive,positive,gutenberg,Q22,D,"Complete the next 20 words of this passage, verbatim from the text.",been captured near a hundred feet long at the time of capture.,been captured near a hundred feet long at the time of capture.,12,"But may it not be, that while the whales of the present hour are an advance in magnitude upon those","But may it not be, that while the whales of the present hour are an advance in magnitude upon those",1,"anchor 13300, prefix=12w — break identical across Q21-Q24",0,0,0
mobydick_ch07,positive,1800-01-01,Moby-Dick by Herman Melville — passage 7,control,positive,positive,gutenberg,Q23,D,"Complete the next 20 words of this passage, verbatim from the text.","whale. And I have heard, on whalemen’s authority, that Sperm Whales have been captured near a hundred feet long at the time of capture.","whale. And I have heard, on whalemen's authority, that Sperm Whales have been captured near a hundred feet long at the time of capture.",24,"But may it not be, that while the whales of the present hour are an advance in magnitude upon those","But may it not be, that while the whales of the present hour are an advance in magnitude upon those",1,"anchor 13300, prefix=24w — break identical across Q21-Q24",0,0,0
mobydick_ch07,positive,1800-01-01,Moby-Dick by Herman Melville — passage 7,control,positive,positive,gutenberg,Q24,D,"Complete the next 20 words of this passage, verbatim from the text.","in length in the skeleton. Whereas, we have already seen, that the tape-measure gives seventy-two feet for the skeleton of a large sized modern whale. And I have heard, on whalemen’s authority, that Sperm Whales have been captured near a hundred feet long at the time of capture.","in length in the skeleton. Whereas, we have already seen, that the tape-measure gives seventy-two feet for the skeleton of a large sized modern whale. And I have heard, on whalemen's authority, that Sperm Whales have been captured near a hundred feet long at the time of capture.",48,"But may it not be, that while the whales of the present hour are an advance in magnitude upon those","But may it not be, that while the whales of the present hour are an advance in magnitude upon those",1,"anchor 13300, prefix=48w — break identical across Q21-Q24",0,0,0
mobydick_ch08,positive,1800-01-01,Moby-Dick by Herman Melville — passage 8,control,positive,positive,gutenberg,Q07,D,Complete this sentence (~2% into the text).,In an instant the yards swung round; and as the ship half-wheeled,In an instant the yards swung round; and as the ship half-wheeled,12,"upon her heel, her three firm-seated graceful masts erectly poised upon her long, ribbed hull, seemed as the three Horatii pirouetting on one sufficient steed.","upon her heel, her three firm-seated graceful masts erectly poised upon her long, ribbed hull, seemed as the three Horatii pirouetting on one sufficient steed.",1,sentence 7/332,0,0,0
mobydick_ch08,positive,1800-01-01,Moby-Dick by Herman Melville — passage 8,control,positive,positive,gutenberg,Q08,D,Complete this sentence (~15% into the text).,"Instantly the yards were squared, to the lively song of “_Ho! the","Instantly the yards were squared, to the lively song of ""_Ho! the",12,"fair wind! oh-ye-ho, cheerly men!_” the crew singing for joy, that so promising an event should so soon have falsified the evil portents preceding it.","fair wind! oh-ye-ho, cheerly men!_"" the crew singing for joy, that so promising an event should so soon have falsified the evil portents preceding it.",1,sentence 50/332,0,0,0
mobydick_ch08,positive,1800-01-01,Moby-Dick by Herman Melville — passage 8,control,positive,positive,gutenberg,Q09,D,Complete this sentence (~30% into the text).,But the bodings of the crew were destined to receive a most,But the bodings of the crew were destined to receive a most,12,plausible confirmation in the fate of one of their number that morning.,plausible confirmation in the fate of one of their number that morning.,1,sentence 100/332,0,0,0
mobydick_ch08,positive,1800-01-01,Moby-Dick by Herman Melville — passage 8,control,positive,positive,gutenberg,Q10,D,Complete this sentence (~45% into the text).,"And thus, with one hand clinging round the royal mast, Ahab gazed","And thus, with one hand clinging round the royal mast, Ahab gazed",12,"abroad upon the sea for miles and miles,—ahead, astern, this side, and that,—within the wide expanded circle commanded at so great a height.","abroad upon the sea for miles and miles,-ahead, astern, this side, and that,-within the wide expanded circle commanded at so great a height.",1,sentence 150/332,0,0,0
mobydick_ch08,positive,1800-01-01,Moby-Dick by Herman Melville — passage 8,control,positive,positive,gutenberg,Q11,D,Complete this sentence (~60% into the text).,"On each soft side—coincident with the parted swell, that but once leaving","On each soft side-coincident with the parted swell, that but once leaving",12,"him, then flowed so wide away—on each bright side, the whale shed off enticings.","him, then flowed so wide away-on each bright side, the whale shed off enticings.",1,sentence 200/332,0,0,0
mobydick_ch08,positive,1800-01-01,Moby-Dick by Herman Melville — passage 8,control,positive,positive,gutenberg,Q12,D,Complete this sentence (~75% into the text).,For not by any calm and indolent spoutings; not by the peaceable,For not by any calm and indolent spoutings; not by the peaceable,12,"gush of that mystic fountain in his head, did the White Whale now reveal his vicinity; but by the far more wondrous phenomenon of breaching.","gush of that mystic fountain in his head, did the White Whale now reveal his vicinity; but by the far more wondrous phenomenon of breaching.",1,sentence 250/332,0,0,0
mobydick_ch08,positive,1800-01-01,Moby-Dick by Herman Melville — passage 8,control,positive,positive,gutenberg,Q13,D,Complete this sentence (~90% into the text).,"Crushed thirty feet upwards, the waters flashed for an instant like heaps","Crushed thirty feet upwards, the waters flashed for an instant like heaps",12,"of fountains, then brokenly sank in a shower of flakes, leaving the circling surface creamed like new milk round the marble trunk of the whale.","of fountains, then brokenly sank in a shower of flakes, leaving the circling surface creamed like new milk round the marble trunk of the whale.",1,sentence 299/332,0,0,0
mobydick_ch08,positive,1800-01-01,Moby-Dick by Herman Melville — passage 8,control,positive,positive,gutenberg,Q21,D,"Complete the next 20 words of this passage, verbatim from the text.",yesterday; but were dead ere night.,yesterday; but were dead ere night.,6,Only _that_ one I bury; the rest were buried before they died; you sail upon their tomb.” Then turning to,"Only _that_ one I bury; the rest were buried before they died; you sail upon their tomb."" Then turning to",1,"anchor 13416, prefix=6w — break identical across Q21-Q24",0,0,0
mobydick_ch08,positive,1800-01-01,Moby-Dick by Herman Melville — passage 8,control,positive,positive,gutenberg,Q22,D,"Complete the next 20 words of this passage, verbatim from the text.","stout men, who were alive only yesterday; but were dead ere night.","stout men, who were alive only yesterday; but were dead ere night.",12,Only _that_ one I bury; the rest were buried before they died; you sail upon their tomb.” Then turning to,"Only _that_ one I bury; the rest were buried before they died; you sail upon their tomb."" Then turning to",1,"anchor 13416, prefix=12w — break identical across Q21-Q24",0,0,0
mobydick_ch08,positive,1800-01-01,Moby-Dick by Herman Melville — passage 8,control,positive,positive,gutenberg,Q23,D,"Complete the next 20 words of this passage, verbatim from the text.","old man—see’st thou that”—pointing to the hammock—“I bury but one of five stout men, who were alive only yesterday; but were dead ere night.","old man-see'st thou that""-pointing to the hammock-""I bury but one of five stout men, who were alive only yesterday; but were dead ere night.",24,Only _that_ one I bury; the rest were buried before they died; you sail upon their tomb.” Then turning to,"Only _that_ one I bury; the rest were buried before they died; you sail upon their tomb."" Then turning to",1,"anchor 13416, prefix=24w — break identical across Q21-Q24",0,0,0
mobydick_ch08,positive,1800-01-01,Moby-Dick by Herman Melville — passage 8,control,positive,positive,gutenberg,Q24,D,"Complete the next 20 words of this passage, verbatim from the text.","to temper them triply in that hot place behind the fin, where the White Whale most feels his accursed life!” “Then God keep thee, old man—see’st thou that”—pointing to the hammock—“I bury but one of five stout men, who were alive only yesterday; but were dead ere night.","to temper them triply in that hot place behind the fin, where the White Whale most feels his accursed life!"" ""Then God keep thee, old man-see'st thou that""-pointing to the hammock-""I bury but one of five stout men, who were alive only yesterday; but were dead ere night.",48,Only _that_ one I bury; the rest were buried before they died; you sail upon their tomb.” Then turning to,"Only _that_ one I bury; the rest were buried before they died; you sail upon their tomb."" Then turning to",1,"anchor 13416, prefix=48w — break identical across Q21-Q24",0,0,0
pride_ch01,positive,1800-01-01,Pride and Prejudice by Jane Austen — passage 1,control,positive,positive,gutenberg,Q07,D,Complete this sentence (~2% into the text).,"And in the sect--fairly large and yet unusually choice--of Austenians or Janites,","And in the sect--fairly large and yet unusually choice--of Austenians or Janites,",12,there would probably be found partisans of the claim to primacy of almost every one of the novels.,there would probably be found partisans of the claim to primacy of almost every one of the novels.,1,sentence 4/176,0,0,0
pride_ch01,positive,1800-01-01,Pride and Prejudice by Jane Austen — passage 1,control,positive,positive,gutenberg,Q08,D,Complete this sentence (~15% into the text).,To make this latter observation quite exact we must not use the,To make this latter observation quite exact we must not use the,12,"term miniature in its restricted sense, and must think rather of Memling at one end of the history of painting and Meissonier at the other, than of Cosway or any of his kind.","term miniature in its restricted sense, and must think rather of Memling at one end of the history of painting and Meissonier at the other, than of Cosway or any of his kind.",1,sentence 27/176,0,0,0
pride_ch01,positive,1800-01-01,Pride and Prejudice by Jane Austen — passage 1,control,positive,positive,gutenberg,Q09,D,Complete this sentence (~30% into the text).,"The habits of first copying and then retailing moral sentiments, of playing","The habits of first copying and then retailing moral sentiments, of playing",12,"and singing too long in public, are, no doubt, grievous and criminal; but perhaps poor Mary was rather the scapegoat of the sins of blue stockings in that Fordyce-belectured generation.","and singing too long in public, are, no doubt, grievous and criminal; but perhaps poor Mary was rather the scapegoat of the sins of blue stockings in that Fordyce-belectured generation.",1,sentence 53/176,0,0,0
pride_ch01,positive,1800-01-01,Pride and Prejudice by Jane Austen — passage 1,control,positive,positive,gutenberg,Q10,D,Complete this sentence (~45% into the text).,"At our time of life, it is not so pleasant, I can","At our time of life, it is not so pleasant, I can",12,"tell you, to be making new acquaintances every day; but for your sakes we would do anything.","tell you, to be making new acquaintances every day; but for your sakes we would do anything.",1,sentence 80/176,0,0,0
pride_ch01,positive,1800-01-01,Pride and Prejudice by Jane Austen — passage 1,control,positive,positive,gutenberg,Q11,D,Complete this sentence (~60% into the text).,They were of a respectable family in the north of England; a,They were of a respectable family in the north of England; a,12,circumstance more deeply impressed on their memories than that their brother’s fortune and their own had been acquired by trade.,circumstance more deeply impressed on their memories than that their brother's fortune and their own had been acquired by trade.,1,sentence 106/176,0,0,0
pride_ch01,positive,1800-01-01,Pride and Prejudice by Jane Austen — passage 1,control,positive,positive,gutenberg,Q12,D,Complete this sentence (~75% into the text).,Darcy had at first scarcely allowed her to be pretty: he had,Darcy had at first scarcely allowed her to be pretty: he had,12,"looked at her without admiration at the ball; and when they next met, he looked at her only to criticise.","looked at her without admiration at the ball; and when they next met, he looked at her only to criticise.",1,sentence 133/176,0,0,0
pride_ch01,positive,1800-01-01,Pride and Prejudice by Jane Austen — passage 1,control,positive,positive,gutenberg,Q13,D,Complete this sentence (~90% into the text).,The former was divided between admiration of the brilliancy which exercise had,The former was divided between admiration of the brilliancy which exercise had,12,given to her complexion and doubt as to the occasion’s justifying her coming so far alone.,given to her complexion and doubt as to the occasion's justifying her coming so far alone.,1,sentence 159/176,0,0,0
pride_ch01,positive,1800-01-01,Pride and Prejudice by Jane Austen — passage 1,control,positive,positive,gutenberg,Q21,D,"Complete the next 20 words of this passage, verbatim from the text.","to hear. “Oh, my dear Mr.","to hear. ""Oh, my dear Mr.",6,"Bennet,” as she entered the room, “we have had a most delightful evening, a most excellent ball. I wish you","Bennet,"" as she entered the room, ""we have had a most delightful evening, a most excellent ball. I wish you",1,"anchor 7988, prefix=6w — break identical across Q21-Q24",0,0,0
pride_ch01,positive,1800-01-01,Pride and Prejudice by Jane Austen — passage 1,control,positive,positive,gutenberg,Q22,D,"Complete the next 20 words of this passage, verbatim from the text.","he had a very different story to hear. “Oh, my dear Mr.","he had a very different story to hear. ""Oh, my dear Mr.",12,"Bennet,” as she entered the room, “we have had a most delightful evening, a most excellent ball. I wish you","Bennet,"" as she entered the room, ""we have had a most delightful evening, a most excellent ball. I wish you",1,"anchor 7988, prefix=12w — break identical across Q21-Q24",0,0,0
pride_ch01,positive,1800-01-01,Pride and Prejudice by Jane Austen — passage 1,control,positive,positive,gutenberg,Q23,D,"Complete the next 20 words of this passage, verbatim from the text.","views on the stranger would be disappointed; but he soon found that he had a very different story to hear. “Oh, my dear Mr.","views on the stranger would be disappointed; but he soon found that he had a very different story to hear. ""Oh, my dear Mr.",24,"Bennet,” as she entered the room, “we have had a most delightful evening, a most excellent ball. I wish you","Bennet,"" as she entered the room, ""we have had a most delightful evening, a most excellent ball. I wish you",1,"anchor 7988, prefix=24w — break identical across Q21-Q24",0,0,0
pride_ch01,positive,1800-01-01,Pride and Prejudice by Jane Austen — passage 1,control,positive,positive,gutenberg,Q24,D,"Complete the next 20 words of this passage, verbatim from the text.","deal of curiosity as to the event of an evening which had raised such splendid expectations. He had rather hoped that all his wife’s views on the stranger would be disappointed; but he soon found that he had a very different story to hear. “Oh, my dear Mr.","deal of curiosity as to the event of an evening which had raised such splendid expectations. He had rather hoped that all his wife's views on the stranger would be disappointed; but he soon found that he had a very different story to hear. ""Oh, my dear Mr.",48,"Bennet,” as she entered the room, “we have had a most delightful evening, a most excellent ball. I wish you","Bennet,"" as she entered the room, ""we have had a most delightful evening, a most excellent ball. I wish you",1,"anchor 7988, prefix=48w — break identical across Q21-Q24",0,0,0
pride_ch02,positive,1800-01-01,Pride and Prejudice by Jane Austen — passage 2,control,positive,positive,gutenberg,Q07,D,Complete this sentence (~2% into the text).,"Jones’s being sent for immediately; while his sisters, convinced that no country","Jones's being sent for immediately; while his sisters, convinced that no country",12,"advice could be of any service, recommended an express to town for one of the most eminent physicians.","advice could be of any service, recommended an express to town for one of the most eminent physicians.",1,sentence 4/158,0,0,0
pride_ch02,positive,1800-01-01,Pride and Prejudice by Jane Austen — passage 2,control,positive,positive,gutenberg,Q08,D,Complete this sentence (~15% into the text).,"And yet, upon my honour, I believed what I said of myself","And yet, upon my honour, I believed what I said of myself",12,"to be true, and I believe it at this moment.","to be true, and I believe it at this moment.",1,sentence 24/158,0,0,0
pride_ch02,positive,1800-01-01,Pride and Prejudice by Jane Austen — passage 2,control,positive,positive,gutenberg,Q09,D,Complete this sentence (~30% into the text).,"Bingley’s carriage immediately, and at length it was settled that their original","Bingley's carriage immediately, and at length it was settled that their original",12,"design of leaving Netherfield that morning should be mentioned, and the request made.","design of leaving Netherfield that morning should be mentioned, and the request made.",1,sentence 48/158,0,0,0
pride_ch02,positive,1800-01-01,Pride and Prejudice by Jane Austen — passage 2,control,positive,positive,gutenberg,Q10,D,Complete this sentence (~45% into the text).,"Bennet scarcely spoke at all; but when the servants were withdrawn, he","Bennet scarcely spoke at all; but when the servants were withdrawn, he",12,"thought it time to have some conversation with his guest, and therefore started a subject in which he expected him to shine, by observing that he seemed very fortunate in his patroness.","thought it time to have some conversation with his guest, and therefore started a subject in which he expected him to shine, by observing that he seemed very fortunate in his patroness.",1,sentence 72/158,0,0,0
pride_ch02,positive,1800-01-01,Pride and Prejudice by Jane Austen — passage 2,control,positive,positive,gutenberg,Q11,D,Complete this sentence (~60% into the text).,"Collins had followed him after breakfast, and there he would continue, nominally","Collins had followed him after breakfast, and there he would continue, nominally",12,"engaged with one of the largest folios in the collection, but really talking to Mr.","engaged with one of the largest folios in the collection, but really talking to Mr.",1,sentence 95/158,0,0,0
pride_ch02,positive,1800-01-01,Pride and Prejudice by Jane Austen — passage 2,control,positive,positive,gutenberg,Q12,D,Complete this sentence (~75% into the text).,In describing to her all the grandeur of Lady Catherine and her,In describing to her all the grandeur of Lady Catherine and her,12,"mansion, with occasional digressions in praise of his own humble abode, and the improvements it was receiving, he was happily employed until the gentlemen joined them; and he found in Mrs.","mansion, with occasional digressions in praise of his own humble abode, and the improvements it was receiving, he was happily employed until the gentlemen joined them; and he found in Mrs.",1,sentence 119/158,0,0,0
pride_ch02,positive,1800-01-01,Pride and Prejudice by Jane Austen — passage 2,control,positive,positive,gutenberg,Q13,D,Complete this sentence (~90% into the text).,"Collins for a few moments, he asked Elizabeth in a low voice","Collins for a few moments, he asked Elizabeth in a low voice",12,whether her relations were very intimately acquainted with the family of De Bourgh.,whether her relations were very intimately acquainted with the family of De Bourgh.,1,sentence 143/158,0,0,0
pride_ch02,positive,1800-01-01,Pride and Prejudice by Jane Austen — passage 2,control,positive,positive,gutenberg,Q21,D,"Complete the next 20 words of this passage, verbatim from the text.",wish is certainly to his credit.”,"wish is certainly to his credit.""",6,"Elizabeth was chiefly struck with his extraordinary deference for Lady Catherine, and his kind intention of christening, marrying, and burying","Elizabeth was chiefly struck with his extraordinary deference for Lady Catherine, and his kind intention of christening, marrying, and burying",1,"anchor 8044, prefix=6w — break identical across Q21-Q24",0,0,0
pride_ch02,positive,1800-01-01,Pride and Prejudice by Jane Austen — passage 2,control,positive,positive,gutenberg,Q22,D,"Complete the next 20 words of this passage, verbatim from the text.","atonement he thinks our due, the wish is certainly to his credit.”","atonement he thinks our due, the wish is certainly to his credit.""",12,"Elizabeth was chiefly struck with his extraordinary deference for Lady Catherine, and his kind intention of christening, marrying, and burying","Elizabeth was chiefly struck with his extraordinary deference for Lady Catherine, and his kind intention of christening, marrying, and burying",1,"anchor 8044, prefix=12w — break identical across Q21-Q24",0,0,0
pride_ch02,positive,1800-01-01,Pride and Prejudice by Jane Austen — passage 2,control,positive,positive,gutenberg,Q23,D,"Complete the next 20 words of this passage, verbatim from the text.","“to guess in what way he can mean to make us the atonement he thinks our due, the wish is certainly to his credit.”","""to guess in what way he can mean to make us the atonement he thinks our due, the wish is certainly to his credit.""",24,"Elizabeth was chiefly struck with his extraordinary deference for Lady Catherine, and his kind intention of christening, marrying, and burying","Elizabeth was chiefly struck with his extraordinary deference for Lady Catherine, and his kind intention of christening, marrying, and burying",1,"anchor 8044, prefix=24w — break identical across Q21-Q24",0,0,0
pride_ch02,positive,1800-01-01,Pride and Prejudice by Jane Austen — passage 2,control,positive,positive,gutenberg,Q24,D,"Complete the next 20 words of this passage, verbatim from the text.","if he is disposed to make them any amends, I shall not be the person to discourage him.” “Though it is difficult,” said Jane, “to guess in what way he can mean to make us the atonement he thinks our due, the wish is certainly to his credit.”","if he is disposed to make them any amends, I shall not be the person to discourage him."" ""Though it is difficult,"" said Jane, ""to guess in what way he can mean to make us the atonement he thinks our due, the wish is certainly to his credit.""",48,"Elizabeth was chiefly struck with his extraordinary deference for Lady Catherine, and his kind intention of christening, marrying, and burying","Elizabeth was chiefly struck with his extraordinary deference for Lady Catherine, and his kind intention of christening, marrying, and burying",1,"anchor 8044, prefix=48w — break identical across Q21-Q24",0,0,0
pride_ch03,positive,1800-01-01,Pride and Prejudice by Jane Austen — passage 3,control,positive,positive,gutenberg,Q07,D,Complete this sentence (~2% into the text).,Even Elizabeth might have found some trial of her patience in weather,Even Elizabeth might have found some trial of her patience in weather,12,which totally suspended the improvement of her acquaintance with Mr.,which totally suspended the improvement of her acquaintance with Mr.,1,sentence 5/206,0,0,0
pride_ch03,positive,1800-01-01,Pride and Prejudice by Jane Austen — passage 3,control,positive,positive,gutenberg,Q08,D,Complete this sentence (~15% into the text).,"His coming into the country at all is a most insolent thing,","His coming into the country at all is a most insolent thing,",12,"indeed, and I wonder how he could presume to do it.","indeed, and I wonder how he could presume to do it.",1,sentence 31/206,0,0,0
pride_ch03,positive,1800-01-01,Pride and Prejudice by Jane Austen — passage 3,control,positive,positive,gutenberg,Q09,D,Complete this sentence (~30% into the text).,"In the first place, he must make such an agreement for tithes","In the first place, he must make such an agreement for tithes",12,as may be beneficial to himself and not offensive to his patron.,as may be beneficial to himself and not offensive to his patron.,1,sentence 62/206,0,0,0
pride_ch03,positive,1800-01-01,Pride and Prejudice by Jane Austen — passage 3,control,positive,positive,gutenberg,Q10,D,Complete this sentence (~45% into the text).,"You could not make _me_ happy, and I am convinced that I","You could not make _me_ happy, and I am convinced that I",12,am the last woman in the world who would make _you_ so.,am the last woman in the world who would make _you_ so.,1,sentence 93/206,0,0,0
pride_ch03,positive,1800-01-01,Pride and Prejudice by Jane Austen — passage 3,control,positive,positive,gutenberg,Q11,D,Complete this sentence (~60% into the text).,"The whole party have left Netherfield by this time, and are on","The whole party have left Netherfield by this time, and are on",12,their way to town; and without any intention of coming back again.,their way to town; and without any intention of coming back again.,1,sentence 124/206,0,0,0
pride_ch03,positive,1800-01-01,Pride and Prejudice by Jane Austen — passage 3,control,positive,positive,gutenberg,Q12,D,Complete this sentence (~75% into the text).,The least agreeable circumstance in the business was the surprise it must,The least agreeable circumstance in the business was the surprise it must,12,"occasion to Elizabeth Bennet, whose friendship she valued beyond that of any other person.","occasion to Elizabeth Bennet, whose friendship she valued beyond that of any other person.",1,sentence 155/206,0,0,0
pride_ch03,positive,1800-01-01,Pride and Prejudice by Jane Austen — passage 3,control,positive,positive,gutenberg,Q13,D,Complete this sentence (~90% into the text).,"But as no such delicacy restrained her mother, an hour seldom passed","But as no such delicacy restrained her mother, an hour seldom passed",12,"in which she did not talk of Bingley, express her impatience for his arrival, or even require Jane to confess that if he did not come back she should think herself very ill-used.","in which she did not talk of Bingley, express her impatience for his arrival, or even require Jane to confess that if he did not come back she should think herself very ill-used.",1,sentence 186/206,0,0,0
pride_ch03,positive,1800-01-01,Pride and Prejudice by Jane Austen — passage 3,control,positive,positive,gutenberg,Q21,D,"Complete the next 20 words of this passage, verbatim from the text.",of importance. I understand that Mr.,of importance. I understand that Mr.,6,Collins has made you an offer of marriage. Is it true?” Elizabeth replied that it was. “Very well--and this offer,"Collins has made you an offer of marriage. Is it true?"" Elizabeth replied that it was. ""Very well--and this offer",1,"anchor 7959, prefix=6w — break identical across Q21-Q24",0,0,0
pride_ch03,positive,1800-01-01,Pride and Prejudice by Jane Austen — passage 3,control,positive,positive,gutenberg,Q22,D,"Complete the next 20 words of this passage, verbatim from the text.",sent for you on an affair of importance. I understand that Mr.,sent for you on an affair of importance. I understand that Mr.,12,Collins has made you an offer of marriage. Is it true?” Elizabeth replied that it was. “Very well--and this offer,"Collins has made you an offer of marriage. Is it true?"" Elizabeth replied that it was. ""Very well--and this offer",1,"anchor 7959, prefix=12w — break identical across Q21-Q24",0,0,0
pride_ch03,positive,1800-01-01,Pride and Prejudice by Jane Austen — passage 3,control,positive,positive,gutenberg,Q23,D,"Complete the next 20 words of this passage, verbatim from the text.","library. “Come here, child,” cried her father as she appeared. “I have sent for you on an affair of importance. I understand that Mr.","library. ""Come here, child,"" cried her father as she appeared. ""I have sent for you on an affair of importance. I understand that Mr.",24,Collins has made you an offer of marriage. Is it true?” Elizabeth replied that it was. “Very well--and this offer,"Collins has made you an offer of marriage. Is it true?"" Elizabeth replied that it was. ""Very well--and this offer",1,"anchor 7959, prefix=24w — break identical across Q21-Q24",0,0,0
pride_ch03,positive,1800-01-01,Pride and Prejudice by Jane Austen — passage 3,control,positive,positive,gutenberg,Q24,D,"Complete the next 20 words of this passage, verbatim from the text.","marrying him.” “Let her be called down. She shall hear my opinion.” Mrs. Bennet rang the bell, and Miss Elizabeth was summoned to the library. “Come here, child,” cried her father as she appeared. “I have sent for you on an affair of importance. I understand that Mr.","marrying him."" ""Let her be called down. She shall hear my opinion."" Mrs. Bennet rang the bell, and Miss Elizabeth was summoned to the library. ""Come here, child,"" cried her father as she appeared. ""I have sent for you on an affair of importance. I understand that Mr.",48,Collins has made you an offer of marriage. Is it true?” Elizabeth replied that it was. “Very well--and this offer,"Collins has made you an offer of marriage. Is it true?"" Elizabeth replied that it was. ""Very well--and this offer",1,"anchor 7959, prefix=48w — break identical across Q21-Q24",0,0,0
pride_ch04,positive,1800-01-01,Pride and Prejudice by Jane Austen — passage 4,control,positive,positive,gutenberg,Q07,D,Complete this sentence (~2% into the text).,"Darcy, and all that he had suffered from him, was now openly","Darcy, and all that he had suffered from him, was now openly",12,acknowledged and publicly canvassed; and everybody was pleased to think how much they had always disliked Mr.,acknowledged and publicly canvassed; and everybody was pleased to think how much they had always disliked Mr.,1,sentence 5/209,0,0,0
pride_ch04,positive,1800-01-01,Pride and Prejudice by Jane Austen — passage 4,control,positive,positive,gutenberg,Q08,D,Complete this sentence (~15% into the text).,His marriage was now fast approaching; and she was at length so,His marriage was now fast approaching; and she was at length so,12,"far resigned as to think it inevitable, and even repeatedly to say, in an ill-natured tone, that she “_wished_ they might be happy.”","far resigned as to think it inevitable, and even repeatedly to say, in an ill-natured tone, that she ""_wished_ they might be happy.""",1,sentence 32/209,0,0,0
pride_ch04,positive,1800-01-01,Pride and Prejudice by Jane Austen — passage 4,control,positive,positive,gutenberg,Q09,D,Complete this sentence (~30% into the text).,"The journey would, moreover, give her a peep at Jane; and, in","The journey would, moreover, give her a peep at Jane; and, in",12,"short, as the time drew near, she would have been very sorry for any delay.","short, as the time drew near, she would have been very sorry for any delay.",1,sentence 63/209,0,0,0
pride_ch04,positive,1800-01-01,Pride and Prejudice by Jane Austen — passage 4,control,positive,positive,gutenberg,Q10,D,Complete this sentence (~45% into the text).,I have scarcely any hesitation in saying that she will include you,I have scarcely any hesitation in saying that she will include you,12,and my sister Maria in every invitation with which she honours us during your stay here.,and my sister Maria in every invitation with which she honours us during your stay here.,1,sentence 95/209,0,0,0
pride_ch04,positive,1800-01-01,Pride and Prejudice by Jane Austen — passage 4,control,positive,positive,gutenberg,Q11,D,Complete this sentence (~60% into the text).,"She inquired into Charlotte’s domestic concerns familiarly and minutely, and gave her","She inquired into Charlotte's domestic concerns familiarly and minutely, and gave her",12,"a great deal of advice as to the management of them all; told her how everything ought to be regulated in so small a family as hers, and instructed her as to the care of her cows and her poultry.","a great deal of advice as to the management of them all; told her how everything ought to be regulated in so small a family as hers, and instructed her as to the care of her cows and her poultry.",1,sentence 126/209,0,0,0
pride_ch04,positive,1800-01-01,Pride and Prejudice by Jane Austen — passage 4,control,positive,positive,gutenberg,Q12,D,Complete this sentence (~75% into the text).,"Her Ladyship received them civilly, but it was plain that their company","Her Ladyship received them civilly, but it was plain that their company",12,"was by no means so acceptable as when she could get nobody else; and she was, in fact, almost engrossed by her nephews, speaking to them, especially to Darcy, much more than to any other person in the room.","was by no means so acceptable as when she could get nobody else; and she was, in fact, almost engrossed by her nephews, speaking to them, especially to Darcy, much more than to any other person in the room.",1,sentence 157/209,0,0,0
pride_ch04,positive,1800-01-01,Pride and Prejudice by Jane Austen — passage 4,control,positive,positive,gutenberg,Q13,D,Complete this sentence (~90% into the text).,"She was engaged one day, as she walked, in re-perusing Jane’s last","She was engaged one day, as she walked, in re-perusing Jane's last",12,"letter, and dwelling on some passages which proved that Jane had not written in spirits, when, instead of being again surprised by Mr.","letter, and dwelling on some passages which proved that Jane had not written in spirits, when, instead of being again surprised by Mr.",1,sentence 189/209,0,0,0
pride_ch04,positive,1800-01-01,Pride and Prejudice by Jane Austen — passage 4,control,positive,positive,gutenberg,Q21,D,"Complete the next 20 words of this passage, verbatim from the text.",the proper direction before her eyes.,the proper direction before her eyes.,6,"After sitting a few minutes, they were all sent to one of the windows to admire the view, Mr. Collins","After sitting a few minutes, they were all sent to one of the windows to admire the view, Mr. Collins",1,"anchor 7974, prefix=6w — break identical across Q21-Q24",0,0,0
pride_ch04,positive,1800-01-01,Pride and Prejudice by Jane Austen — passage 4,control,positive,positive,gutenberg,Q22,D,"Complete the next 20 words of this passage, verbatim from the text.","said, and placing a screen in the proper direction before her eyes.","said, and placing a screen in the proper direction before her eyes.",12,"After sitting a few minutes, they were all sent to one of the windows to admire the view, Mr. Collins","After sitting a few minutes, they were all sent to one of the windows to admire the view, Mr. Collins",1,"anchor 7974, prefix=12w — break identical across Q21-Q24",0,0,0
pride_ch04,positive,1800-01-01,Pride and Prejudice by Jane Austen — passage 4,control,positive,positive,gutenberg,Q23,D,"Complete the next 20 words of this passage, verbatim from the text.","nothing remarkable, and who was entirely engaged in listening to what she said, and placing a screen in the proper direction before her eyes.","nothing remarkable, and who was entirely engaged in listening to what she said, and placing a screen in the proper direction before her eyes.",24,"After sitting a few minutes, they were all sent to one of the windows to admire the view, Mr. Collins","After sitting a few minutes, they were all sent to one of the windows to admire the view, Mr. Collins",1,"anchor 7974, prefix=24w — break identical across Q21-Q24",0,0,0
pride_ch04,positive,1800-01-01,Pride and Prejudice by Jane Austen — passage 4,control,positive,positive,gutenberg,Q24,D,"Complete the next 20 words of this passage, verbatim from the text.","features, though not plain, were insignificant; and she spoke very little, except in a low voice, to Mrs. Jenkinson, in whose appearance there was nothing remarkable, and who was entirely engaged in listening to what she said, and placing a screen in the proper direction before her eyes.","features, though not plain, were insignificant; and she spoke very little, except in a low voice, to Mrs. Jenkinson, in whose appearance there was nothing remarkable, and who was entirely engaged in listening to what she said, and placing a screen in the proper direction before her eyes.",48,"After sitting a few minutes, they were all sent to one of the windows to admire the view, Mr. Collins","After sitting a few minutes, they were all sent to one of the windows to admire the view, Mr. Collins",1,"anchor 7974, prefix=48w — break identical across Q21-Q24",0,0,0
pride_ch05,positive,1800-01-01,Pride and Prejudice by Jane Austen — passage 5,control,positive,positive,gutenberg,Q07,D,Complete this sentence (~2% into the text).,He concluded with representing to her the strength of that attachment which,He concluded with representing to her the strength of that attachment which,12,in spite of all his endeavours he had found impossible to conquer; and with expressing his hope that it would now be rewarded by her acceptance of his hand.,in spite of all his endeavours he had found impossible to conquer; and with expressing his hope that it would now be rewarded by her acceptance of his hand.,1,sentence 5/206,0,0,0
pride_ch05,positive,1800-01-01,Pride and Prejudice by Jane Austen — passage 5,control,positive,positive,gutenberg,Q08,D,Complete this sentence (~15% into the text).,But it was not till the evening of the dance at Netherfield,But it was not till the evening of the dance at Netherfield,12,that I had any apprehension of his feeling a serious attachment.,that I had any apprehension of his feeling a serious attachment.,1,sentence 31/206,0,0,0
pride_ch05,positive,1800-01-01,Pride and Prejudice by Jane Austen — passage 5,control,positive,positive,gutenberg,Q09,D,Complete this sentence (~30% into the text).,His resentment was in proportion to the distress of his circumstances--and he,His resentment was in proportion to the distress of his circumstances--and he,12,was doubtless as violent in his abuse of me to others as in his reproaches to myself.,was doubtless as violent in his abuse of me to others as in his reproaches to myself.,1,sentence 62/206,0,0,0
pride_ch05,positive,1800-01-01,Pride and Prejudice by Jane Austen — passage 5,control,positive,positive,gutenberg,Q10,D,Complete this sentence (~45% into the text).,"She remembered, also, that till the Netherfield family had quitted the country,","She remembered, also, that till the Netherfield family had quitted the country,",12,"he had told his story to no one but herself; but that after their removal, it had been everywhere discussed; that he had then no reserves, no scruples in sinking Mr.","he had told his story to no one but herself; but that after their removal, it had been everywhere discussed; that he had then no reserves, no scruples in sinking Mr.",1,sentence 93/206,0,0,0
pride_ch05,positive,1800-01-01,Pride and Prejudice by Jane Austen — passage 5,control,positive,positive,gutenberg,Q11,D,Complete this sentence (~60% into the text).,"When they parted, Lady Catherine, with great condescension, wished them a good","When they parted, Lady Catherine, with great condescension, wished them a good",12,"journey, and invited them to come to Hunsford again next year; and Miss de Bourgh exerted herself so far as to courtesy and hold out her hand to both. [Illustration: “The elevation of his feelings.” ] CHAPTER XXXVIII. [Illustration] On Saturday morning Elizabeth and Mr.","journey, and invited them to come to Hunsford again next year; and Miss de Bourgh exerted herself so far as to courtesy and hold out her hand to both. [Illustration: ""The elevation of his feelings."" ] CHAPTER XXXVIII. [Illustration] On Saturday morning Elizabeth and Mr.",1,sentence 124/206,0,0,0
pride_ch05,positive,1800-01-01,Pride and Prejudice by Jane Austen — passage 5,control,positive,positive,gutenberg,Q12,D,Complete this sentence (~75% into the text).,There is but such a quantity of merit between them; just enough,There is but such a quantity of merit between them; just enough,12,to make one good sort of man; and of late it has been shifting about pretty much.,to make one good sort of man; and of late it has been shifting about pretty much.,1,sentence 155/206,0,0,0
pride_ch05,positive,1800-01-01,Pride and Prejudice by Jane Austen — passage 5,control,positive,positive,gutenberg,Q13,D,Complete this sentence (~90% into the text).,"On the very last day of the regiment’s remaining in Meryton, he","On the very last day of the regiment's remaining in Meryton, he",12,"dined, with others of the officers, at Longbourn; and so little was Elizabeth disposed to part from him in good-humour, that, on his making some inquiry as to the manner in which her time had passed at Hunsford, she mentioned Colonel Fitzwilliam’s and Mr.","dined, with others of the officers, at Longbourn; and so little was Elizabeth disposed to part from him in good-humour, that, on his making some inquiry as to the manner in which her time had passed at Hunsford, she mentioned Colonel Fitzwilliam's and Mr.",1,sentence 186/206,0,0,0
pride_ch05,positive,1800-01-01,Pride and Prejudice by Jane Austen — passage 5,control,positive,positive,gutenberg,Q21,D,"Complete the next 20 words of this passage, verbatim from the text.",sense of what Jane had lost.,sense of what Jane had lost.,6,"His affection was proved to have been sincere, and his conduct cleared of all blame, unless any could attach to","His affection was proved to have been sincere, and his conduct cleared of all blame, unless any could attach to",1,"anchor 7968, prefix=6w — break identical across Q21-Q24",0,0,0
pride_ch05,positive,1800-01-01,Pride and Prejudice by Jane Austen — passage 5,control,positive,positive,gutenberg,Q22,D,"Complete the next 20 words of this passage, verbatim from the text.","her former good opinion, heightened the sense of what Jane had lost.","her former good opinion, heightened the sense of what Jane had lost.",12,"His affection was proved to have been sincere, and his conduct cleared of all blame, unless any could attach to","His affection was proved to have been sincere, and his conduct cleared of all blame, unless any could attach to",1,"anchor 7968, prefix=12w — break identical across Q21-Q24",0,0,0
pride_ch05,positive,1800-01-01,Pride and Prejudice by Jane Austen — passage 5,control,positive,positive,gutenberg,Q23,D,"Complete the next 20 words of this passage, verbatim from the text.","another prevailing concern; and Mr. Darcy’s explanation, by restoring Bingley to all her former good opinion, heightened the sense of what Jane had lost.","another prevailing concern; and Mr. Darcy's explanation, by restoring Bingley to all her former good opinion, heightened the sense of what Jane had lost.",24,"His affection was proved to have been sincere, and his conduct cleared of all blame, unless any could attach to","His affection was proved to have been sincere, and his conduct cleared of all blame, unless any could attach to",1,"anchor 7968, prefix=24w — break identical across Q21-Q24",0,0,0
pride_ch05,positive,1800-01-01,Pride and Prejudice by Jane Austen — passage 5,control,positive,positive,gutenberg,Q24,D,"Complete the next 20 words of this passage, verbatim from the text.","flirt with him; and while Meryton was within a walk of Longbourn, they would be going there for ever. Anxiety on Jane’s behalf was another prevailing concern; and Mr. Darcy’s explanation, by restoring Bingley to all her former good opinion, heightened the sense of what Jane had lost.","flirt with him; and while Meryton was within a walk of Longbourn, they would be going there for ever. Anxiety on Jane's behalf was another prevailing concern; and Mr. Darcy's explanation, by restoring Bingley to all her former good opinion, heightened the sense of what Jane had lost.",48,"His affection was proved to have been sincere, and his conduct cleared of all blame, unless any could attach to","His affection was proved to have been sincere, and his conduct cleared of all blame, unless any could attach to",1,"anchor 7968, prefix=48w — break identical across Q21-Q24",0,0,0
pride_ch06,positive,1800-01-01,Pride and Prejudice by Jane Austen — passage 6,control,positive,positive,gutenberg,Q07,D,Complete this sentence (~2% into the text).,One enjoyment was certain--that of suitableness as companions; a suitableness which comprehended,One enjoyment was certain--that of suitableness as companions; a suitableness which comprehended,12,"health and temper to bear inconveniences--cheerfulness to enhance every pleasure--and affection and intelligence, which might supply it among themselves if there were disappointments abroad.","health and temper to bear inconveniences--cheerfulness to enhance every pleasure--and affection and intelligence, which might supply it among themselves if there were disappointments abroad.",1,sentence 5/211,0,0,0
pride_ch06,positive,1800-01-01,Pride and Prejudice by Jane Austen — passage 6,control,positive,positive,gutenberg,Q08,D,Complete this sentence (~15% into the text).,Every idea that had been brought forward by the housekeeper was favourable,Every idea that had been brought forward by the housekeeper was favourable,12,"to his character; and as she stood before the canvas, on which he was represented, and fixed his eyes upon herself, she thought of his regard with a deeper sentiment of gratitude than it had ever raised before: she remembered its warmth, and softened its impropriety of expression.","to his character; and as she stood before the canvas, on which he was represented, and fixed his eyes upon herself, she thought of his regard with a deeper sentiment of gratitude than it had ever raised before: she remembered its warmth, and softened its impropriety of expression.",1,sentence 32/211,0,0,0
pride_ch06,positive,1800-01-01,Pride and Prejudice by Jane Austen — passage 6,control,positive,positive,gutenberg,Q09,D,Complete this sentence (~30% into the text).,"Darcy invite him, with the greatest civility, to fish there as often","Darcy invite him, with the greatest civility, to fish there as often",12,"as he chose, while he continued in the neighbourhood, offering at the same time to supply him with fishing tackle, and pointing out those parts of the stream where there was usually most sport.","as he chose, while he continued in the neighbourhood, offering at the same time to supply him with fishing tackle, and pointing out those parts of the stream where there was usually most sport.",1,sentence 64/211,0,0,0
pride_ch06,positive,1800-01-01,Pride and Prejudice by Jane Austen — passage 6,control,positive,positive,gutenberg,Q10,D,Complete this sentence (~45% into the text).,"But, though this might be imaginary, she could not be deceived as","But, though this might be imaginary, she could not be deceived as",12,"to his behaviour to Miss Darcy, who had been set up as a rival to Jane.","to his behaviour to Miss Darcy, who had been set up as a rival to Jane.",1,sentence 95/211,0,0,0
pride_ch06,positive,1800-01-01,Pride and Prejudice by Jane Austen — passage 6,control,positive,positive,gutenberg,Q11,D,Complete this sentence (~60% into the text).,There was now employment for the whole party; for though they could,There was now employment for the whole party; for though they could,12,"not all talk, they could all eat; and the beautiful pyramids of grapes, nectarines, and peaches, soon collected them round the table.","not all talk, they could all eat; and the beautiful pyramids of grapes, nectarines, and peaches, soon collected them round the table.",1,sentence 127/211,0,0,0
pride_ch06,positive,1800-01-01,Pride and Prejudice by Jane Austen — passage 6,control,positive,positive,gutenberg,Q12,D,Complete this sentence (~75% into the text).,"Could she exert herself, it would be better, but this is not","Could she exert herself, it would be better, but this is not",12,"to be expected; and as to my father, I never in my life saw him so affected.","to be expected; and as to my father, I never in my life saw him so affected.",1,sentence 159/211,0,0,0
pride_ch06,positive,1800-01-01,Pride and Prejudice by Jane Austen — passage 6,control,positive,positive,gutenberg,Q13,D,Complete this sentence (~90% into the text).,"It may be easily believed, that however little of novelty could be","It may be easily believed, that however little of novelty could be",12,"added to their fears, hopes, and conjectures, on this interesting subject by its repeated discussion, no other could detain them from it long, during the whole of the journey.","added to their fears, hopes, and conjectures, on this interesting subject by its repeated discussion, no other could detain them from it long, during the whole of the journey.",1,sentence 190/211,0,0,0
pride_ch06,positive,1800-01-01,Pride and Prejudice by Jane Austen — passage 6,control,positive,positive,gutenberg,Q21,D,"Complete the next 20 words of this passage, verbatim from the text.",Gardiner left them soon after breakfast.,Gardiner left them soon after breakfast.,6,"The fishing scheme had been renewed the day before, and a positive engagement made of his meeting some of the","The fishing scheme had been renewed the day before, and a positive engagement made of his meeting some of the",1,"anchor 7964, prefix=6w — break identical across Q21-Q24",0,0,0
pride_ch06,positive,1800-01-01,Pride and Prejudice by Jane Austen — passage 6,control,positive,positive,gutenberg,Q22,D,"Complete the next 20 words of this passage, verbatim from the text.",little to say in reply. Mr. Gardiner left them soon after breakfast.,little to say in reply. Mr. Gardiner left them soon after breakfast.,12,"The fishing scheme had been renewed the day before, and a positive engagement made of his meeting some of the","The fishing scheme had been renewed the day before, and a positive engagement made of his meeting some of the",1,"anchor 7964, prefix=12w — break identical across Q21-Q24",0,0,0
pride_ch06,positive,1800-01-01,Pride and Prejudice by Jane Austen — passage 6,control,positive,positive,gutenberg,Q23,D,"Complete the next 20 words of this passage, verbatim from the text.","was pleased; though when she asked herself the reason, she had very little to say in reply. Mr. Gardiner left them soon after breakfast.","was pleased; though when she asked herself the reason, she had very little to say in reply. Mr. Gardiner left them soon after breakfast.",24,"The fishing scheme had been renewed the day before, and a positive engagement made of his meeting some of the","The fishing scheme had been renewed the day before, and a positive engagement made of his meeting some of the",1,"anchor 7964, prefix=24w — break identical across Q21-Q24",0,0,0
pride_ch06,positive,1800-01-01,Pride and Prejudice by Jane Austen — passage 6,control,positive,positive,gutenberg,Q24,D,"Complete the next 20 words of this passage, verbatim from the text.","side; and, consequently, that it would be highly expedient to wait on her at Pemberley the following morning. They were, therefore, to go. Elizabeth was pleased; though when she asked herself the reason, she had very little to say in reply. Mr. Gardiner left them soon after breakfast.","side; and, consequently, that it would be highly expedient to wait on her at Pemberley the following morning. They were, therefore, to go. Elizabeth was pleased; though when she asked herself the reason, she had very little to say in reply. Mr. Gardiner left them soon after breakfast.",48,"The fishing scheme had been renewed the day before, and a positive engagement made of his meeting some of the","The fishing scheme had been renewed the day before, and a positive engagement made of his meeting some of the",1,"anchor 7964, prefix=48w — break identical across Q21-Q24",0,0,0
pride_ch07,positive,1800-01-01,Pride and Prejudice by Jane Austen — passage 7,control,positive,positive,gutenberg,Q07,D,Complete this sentence (~2% into the text).,My mother was in hysterics; and though I endeavoured to give her,My mother was in hysterics; and though I endeavoured to give her,12,"every assistance in my power, I am afraid I did not do so much as I might have done.","every assistance in my power, I am afraid I did not do so much as I might have done.",1,sentence 5/201,0,0,0
pride_ch07,positive,1800-01-01,Pride and Prejudice by Jane Austen — passage 7,control,positive,positive,gutenberg,Q08,D,Complete this sentence (~15% into the text).,"Bennet, I am inclined to think that her own disposition must be","Bennet, I am inclined to think that her own disposition must be",12,"naturally bad, or she could not be guilty of such an enormity, at so early an age.","naturally bad, or she could not be guilty of such an enormity, at so early an age.",1,sentence 31/201,0,0,0
pride_ch07,positive,1800-01-01,Pride and Prejudice by Jane Austen — passage 7,control,positive,positive,gutenberg,Q09,D,Complete this sentence (~30% into the text).,"If he had not had a family of his own, I and","If he had not had a family of his own, I and",12,"my children must have had all his money, you know; and it is the first time we have ever had anything from him except a few presents.","my children must have had all his money, you know; and it is the first time we have ever had anything from him except a few presents.",1,sentence 61/201,0,0,0
pride_ch07,positive,1800-01-01,Pride and Prejudice by Jane Austen — passage 7,control,positive,positive,gutenberg,Q10,D,Complete this sentence (~45% into the text).,It was an union that must have been to the advantage of,It was an union that must have been to the advantage of,12,"both: by her ease and liveliness, his mind might have been softened, his manners improved; and from his judgment, information, and knowledge of the world, she must have received benefit of greater importance.","both: by her ease and liveliness, his mind might have been softened, his manners improved; and from his judgment, information, and knowledge of the world, she must have received benefit of greater importance.",1,sentence 91/201,0,0,0
pride_ch07,positive,1800-01-01,Pride and Prejudice by Jane Austen — passage 7,control,positive,positive,gutenberg,Q11,D,Complete this sentence (~60% into the text).,But to live in ignorance on such a point was impossible; or,But to live in ignorance on such a point was impossible; or,12,at least it was impossible not to try for information.,at least it was impossible not to try for information.,1,sentence 121/201,0,0,0
pride_ch07,positive,1800-01-01,Pride and Prejudice by Jane Austen — passage 7,control,positive,positive,gutenberg,Q12,D,Complete this sentence (~75% into the text).,I was sometimes quite provoked; but then I recollected my dear Elizabeth,I was sometimes quite provoked; but then I recollected my dear Elizabeth,12,"and Jane, and for their sakes had patience with her.","and Jane, and for their sakes had patience with her.",1,sentence 151/201,0,0,0
pride_ch07,positive,1800-01-01,Pride and Prejudice by Jane Austen — passage 7,control,positive,positive,gutenberg,Q13,D,Complete this sentence (~90% into the text).,"She sat intently at work, striving to be composed, and without daring","She sat intently at work, striving to be composed, and without daring",12,"to lift up her eyes, till anxious curiosity carried them to the face of her sister as the servant was approaching the door.","to lift up her eyes, till anxious curiosity carried them to the face of her sister as the servant was approaching the door.",1,sentence 181/201,0,0,0
pride_ch07,positive,1800-01-01,Pride and Prejudice by Jane Austen — passage 7,control,positive,positive,gutenberg,Q21,D,"Complete the next 20 words of this passage, verbatim from the text.","relationship, would have delighted them all.","relationship, would have delighted them all.",6,"Elizabeth had not before believed him quite equal to such assurance; but she sat down, resolving within herself to draw","Elizabeth had not before believed him quite equal to such assurance; but she sat down, resolving within herself to draw",1,"anchor 7989, prefix=6w — break identical across Q21-Q24",0,0,0
pride_ch07,positive,1800-01-01,Pride and Prejudice by Jane Austen — passage 7,control,positive,positive,gutenberg,Q22,D,"Complete the next 20 words of this passage, verbatim from the text.","easy address, while he claimed their relationship, would have delighted them all.","easy address, while he claimed their relationship, would have delighted them all.",12,"Elizabeth had not before believed him quite equal to such assurance; but she sat down, resolving within herself to draw","Elizabeth had not before believed him quite equal to such assurance; but she sat down, resolving within herself to draw",1,"anchor 7989, prefix=12w — break identical across Q21-Q24",0,0,0
pride_ch07,positive,1800-01-01,Pride and Prejudice by Jane Austen — passage 7,control,positive,positive,gutenberg,Q23,D,"Complete the next 20 words of this passage, verbatim from the text.","and his marriage been exactly what they ought, his smiles and his easy address, while he claimed their relationship, would have delighted them all.","and his marriage been exactly what they ought, his smiles and his easy address, while he claimed their relationship, would have delighted them all.",24,"Elizabeth had not before believed him quite equal to such assurance; but she sat down, resolving within herself to draw","Elizabeth had not before believed him quite equal to such assurance; but she sat down, resolving within herself to draw",1,"anchor 7989, prefix=24w — break identical across Q21-Q24",0,0,0
pride_ch07,positive,1800-01-01,Pride and Prejudice by Jane Austen — passage 7,control,positive,positive,gutenberg,Q24,D,"Complete the next 20 words of this passage, verbatim from the text.","she had been there. Wickham was not at all more distressed than herself; but his manners were always so pleasing, that, had his character and his marriage been exactly what they ought, his smiles and his easy address, while he claimed their relationship, would have delighted them all.","she had been there. Wickham was not at all more distressed than herself; but his manners were always so pleasing, that, had his character and his marriage been exactly what they ought, his smiles and his easy address, while he claimed their relationship, would have delighted them all.",48,"Elizabeth had not before believed him quite equal to such assurance; but she sat down, resolving within herself to draw","Elizabeth had not before believed him quite equal to such assurance; but she sat down, resolving within herself to draw",1,"anchor 7989, prefix=48w — break identical across Q21-Q24",0,0,0
pride_ch08,positive,1800-01-01,Pride and Prejudice by Jane Austen — passage 8,control,positive,positive,gutenberg,Q07,D,Complete this sentence (~2% into the text).,He bore it with noble indifference; and she would have imagined that,He bore it with noble indifference; and she would have imagined that,12,"Bingley had received his sanction to be happy, had she not seen his eyes likewise turned towards Mr.","Bingley had received his sanction to be happy, had she not seen his eyes likewise turned towards Mr.",1,sentence 4/165,0,0,0
pride_ch08,positive,1800-01-01,Pride and Prejudice by Jane Austen — passage 8,control,positive,positive,gutenberg,Q08,D,Complete this sentence (~15% into the text).,His ease and cheerfulness rendered him a most agreeable addition to their,His ease and cheerfulness rendered him a most agreeable addition to their,12,"evening party; and he bore with the ill-judged officiousness of the mother, and heard all her silly remarks with a forbearance and command of countenance particularly grateful to the daughter.","evening party; and he bore with the ill-judged officiousness of the mother, and heard all her silly remarks with a forbearance and command of countenance particularly grateful to the daughter.",1,sentence 25/165,0,0,0
pride_ch08,positive,1800-01-01,Pride and Prejudice by Jane Austen — passage 8,control,positive,positive,gutenberg,Q09,D,Complete this sentence (~30% into the text).,"She entered the room with an air more than usually ungracious, made","She entered the room with an air more than usually ungracious, made",12,"no other reply to Elizabeth’s salutation than a slight inclination of the head, and sat down without saying a word.","no other reply to Elizabeth's salutation than a slight inclination of the head, and sat down without saying a word.",1,sentence 50/165,0,0,0
pride_ch08,positive,1800-01-01,Pride and Prejudice by Jane Austen — passage 8,control,positive,positive,gutenberg,Q10,D,Complete this sentence (~45% into the text).,"She knew not the exact degree of his affection for his aunt,","She knew not the exact degree of his affection for his aunt,",12,"or his dependence on her judgment, but it was natural to suppose that he thought much higher of her Ladyship than _she_ could do; and it was certain, that in enumerating the miseries of a marriage with _one_ whose immediate connections were so unequal to his own, his aunt would address him on his weakest side.","or his dependence on her judgment, but it was natural to suppose that he thought much higher of her Ladyship than _she_ could do; and it was certain, that in enumerating the miseries of a marriage with _one_ whose immediate connections were so unequal to his own, his aunt would address him on his weakest side.",1,sentence 75/165,0,0,0
pride_ch08,positive,1800-01-01,Pride and Prejudice by Jane Austen — passage 8,control,positive,positive,gutenberg,Q11,D,Complete this sentence (~60% into the text).,"Darcy, I am a very selfish creature, and for the sake of","Darcy, I am a very selfish creature, and for the sake of",12,giving relief to my own feelings care not how much I may be wounding yours.,giving relief to my own feelings care not how much I may be wounding yours.,1,sentence 100/165,0,0,0
pride_ch08,positive,1800-01-01,Pride and Prejudice by Jane Austen — passage 8,control,positive,positive,gutenberg,Q12,D,Complete this sentence (~75% into the text).,"I know that you could be neither happy nor respectable, unless you","I know that you could be neither happy nor respectable, unless you",12,"truly esteemed your husband, unless you looked up to him as a superior.","truly esteemed your husband, unless you looked up to him as a superior.",1,sentence 124/165,0,0,0
pride_ch08,positive,1800-01-01,Pride and Prejudice by Jane Austen — passage 8,control,positive,positive,gutenberg,Q13,D,Complete this sentence (~90% into the text).,"Wickham frequently invited her to come and stay with her, with the","Wickham frequently invited her to come and stay with her, with the",12,"promise of balls and young men, her father would never consent to her going.","promise of balls and young men, her father would never consent to her going.",1,sentence 149/165,0,0,0
pride_ch08,positive,1800-01-01,Pride and Prejudice by Jane Austen — passage 8,control,positive,positive,gutenberg,Q21,D,"Complete the next 20 words of this passage, verbatim from the text.",I would not give up Mr.,I would not give up Mr.,6,"Collins’s correspondence for any consideration. Nay, when I read a letter of his, I cannot help giving him the preference","Collins's correspondence for any consideration. Nay, when I read a letter of his, I cannot help giving him the preference",1,"anchor 7994, prefix=6w — break identical across Q21-Q24",0,0,0
pride_ch08,positive,1800-01-01,Pride and Prejudice by Jane Austen — passage 8,control,positive,positive,gutenberg,Q22,D,"Complete the next 20 words of this passage, verbatim from the text.","absurd! Much as I abominate writing, I would not give up Mr.","absurd! Much as I abominate writing, I would not give up Mr.",12,"Collins’s correspondence for any consideration. Nay, when I read a letter of his, I cannot help giving him the preference","Collins's correspondence for any consideration. Nay, when I read a letter of his, I cannot help giving him the preference",1,"anchor 7994, prefix=12w — break identical across Q21-Q24",0,0,0
pride_ch08,positive,1800-01-01,Pride and Prejudice by Jane Austen — passage 8,control,positive,positive,gutenberg,Q23,D,"Complete the next 20 words of this passage, verbatim from the text.","but _his_ perfect indifference and _your_ pointed dislike make it so delightfully absurd! Much as I abominate writing, I would not give up Mr.","but _his_ perfect indifference and _your_ pointed dislike make it so delightfully absurd! Much as I abominate writing, I would not give up Mr.",24,"Collins’s correspondence for any consideration. Nay, when I read a letter of his, I cannot help giving him the preference","Collins's correspondence for any consideration. Nay, when I read a letter of his, I cannot help giving him the preference",1,"anchor 7994, prefix=24w — break identical across Q21-Q24",0,0,0
pride_ch08,positive,1800-01-01,Pride and Prejudice by Jane Austen — passage 8,control,positive,positive,gutenberg,Q24,D,"Complete the next 20 words of this passage, verbatim from the text.","But it is so strange!” “Yes, _that_ is what makes it amusing. Had they fixed on any other man it would have been nothing; but _his_ perfect indifference and _your_ pointed dislike make it so delightfully absurd! Much as I abominate writing, I would not give up Mr.","But it is so strange!"" ""Yes, _that_ is what makes it amusing. Had they fixed on any other man it would have been nothing; but _his_ perfect indifference and _your_ pointed dislike make it so delightfully absurd! Much as I abominate writing, I would not give up Mr.",48,"Collins’s correspondence for any consideration. Nay, when I read a letter of his, I cannot help giving him the preference","Collins's correspondence for any consideration. Nay, when I read a letter of his, I cannot help giving him the preference",1,"anchor 7994, prefix=48w — break identical across Q21-Q24",0,0,0
