case_id,arm,date_filed,caption,jurisdiction,court,court_level,text_source,qid,tier,question,prompt,prompt_normalized,prompt_words,answer,answer_normalized,found,evidence,n_sentences,n_headings,n_footnotes,group,src_rank,src_mean_logp,char_start,char_end
cl_2021_ca2_sacerdote_v._new_york_university,pre_cutoff,,cl_2021_ca2_sacerdote_v._new_york_university,,,,courtlistener,CTL0001,D,Continue the passage verbatim (CTL).,"wasted; and, second, a movant may not hold back and wait, hedging its bets against the eventual outcome.”). 48 18-2707-cv We reject the remainder of plaintiffs’ arguments on appeal, affirming the trial of their claims without a jury, the use of written direct testimony at that trial, the entry of","wasted; and, second, a movant may not hold back and wait, hedging its bets against the eventual outcome.”). 48 18-2707-cv We reject the remainder of plaintiffs’ arguments on appeal, affirming the trial of their claims without a jury, the use of written direct testimony at that trial, the entry of",50,"judgment for NYU on the tried claims, and the denial of their Rule 60 motion for a new trial based upon Judge Forrest’s alleged disqualification. We remand for further proceedings consistent with this opinion. CONCLUSION For the foregoing reasons, we","judgment for NYU on the tried claims, and the denial of their Rule 60 motion for a new trial based upon Judge Forrest’s alleged disqualification. We remand for further proceedings consistent with this opinion. CONCLUSION For the foregoing reasons, we",1,"in_document_repetition span, profile rank 3",0,0,0,CTL,3,-0.001075,85763,86049
cl_2021_ca2_sacerdote_v._new_york_university,pre_cutoff,,cl_2021_ca2_sacerdote_v._new_york_university,,,,courtlistener,CTL0002,D,Continue the passage verbatim (CTL).,"of some number of retail shares would not be imprudent, sixty-three retail shares was too many. The numerical claim is also foreclosed by the district court’s findings at trial. NYU did not act imprudently by including sixty- three retail shares in its retirement plan because NYU arrived at that number","of some number of retail shares would not be imprudent, sixty-three retail shares was too many. The numerical claim is also foreclosed by the district court’s findings at trial. NYU did not act imprudently by including sixty- three retail shares in its retirement plan because NYU arrived at that number",50,through a deliberative process—the deliberative process through which it adopted the revenue-sharing model. A deliberative process is what ERISA requires. The court implies that an employer might be imprudent under ERISA if it makes a considered decision but fails to,through a deliberative process—the deliberative process through which it adopted the revenue-sharing model. A deliberative process is what ERISA requires. The court implies that an employer might be imprudent under ERISA if it makes a considered decision but fails to,1,"in_document_repetition span, profile rank 3",0,0,0,CTL,3,-0.001075,93789,94063
cl_2021_ca2_sacerdote_v._new_york_university,pre_cutoff,,cl_2021_ca2_sacerdote_v._new_york_university,,,,courtlistener,CTL0003,D,Continue the passage verbatim (CTL).,"fixed rather than dependent on market performance. 2 26 U.S.C. § 403(b). 7 18-2707-cv fees, respectively. For mutual funds, the investment fees are charged as a percentage of each fund’s assets (the “expense ratio”). The fees can differ depending on the share class of the fund: a “retail” share (the","fixed rather than dependent on market performance. 2 26 U.S.C. § 403(b). 7 18-2707-cv fees, respectively. For mutual funds, the investment fees are charged as a percentage of each fund’s assets (the “expense ratio”). The fees can differ depending on the share class of the fund: a “retail” share (the",50,"share class that is marketed to individuals with small amounts to invest) typically has a higher expense ratio than an “institutional” share (the share class that is available to institutional investors, including large retirement plans, with large amounts to invest)","share class that is marketed to individuals with small amounts to invest) typically has a higher expense ratio than an “institutional” share (the share class that is available to institutional investors, including large retirement plans, with large amounts to invest)",1,"in_document_repetition span, profile rank 3",0,0,0,CTL,3,-0.001075,10416,10683
cl_2021_ca2_sacerdote_v._new_york_university,pre_cutoff,,cl_2021_ca2_sacerdote_v._new_york_university,,,,courtlistener,CTL0004,D,Continue the passage verbatim (CTL).,"2015) (internal quotation marks and citation omitted). 81 Parker v. Columbia Pictures, 204 F.3d 326, 340 (2d Cir. 2000). 82 Dissent at 10–11. 33 18-2707-cv litigants are entitled to rely on the meaning suggested by the plain language of a court order, as these plaintiffs did here. The dissent also","2015) (internal quotation marks and citation omitted). 81 Parker v. Columbia Pictures, 204 F.3d 326, 340 (2d Cir. 2000). 82 Dissent at 10–11. 33 18-2707-cv litigants are entitled to rely on the meaning suggested by the plain language of a court order, as these plaintiffs did here. The dissent also",50,"suggests that the scheduling order at issue was a “pro forma” order, and that our analysis should therefore be affected by the possibility that similar orders were entered in other cases. 83 Based purely on","suggests that the scheduling order at issue was a “pro forma” order, and that our analysis should therefore be affected by the possibility that similar orders were entered in other cases. 83 Based purely on",1,"in_document_repetition span, profile rank 17",0,0,0,CTL,17,-0.002256,57764,57970
cl_2021_ca2_sacerdote_v._new_york_university,pre_cutoff,,cl_2021_ca2_sacerdote_v._new_york_university,,,,courtlistener,CTL0005,D,Continue the passage verbatim (CTL).,"language of the order.” Ante at 32. To the contrary, I think the meaning of the scheduling order is straightforward and I follow its plain language. The court, by contrast, reads the order in a highly technical fashion divorced from ordinary meaning. The ordinary meaning of a text includes not","language of the order.” Ante at 32. To the contrary, I think the meaning of the scheduling order is straightforward and I follow its plain language. The court, by contrast, reads the order in a highly technical fashion divorced from ordinary meaning. The ordinary meaning of a text includes not",50,"only its semantic content—that is, “the meaning of the words and phrases as combined by the rules of syntax and grammar”—but also its “pragmatic enrichment,” or “the contribution that context makes to meaning.” Lawrence B.","only its semantic content—that is, “the meaning of the words and phrases as combined by the rules of syntax and grammar”—but also its “pragmatic enrichment,” or “the contribution that context makes to meaning.” Lawrence B.",1,"in_document_repetition span, profile rank 17",0,0,0,CTL,17,-0.002256,107734,107956
cl_2021_ca2_sacerdote_v._new_york_university,pre_cutoff,,cl_2021_ca2_sacerdote_v._new_york_university,,,,courtlistener,CTL0006,D,Continue the passage verbatim (CTL).,"court says that an “adequate investigation,” consisting of “simply reviewing the prospectus of the fund under consideration,” would have “uncovered” the “superior alternative investment” of institutional shares—and that the plaintiffs have plausibly alleged that NYU failed to conduct that adequate investigation. Id. But the trial record reveals that NYU in","court says that an “adequate investigation,” consisting of “simply reviewing the prospectus of the fund under consideration,” would have “uncovered” the “superior alternative investment” of institutional shares—and that the plaintiffs have plausibly alleged that NYU failed to conduct that adequate investigation. Id. But the trial record reveals that NYU in",50,fact investigated its alternatives and made a considered decision to offer retail shares rather than institutional shares. NYU did so for a perfectly reasonable reason: the excess cost of the retail shares paid for the,fact investigated its alternatives and made a considered decision to offer retail shares rather than institutional shares. NYU did so for a perfectly reasonable reason: the excess cost of the retail shares paid for the,1,"in_document_repetition span, profile rank 17",0,0,0,CTL,17,-0.002256,90228,90446
cl_2023_ca2_pauwels_v._deloitte_llp,pre_cutoff,,cl_2023_ca2_pauwels_v._deloitte_llp,,,,courtlistener,CTL0007,D,Continue the passage verbatim (CTL).,"defendant—here, Deloitte—without more, was 23 22-21-cv Pauwels v. Deloitte LLP insufficient to give rise to an inference that the defendant used improper means to obtain the alleged trade secret). * * * The district court correctly determined that Pauwels failed to plausibly allege that the Pauwels Model was a trade","defendant—here, Deloitte—without more, was 23 22-21-cv Pauwels v. Deloitte LLP insufficient to give rise to an inference that the defendant used improper means to obtain the alleged trade secret). * * * The district court correctly determined that Pauwels failed to plausibly allege that the Pauwels Model was a trade",50,secret or that BNYM or Deloitte misappropriated it. We therefore affirm the district court’s dismissal of Pauwels’s trade secret misappropriation claims against BNYM and Deloitte. II. Unfair,secret or that BNYM or Deloitte misappropriated it. We therefore affirm the district court’s dismissal of Pauwels’s trade secret misappropriation claims against BNYM and Deloitte. II. Unfair,1,"in_document_repetition span, profile rank 18",0,0,0,CTL,18,-0.002297,35190,35395
cl_2023_ca2_pauwels_v._deloitte_llp,pre_cutoff,,cl_2023_ca2_pauwels_v._deloitte_llp,,,,courtlistener,CTL0008,D,Continue the passage verbatim (CTL).,"appeal. 7Furthermore, when given an opportunity to discuss Pauwels’s fraud claim at oral argument, Pauwels’s counsel was unable to persuasively explain how the allegations in the SAC satisfied the element of damages. See generally Oral Arg. R. at 27:30-31:04. 36 22-21-cv Pauwels v. Deloitte LLP action, plaintiff has not demonstrated","appeal. 7Furthermore, when given an opportunity to discuss Pauwels’s fraud claim at oral argument, Pauwels’s counsel was unable to persuasively explain how the allegations in the SAC satisfied the element of damages. See generally Oral Arg. R. at 27:30-31:04. 36 22-21-cv Pauwels v. Deloitte LLP action, plaintiff has not demonstrated",50,"that it sustained damages as a result of such forbearance, an essential element of its claim [of fraud].”). Following oral argument, we ordered the parties to submit","that it sustained damages as a result of such forbearance, an essential element of its claim [of fraud].”). Following oral argument, we ordered the parties to submit",1,"in_document_repetition span, profile rank 18",0,0,0,CTL,18,-0.002297,54220,54395
cl_2023_ca2_pauwels_v._deloitte_llp,pre_cutoff,,cl_2023_ca2_pauwels_v._deloitte_llp,,,,courtlistener,CTL0009,D,Continue the passage verbatim (CTL).,"omitted)), with Faiveley, 559 F.3d at 117 (“To succeed on a claim for the misappropriation of trade secrets under New York law, a party must demonstrate . . . that the defendants used that trade secret in breach of an agreement, confidential relationship or duty, or as a result of","omitted)), with Faiveley, 559 F.3d at 117 (“To succeed on a claim for the misappropriation of trade secrets under New York law, a party must demonstrate . . . that the defendants used that trade secret in breach of an agreement, confidential relationship or duty, or as a result of",50,"discovery by improper means.” (citation omitted)). Accordingly, if a plaintiff cannot adequately allege that a defendant misappropriated the plaintiff’s property or trade secret, the plaintiff cannot state","discovery by improper means.” (citation omitted)). Accordingly, if a plaintiff cannot adequately allege that a defendant misappropriated the plaintiff’s property or trade secret, the plaintiff cannot state",1,"in_document_repetition span, profile rank 18",0,0,0,CTL,18,-0.002297,41250,41457
cl_2023_ca2_sec_v._ahmed,pre_cutoff,,cl_2023_ca2_sec_v._ahmed,,,,courtlistener,CTL0010,D,Continue the passage verbatim (CTL).,"is his own; the principle is disgorgement, not plunder. . . . [S]ome apportionment must be made between those profits attributable to the plaintiff’s property and those earned by the defendant’s efforts and investment, limiting the plaintiff to the profits fairly attributable to his share. 35 1 Dobbs, Law of","is his own; the principle is disgorgement, not plunder. . . . [S]ome apportionment must be made between those profits attributable to the plaintiff’s property and those earned by the defendant’s efforts and investment, limiting the plaintiff to the profits fairly attributable to his share. 35 1 Dobbs, Law of",50,"Remedies, supra at 31, § 4.5(3), at 642 (emphasis added). So consequential gains on assets subject to disgorgement must not be unduly remote from the fraud.13 Here, the district court did not consider","Remedies, supra at 31, § 4.5(3), at 642 (emphasis added). So consequential gains on assets subject to disgorgement must not be unduly remote from the fraud.13 Here, the district court did not consider",1,"in_document_repetition span, profile rank 21",0,0,0,CTL,21,-0.00245,65100,65312
cl_2023_ca2_sec_v._ahmed,pre_cutoff,,cl_2023_ca2_sec_v._ahmed,,,,courtlistener,CTL0011,D,Continue the passage verbatim (CTL).,"in a related criminal action.” United States v. Eng, 951 F.2d 461, 464 (2d Cir. 1991), abrogated on other grounds by Degen, 517 U.S. 820. A blunt instrument, the fugitive-disentitlement doctrine “forbid[s] all participation by the absent claimant.” Degen, 517 U.S. at 826 (emphasis added). Although we do not decide","in a related criminal action.” United States v. Eng, 951 F.2d 461, 464 (2d Cir. 1991), abrogated on other grounds by Degen, 517 U.S. 820. A blunt instrument, the fugitive-disentitlement doctrine “forbid[s] all participation by the absent claimant.” Degen, 517 U.S. at 826 (emphasis added). Although we do not decide",50,"whether the doctrine applies here, we note that the purposes underlying it are served by the district court’s order. Disentitlement is rooted in a court’s ability to enforce a “judgment on review,” “discourage[]","whether the doctrine applies here, we note that the purposes underlying it are served by the district court’s order. Disentitlement is rooted in a court’s ability to enforce a “judgment on review,” “discourage[]",1,"in_document_repetition span, profile rank 21",0,0,0,CTL,21,-0.00245,25162,25373
cl_2023_ca2_sec_v._ahmed,pre_cutoff,,cl_2023_ca2_sec_v._ahmed,,,,courtlistener,CTL0012,D,Continue the passage verbatim (CTL).,"in equity.” Liu, 140 S. Ct. at 1942 (cleaned up). One such category of relief is “supplemental enrichment,” which encompasses the opportunity cost or time value of money lost by victims, including “interest, rent, and other measures of use value, proceeds, and consequential gains” on ill-gotten assets. 2 Restatement (Third)","in equity.” Liu, 140 S. Ct. at 1942 (cleaned up). One such category of relief is “supplemental enrichment,” which encompasses the opportunity cost or time value of money lost by victims, including “interest, rent, and other measures of use value, proceeds, and consequential gains” on ill-gotten assets. 2 Restatement (Third)",50,"of Restitution and Unjust Enrichment (“Restatement”) § 53(1) & cmt. a (Am. L. Inst. 2011); see 1 Dan B. Dobbs, Law of Remedies: Damages– Equity–Restitution § 3.6(2), at 342-43 (2d ed. 1993) (“When","of Restitution and Unjust Enrichment (“Restatement”) § 53(1) & cmt. a (Am. L. Inst. 2011); see 1 Dan B. Dobbs, Law of Remedies: Damages– Equity–Restitution § 3.6(2), at 342-43 (2d ed. 1993) (“When",1,"in_document_repetition span, profile rank 21",0,0,0,CTL,21,-0.00245,56528,56724
cl_2021_ca2_set_capital_llc_v._credit_suisse_gr,pre_cutoff,,cl_2021_ca2_set_capital_llc_v._credit_suisse_gr,,,,courtlistener,CTL0013,D,Continue the passage verbatim (CTL).,"XIV Notes were “designed as short-term trading vehicles for investors managing their portfolios on a daily basis.” 11 They warned investors that “[t]he long term expected value of your ETNs is zero,” and emphasized that “[i]f you hold your ETNs as a long term investment, it is likely that you","XIV Notes were “designed as short-term trading vehicles for investors managing their portfolios on a daily basis.” 11 They warned investors that “[t]he long term expected value of your ETNs is zero,” and emphasized that “[i]f you hold your ETNs as a long term investment, it is likely that you",50,will lose all or a substantial portion of your investment.” 12 The Offering Documents also cautioned investors that Credit Suisse intended to hedge its exposure to XIV Notes,will lose all or a substantial portion of your investment.” 12 The Offering Documents also cautioned investors that Credit Suisse intended to hedge its exposure to XIV Notes,1,"in_document_repetition span, profile rank 22",0,0,0,CTL,22,-0.002469,16332,16515
cl_2021_ca2_set_capital_llc_v._credit_suisse_gr,pre_cutoff,,cl_2021_ca2_set_capital_llc_v._credit_suisse_gr,,,,courtlistener,CTL0014,D,Continue the passage verbatim (CTL).,"market manipulation under Section 10(b), a plaintiff must plausibly allege “(1) manipulative acts; (2) damage (3) caused by reliance on an assumption of an efficient market free of manipulation; (4) scienter; (5) in connection with the purchase or sale of securities; (6) furthered by the defendant’s use of the mails","market manipulation under Section 10(b), a plaintiff must plausibly allege “(1) manipulative acts; (2) damage (3) caused by reliance on an assumption of an efficient market free of manipulation; (4) scienter; (5) in connection with the purchase or sale of securities; (6) furthered by the defendant’s use of the mails",50,"or any facility of a national securities exchange.” 38 As we have described above, Set Capital claims that Credit Suisse and the Individual Defendants manipulated the market by","or any facility of a national securities exchange.” 38 As we have described above, Set Capital claims that Credit Suisse and the Individual Defendants manipulated the market by",1,"in_document_repetition span, profile rank 22",0,0,0,CTL,22,-0.002469,31545,31732
cl_2021_ca2_set_capital_llc_v._credit_suisse_gr,pre_cutoff,,cl_2021_ca2_set_capital_llc_v._credit_suisse_gr,,,,courtlistener,CTL0015,D,Continue the passage verbatim (CTL).,"of Credit Suisse, Credit Suisse International (CSI), had “the sole ability to make determinations with respect to . . . certain Acceleration Events.” Id. at 187. 7 No. 19-3466-cv Notes fell such that it was less than or equal to 20 percent of the prior day’s closing indicative value. 7","of Credit Suisse, Credit Suisse International (CSI), had “the sole ability to make determinations with respect to . . . certain Acceleration Events.” Id. at 187. 7 No. 19-3466-cv Notes fell such that it was less than or equal to 20 percent of the prior day’s closing indicative value. 7",50,"2. Prior Episodes of Market Volatility Impacting XIV Notes Due to sustained periods of stability in the market, XIV noteholders for the most part saw the value of","2. Prior Episodes of Market Volatility Impacting XIV Notes Due to sustained periods of stability in the market, XIV noteholders for the most part saw the value of",1,"in_document_repetition span, profile rank 22",0,0,0,CTL,22,-0.002469,11557,11728
cl_2023_ca2_pauwels_v._deloitte_llp,pre_cutoff,,cl_2023_ca2_pauwels_v._deloitte_llp,,,,courtlistener,CTL0016,D,Continue the passage verbatim (CTL).,"relationship will arise absent extraordinary circumstances.” (alteration adopted) (citation 19 22-21-cv Pauwels v. Deloitte LLP omitted)). Moreover, “employment relationships,” without more, “do not create fiduciary relationships.” Rather v. CBS Corp., 886 N.Y.S.2d 121, 125 (1st Dep’t 2009) (concluding that employer did not owe an employee fiduciary duties notwithstanding the employee’s","relationship will arise absent extraordinary circumstances.” (alteration adopted) (citation 19 22-21-cv Pauwels v. Deloitte LLP omitted)). Moreover, “employment relationships,” without more, “do not create fiduciary relationships.” Rather v. CBS Corp., 886 N.Y.S.2d 121, 125 (1st Dep’t 2009) (concluding that employer did not owe an employee fiduciary duties notwithstanding the employee’s",50,"“four-decade history” with the employer); Freedman v. Pearlman, 706 N.Y.S.2d 405, 409 (1st Dep’t 2000) (allegations that an employee trusted the defendant “as his","“four-decade history” with the employer); Freedman v. Pearlman, 706 N.Y.S.2d 405, 409 (1st Dep’t 2000) (allegations that an employee trusted the defendant “as his",1,"in_document_repetition span, profile rank 25",0,0,0,CTL,25,-0.00262,29258,29422
cl_2023_ca2_pauwels_v._deloitte_llp,pre_cutoff,,cl_2023_ca2_pauwels_v._deloitte_llp,,,,courtlistener,CTL0017,D,Continue the passage verbatim (CTL).,"unjust enrichment claim likewise fails. The highest court of New York holds that the “existence of a valid and enforceable contract governing a particular subject matter ordinarily precludes recovery in quasi contract for events arising out of the same subject matter.” Clark-Fitzpatrick, Inc. v. Long Island R.R. Co., 70 N.Y.2d","unjust enrichment claim likewise fails. The highest court of New York holds that the “existence of a valid and enforceable contract governing a particular subject matter ordinarily precludes recovery in quasi contract for events arising out of the same subject matter.” Clark-Fitzpatrick, Inc. v. Long Island R.R. Co., 70 N.Y.2d",50,"382, 388, 516 N.E.2d 190, 193, 521 N.Y.S.2d 653, 656 (1987); accord Beth Israel Med. Ctr. v. Horizon Blue Cross & Blue Shield of","382, 388, 516 N.E.2d 190, 193, 521 N.Y.S.2d 653, 656 (1987); accord Beth Israel Med. Ctr. v. Horizon Blue Cross & Blue Shield of",1,"in_document_repetition span, profile rank 25",0,0,0,CTL,25,-0.00262,60349,60479
cl_2023_ca2_pauwels_v._deloitte_llp,pre_cutoff,,cl_2023_ca2_pauwels_v._deloitte_llp,,,,courtlistener,CTL0018,D,Continue the passage verbatim (CTL).,to dismiss all his claims. The district court granted the motion in relevant part and entered a judgment dismissing Pauwels’s claims with prejudice. 1 Pauwels appeals. DISCUSSION I. Trade Secret Misappropriation Pauwels alleges that the Pauwels Model is a trade secret that BNYM and Deloitte misappropriated in violation of New,to dismiss all his claims. The district court granted the motion in relevant part and entered a judgment dismissing Pauwels’s claims with prejudice. 1 Pauwels appeals. DISCUSSION I. Trade Secret Misappropriation Pauwels alleges that the Pauwels Model is a trade secret that BNYM and Deloitte misappropriated in violation of New,50,"York law. To state a claim for trade secret misappropriation under New York law, a plaintiff must adequately allege “(1) that it possessed a","York law. To state a claim for trade secret misappropriation under New York law, a plaintiff must adequately allege “(1) that it possessed a",1,"in_document_repetition span, profile rank 25",0,0,0,CTL,25,-0.00262,17825,17967
cl_2023_ca2_pauwels_v._deloitte_llp,pre_cutoff,,cl_2023_ca2_pauwels_v._deloitte_llp,,,,courtlistener,CTL0019,D,Continue the passage verbatim (CTL).,and expenditures by using the Pauwels Model. The district court concluded that these claims should be dismissed for the same reasons that Pauwels’s claims for trade secret misappropriation failed. We agree. “The essence of an unfair competition claim under New York law is that the defendant misappropriated the fruit of,and expenditures by using the Pauwels Model. The district court concluded that these claims should be dismissed for the same reasons that Pauwels’s claims for trade secret misappropriation failed. We agree. “The essence of an unfair competition claim under New York law is that the defendant misappropriated the fruit of,50,"plaintiff’s labors and expenditures by obtaining access to plaintiff's business idea either through fraud or deception, or an abuse of a fiduciary or confidential relationship.” Telecom Int’l","plaintiff’s labors and expenditures by obtaining access to plaintiff's business idea either through fraud or deception, or an abuse of a fiduciary or confidential relationship.” Telecom Int’l",1,"in_document_repetition span, profile rank 28",0,0,0,CTL,28,-0.002731,35976,36169
cl_2023_ca2_pauwels_v._deloitte_llp,pre_cutoff,,cl_2023_ca2_pauwels_v._deloitte_llp,,,,courtlistener,CTL0020,D,Continue the passage verbatim (CTL).,"contain any other indication that Pauwels considered them to be confidential or to contain trade secret information. Moreover, Pauwels neither encrypted nor password-protect the materials that he sent to BNYM. In November 2014, Pauwels had a conversation with Sarmasti and Hegedus in which Pauwels said that he considered the Pauwels","contain any other indication that Pauwels considered them to be confidential or to contain trade secret information. Moreover, Pauwels neither encrypted nor password-protect the materials that he sent to BNYM. In November 2014, Pauwels had a conversation with Sarmasti and Hegedus in which Pauwels said that he considered the Pauwels",50,"Model and the Pauwels Model Spreadsheets to be proprietary and confidential. Pauwels alleges that “Sarmasti and Hegedus agreed and confirmed, on behalf of BNYM, that the Pauwels","Model and the Pauwels Model Spreadsheets to be proprietary and confidential. Pauwels alleges that “Sarmasti and Hegedus agreed and confirmed, on behalf of BNYM, that the Pauwels",1,"in_document_repetition span, profile rank 28",0,0,0,CTL,28,-0.002731,12329,12509
cl_2023_ca2_pauwels_v._deloitte_llp,pre_cutoff,,cl_2023_ca2_pauwels_v._deloitte_llp,,,,courtlistener,CTL0021,D,Continue the passage verbatim (CTL).,"and proposals sent to BNYM by investment sponsors and arrangers.” Id. “In short, the Pauwels Model is an interconnected system of formulas and equations . . . . The Pauwels Model was integrated into and implemented in Excel spreadsheets (‘Pauwels Model Spreadsheets’) . . . .” Id. at 51 ¶","and proposals sent to BNYM by investment sponsors and arrangers.” Id. “In short, the Pauwels Model is an interconnected system of formulas and equations . . . . The Pauwels Model was integrated into and implemented in Excel spreadsheets (‘Pauwels Model Spreadsheets’) . . . .” Id. at 51 ¶",50,"33. The Pauwels Model Spreadsheets had a distinctive structure, layout, and design, and included formulas and a calculation sequencing structure. After Pauwels completed the March 2014 project,","33. The Pauwels Model Spreadsheets had a distinctive structure, layout, and design, and included formulas and a calculation sequencing structure. After Pauwels completed the March 2014 project,",1,"in_document_repetition span, profile rank 28",0,0,0,CTL,28,-0.002731,9501,9704
cl_2021_ca2_sacerdote_v._new_york_university,pre_cutoff,,cl_2021_ca2_sacerdote_v._new_york_university,,,,courtlistener,CTL0022,D,Continue the passage verbatim (CTL).,"710 F.3d at 69–71 (noting that the district court’s factual finding was not clearly erroneous and then finding, as a matter of de novo review on appeal, “that the Administrators breached their fiduciary duties with respect to the . . . [c]laim”); cf. LoPresti v. Terwilliger, 126 F.3d 34, 39","710 F.3d at 69–71 (noting that the district court’s factual finding was not clearly erroneous and then finding, as a matter of de novo review on appeal, “that the Administrators breached their fiduciary duties with respect to the . . . [c]laim”); cf. LoPresti v. Terwilliger, 126 F.3d 34, 39",50,(2d Cir. 1997) (holding that a legal conclusion that a particular individual qualifies as a fiduciary under ERISA is subject to de novo review). To the extent language in Katsaros suggests that the applicable standard of review on this,(2d Cir. 1997) (holding that a legal conclusion that a particular individual qualifies as a fiduciary under ERISA is subject to de novo review). To the extent language in Katsaros suggests that the applicable standard of review on this,1,"in_document_repetition span, profile rank 29",0,0,0,CTL,29,-0.002766,73277,73512
cl_2021_ca2_sacerdote_v._new_york_university,pre_cutoff,,cl_2021_ca2_sacerdote_v._new_york_university,,,,courtlistener,CTL0023,D,Continue the passage verbatim (CTL).,"revenue-sharing model. They did not—and do not now—indicate that they have such evidence. Thus, the plaintiffs have effectively obtained a trial on the issue of excessive fees, and there is no good reason to re-run the trial looking for the same evidence. 10 Special App’x 147. The obvious implication of","revenue-sharing model. They did not—and do not now—indicate that they have such evidence. Thus, the plaintiffs have effectively obtained a trial on the issue of excessive fees, and there is no good reason to re-run the trial looking for the same evidence. 10 Special App’x 147. The obvious implication of",50,"this order is that the district court would not liberally grant leave to amend after the date it set. Today’s opinion, however, refuses to acknowledge this obvious implication. Instead of adhering to the ordinary meaning of the order, the","this order is that the district court would not liberally grant leave to amend after the date it set. Today’s opinion, however, refuses to acknowledge this obvious implication. Instead of adhering to the ordinary meaning of the order, the",1,"in_document_repetition span, profile rank 29",0,0,0,CTL,29,-0.002766,104937,105186
cl_2021_ca2_sacerdote_v._new_york_university,pre_cutoff,,cl_2021_ca2_sacerdote_v._new_york_university,,,,courtlistener,CTL0024,D,Continue the passage verbatim (CTL).,"on the present record, that its dismissal was harmless. A. Standard of review We review the grant of a motion to dismiss a claim under Rule 12(b)(6) de novo. 27 We apply the well-established pleading standard articulated in Bell Atlantic Corp. v. Twombly 28 and Ashcroft v. Iqbal 29: “To","on the present record, that its dismissal was harmless. A. Standard of review We review the grant of a motion to dismiss a claim under Rule 12(b)(6) de novo. 27 We apply the well-established pleading standard articulated in Bell Atlantic Corp. v. Twombly 28 and Ashcroft v. Iqbal 29: “To",50,"survive a motion to dismiss, a complaint must contain sufficient factual matter, accepted as true, to ‘state a claim to relief that is plausible on its face.’” 30 In assessing the complaint, we must construe it liberally, accepting all","survive a motion to dismiss, a complaint must contain sufficient factual matter, accepted as true, to ‘state a claim to relief that is plausible on its face.’” 30 In assessing the complaint, we must construe it liberally, accepting all",1,"in_document_repetition span, profile rank 29",0,0,0,CTL,29,-0.002766,23694,23929
cl_2021_ca2_united_states_v._reichberg,pre_cutoff,,cl_2021_ca2_united_states_v._reichberg,,,,courtlistener,CTL0025,D,Continue the passage verbatim (CTL).,"evidence in large part because, in the end, Reichberg and Rechnitz ended up as victims too. It turned out that Peralta’s liquor business was actually a Ponzi scheme, and Rechnitz’s own investment in it was lost. In sum, we find no error in the admission at trial of any of","evidence in large part because, in the end, Reichberg and Rechnitz ended up as victims too. It turned out that Peralta’s liquor business was actually a Ponzi scheme, and Rechnitz’s own investment in it was lost. In sum, we find no error in the admission at trial of any of",50,"the evidence Reichberg challenges on appeal. 24 App. at 3198. 14 19-1645-cr IV. Allegedly late document disclosure Reichberg argues that the government belatedly disclosed particular documents in violation of Federal Rule of Criminal Procedure 16, and that","the evidence Reichberg challenges on appeal. 24 App. at 3198. 14 19-1645-cr IV. Allegedly late document disclosure Reichberg argues that the government belatedly disclosed particular documents in violation of Federal Rule of Criminal Procedure 16, and that",1,"in_document_repetition span, profile rank 30",0,0,0,CTL,30,-0.002832,21414,21771
cl_2021_ca2_united_states_v._reichberg,pre_cutoff,,cl_2021_ca2_united_states_v._reichberg,,,,courtlistener,CTL0026,D,Continue the passage verbatim (CTL).,"division officers. 29 On the recording, Grant and Lichtenstein discuss a program that would permit individuals caught driving with suspended licenses to receive a summons rather than be arrested. Grant then states that, if the program is enacted, “all the Jews better – better erect a statue for me. I","division officers. 29 On the recording, Grant and Lichtenstein discuss a program that would permit individuals caught driving with suspended licenses to receive a summons rather than be arrested. Grant then states that, if the program is enacted, “all the Jews better – better erect a statue for me. I",50,"should not – I shouldn’t – I should be able to walk in any Jewish facility and never have to fuckin’ pay for anything. Nah, I’m just jokin’.” 30 After the government moved before trial to admit","should not – I shouldn’t – I should be able to walk in any Jewish facility and never have to fuckin’ pay for anything. Nah, I’m just jokin’.” 30 After the government moved before trial to admit",1,"in_document_repetition span, profile rank 30",0,0,0,CTL,30,-0.002832,26065,26266
cl_2021_ca2_united_states_v._reichberg,pre_cutoff,,cl_2021_ca2_united_states_v._reichberg,,,,courtlistener,CTL0027,D,Continue the passage verbatim (CTL).,"into Huberfeld’s hedge fund in return for a kickback. Rechnitz and Reichberg then benefitted from this arrangement in two ways: Huberfeld directed charitable donations to organizations of their choice, and their proximity to Seabrook from this arrangement gave 21See United States v. Caputo, 808 F.2d 963, 968 (2d Cir. 1987)","into Huberfeld’s hedge fund in return for a kickback. Rechnitz and Reichberg then benefitted from this arrangement in two ways: Huberfeld directed charitable donations to organizations of their choice, and their proximity to Seabrook from this arrangement gave 21See United States v. Caputo, 808 F.2d 963, 968 (2d Cir. 1987)",50,"(“Where intent to commit the crime charged is clearly at issue, evidence of prior similar acts may be introduced to prove that intent.”). 22 Fed. R. Evid. 403. 23See United States v. Roldan-Zapata, 916 F.2d 795, 804","(“Where intent to commit the crime charged is clearly at issue, evidence of prior similar acts may be introduced to prove that intent.”). 22 Fed. R. Evid. 403. 23See United States v. Roldan-Zapata, 916 F.2d 795, 804",1,"in_document_repetition span, profile rank 30",0,0,0,CTL,30,-0.002832,19425,19656
cl_2021_ca2_sacerdote_v._new_york_university,pre_cutoff,,cl_2021_ca2_sacerdote_v._new_york_university,,,,courtlistener,CTL0028,D,Continue the passage verbatim (CTL).,"district court’s conflation of the two concepts saps our confidence in its analysis on this subject. We are further puzzled because, in stating that it had no need to address damages, the district court explicitly declined to resolve which party would bear the burden of proof during a damages analysis","district court’s conflation of the two concepts saps our confidence in its analysis on this subject. We are further puzzled because, in stating that it had no need to address damages, the district court explicitly declined to resolve which party would bear the burden of proof during a damages analysis",50,"65—but nevertheless it went on to resolve that exact question, and did so incorrectly. It stated that “plaintiffs fail to demonstrate by a preponderance of the evidence that their proposed fee ranges were the only plausible","65—but nevertheless it went on to resolve that exact question, and did so incorrectly. It stated that “plaintiffs fail to demonstrate by a preponderance of the evidence that their proposed fee ranges were the only plausible",1,"in_document_repetition span, profile rank 32",0,0,0,CTL,32,-0.002873,46518,46741
cl_2021_ca2_sacerdote_v._new_york_university,pre_cutoff,,cl_2021_ca2_sacerdote_v._new_york_university,,,,courtlistener,CTL0029,D,Continue the passage verbatim (CTL).,"(7th Cir. 2019) (Barrett, J., dissenting) (“[J]udicial opinions are not statutes, and we don’t dissect them word- by-word as if they were.”). The meaning of the scheduling order is plain. It indicates that in the normal course, no pleadings may be amended; however, where there is good cause, pleadings may","(7th Cir. 2019) (Barrett, J., dissenting) (“[J]udicial opinions are not statutes, and we don’t dissect them word- by-word as if they were.”). The meaning of the scheduling order is plain. It indicates that in the normal course, no pleadings may be amended; however, where there is good cause, pleadings may",50,be amended if the court grants leave. We have said that the “lenient standard of Rule 15(a)” does not apply when a party seeks to amend after the deadline set in a scheduling order; under those,be amended if the court grants leave. We have said that the “lenient standard of Rule 15(a)” does not apply when a party seeks to amend after the deadline set in a scheduling order; under those,1,"in_document_repetition span, profile rank 32",0,0,0,CTL,32,-0.002873,105904,106097
cl_2021_ca2_sacerdote_v._new_york_university,pre_cutoff,,cl_2021_ca2_sacerdote_v._new_york_university,,,,courtlistener,CTL0030,D,Continue the passage verbatim (CTL).,"through which it made a considered decision to offer the sixty-three retail shares to finance its recordkeeping fees through revenue-sharing. As an initial matter, the presence of institutional shares in the plan offerings in this case shows that, unlike the employer in Tibble, NYU was not ignorant of the existence","through which it made a considered decision to offer the sixty-three retail shares to finance its recordkeeping fees through revenue-sharing. As an initial matter, the presence of institutional shares in the plan offerings in this case shows that, unlike the employer in Tibble, NYU was not ignorant of the existence",50,"of institutional shares—and it is not plausible that NYU failed to “simply review[] the prospectus” to “uncover[] that alternative.” Ante at 17. To the contrary, NYU made a considered decision to maintain a revenue-sharing model that","of institutional shares—and it is not plausible that NYU failed to “simply review[] the prospectus” to “uncover[] that alternative.” Ante at 17. To the contrary, NYU made a considered decision to maintain a revenue-sharing model that",1,"in_document_repetition span, profile rank 32",0,0,0,CTL,32,-0.002873,98590,98823
cl_2023_ca2_pauwels_v._deloitte_llp,pre_cutoff,,cl_2023_ca2_pauwels_v._deloitte_llp,,,,courtlistener,CTL0031,D,Continue the passage verbatim (CTL).,"sought support for the numbers, Pauwels gave his client the spreadsheets he used. And when BNYM hired a new consultant to value new wind farm investments, BNYM continued to use the same valuation materials. Pauwels admits he provided his valuations pursuant to a valid contract. He performed the contract, he","sought support for the numbers, Pauwels gave his client the spreadsheets he used. And when BNYM hired a new consultant to value new wind farm investments, BNYM continued to use the same valuation materials. Pauwels admits he provided his valuations pursuant to a valid contract. He performed the contract, he",50,"got paid, and he does not allege any breach. Instead, he has sued for misappropriation of trade secrets, unfair competition, fraud, negligent misrepresentation, and unjust enrichment.1 We unanimously","got paid, and he does not allege any breach. Instead, he has sued for misappropriation of trade secrets, unfair competition, fraud, negligent misrepresentation, and unjust enrichment.1 We unanimously",1,"in_document_repetition span, profile rank 38",0,0,0,CTL,38,-0.004416,59137,59338
cl_2023_ca2_pauwels_v._deloitte_llp,pre_cutoff,,cl_2023_ca2_pauwels_v._deloitte_llp,,,,courtlistener,CTL0032,D,Continue the passage verbatim (CTL).,"other for the good of the other or creation of an agency relationship” (citations omitted)); Kern v. Robert Currie Assocs., 632 N.Y.S.2d 75, 76 (1st Dep’t 1995) (allegations that the plaintiffs “relied on defendants’ expert advice [and] entrusted them with their money” supported the existence of a fiduciary duty in","other for the good of the other or creation of an agency relationship” (citations omitted)); Kern v. Robert Currie Assocs., 632 N.Y.S.2d 75, 76 (1st Dep’t 1995) (allegations that the plaintiffs “relied on defendants’ expert advice [and] entrusted them with their money” supported the existence of a fiduciary duty in",50,"the context of a commercial relationship). However, the “mere communication of confidential information [is not] 20 22-21-cv Pauwels v. Deloitte LLP sufficient in and of itself to create","the context of a commercial relationship). However, the “mere communication of confidential information [is not] 20 22-21-cv Pauwels v. Deloitte LLP sufficient in and of itself to create",1,"in_document_repetition span, profile rank 38",0,0,0,CTL,38,-0.004416,30280,30514
cl_2023_ca2_pauwels_v._deloitte_llp,pre_cutoff,,cl_2023_ca2_pauwels_v._deloitte_llp,,,,courtlistener,CTL0033,D,Continue the passage verbatim (CTL).,"(2d Cir. 1993). Pauwels’s allegations, and other relevant undisputed facts, are as follows: I. The Pauwels Model Pauwels, a “citizen of Belgium, residing in London, United Kingdom,” Jt. App’x 45 ¶ 5, describes himself as having “years of experience and expertise in evaluating complex financial transactions,” id. at 48 ¶","(2d Cir. 1993). Pauwels’s allegations, and other relevant undisputed facts, are as follows: I. The Pauwels Model Pauwels, a “citizen of Belgium, residing in London, United Kingdom,” Jt. App’x 45 ¶ 5, describes himself as having “years of experience and expertise in evaluating complex financial transactions,” id. at 48 ¶",50,"21. In 2009, Kevin Peterson, a BNYM executive, approached Pauwels with an offer to work with BNYM as an “independent advisor” to help BNYM analyze potential investments. Id.","21. In 2009, Kevin Peterson, a BNYM executive, approached Pauwels with an offer to work with BNYM as an “independent advisor” to help BNYM analyze potential investments. Id.",1,"in_document_repetition span, profile rank 38",0,0,0,CTL,38,-0.004416,8308,8484
cl_2023_ca2_pauwels_v._deloitte_llp,pre_cutoff,,cl_2023_ca2_pauwels_v._deloitte_llp,,,,courtlistener,CTL0034,D,Continue the passage verbatim (CTL).,Pauwels concedes that the models were specifically created “[t]o help facilitate his work [for BNYM] on certain kinds of investments[.]” J.A. 47 ¶ 16. And he further concedes that he shared his spreadsheets with BNYM when it was “necessary to better illustrate [a] point for the bank” and “to better,Pauwels concedes that the models were specifically created “[t]o help facilitate his work [for BNYM] on certain kinds of investments[.]” J.A. 47 ¶ 16. And he further concedes that he shared his spreadsheets with BNYM when it was “necessary to better illustrate [a] point for the bank” and “to better,50,"explain his advice and opinions.” Id. As the majority concludes, the Pauwels Model was not a trade secret. It was the tool with which Pauwels generated the advice that BNYM","explain his advice and opinions.” Id. As the majority concludes, the Pauwels Model was not a trade secret. It was the tool with which Pauwels generated the advice that BNYM",1,"in_document_repetition span, profile rank 39",0,0,0,CTL,39,-0.004494,62047,62222
cl_2023_ca2_pauwels_v._deloitte_llp,pre_cutoff,,cl_2023_ca2_pauwels_v._deloitte_llp,,,,courtlistener,CTL0035,D,Continue the passage verbatim (CTL).,"model to conduct the services it provided to BNYM. After Pauwels confronted BNYM about its alleged unauthorized disclosure to Deloitte, BNYM terminated its relationship with Pauwels. 22-21-cv Pauwels v. Deloitte LLP Pauwels then brought suit against BNYM and Deloitte in the United States District Court for the Southern District of","model to conduct the services it provided to BNYM. After Pauwels confronted BNYM about its alleged unauthorized disclosure to Deloitte, BNYM terminated its relationship with Pauwels. 22-21-cv Pauwels v. Deloitte LLP Pauwels then brought suit against BNYM and Deloitte in the United States District Court for the Southern District of",50,"New York alleging, inter alia, that the Pauwels Model embodied a trade secret that they misappropriated. Pauwels also raised several other claims arising under New York law. BNYM and Deloitte","New York alleging, inter alia, that the Pauwels Model embodied a trade secret that they misappropriated. Pauwels also raised several other claims arising under New York law. BNYM and Deloitte",1,"in_document_repetition span, profile rank 39",0,0,0,CTL,39,-0.004494,2237,2435
cl_2023_ca2_pauwels_v._deloitte_llp,pre_cutoff,,cl_2023_ca2_pauwels_v._deloitte_llp,,,,courtlistener,CTL0036,D,Continue the passage verbatim (CTL).,"7 22-21-cv Pauwels v. Deloitte LLP BNYM’s wind-energy investments. Although Pauwels did not send Pauwels Model Spreadsheets to anyone else at BNYM, he acknowledges that up to one hundred people could work on any single energy transaction. Pauwels alleges that he established “firm limits on who inside and outside of","7 22-21-cv Pauwels v. Deloitte LLP BNYM’s wind-energy investments. Although Pauwels did not send Pauwels Model Spreadsheets to anyone else at BNYM, he acknowledges that up to one hundred people could work on any single energy transaction. Pauwels alleges that he established “firm limits on who inside and outside of",50,BNYM could receive (or even see) the Pauwels Model Spreadsheets.” Jt. App’x 53 ¶ 37. Pauwels “included his initials—AP—in most of the Pauwels Model Spreadsheets that he shared with BNYM.”,BNYM could receive (or even see) the Pauwels Model Spreadsheets.” Jt. App’x 53 ¶ 37. Pauwels “included his initials—AP—in most of the Pauwels Model Spreadsheets that he shared with BNYM.”,1,"in_document_repetition span, profile rank 39",0,0,0,CTL,39,-0.004494,11740,11929
cl_2021_ca2_set_capital_llc_v._credit_suisse_gr,pre_cutoff,,cl_2021_ca2_set_capital_llc_v._credit_suisse_gr,,,,courtlistener,CTL0037,D,Continue the passage verbatim (CTL).,"“no reason to believe” that any impact would be “material.” 55 One of the Individual Defendants, Credit Suisse CEO Tidjane Thiam, also stated on February 14, 2018 that Credit Suisse announced an Acceleration Event because XIV Notes had “stopped trading,” when in fact they had not. 56 Although these statements","“no reason to believe” that any impact would be “material.” 55 One of the Individual Defendants, Credit Suisse CEO Tidjane Thiam, also stated on February 14, 2018 that Credit Suisse announced an Acceleration Event because XIV Notes had “stopped trading,” when in fact they had not. 56 Although these statements",50,"are relevant only if we assume the truth of other allegations in the complaint, they tend to support a culpable inference because the complaint plausibly alleges that Credit","are relevant only if we assume the truth of other allegations in the complaint, they tend to support a culpable inference because the complaint plausibly alleges that Credit",1,"in_document_repetition span, profile rank 40",0,0,0,CTL,40,-0.004529,44258,44431
cl_2021_ca2_set_capital_llc_v._credit_suisse_gr,pre_cutoff,,cl_2021_ca2_set_capital_llc_v._credit_suisse_gr,,,,courtlistener,CTL0038,D,Continue the passage verbatim (CTL).,"While these warnings could have possibly sufficed when Credit Suisse first issued XIV Notes, the bank conceded in its briefing below that the warnings remained unchanged for nearly a decade despite three episodes of market volatility putting to rest any uncertainty as to the price-impact of Credit Suisse’s hedging. 93","While these warnings could have possibly sufficed when Credit Suisse first issued XIV Notes, the bank conceded in its briefing below that the warnings remained unchanged for nearly a decade despite three episodes of market volatility putting to rest any uncertainty as to the price-impact of Credit Suisse’s hedging. 93",50,"Likewise, the Offering Documents omitted material facts when they stated that Credit Suisse’s hedging trades “may present” a conflict of interest. As alleged in the complaint, Credit Suisse","Likewise, the Offering Documents omitted material facts when they stated that Credit Suisse’s hedging trades “may present” a conflict of interest. As alleged in the complaint, Credit Suisse",1,"in_document_repetition span, profile rank 40",0,0,0,CTL,40,-0.004529,68984,69173
cl_2021_ca2_set_capital_llc_v._credit_suisse_gr,pre_cutoff,,cl_2021_ca2_set_capital_llc_v._credit_suisse_gr,,,,courtlistener,CTL0039,D,Continue the passage verbatim (CTL).,"2019 ARGUED: APRIL 30, 2020 DECIDED: APRIL 27, 2021 No. 19-3466-cv SET CAPITAL LLC, STEFAN JAGER, NIKOLAY DROZHZHINOV, ALEKSANDR GAMBURG, ACM, LTD., Lead Plaintiffs-Appellants, RAJAN CHAHAL, individually and on behalf of all others similarly situated, SHAOLEI QIU, GLENN EISENBERG, Plaintiffs, v. CREDIT SUISSE GROUP AG, DAVID R. MATHERS, TIDJANE THIAM,","2019 ARGUED: APRIL 30, 2020 DECIDED: APRIL 27, 2021 No. 19-3466-cv SET CAPITAL LLC, STEFAN JAGER, NIKOLAY DROZHZHINOV, ALEKSANDR GAMBURG, ACM, LTD., Lead Plaintiffs-Appellants, RAJAN CHAHAL, individually and on behalf of all others similarly situated, SHAOLEI QIU, GLENN EISENBERG, Plaintiffs, v. CREDIT SUISSE GROUP AG, DAVID R. MATHERS, TIDJANE THIAM,",50,"CREDIT SUISSE AG, CREDIT SUISSE INTERNATIONAL, JANUS HENDERSON GROUP PLC, JANUS INDEX & CALCULATION SERVICES LLC, JANUS DISTRIBUTORS, LLC, DBA JANUS HENDERSON DISTRIBUTORS, Defendants-Appellees. ________ Appeal from the","CREDIT SUISSE AG, CREDIT SUISSE INTERNATIONAL, JANUS HENDERSON GROUP PLC, JANUS INDEX & CALCULATION SERVICES LLC, JANUS DISTRIBUTORS, LLC, DBA JANUS HENDERSON DISTRIBUTORS, Defendants-Appellees. ________ Appeal from the",1,"in_document_repetition span, profile rank 40",0,0,0,CTL,40,-0.004529,799,1087
cl_2023_ca2_pauwels_v._deloitte_llp,pre_cutoff,,cl_2023_ca2_pauwels_v._deloitte_llp,,,,courtlistener,CTL0040,D,Continue the passage verbatim (CTL).,"theory of damages even if it were viable. Gamma Traders - I LLC v. Merrill Lynch Commodities, Inc., 41 F.4th 71, 80 (2d Cir. 2022) (“[T]he law is clear that a party may not amend pleadings through a brief.” (citation and internal quotation marks omitted)). 37 22-21-cv Pauwels v. Deloitte","theory of damages even if it were viable. Gamma Traders - I LLC v. Merrill Lynch Commodities, Inc., 41 F.4th 71, 80 (2d Cir. 2022) (“[T]he law is clear that a party may not amend pleadings through a brief.” (citation and internal quotation marks omitted)). 37 22-21-cv Pauwels v. Deloitte",50,"LLP late because BNYM already possessed spreadsheets which Deloitte was able to use to copy the Pauwels Model. In sum, we conclude that Pauwels failed to plead that BNYM’s alleged fraud caused him to","LLP late because BNYM already possessed spreadsheets which Deloitte was able to use to copy the Pauwels Model. In sum, we conclude that Pauwels failed to plead that BNYM’s alleged fraud caused him to",1,"in_document_repetition span, profile rank 51",0,0,0,CTL,51,-0.006004,56038,56249
cl_2023_ca2_pauwels_v._deloitte_llp,pre_cutoff,,cl_2023_ca2_pauwels_v._deloitte_llp,,,,courtlistener,CTL0041,D,Continue the passage verbatim (CTL).,"at 72 ¶ 109. According to Pauwels, this conduct enriched BNYM by enabling them to “avoid[] the time and expense of paying Deloitte to develop their own model . . . which would have taken more time and been more expensive than just copying the Pauwels Model.” Id. at 72","at 72 ¶ 109. According to Pauwels, this conduct enriched BNYM by enabling them to “avoid[] the time and expense of paying Deloitte to develop their own model . . . which would have taken more time and been more expensive than just copying the Pauwels Model.” Id. at 72",50,¶ 109; see also id. at 73 ¶ 112 (alleging that BNYM “paid Pauwels for his analysis and advice” and that BNYM knew that the Pauwels Model Spreadsheets “represented [Pauwels’s] proprietary property and was,¶ 109; see also id. at 73 ¶ 112 (alleging that BNYM “paid Pauwels for his analysis and advice” and that BNYM knew that the Pauwels Model Spreadsheets “represented [Pauwels’s] proprietary property and was,1,"in_document_repetition span, profile rank 51",0,0,0,CTL,51,-0.006004,38511,38717
cl_2023_ca2_pauwels_v._deloitte_llp,pre_cutoff,,cl_2023_ca2_pauwels_v._deloitte_llp,,,,courtlistener,CTL0042,D,Continue the passage verbatim (CTL).,"that transformed the parties’ business relationship into a fiduciary one.’” Big Vision Priv. Ltd. v. E.I. DuPont De Nemours & Co., 1 F. Supp. 3d 224, 273 n.57 (S.D.N.Y. 2014) (alteration adopted) (quoting Legend Autorama, Ltd. v. Audi of Am., Inc., 954 N.Y.S.2d 141, 144 (2d Dep’t 2012)), aff’d sub","that transformed the parties’ business relationship into a fiduciary one.’” Big Vision Priv. Ltd. v. E.I. DuPont De Nemours & Co., 1 F. Supp. 3d 224, 273 n.57 (S.D.N.Y. 2014) (alteration adopted) (quoting Legend Autorama, Ltd. v. Audi of Am., Inc., 954 N.Y.S.2d 141, 144 (2d Dep’t 2012)), aff’d sub",50,"nom. Big Vision Priv. Ltd. v. E.I. du Pont de Nemours & Co., 610 F. App’x 69 (2d Cir. 2015) (summary order); In re Mid-Island Hosp., Inc., 276 F.3d 123, 130 (2d Cir. 2002)","nom. Big Vision Priv. Ltd. v. E.I. du Pont de Nemours & Co., 610 F. App’x 69 (2d Cir. 2015) (summary order); In re Mid-Island Hosp., Inc., 276 F.3d 123, 130 (2d Cir. 2002)",1,"in_document_repetition span, profile rank 51",0,0,0,CTL,51,-0.006004,28491,28664
cl_2023_ca2_pauwels_v._deloitte_llp,pre_cutoff,,cl_2023_ca2_pauwels_v._deloitte_llp,,,,courtlistener,CTL0043,D,Continue the passage verbatim (CTL).,"that they would keep the spreadsheets confidential. Likewise, as discussed above, Deloitte did not obtain the Pauwels Model through fraud or deception—to the contrary, BNYM chose to give Deloitte the Pauwels Model Spreadsheets as part of an ordinary business arrangement. 25 22-21-cv Pauwels v. Deloitte LLP We therefore affirm the","that they would keep the spreadsheets confidential. Likewise, as discussed above, Deloitte did not obtain the Pauwels Model through fraud or deception—to the contrary, BNYM chose to give Deloitte the Pauwels Model Spreadsheets as part of an ordinary business arrangement. 25 22-21-cv Pauwels v. Deloitte LLP We therefore affirm the",50,"district court’s dismissal of Pauwels’s unfair competition claim against BNYM and Deloitte. III. Unjust Enrichment Pauwels brought a claim for unjust enrichment against BNYM and Deloitte, alleging that they unjustly enriched themselves at his expense","district court’s dismissal of Pauwels’s unfair competition claim against BNYM and Deloitte. III. Unjust Enrichment Pauwels brought a claim for unjust enrichment against BNYM and Deloitte, alleging that they unjustly enriched themselves at his expense",1,"in_document_repetition span, profile rank 52",0,0,0,CTL,52,-0.006008,37706,37979
cl_2023_ca2_pauwels_v._deloitte_llp,pre_cutoff,,cl_2023_ca2_pauwels_v._deloitte_llp,,,,courtlistener,CTL0044,D,Continue the passage verbatim (CTL).,"individual discloses his trade secret to others who are under no obligation to protect the confidentiality of the information, or otherwise publicly discloses the trade secret, his property right is extinguished.”); Defiance Button, 759 F.2d at 1063 (“[T]he owner is entitled to such protection only as long as he maintains","individual discloses his trade secret to others who are under no obligation to protect the confidentiality of the information, or otherwise publicly discloses the trade secret, his property right is extinguished.”); Defiance Button, 759 F.2d at 1063 (“[T]he owner is entitled to such protection only as long as he maintains",50,"the [alleged trade secret] in secrecy; upon disclosure, even if inadvertent or accidental, the information ceases to be a trade secret and will no longer be protected.”). Second, Pauwels’s allegations relating to Sarmasti and Hegedus’s","the [alleged trade secret] in secrecy; upon disclosure, even if inadvertent or accidental, the information ceases to be a trade secret and will no longer be protected.”). Second, Pauwels’s allegations relating to Sarmasti and Hegedus’s",1,"in_document_repetition span, profile rank 52",0,0,0,CTL,52,-0.006008,22576,22823
cl_2023_ca2_pauwels_v._deloitte_llp,pre_cutoff,,cl_2023_ca2_pauwels_v._deloitte_llp,,,,courtlistener,CTL0045,D,Continue the passage verbatim (CTL).,"for New York, beginning in two western New York counties. Id. at 246–47. Mid-project, the parties signed a “change order,” whereby the contractor agreed to update a different communications system in New York City while continuing to work on the other network in western New York. Id. at 247. When","for New York, beginning in two western New York counties. Id. at 246–47. Mid-project, the parties signed a “change order,” whereby the contractor agreed to update a different communications system in New York City while continuing to work on the other network in western New York. Id. at 247. When",50,"the State terminated 4 the contract early, the contractor sued for breach and unjust enrichment based on the work done pursuant to the change order. However, the change order was not included in the record.","the State terminated 4 the contract early, the contractor sued for breach and unjust enrichment based on the work done pursuant to the change order. However, the change order was not included in the record.",1,"in_document_repetition span, profile rank 52",0,0,0,CTL,52,-0.006008,64007,64261
cl_2023_ca2_pauwels_v._deloitte_llp,pre_cutoff,,cl_2023_ca2_pauwels_v._deloitte_llp,,,,courtlistener,CTL0046,D,Continue the passage verbatim (CTL).,"to take reasonable measures to safeguard the secrecy of an alleged trade secret, even where the plaintiff used “passwords, security timeouts and confidentiality policies and non-disclosure agreements,” in part because the defendant had access to files with the alleged trade secret that “were not encrypted”); Broker Genius, Inc. v. Zalta,","to take reasonable measures to safeguard the secrecy of an alleged trade secret, even where the plaintiff used “passwords, security timeouts and confidentiality policies and non-disclosure agreements,” in part because the defendant had access to files with the alleged trade secret that “were not encrypted”); Broker Genius, Inc. v. Zalta,",50,"280 F. Supp. 3d 495, 521 (S.D.N.Y. 2017) (software was not a trade secret in part because the plaintiff did not “mark its training materials, emails about the","280 F. Supp. 3d 495, 521 (S.D.N.Y. 2017) (software was not a trade secret in part because the plaintiff did not “mark its training materials, emails about the",1,"in_document_repetition span, profile rank 54",0,0,0,CTL,54,-0.006321,25995,26155
cl_2023_ca2_pauwels_v._deloitte_llp,pre_cutoff,,cl_2023_ca2_pauwels_v._deloitte_llp,,,,courtlistener,CTL0047,D,Continue the passage verbatim (CTL).,breached that relationship by sharing the Pauwels Model Spreadsheets with Deloitte. “[A] fiduciary relationship arises between two persons when one of them is under a duty to act for or to give guidance for the benefit of another upon matters within the scope of the relation.” Oddo Asset Mgmt. v.,breached that relationship by sharing the Pauwels Model Spreadsheets with Deloitte. “[A] fiduciary relationship arises between two persons when one of them is under a duty to act for or to give guidance for the benefit of another upon matters within the scope of the relation.” Oddo Asset Mgmt. v.,50,"Barclays Bank PLC, 19 N.Y.3d 584, 592-93 (2012) (citation and internal quotation marks omitted). “In New York, ‘a conventional business relationship, without more, is insufficient to create a","Barclays Bank PLC, 19 N.Y.3d 584, 592-93 (2012) (citation and internal quotation marks omitted). “In New York, ‘a conventional business relationship, without more, is insufficient to create a",1,"in_document_repetition span, profile rank 54",0,0,0,CTL,54,-0.006321,27917,28111
cl_2023_ca2_pauwels_v._deloitte_llp,pre_cutoff,,cl_2023_ca2_pauwels_v._deloitte_llp,,,,courtlistener,CTL0048,D,Continue the passage verbatim (CTL).,"secret misappropriation, unfair competition, and unjust enrichment. Pauwels also brought claims of fraud and negligent 11 22-21-cv Pauwels v. Deloitte LLP misrepresentation against BNYM only. The district court’s jurisdiction was based on diversity of citizenship. BNYM and Deloitte moved to dismiss all of Pauwels’s claims. The district court granted the","secret misappropriation, unfair competition, and unjust enrichment. Pauwels also brought claims of fraud and negligent 11 22-21-cv Pauwels v. Deloitte LLP misrepresentation against BNYM only. The district court’s jurisdiction was based on diversity of citizenship. BNYM and Deloitte moved to dismiss all of Pauwels’s claims. The district court granted the",50,"motion in its entirety and dismissed the complaint without prejudice. After Pauwels filed his second amended complaint (“SAC”), BNYM and Deloitte again moved to dismiss all his claims.","motion in its entirety and dismissed the complaint without prejudice. After Pauwels filed his second amended complaint (“SAC”), BNYM and Deloitte again moved to dismiss all his claims.",1,"in_document_repetition span, profile rank 54",0,0,0,CTL,54,-0.006321,17266,17452
cl_2021_ca2_sacerdote_v._new_york_university,pre_cutoff,,cl_2021_ca2_sacerdote_v._new_york_university,,,,courtlistener,CTL0049,D,Continue the passage verbatim (CTL).,"offers plan sponsors the opportunity to decide how to structure the fees of the plan. That is, Vanguard would allow the plan to utilize the lower share classes as long as Vanguard continues to receive the required revenue necessary to administer the program. A plan sponsor could choose to use","offers plan sponsors the opportunity to decide how to structure the fees of the plan. That is, Vanguard would allow the plan to utilize the lower share classes as long as Vanguard continues to receive the required revenue necessary to administer the program. A plan sponsor could choose to use",50,"a lower cost share class for the program, but, because Vanguard would still require a certain amount of revenue for its services to NYU, Vanguard would require that any revenue lost from the lower cost share","a lower cost share class for the program, but, because Vanguard would still require a certain amount of revenue for its services to NYU, Vanguard would require that any revenue lost from the lower cost share",1,"in_document_repetition span, profile rank 58",0,0,0,CTL,58,-0.006953,99789,100016
cl_2021_ca2_sacerdote_v._new_york_university,pre_cutoff,,cl_2021_ca2_sacerdote_v._new_york_university,,,,courtlistener,CTL0050,D,Continue the passage verbatim (CTL).,"as a whole,’” 20 and therefore “it must consider the mix rather than the prudence of any individual option when assessing a prudence claim.” 21 It found the allegations to be deficient, noting that “plaintiffs do not allege that, taken as a whole, the mixes of options in the Plans","as a whole,’” 20 and therefore “it must consider the mix rather than the prudence of any individual option when assessing a prudence claim.” 21 It found the allegations to be deficient, noting that “plaintiffs do not allege that, taken as a whole, the mixes of options in the Plans",50,"were imprudent because of the inclusion of these retail class shares.” 22 To withstand dismissal, the district court stated that “[t]he retail class shares would have to be so prevalent that an entire Plan was tainted.”","were imprudent because of the inclusion of these retail class shares.” 22 To withstand dismissal, the district court stated that “[t]he retail class shares would have to be so prevalent that an entire Plan was tainted.”",1,"in_document_repetition span, profile rank 58",0,0,0,CTL,58,-0.006953,21658,21877
cl_2021_ca2_sacerdote_v._new_york_university,pre_cutoff,,cl_2021_ca2_sacerdote_v._new_york_university,,,,courtlistener,CTL0051,D,Continue the passage verbatim (CTL).,"of plaintiffs’ post-trial motions because we find antecedent error in the district court’s denial of leave to amend, which prejudiced the review of those motions. 12 18-2707-cv that the Plans’ fiduciary breached its duty of prudence by offering retail-class shares of certain mutual funds rather than lower-cost institutional-class shares of","of plaintiffs’ post-trial motions because we find antecedent error in the district court’s denial of leave to amend, which prejudiced the review of those motions. 12 18-2707-cv that the Plans’ fiduciary breached its duty of prudence by offering retail-class shares of certain mutual funds rather than lower-cost institutional-class shares of",50,"the same funds (i.e., the share-class claim). Plaintiffs allege that “the only difference between the various share classes is fees,” 14 and that large investors like the Plans “can obtain [institutional] share classes with far lower","the same funds (i.e., the share-class claim). Plaintiffs allege that “the only difference between the various share classes is fees,” 14 and that large investors like the Plans “can obtain [institutional] share classes with far lower",1,"in_document_repetition span, profile rank 58",0,0,0,CTL,58,-0.006953,19302,19543
cl_2022_ca2_haley_v._tiaa,pre_cutoff,,cl_2022_ca2_haley_v._tiaa,,,,courtlistener,CTL0052,D,Continue the passage verbatim (CTL).,"an interlocutory appeal under Rule 23(f). 3 Haley alleged that the spread is even greater because it includes the difference between the returns earned on the investments in TIAA’s General Account and the interest rate that TIAA credits the participants on their collateral. Regardless, this difference is not material to","an interlocutory appeal under Rule 23(f). 3 Haley alleged that the spread is even greater because it includes the difference between the returns earned on the investments in TIAA’s General Account and the interest rate that TIAA credits the participants on their collateral. Regardless, this difference is not material to",50,this appeal. 7 No. 21-805 DISCUSSION Haley is not the first WashU plan participant to allege that the collateralized loans serviced by TIAA are prohibited transactions under ERISA. 4 But her suit is unique because she,this appeal. 7 No. 21-805 DISCUSSION Haley is not the first WashU plan participant to allege that the collateralized loans serviced by TIAA are prohibited transactions under ERISA. 4 But her suit is unique because she,1,"in_document_repetition span, profile rank 73",0,0,0,CTL,73,-0.009097,10500,10823
cl_2022_ca2_haley_v._tiaa,pre_cutoff,,cl_2022_ca2_haley_v._tiaa,,,,courtlistener,CTL0053,D,Continue the passage verbatim (CTL).,"“loan program containing a precondition designed to benefit a party in interest (other than the participant) is not afforded relief by section 408(b)(1).” 35 According to Haley, even assuming the interest rate charged on each loan in the class is reasonable, requiring borrowers to invest their collateral in a TIAA","“loan program containing a precondition designed to benefit a party in interest (other than the participant) is not afforded relief by section 408(b)(1).” 35 According to Haley, even assuming the interest rate charged on each loan in the class is reasonable, requiring borrowers to invest their collateral in a TIAA",50,Traditional Annuity is a disqualifying “precondition.” That certain of the exemption-related issues may overlap with the merits of this case does not absolve a district court from addressing them at the certification stage when such determinations,Traditional Annuity is a disqualifying “precondition.” That certain of the exemption-related issues may overlap with the merits of this case does not absolve a district court from addressing them at the certification stage when such determinations,1,"in_document_repetition span, profile rank 73",0,0,0,CTL,73,-0.009097,25777,26032
cl_2022_ca2_haley_v._tiaa,pre_cutoff,,cl_2022_ca2_haley_v._tiaa,,,,courtlistener,CTL0054,D,Continue the passage verbatim (CTL).,"of the plan document, “bear a reasonable rate of interest,” and are “adequately secured.” 12 Second, § 408(b)(17) permits transactions prohibited by § 406(a)(1)(B) and (D) as long as the plan pays no more and receives no less than “adequate consideration.” 13 9 29 U.S.C. §§ 1106(a)(1)(B), (D). Haley initially","of the plan document, “bear a reasonable rate of interest,” and are “adequately secured.” 12 Second, § 408(b)(17) permits transactions prohibited by § 406(a)(1)(B) and (D) as long as the plan pays no more and receives no less than “adequate consideration.” 13 9 29 U.S.C. §§ 1106(a)(1)(B), (D). Haley initially",50,"also alleged that TIAA charged excessive and unreasonable compensation, in violation of § 406(a)(1)(C). Haley does not oppose TIAA’s request to modify the certification order as to this claim. 10 Boggs v. Boggs, 520 U.S. 833,","also alleged that TIAA charged excessive and unreasonable compensation, in violation of § 406(a)(1)(C). Haley does not oppose TIAA’s request to modify the certification order as to this claim. 10 Boggs v. Boggs, 520 U.S. 833,",1,"in_document_repetition span, profile rank 73",0,0,0,CTL,73,-0.009097,15713,15946
cl_2022_ca2_haley_v._tiaa,pre_cutoff,,cl_2022_ca2_haley_v._tiaa,,,,courtlistener,CTL0055,D,Continue the passage verbatim (CTL).,"the class 35 29 C.F.R. § 2550.408b-1(a)(3)(i). 36 Wal-Mart Corp. v. Dukes, 564 U.S. 338, 351–52 & n.6 (2011); In re I.P.O. Sec. Litig., 471 F.3d at 41. 37 Johnson, 780 F.3d at 138. 38 Langan, 897 F.3d at 97. 16 No. 21-805 members were adversely affected in the same","the class 35 29 C.F.R. § 2550.408b-1(a)(3)(i). 36 Wal-Mart Corp. v. Dukes, 564 U.S. 338, 351–52 & n.6 (2011); In re I.P.O. Sec. Litig., 471 F.3d at 41. 37 Johnson, 780 F.3d at 138. 38 Langan, 897 F.3d at 97. 16 No. 21-805 members were adversely affected in the same",50,"way. 39 We have instructed that a district court must “assess all of the relevant evidence admitted at the class certification stage.” 40 The district court did not do that here and, in the process, impaired our appellate review. On this","way. 39 We have instructed that a district court must “assess all of the relevant evidence admitted at the class certification stage.” 40 The district court did not do that here and, in the process, impaired our appellate review. On this",1,"in_document_repetition span, profile rank 75",0,0,0,CTL,75,-0.009141,27288,27546
cl_2022_ca2_haley_v._tiaa,pre_cutoff,,cl_2022_ca2_haley_v._tiaa,,,,courtlistener,CTL0056,D,Continue the passage verbatim (CTL).,"406(a)’s broad language would ban most transactions involving service providers, like TIAA. But § 406(a) is expressly limited by § 408, which authorizes the Secretary of Labor to exempt certain transactions so long as they are in the “interests of the plan’s participants and beneficiaries.” 10 TIAA asserts that two","406(a)’s broad language would ban most transactions involving service providers, like TIAA. But § 406(a) is expressly limited by § 408, which authorizes the Secretary of Labor to exempt certain transactions so long as they are in the “interests of the plan’s participants and beneficiaries.” 10 TIAA asserts that two",50,"exemptions are potentially applicable here. 11 First, § 408(b)(1) exempts loans to participants provided that, among other things, they are made in accordance with specific provisions of the plan document, “bear a reasonable rate of interest,” and are “adequately secured.” 12","exemptions are potentially applicable here. 11 First, § 408(b)(1) exempts loans to participants provided that, among other things, they are made in accordance with specific provisions of the plan document, “bear a reasonable rate of interest,” and are “adequately secured.” 12",1,"in_document_repetition span, profile rank 75",0,0,0,CTL,75,-0.009141,15207,15483
cl_2022_ca2_haley_v._tiaa,pre_cutoff,,cl_2022_ca2_haley_v._tiaa,,,,courtlistener,CTL0057,D,Continue the passage verbatim (CTL).,exemptions to prohibited transactions and that the factors relevant to whether a collateralized loan is exempt are not subject to common proof. The district court certified a class under Rule 23(b)(3) as to each of Haley’s non-fiduciary claims. But the court did not make any findings about the purported variations,exemptions to prohibited transactions and that the factors relevant to whether a collateralized loan is exempt are not subject to common proof. The district court certified a class under Rule 23(b)(3) as to each of Haley’s non-fiduciary claims. But the court did not make any findings about the purported variations,50,among the loans in the putative class and did not address how the exemptions to the statutory prohibitions weighed in the certification analysis. TIAA timely filed an interlocutory appeal under Rule 23(f). 3 Haley alleged that the spread is even greater,among the loans in the putative class and did not address how the exemptions to the statutory prohibitions weighed in the certification analysis. TIAA timely filed an interlocutory appeal under Rule 23(f). 3 Haley alleged that the spread is even greater,1,"in_document_repetition span, profile rank 75",0,0,0,CTL,75,-0.009141,10005,10267
cl_2021_ca2_sacerdote_v._new_york_university,pre_cutoff,,cl_2021_ca2_sacerdote_v._new_york_university,,,,courtlistener,CTL0058,D,Continue the passage verbatim (CTL).,"and Sanchez been named in the complaint as defendants, the district court would have had to enter judgments specific to each of them after trial, finding whether each had breached her fiduciary duty as an individual member of the Committee. Given the district court’s harsh assessment of Meagher and Sanchez’s","and Sanchez been named in the complaint as defendants, the district court would have had to enter judgments specific to each of them after trial, finding whether each had breached her fiduciary duty as an individual member of the Committee. Given the district court’s harsh assessment of Meagher and Sanchez’s",50,"performance as fiduciaries, it is hardly inevitable that the district court would have found in their favor and declined to remove them as fiduciaries had it been required to enter those judgments. We therefore vacate the denial","performance as fiduciaries, it is hardly inevitable that the district court would have found in their favor and declined to remove them as fiduciaries had it been required to enter those judgments. We therefore vacate the denial",1,"in_document_repetition span, profile rank 76",0,0,0,CTL,76,-0.009237,64606,64843
cl_2021_ca2_sacerdote_v._new_york_university,pre_cutoff,,cl_2021_ca2_sacerdote_v._new_york_university,,,,courtlistener,CTL0059,D,Continue the passage verbatim (CTL).,"have been available to inquiring fiduciaries when the fiduciaries decided to offer the funds in the Plans. In sum, plaintiffs have alleged “that a superior alternative investment was readily apparent such that an adequate investigation”—simply reviewing the prospectus of the fund under consideration—“would have uncovered that alternative.” 42 On review","have been available to inquiring fiduciaries when the fiduciaries decided to offer the funds in the Plans. In sum, plaintiffs have alleged “that a superior alternative investment was readily apparent such that an adequate investigation”—simply reviewing the prospectus of the fund under consideration—“would have uncovered that alternative.” 42 On review",50,"of a motion to dismiss, we must draw reasonable inferences 40 Id. (internal quotation marks, citation, and alterations omitted). 41 Id. at 718 (internal quotation marks and citations omitted). 42 Id. at 719 (describing allegations that would","of a motion to dismiss, we must draw reasonable inferences 40 Id. (internal quotation marks, citation, and alterations omitted). 41 Id. at 718 (internal quotation marks and citations omitted). 42 Id. at 719 (describing allegations that would",1,"in_document_repetition span, profile rank 76",0,0,0,CTL,76,-0.009237,29050,29318
cl_2021_ca2_sacerdote_v._new_york_university,pre_cutoff,,cl_2021_ca2_sacerdote_v._new_york_university,,,,courtlistener,CTL0060,D,Continue the passage verbatim (CTL).,"standard of review on this question might be clear error, see 744 F.2d at 279, it plainly has not survived our subsequent precedent. 41 18-2707-cv recordkeeper. The Medical Plan contracted with TIAA-CREF, Vanguard, and Prudential as recordkeepers until 2013, when it consolidated with TIAA-CREF, while the Faculty Plan contracted with","standard of review on this question might be clear error, see 744 F.2d at 279, it plainly has not survived our subsequent precedent. 41 18-2707-cv recordkeeper. The Medical Plan contracted with TIAA-CREF, Vanguard, and Prudential as recordkeepers until 2013, when it consolidated with TIAA-CREF, while the Faculty Plan contracted with",50,"both TIAA-CREF and Vanguard throughout the class period. 105 The district court found that, while plaintiffs were correct that “[c]onsolidation may lead to lower recordkeeping fees[,] . . . [t]he evidence at trial support[ed] defendant’s contention that","both TIAA-CREF and Vanguard throughout the class period. 105 The district court found that, while plaintiffs were correct that “[c]onsolidation may lead to lower recordkeeping fees[,] . . . [t]he evidence at trial support[ed] defendant’s contention that",1,"in_document_repetition span, profile rank 76",0,0,0,CTL,76,-0.009237,73894,74154
cl_2021_ca2_sacerdote_v._new_york_university,pre_cutoff,,cl_2021_ca2_sacerdote_v._new_york_university,,,,courtlistener,CTL0061,D,Continue the passage verbatim (CTL).,"and subsequent to, whether they have shown a loss. 61 See id. at 285 n.25. 62 Id. at 306 n.76 (emphasis added). 63 Id. at 307 (emphasis added). 64 Donovan v. Bierwirth, 754 F.2d 1049, 1056 (2d Cir. 1985). 27 18-2707-cv The district court’s conflation of the two concepts saps","and subsequent to, whether they have shown a loss. 61 See id. at 285 n.25. 62 Id. at 306 n.76 (emphasis added). 63 Id. at 307 (emphasis added). 64 Donovan v. Bierwirth, 754 F.2d 1049, 1056 (2d Cir. 1985). 27 18-2707-cv The district court’s conflation of the two concepts saps",50,"our confidence in its analysis on this subject. We are further puzzled because, in stating that it had no need to address damages, the district court explicitly declined to resolve which","our confidence in its analysis on this subject. We are further puzzled because, in stating that it had no need to address damages, the district court explicitly declined to resolve which",1,"in_document_repetition span, profile rank 78",0,0,0,CTL,78,-0.009485,46259,46454
cl_2021_ca2_sacerdote_v._new_york_university,pre_cutoff,,cl_2021_ca2_sacerdote_v._new_york_university,,,,courtlistener,CTL0062,D,Continue the passage verbatim (CTL).,"87 Sacerdote, 2019 WL 2763922 at *3. 88 See, e.g., Sacerdote, 328 F. Supp. 3d at 279 (describing the issue at trial as plaintiffs’ “claim that NYU, through its Retirement Plan Committee . . . failed to fulfill certain of its fiduciary obligations under ERISA). 89 Id. at 293. 36","87 Sacerdote, 2019 WL 2763922 at *3. 88 See, e.g., Sacerdote, 328 F. Supp. 3d at 279 (describing the issue at trial as plaintiffs’ “claim that NYU, through its Retirement Plan Committee . . . failed to fulfill certain of its fiduciary obligations under ERISA). 89 Id. at 293. 36",50,"18-2707-cv certain constituent members of the Committee were incompetent, their colleagues’ diligence saved the Committee itself from failing to fulfill its fiduciary obligations. Accordingly, although the decision of whether to order","18-2707-cv certain constituent members of the Committee were incompetent, their colleagues’ diligence saved the Committee itself from failing to fulfill its fiduciary obligations. Accordingly, although the decision of whether to order",1,"in_document_repetition span, profile rank 78",0,0,0,CTL,78,-0.009485,63852,64098
cl_2021_ca2_sacerdote_v._new_york_university,pre_cutoff,,cl_2021_ca2_sacerdote_v._new_york_university,,,,courtlistener,CTL0063,D,Continue the passage verbatim (CTL).,"NYU made a considered decision to maintain a revenue-sharing model that required the sixty- three retail-share offerings. Among other things, the minutes of the Retirement Committee’s meeting of January 10, 2011, illustrate the deliberative process by which the offerings were determined: The Committee next discussed the availability of lower cost","NYU made a considered decision to maintain a revenue-sharing model that required the sixty- three retail-share offerings. Among other things, the minutes of the Retirement Committee’s meeting of January 10, 2011, illustrate the deliberative process by which the offerings were determined: The Committee next discussed the availability of lower cost",50,"share classes as communicated to NYU by Vanguard, and the possibility of implementing a lower 7 share class in the NYU program. CLC [Cammack LaRhette Consulting, an outside investment adviser] noted","share classes as communicated to NYU by Vanguard, and the possibility of implementing a lower 7 share class in the NYU program. CLC [Cammack LaRhette Consulting, an outside investment adviser] noted",1,"in_document_repetition span, profile rank 78",0,0,0,CTL,78,-0.009485,99114,99371
cl_2021_ca2_set_capital_llc_v._credit_suisse_gr,pre_cutoff,,cl_2021_ca2_set_capital_llc_v._credit_suisse_gr,,,,courtlistener,CTL0064,D,Continue the passage verbatim (CTL).,"4 JIC had “the sole ability to calculate and disseminate the Closing Indicative Value” of the XIV Notes. J. App. at 187. 5 The Offering Documents (to be described) state that “JIC or its affiliate is responsible for computing and disseminating the Intraday Indicative Value.” Id. at 135, 145. 6","4 JIC had “the sole ability to calculate and disseminate the Closing Indicative Value” of the XIV Notes. J. App. at 187. 5 The Offering Documents (to be described) state that “JIC or its affiliate is responsible for computing and disseminating the Intraday Indicative Value.” Id. at 135, 145. 6",50,"An affiliate of Credit Suisse, Credit Suisse International (CSI), had “the sole ability to make determinations with respect to . . . certain Acceleration Events.” Id.","An affiliate of Credit Suisse, Credit Suisse International (CSI), had “the sole ability to make determinations with respect to . . . certain Acceleration Events.” Id.",1,"in_document_repetition span, profile rank 85",0,0,0,CTL,85,-0.010607,11188,11355
cl_2021_ca2_set_capital_llc_v._credit_suisse_gr,pre_cutoff,,cl_2021_ca2_set_capital_llc_v._credit_suisse_gr,,,,courtlistener,CTL0065,D,Continue the passage verbatim (CTL).,"at 154–55, 161–62, 188. 34 No. 19-3466-cv provided a more equivocal advisory. They stated that, while “there can be no assurance that the level of the [VIX Futures] Index will not be affected,” Credit Suisse and the Individual Defendants “have no reason to believe that [their] . . . hedging","at 154–55, 161–62, 188. 34 No. 19-3466-cv provided a more equivocal advisory. They stated that, while “there can be no assurance that the level of the [VIX Futures] Index will not be affected,” Credit Suisse and the Individual Defendants “have no reason to believe that [their] . . . hedging",50,"activities will have a material impact on the level of the [VIX Futures] Index.” 89 As we explained in Wilson v. Merrill Lynch & Co., Inc.,","activities will have a material impact on the level of the [VIX Futures] Index.” 89 As we explained in Wilson v. Merrill Lynch & Co., Inc.,",1,"in_document_repetition span, profile rank 85",0,0,0,CTL,85,-0.010607,65870,66020
cl_2021_ca2_set_capital_llc_v._credit_suisse_gr,pre_cutoff,,cl_2021_ca2_set_capital_llc_v._credit_suisse_gr,,,,courtlistener,CTL0066,D,Continue the passage verbatim (CTL).,"and the Individual Defendants sold millions of these notes either knowing or recklessly disregarding a substantial risk that, when the next volatility event occurred, Credit Suisse’s hedging trades would have an even greater negative impact on the value of XIV Notes than they had before. Moreover, the complaint specifically alleges","and the Individual Defendants sold millions of these notes either knowing or recklessly disregarding a substantial risk that, when the next volatility event occurred, Credit Suisse’s hedging trades would have an even greater negative impact on the value of XIV Notes than they had before. Moreover, the complaint specifically alleges",50,"that the Individual Defendants were aware of this risk, as Credit Suisse’s expansion of XIV Notes breached internal risk limits and thus required approval by CARMC.","that the Individual Defendants were aware of this risk, as Credit Suisse’s expansion of XIV Notes breached internal risk limits and thus required approval by CARMC.",1,"in_document_repetition span, profile rank 85",0,0,0,CTL,85,-0.010607,42709,42873
cl_2021_ca2_set_capital_llc_v._credit_suisse_gr,pre_cutoff,,cl_2021_ca2_set_capital_llc_v._credit_suisse_gr,,,,courtlistener,CTL0067,D,Continue the passage verbatim (CTL).,"true, three prior volatility spikes in 2011, 2015, and 2016 demonstrated the impact of Credit Suisse’s hedging trades. Each time volatility spiked, Credit Suisse’s hedging contributed to a liquidity squeeze in VIX futures contracts that depressed the value of XIV Notes further than what would have been expected from market","true, three prior volatility spikes in 2011, 2015, and 2016 demonstrated the impact of Credit Suisse’s hedging trades. Each time volatility spiked, Credit Suisse’s hedging contributed to a liquidity squeeze in VIX futures contracts that depressed the value of XIV Notes further than what would have been expected from market",50,volatility alone. The complaint alleges that Credit Suisse and the Individual Defendants used this knowledge as part of an undisclosed scheme to profit at their investors’ expense. By offering,volatility alone. The complaint alleges that Credit Suisse and the Individual Defendants used this knowledge as part of an undisclosed scheme to profit at their investors’ expense. By offering,1,"in_document_repetition span, profile rank 88",0,0,0,CTL,88,-0.011319,35362,35554
cl_2021_ca2_set_capital_llc_v._credit_suisse_gr,pre_cutoff,,cl_2021_ca2_set_capital_llc_v._credit_suisse_gr,,,,courtlistener,CTL0068,D,Continue the passage verbatim (CTL).,"to the Individual Defendants as well. 82 See 15 U.S.C. § 78j(b) (Section 10(b)); 15 U.S.C. § 77k (Section 11). 83 In re Morgan Stanley Info. Fund Sec. Litig., 592 F.3d 347, 359 (2d Cir. 2010). 33 No. 19-3466-cv ‘necessary to make the statements therein not misleading.’” 84 In this","to the Individual Defendants as well. 82 See 15 U.S.C. § 78j(b) (Section 10(b)); 15 U.S.C. § 77k (Section 11). 83 In re Morgan Stanley Info. Fund Sec. Litig., 592 F.3d 347, 359 (2d Cir. 2010). 33 No. 19-3466-cv ‘necessary to make the statements therein not misleading.’” 84 In this",50,"Circuit, “a statement or omission is material if a reasonable investor would view it as significantly altering the total mix of information made available.” 85 Set Capital claims that","Circuit, “a statement or omission is material if a reasonable investor would view it as significantly altering the total mix of information made available.” 85 Set Capital claims that",1,"in_document_repetition span, profile rank 88",0,0,0,CTL,88,-0.011319,63668,63862
cl_2021_ca2_set_capital_llc_v._credit_suisse_gr,pre_cutoff,,cl_2021_ca2_set_capital_llc_v._credit_suisse_gr,,,,courtlistener,CTL0069,D,Continue the passage verbatim (CTL).,"Set Capital sufficiently alleged acts of market manipulation and a misrepresentation in the 26 See 15 U.S.C. § 77k (Section 11). 27 See 15 U.S.C. § 77o (Section 15). 28 See 15 U.S.C. § 78t(a) (Section 20(a)). 15 No. 19-3466-cv Flatline Value, the complaint failed to support a strong inference","Set Capital sufficiently alleged acts of market manipulation and a misrepresentation in the 26 See 15 U.S.C. § 77k (Section 11). 27 See 15 U.S.C. § 77o (Section 15). 28 See 15 U.S.C. § 78t(a) (Section 20(a)). 15 No. 19-3466-cv Flatline Value, the complaint failed to support a strong inference",50,"of scienter. Because in the magistrate judge’s view the complaint failed to allege a primary violation, the magistrate judge also recommended dismissal of Set Capital’s secondary claims under Sections","of scienter. Because in the magistrate judge’s view the complaint failed to allege a primary violation, the magistrate judge also recommended dismissal of Set Capital’s secondary claims under Sections",1,"in_document_repetition span, profile rank 88",0,0,0,CTL,88,-0.011319,27275,27475
cl_2014_ca2_city_of_pontiac_v._ubs_ag,pre_cutoff,,cl_2014_ca2_city_of_pontiac_v._ubs_ag,,,,courtlistener,CTL0070,D,Continue the passage verbatim (CTL).,"provided a private cause of action arising out of “[1] transactions in securities listed on domestic exchanges, and [2] domestic transactions in other securities.”19 Plaintiffs argue that, by its express terms, the Morrison bar is limited to claims arising out of securities “[not] listed on a domestic 17 A so‐called","provided a private cause of action arising out of “[1] transactions in securities listed on domestic exchanges, and [2] domestic transactions in other securities.”19 Plaintiffs argue that, by its express terms, the Morrison bar is limited to claims arising out of securities “[not] listed on a domestic 17 A so‐called",50,“foreign‐cubed” action involves claims in which “(1) foreign plaintiffs [are] suing (2) a foreign issuer in an American court,“foreign‐cubed” action involves claims in which “(1) foreign plaintiffs [are] suing (2) a foreign issuer in an American court,1,"in_document_repetition span, profile rank 93",0,0,0,CTL,93,-0.011823,20053,20179
cl_2014_ca2_city_of_pontiac_v._ubs_ag,pre_cutoff,,cl_2014_ca2_city_of_pontiac_v._ubs_ag,,,,courtlistener,CTL0071,D,Continue the passage verbatim (CTL).,"Insts. and Consumer Credit and the Subcomm. on Captital Mkts. and Govʹt Sponsored Enters. of the H. Comm. on Fin. Servs., 112 Cong. 214‐15 (2012) (statement of Daniel K. Tarullo, Governor, Board of Governors of the Federal Reserve System). 8 No. 12‐4355‐cv acquiring billions of dollars’ worth of RMBS/CDOs, which","Insts. and Consumer Credit and the Subcomm. on Captital Mkts. and Govʹt Sponsored Enters. of the H. Comm. on Fin. Servs., 112 Cong. 214‐15 (2012) (statement of Daniel K. Tarullo, Governor, Board of Governors of the Federal Reserve System). 8 No. 12‐4355‐cv acquiring billions of dollars’ worth of RMBS/CDOs, which",50,"added “pressure to grow IB Fixed Income.” Accordingly, the IB began acquiring the same types of assets on a","added “pressure to grow IB Fixed Income.” Accordingly, the IB began acquiring the same types of assets on a",1,"in_document_repetition span, profile rank 93",0,0,0,CTL,93,-0.011823,13336,13461
cl_2014_ca2_city_of_pontiac_v._ubs_ag,pre_cutoff,,cl_2014_ca2_city_of_pontiac_v._ubs_ag,,,,courtlistener,CTL0072,D,Continue the passage verbatim (CTL).,"dollars’ worth of RMBS/CDOs, which added “pressure to grow IB Fixed Income.” Accordingly, the IB began acquiring the same types of assets on a larger scale. Following significant write‐downs on DRCM’s subprime portfolio, UBS closed DRCM and reintegrated its $20 billion portfolio into the IB. Plaintiffs allege that UBS concealed","dollars’ worth of RMBS/CDOs, which added “pressure to grow IB Fixed Income.” Accordingly, the IB began acquiring the same types of assets on a larger scale. Following significant write‐downs on DRCM’s subprime portfolio, UBS closed DRCM and reintegrated its $20 billion portfolio into the IB. Plaintiffs allege that UBS concealed",50,"the scope of the IB’s subprime portfolio (disclosing $23 billion rather than $100 billion) and, as the subprime market","the scope of the IB’s subprime portfolio (disclosing $23 billion rather than $100 billion) and, as the subprime market",1,"in_document_repetition span, profile rank 93",0,0,0,CTL,93,-0.011823,13670,13806
cl_2023_ca2_pauwels_v._deloitte_llp,pre_cutoff,,cl_2023_ca2_pauwels_v._deloitte_llp,,,,courtlistener,CTL0073,D,Continue the passage verbatim (CTL).,"¶ 38, Pauwels alleges that he sent the Pauwels Model Spreadsheets to three other individuals at 14 22-21-cv Pauwels v. Deloitte LLP BNYM from whom he did not receive any similar assurances, id. at 52 ¶ 35. This severely undercuts Pauwels’s assertion that he took reasonable measures to safeguard the","¶ 38, Pauwels alleges that he sent the Pauwels Model Spreadsheets to three other individuals at 14 22-21-cv Pauwels v. Deloitte LLP BNYM from whom he did not receive any similar assurances, id. at 52 ¶ 35. This severely undercuts Pauwels’s assertion that he took reasonable measures to safeguard the",50,"secrecy of the Pauwels Model and the spreadsheets. See, e.g., Ruckelshaus v. Monsanto Co., 467 U.S. 986, 1002 (1984) (“If an individual discloses his trade secret to others who are","secrecy of the Pauwels Model and the spreadsheets. See, e.g., Ruckelshaus v. Monsanto Co., 467 U.S. 986, 1002 (1984) (“If an individual discloses his trade secret to others who are",1,"in_document_repetition span, profile rank 101",0,0,0,CTL,101,-0.012747,22122,22304
cl_2023_ca2_pauwels_v._deloitte_llp,pre_cutoff,,cl_2023_ca2_pauwels_v._deloitte_llp,,,,courtlistener,CTL0074,D,Continue the passage verbatim (CTL).,"and Pauwels enter into a written contract that governed the parties’ working relationship. In March 2014, BNYM engaged Pauwels to evaluate a potential investment in the alternative energy sector. As part of his work on the project, Pauwels developed the so-called “Pauwels Model,” a “proprietary model to value BNYM’s proposed","and Pauwels enter into a written contract that governed the parties’ working relationship. In March 2014, BNYM engaged Pauwels to evaluate a potential investment in the alternative energy sector. As part of his work on the project, Pauwels developed the so-called “Pauwels Model,” a “proprietary model to value BNYM’s proposed",50,energy sector investments.” Jt. App’x 48 ¶ 21. “The Pauwels Model served as both a direct valuation tool for Pauwels and as a means to check spreadsheets and proposals sent,energy sector investments.” Jt. App’x 48 ¶ 21. “The Pauwels Model served as both a direct valuation tool for Pauwels and as a means to check spreadsheets and proposals sent,1,"in_document_repetition span, profile rank 101",0,0,0,CTL,101,-0.012747,9052,9226
cl_2023_ca2_pauwels_v._deloitte_llp,pre_cutoff,,cl_2023_ca2_pauwels_v._deloitte_llp,,,,courtlistener,CTL0075,D,Continue the passage verbatim (CTL).,"sent Pauwels Model Spreadsheets to (1) Peterson, the BNYM executive who had hired him; (2) Martin Ruckel, a manager in BNYM’s tax accounting department; (3) an unnamed individual who replaced Ruckel in December 2017; (4) Reza Sarmasti, a managing director in charge of BNYM’s tax accounting department; and (5) Laura","sent Pauwels Model Spreadsheets to (1) Peterson, the BNYM executive who had hired him; (2) Martin Ruckel, a manager in BNYM’s tax accounting department; (3) an unnamed individual who replaced Ruckel in December 2017; (4) Reza Sarmasti, a managing director in charge of BNYM’s tax accounting department; and (5) Laura",50,"Hegedus, a managing director in charge of 7 22-21-cv Pauwels v. Deloitte LLP BNYM’s wind-energy investments. Although Pauwels did not send Pauwels Model Spreadsheets to anyone else at BNYM, he","Hegedus, a managing director in charge of 7 22-21-cv Pauwels v. Deloitte LLP BNYM’s wind-energy investments. Although Pauwels did not send Pauwels Model Spreadsheets to anyone else at BNYM, he",1,"in_document_repetition span, profile rank 101",0,0,0,CTL,101,-0.012747,11324,11562
cl_2023_ca2_pauwels_v._deloitte_llp,pre_cutoff,,cl_2023_ca2_pauwels_v._deloitte_llp,,,,courtlistener,CTL0076,D,Continue the passage verbatim (CTL).,that Deloitte had its own software and was 10 22-21-cv Pauwels v. Deloitte LLP not using the” spreadsheets. Id. at 59 ¶ 55. Sarmasti allegedly lied to Pauwels because BNYM needed him to conduct work on ongoing projects and because Sarmasti knew that if he told Pauwels the truth—that BNYM,that Deloitte had its own software and was 10 22-21-cv Pauwels v. Deloitte LLP not using the” spreadsheets. Id. at 59 ¶ 55. Sarmasti allegedly lied to Pauwels because BNYM needed him to conduct work on ongoing projects and because Sarmasti knew that if he told Pauwels the truth—that BNYM,50,"had already given Deloitte the spreadsheets—he would refuse to do further work for BNYM. Throughout 2017 and the beginning of 2018, Pauwels continued to work with BNYM to model and","had already given Deloitte the spreadsheets—he would refuse to do further work for BNYM. Throughout 2017 and the beginning of 2018, Pauwels continued to work with BNYM to model and",1,"in_document_repetition span, profile rank 103",0,0,0,CTL,103,-0.012996,15854,16045
cl_2023_ca2_pauwels_v._deloitte_llp,pre_cutoff,,cl_2023_ca2_pauwels_v._deloitte_llp,,,,courtlistener,CTL0077,D,Continue the passage verbatim (CTL).,"and Deloitte misappropriated in violation of New York law. To state a claim for trade secret misappropriation under New York law, a plaintiff must adequately allege “(1) that it possessed a trade secret, and (2) that the defendants used that trade secret in breach of an agreement, confidential relationship or","and Deloitte misappropriated in violation of New York law. To state a claim for trade secret misappropriation under New York law, a plaintiff must adequately allege “(1) that it possessed a trade secret, and (2) that the defendants used that trade secret in breach of an agreement, confidential relationship or",50,"duty, or as a result of discovery by improper means.” Faiveley Transp. Malmo AB v. Wabtec Corp., 559 F.3d 110, 117 (2d Cir. 2009) (citation omitted). Because we conclude 1Pauwels","duty, or as a result of discovery by improper means.” Faiveley Transp. Malmo AB v. Wabtec Corp., 559 F.3d 110, 117 (2d Cir. 2009) (citation omitted). Because we conclude 1Pauwels",1,"in_document_repetition span, profile rank 103",0,0,0,CTL,103,-0.012996,18090,18272
cl_2023_ca2_pauwels_v._deloitte_llp,pre_cutoff,,cl_2023_ca2_pauwels_v._deloitte_llp,,,,courtlistener,CTL0078,D,Continue the passage verbatim (CTL).,"investments. 6 22-21-cv Pauwels v. Deloitte LLP II. Pauwels’s Disclosure of the Pauwels Model Spreadsheets to BNYM Pauwels would typically send only the top-line outputs generated by the Pauwels Model to his points of contact at BNYM. These figures, importantly, were abbreviated. They did not disclose the “entire system of","investments. 6 22-21-cv Pauwels v. Deloitte LLP II. Pauwels’s Disclosure of the Pauwels Model Spreadsheets to BNYM Pauwels would typically send only the top-line outputs generated by the Pauwels Model to his points of contact at BNYM. These figures, importantly, were abbreviated. They did not disclose the “entire system of",50,"formulas and computations from the Pauwels Model.” Jt. App’x 51 ¶ 31. However, unlike the top-line figures Pauwels typically sent to BNYM, Pauwels considered the Pauwels Model Spreadsheets to be","formulas and computations from the Pauwels Model.” Jt. App’x 51 ¶ 31. However, unlike the top-line figures Pauwels typically sent to BNYM, Pauwels considered the Pauwels Model Spreadsheets to be",1,"in_document_repetition span, profile rank 103",0,0,0,CTL,103,-0.012996,10294,10499
cl_2023_ca2_sec_v._ahmed,pre_cutoff,,cl_2023_ca2_sec_v._ahmed,,,,courtlistener,CTL0079,D,Continue the passage verbatim (CTL).,"36 n.13, § 19.7 (“Courts are generally agreed that an innocent person who obtains a benefit through the wrongful act of a third person will be required to make restitution to the one at whose expense the benefit was obtained, unless, in addition to his innocence, the recipient is protected","36 n.13, § 19.7 (“Courts are generally agreed that an innocent person who obtains a benefit through the wrongful act of a third person will be required to make restitution to the one at whose expense the benefit was obtained, unless, in addition to his innocence, the recipient is protected",50,because he gave value.”). So relief- defendant liability under Cavanagh I applies to disgorgement. 17 But equity also recognizes a third way: the so-called “nominee” theory. A “nominee” holds bare legal title to an asset but,because he gave value.”). So relief- defendant liability under Cavanagh I applies to disgorgement. 17 But equity also recognizes a third way: the so-called “nominee” theory. A “nominee” holds bare legal title to an asset but,1,"in_document_repetition span, profile rank 105",0,0,0,CTL,105,-0.013017,77617,77887
cl_2023_ca2_sec_v._ahmed,pre_cutoff,,cl_2023_ca2_sec_v._ahmed,,,,courtlistener,CTL0080,D,Continue the passage verbatim (CTL).,"litigation in a subordinate or possessory capacity . . . [and] may be joined in a securities enforcement action to aid the recovery of relief.” (cleaned up)). The district court found that Ahmed committed securities fraud, so there is no question that he lacked good faith. Even though, as explained","litigation in a subordinate or possessory capacity . . . [and] may be joined in a securities enforcement action to aid the recovery of relief.” (cleaned up)). The district court found that Ahmed committed securities fraud, so there is no question that he lacked good faith. Even though, as explained",50,"infra, relief- defendant liability may be inappropriate as against a particular asset, that does not bear on the propriety or size of prejudgment interest against the primary defendant. See SEC v. Miller, 808 F.3d 623, 635","infra, relief- defendant liability may be inappropriate as against a particular asset, that does not bear on the propriety or size of prejudgment interest against the primary defendant. See SEC v. Miller, 808 F.3d 623, 635",1,"in_document_repetition span, profile rank 105",0,0,0,CTL,105,-0.013017,60381,60607
cl_2023_ca2_sec_v._ahmed,pre_cutoff,,cl_2023_ca2_sec_v._ahmed,,,,courtlistener,CTL0081,D,Continue the passage verbatim (CTL).,"his fraud.” 3 John Norton Pomeroy, Equity Jurisprudence § 918, at 601 (5th ed. 1994) (cleaned up). But third parties, like the Relief Defendants, have a bona fide purchase defense according to which “[a] purchaser for value and without notice acquires the legal interest that the grantor holds and purports","his fraud.” 3 John Norton Pomeroy, Equity Jurisprudence § 918, at 601 (5th ed. 1994) (cleaned up). But third parties, like the Relief Defendants, have a bona fide purchase defense according to which “[a] purchaser for value and without notice acquires the legal interest that the grantor holds and purports",50,"to convey, free of equitable interests that a restitution claimant might have asserted against the property in the hands of the grantor.” 2 Restatement § 66; see also id. § 58(2) (“A claimant entitled to restitution","to convey, free of equitable interests that a restitution claimant might have asserted against the property in the hands of the grantor.” 2 Restatement § 66; see also id. § 58(2) (“A claimant entitled to restitution",1,"in_document_repetition span, profile rank 105",0,0,0,CTL,105,-0.013017,76006,76226
cl_2023_ca2_pauwels_v._deloitte_llp,pre_cutoff,,cl_2023_ca2_pauwels_v._deloitte_llp,,,,courtlistener,CTL0082,D,Continue the passage verbatim (CTL).,2010). BNYM contends that it entered into an oral or implied contract with Pauwels pursuant to which it engaged him “to develop spreadsheets and deliver them to BNYM” and committed to pay Pauwels “for the services rendered and the spreadsheets that were delivered.” BNYM Supp. Br. at 1; see also,2010). BNYM contends that it entered into an oral or implied contract with Pauwels pursuant to which it engaged him “to develop spreadsheets and deliver them to BNYM” and committed to pay Pauwels “for the services rendered and the spreadsheets that were delivered.” BNYM Supp. Br. at 1; see also,50,id. at 3 (“[A] contract existed limited solely to an agreement to pay Mr. Pauwels for the 30 22-21-cv Pauwels v. Deloitte LLP spreadsheets,id. at 3 (“[A] contract existed limited solely to an agreement to pay Mr. Pauwels for the 30 22-21-cv Pauwels v. Deloitte LLP spreadsheets,1,"in_document_repetition span, profile rank 108",0,0,0,CTL,108,-0.013579,44907,45093
cl_2023_ca2_pauwels_v._deloitte_llp,pre_cutoff,,cl_2023_ca2_pauwels_v._deloitte_llp,,,,courtlistener,CTL0083,D,Continue the passage verbatim (CTL).,"he does not allege any breach. Instead, he has sued for misappropriation of trade secrets, unfair competition, fraud, negligent misrepresentation, and unjust enrichment.1 We unanimously conclude that Pauwels’ valuation technique was no trade secret, and that he has no claim based on unfair competition, fraud, or negligent misrepresentation. And we","he does not allege any breach. Instead, he has sued for misappropriation of trade secrets, unfair competition, fraud, negligent misrepresentation, and unjust enrichment.1 We unanimously conclude that Pauwels’ valuation technique was no trade secret, and that he has no claim based on unfair competition, fraud, or negligent misrepresentation. And we",50,further conclude that Pauwels “freely” shared his work product with BNYM. Maj. Op. at 26. Yet the majority preserves his claim of supposed unjust,further conclude that Pauwels “freely” shared his work product with BNYM. Maj. Op. at 26. Yet the majority preserves his claim of supposed unjust,1,"in_document_repetition span, profile rank 108",0,0,0,CTL,108,-0.013579,59506,59652
cl_2023_ca2_pauwels_v._deloitte_llp,pre_cutoff,,cl_2023_ca2_pauwels_v._deloitte_llp,,,,courtlistener,CTL0084,D,Continue the passage verbatim (CTL).,"arm’s length. See, e.g., Jt. App’x 47 ¶ 17 (Pauwels “worked as an independent advisor, providing BNYM with outside expertise and analysis; he was compensated for his services based on 21 22-21-cv Pauwels v. Deloitte LLP invoices that he would periodically submit to BNYM for processing”). Accordingly, under these circumstances,","arm’s length. See, e.g., Jt. App’x 47 ¶ 17 (Pauwels “worked as an independent advisor, providing BNYM with outside expertise and analysis; he was compensated for his services based on 21 22-21-cv Pauwels v. Deloitte LLP invoices that he would periodically submit to BNYM for processing”). Accordingly, under these circumstances,",50,"Pauwels’s “subjective claims of reliance” on his relationship with BNYM are inadequate to transform a standard business relationship into something more. See SNS Bank,","Pauwels’s “subjective claims of reliance” on his relationship with BNYM are inadequate to transform a standard business relationship into something more. See SNS Bank,",1,"in_document_repetition span, profile rank 108",0,0,0,CTL,108,-0.013579,32026,32195
cl_2021_ca2_set_capital_llc_v._credit_suisse_gr,pre_cutoff,,cl_2021_ca2_set_capital_llc_v._credit_suisse_gr,,,,courtlistener,CTL0085,D,Continue the passage verbatim (CTL).,"See Rombach, 355 F.3d at 176 (holding that complaint may establish scienter through facts showing that defendants “had both motive and opportunity to commit fraud”). 30 No. 19-3466-cv inflated Flatline Value. Nor does it allege that CSI benefitted by delaying investors’ realization that an Acceleration Event had occurred. Likewise, the","See Rombach, 355 F.3d at 176 (holding that complaint may establish scienter through facts showing that defendants “had both motive and opportunity to commit fraud”). 30 No. 19-3466-cv inflated Flatline Value. Nor does it allege that CSI benefitted by delaying investors’ realization that an Acceleration Event had occurred. Likewise, the",50,"complaint does not allege facts demonstrating that JIC, which was simply a “Calculation Agent,” materially benefitted by failing to correct the Flatline Value. Without an adequate showing of motive or opportunity, Set Capital argues that","complaint does not allege facts demonstrating that JIC, which was simply a “Calculation Agent,” materially benefitted by failing to correct the Flatline Value. Without an adequate showing of motive or opportunity, Set Capital argues that",1,"in_document_repetition span, profile rank 111",0,0,0,CTL,111,-0.013855,57677,57937
cl_2021_ca2_set_capital_llc_v._credit_suisse_gr,pre_cutoff,,cl_2021_ca2_set_capital_llc_v._credit_suisse_gr,,,,courtlistener,CTL0086,D,Continue the passage verbatim (CTL).,"secondarily liable as “control persons” of Credit Suisse International (CSI) and JIC under Section 15 of the Securities Act 27 and Section 20(a) of the Exchange Act. 28 Credit Suisse, Janus, and the Individual Defendants moved to dismiss the complaint on November 2, 2018. On August 16, 2019, the magistrate","secondarily liable as “control persons” of Credit Suisse International (CSI) and JIC under Section 15 of the Securities Act 27 and Section 20(a) of the Exchange Act. 28 Credit Suisse, Janus, and the Individual Defendants moved to dismiss the complaint on November 2, 2018. On August 16, 2019, the magistrate",50,"judge (Netburn, J.) recommended dismissal of all claims on the basis that Set Capital failed to plead a primary violation of Section 10(b), which overlaps in substance with the elements of Sections 9(a) and 11.","judge (Netburn, J.) recommended dismissal of all claims on the basis that Set Capital failed to plead a primary violation of Section 10(b), which overlaps in substance with the elements of Sections 9(a) and 11.",1,"in_document_repetition span, profile rank 111",0,0,0,CTL,111,-0.013855,26530,26740
cl_2021_ca2_set_capital_llc_v._credit_suisse_gr,pre_cutoff,,cl_2021_ca2_set_capital_llc_v._credit_suisse_gr,,,,courtlistener,CTL0087,D,Continue the passage verbatim (CTL).,"On April 25, 2018, Credit Suisse’s quarterly report stated that its equity sales and trading division earned approximately $490 million for its own account in the prior fiscal quarter “due to more favorable trading conditions, particularly higher levels of volatility which benefited our derivatives business.” 24 Although Credit Suisse’s records","On April 25, 2018, Credit Suisse’s quarterly report stated that its equity sales and trading division earned approximately $490 million for its own account in the prior fiscal quarter “due to more favorable trading conditions, particularly higher levels of volatility which benefited our derivatives business.” 24 Although Credit Suisse’s records",50,"are not publicly available, Set Capital estimates that Credit Suisse earned between $475 and $542 million in profits when it redeemed the XIV Notes. 5. Prior Proceedings After several plaintiffs sued Credit Suisse and Janus","are not publicly available, Set Capital estimates that Credit Suisse earned between $475 and $542 million in profits when it redeemed the XIV Notes. 5. Prior Proceedings After several plaintiffs sued Credit Suisse and Janus",1,"in_document_repetition span, profile rank 111",0,0,0,CTL,111,-0.013855,24374,24619
cl_2023_ca2_pauwels_v._deloitte_llp,pre_cutoff,,cl_2023_ca2_pauwels_v._deloitte_llp,,,,courtlistener,CTL0088,D,Continue the passage verbatim (CTL).,"action for unjust enrichment, a plaintiff must allege that it conferred a benefit upon the defendant, and that the defendant will obtain such benefit without adequately compensating plaintiff therefor.”); Alpert v. M.R. Beal 5 We respectfully disagree with the dissent’s view that “it cannot plausibly be said that the dispute","action for unjust enrichment, a plaintiff must allege that it conferred a benefit upon the defendant, and that the defendant will obtain such benefit without adequately compensating plaintiff therefor.”); Alpert v. M.R. Beal 5 We respectfully disagree with the dissent’s view that “it cannot plausibly be said that the dispute",50,"over BNYM’s use of the spreadsheets is separate from the ‘subject matter’ of the contract.” Dissent at 3. Drawing all reasonable inference in favor of plaintiff Pauwels, the scope of the contract,","over BNYM’s use of the spreadsheets is separate from the ‘subject matter’ of the contract.” Dissent at 3. Drawing all reasonable inference in favor of plaintiff Pauwels, the scope of the contract,",1,"in_document_repetition span, profile rank 112",0,0,0,CTL,112,-0.0139,47896,48092
cl_2023_ca2_pauwels_v._deloitte_llp,pre_cutoff,,cl_2023_ca2_pauwels_v._deloitte_llp,,,,courtlistener,CTL0089,D,Continue the passage verbatim (CTL).,"from using the menu and recipes she created for it just because there is no contract term to the contrary. As the majority itself observes, if Pauwels wished to keep the Pauwels Model proprietary, he could have said so in the contract; that is what contracts are for. If BNYM","from using the menu and recipes she created for it just because there is no contract term to the contrary. As the majority itself observes, if Pauwels wished to keep the Pauwels Model proprietary, he could have said so in the contract; that is what contracts are for. If BNYM",50,"took or got more than the contract allowed, the claim would be one for breach. Pauwels chose not to assert a claim for breach; and he cannot 5 rely on unjust enrichment","took or got more than the contract allowed, the claim would be one for breach. Pauwels chose not to assert a claim for breach; and he cannot 5 rely on unjust enrichment",1,"in_document_repetition span, profile rank 112",0,0,0,CTL,112,-0.0139,65289,65504
cl_2023_ca2_pauwels_v._deloitte_llp,pre_cutoff,,cl_2023_ca2_pauwels_v._deloitte_llp,,,,courtlistener,CTL0090,D,Continue the passage verbatim (CTL).,"Deloitte was in fact using the spreadsheets and that Sarmasti made this misrepresentation 34 22-21-cv Pauwels v. Deloitte LLP with fraudulent intent. The district court dismissed this claim, concluding that Pauwels failed to adequately allege that Sarmasti knew that Deloitte was using the Pauwels Model Spreadsheets and that Sarmasti acted","Deloitte was in fact using the spreadsheets and that Sarmasti made this misrepresentation 34 22-21-cv Pauwels v. Deloitte LLP with fraudulent intent. The district court dismissed this claim, concluding that Pauwels failed to adequately allege that Sarmasti knew that Deloitte was using the Pauwels Model Spreadsheets and that Sarmasti acted",50,with scienter. We need not address whether Pauwels adequately pleaded knowledge or scienter because the SAC does not plausibly allege that Pauwels suffered any damages from the alleged fraud. “To state a,with scienter. We need not address whether Pauwels adequately pleaded knowledge or scienter because the SAC does not plausibly allege that Pauwels suffered any damages from the alleged fraud. “To state a,1,"in_document_repetition span, profile rank 112",0,0,0,CTL,112,-0.0139,51402,51617
cl_2023_ca2_pauwels_v._deloitte_llp,pre_cutoff,,cl_2023_ca2_pauwels_v._deloitte_llp,,,,courtlistener,CTL0091,D,Continue the passage verbatim (CTL).,"at BNYM. These figures, importantly, were abbreviated. They did not disclose the “entire system of formulas and computations from the Pauwels Model.” Jt. App’x 51 ¶ 31. However, unlike the top-line figures Pauwels typically sent to BNYM, Pauwels considered the Pauwels Model Spreadsheets to be confidential and proprietary, in part","at BNYM. These figures, importantly, were abbreviated. They did not disclose the “entire system of formulas and computations from the Pauwels Model.” Jt. App’x 51 ¶ 31. However, unlike the top-line figures Pauwels typically sent to BNYM, Pauwels considered the Pauwels Model Spreadsheets to be confidential and proprietary, in part",50,"because the Pauwels Model Spreadsheets could be, and indeed ultimately were, used to reverse engineer the Pauwels Model and thereby disclose the model","because the Pauwels Model Spreadsheets could be, and indeed ultimately were, used to reverse engineer the Pauwels Model and thereby disclose the model",1,"in_document_repetition span, profile rank 116",0,0,0,CTL,116,-0.014528,10539,10691
cl_2023_ca2_pauwels_v._deloitte_llp,pre_cutoff,,cl_2023_ca2_pauwels_v._deloitte_llp,,,,courtlistener,CTL0092,D,Continue the passage verbatim (CTL).,"Pauwels Model Spreadsheets to Deloitte. Pauwels alleges that contrary to what BNYM disclosed to him at the time, BNYM brought in Deloitte to replace Pauwels. As part of this process, Deloitte seconded one of its employees to BNYM’s tax department. BNYM provided the 9 22-21-cv Pauwels v. Deloitte LLP Deloitte","Pauwels Model Spreadsheets to Deloitte. Pauwels alleges that contrary to what BNYM disclosed to him at the time, BNYM brought in Deloitte to replace Pauwels. As part of this process, Deloitte seconded one of its employees to BNYM’s tax department. BNYM provided the 9 22-21-cv Pauwels v. Deloitte LLP Deloitte",50,employee with “the Pauwels Model and the Pauwels Model Spreadsheets.” Jt. App’x 57 ¶ 47. He “was tasked with duplicating and understanding the”,employee with “the Pauwels Model and the Pauwels Model Spreadsheets.” Jt. App’x 57 ¶ 47. He “was tasked with duplicating and understanding the”,1,"in_document_repetition span, profile rank 116",0,0,0,CTL,116,-0.014528,14267,14412
cl_2023_ca2_pauwels_v._deloitte_llp,pre_cutoff,,cl_2023_ca2_pauwels_v._deloitte_llp,,,,courtlistener,CTL0093,D,Continue the passage verbatim (CTL).,it to be implausible. Pauwels had already sent eleven Pauwels Model Spreadsheets to several individuals at BNYM before Sarmasti made the alleged misrepresentation to Pauwels in March 2017. Even granting that Pauwels would have stopped sending additional spreadsheets to BNYM after March 2017 if Sarmasti did not lie to him,it to be implausible. Pauwels had already sent eleven Pauwels Model Spreadsheets to several individuals at BNYM before Sarmasti made the alleged misrepresentation to Pauwels in March 2017. Even granting that Pauwels would have stopped sending additional spreadsheets to BNYM after March 2017 if Sarmasti did not lie to him,50,"as alleged, it would have been far too 8Although we address this novel theory of damages on the merits, we note that it","as alleged, it would have been far too 8Although we address this novel theory of damages on the merits, we note that it",1,"in_document_repetition span, profile rank 116",0,0,0,CTL,116,-0.014528,55296,55419
cl_2023_ca2_kirschner_v._jp_morgan_chase_bank_n,pre_cutoff,,cl_2023_ca2_kirschner_v._jp_morgan_chase_bank_n,,,,courtlistener,CTL0094,D,Continue the passage verbatim (CTL).,"are ‘securities.’”). 39 JP Morgan Chase Bank, N.A. engaged in international or foreign banking as part of the Transaction; and 2) The District Court properly dismissed plaintiff’s state- law securities claims because he failed to plead facts plausibly suggesting that the Notes are securities under the “family resemblance” test established","are ‘securities.’”). 39 JP Morgan Chase Bank, N.A. engaged in international or foreign banking as part of the Transaction; and 2) The District Court properly dismissed plaintiff’s state- law securities claims because he failed to plead facts plausibly suggesting that the Notes are securities under the “family resemblance” test established",50,"by the Supreme Court in Reves v. Ernst & Young, 494 U.S. 56 (1990). We accordingly AFFIRM the District Court’s September 24, 2018 order determining that it had jurisdiction over this matter pursuant to the","by the Supreme Court in Reves v. Ernst & Young, 494 U.S. 56 (1990). We accordingly AFFIRM the District Court’s September 24, 2018 order determining that it had jurisdiction over this matter pursuant to the",1,"in_document_repetition span, profile rank 118",0,0,0,CTL,118,-0.014802,66943,67173
cl_2023_ca2_kirschner_v._jp_morgan_chase_bank_n,pre_cutoff,,cl_2023_ca2_kirschner_v._jp_morgan_chase_bank_n,,,,courtlistener,CTL0095,D,Continue the passage verbatim (CTL).,"deposit for a security, any put, call, straddle, option, or privilege on any security, certificate of deposit, or group or index of securities (including any interest therein or based on the value thereof), or any put, call, straddle, option, or privilege entered into on a national securities exchange relating to","deposit for a security, any put, call, straddle, option, or privilege on any security, certificate of deposit, or group or index of securities (including any interest therein or based on the value thereof), or any put, call, straddle, option, or privilege entered into on a national securities exchange relating to",50,"foreign currency, or in general, any instrument commonly known as a “security”; or any certificate of interest or participation in, temporary or interim certificate for, receipt for, or warrant or right to subscribe to or","foreign currency, or in general, any instrument commonly known as a “security”; or any certificate of interest or participation in, temporary or interim certificate for, receipt for, or warrant or right to subscribe to or",1,"in_document_repetition span, profile rank 118",0,0,0,CTL,118,-0.014802,39081,39326
cl_2023_ca2_kirschner_v._jp_morgan_chase_bank_n,pre_cutoff,,cl_2023_ca2_kirschner_v._jp_morgan_chase_bank_n,,,,courtlistener,CTL0096,D,Continue the passage verbatim (CTL).,Morgan assigned a ‘High Yield 35 Research’ Analyst” to monitor the secondary trading market and “to help disseminate non-confidential information about [Millennium]” to potential secondary-market purchasers of the Notes. Id. at 55. The United States District Court for the Middle District of Florida later 36 lowered the punitive damages to,Morgan assigned a ‘High Yield 35 Research’ Analyst” to monitor the secondary trading market and “to help disseminate non-confidential information about [Millennium]” to potential secondary-market purchasers of the Notes. Id. at 55. The United States District Court for the Middle District of Florida later 36 lowered the punitive damages to,50,"$8.5 million. See J.A. 56. 37 See Ameritox, Ltd. v. Millennium Lab’ys, Inc., 803 F.3d 518, 541 (11th Cir. 2015). 15 Millennium completed the $256 million settlement. Soon thereafter, on November 10, 2015, Millennium filed","$8.5 million. See J.A. 56. 37 See Ameritox, Ltd. v. Millennium Lab’ys, Inc., 803 F.3d 518, 541 (11th Cir. 2015). 15 Millennium completed the $256 million settlement. Soon thereafter, on November 10, 2015, Millennium filed",1,"in_document_repetition span, profile rank 118",0,0,0,CTL,118,-0.014802,23223,23505
cl_2021_ca2_united_states_v._reichberg,pre_cutoff,,cl_2021_ca2_united_states_v._reichberg,,,,courtlistener,CTL0097,D,Continue the passage verbatim (CTL).,by the district court prejudiced him by leading the jury to believe that any consideration of his friendship with Grant was improper. We disagree. The district court had no choice but to correct the plain misstatement of law from Grant’s counsel. The district court substituted the correct legal standard in,by the district court prejudiced him by leading the jury to believe that any consideration of his friendship with Grant was improper. We disagree. The district court had no choice but to correct the plain misstatement of law from Grant’s counsel. The district court substituted the correct legal standard in,50,"its place, and did so in a balanced and legally accurate fashion. 15 III. Evidence of uncharged conduct On appeal, Reichberg challenges the admission at trial of three categories of evidence:","its place, and did so in a balanced and legally accurate fashion. 15 III. Evidence of uncharged conduct On appeal, Reichberg challenges the admission at trial of three categories of evidence:",1,"in_document_repetition span, profile rank 123",0,0,0,CTL,123,-0.015311,15312,15523
cl_2021_ca2_united_states_v._reichberg,pre_cutoff,,cl_2021_ca2_united_states_v._reichberg,,,,courtlistener,CTL0098,D,Continue the passage verbatim (CTL).,"the Southern District of New York (Gregory H. Woods, J.). Reichberg now appeals his convictions, challenging the pre-trial denial of his motion to suppress evidence, a number of evidentiary and trial-management rulings, the district court’s failure to inquire into one of his attorneys’ potential conflict of interest, the jury instructions,","the Southern District of New York (Gregory H. Woods, J.). Reichberg now appeals his convictions, challenging the pre-trial denial of his motion to suppress evidence, a number of evidentiary and trial-management rulings, the district court’s failure to inquire into one of his attorneys’ potential conflict of interest, the jury instructions,",50,"and the sufficiency of the evidence in support of his convictions. None of Reichberg’s arguments has merit. Accordingly, we AFFIRM the judgment of conviction. ________ JESSICA LONERGAN (Martin S. Bell, Kimberly","and the sufficiency of the evidence in support of his convictions. None of Reichberg’s arguments has merit. Accordingly, we AFFIRM the judgment of conviction. ________ JESSICA LONERGAN (Martin S. Bell, Kimberly",1,"in_document_repetition span, profile rank 123",0,0,0,CTL,123,-0.015311,1815,2078
cl_2021_ca2_united_states_v._reichberg,pre_cutoff,,cl_2021_ca2_united_states_v._reichberg,,,,courtlistener,CTL0099,D,Continue the passage verbatim (CTL).,"to find that the official action was to be taken on a “specific and focused question or matter.” 61 We previously stated that “instructions 58 Skelos, 988 F.3d at 655–56. 59 Silver, 948 F.3d at 552. 60 App. at 7214. 61 Silver, 948 F.3d at 568 (emphasis omitted). 26 19-1645-cr","to find that the official action was to be taken on a “specific and focused question or matter.” 61 We previously stated that “instructions 58 Skelos, 988 F.3d at 655–56. 59 Silver, 948 F.3d at 552. 60 App. at 7214. 61 Silver, 948 F.3d at 568 (emphasis omitted). 26 19-1645-cr",50,requiring the jury to find that the official understood that he or she was expected to exercise particular kinds of influence would not be in error after McDonnell” because “[t]he phrase,requiring the jury to find that the official understood that he or she was expected to exercise particular kinds of influence would not be in error after McDonnell” because “[t]he phrase,1,"in_document_repetition span, profile rank 123",0,0,0,CTL,123,-0.015311,42745,42931
cl_2014_ca2_city_of_pontiac_v._ubs_ag,pre_cutoff,,cl_2014_ca2_city_of_pontiac_v._ubs_ag,,,,courtlistener,CTL0100,D,Continue the passage verbatim (CTL).,"Value Master Fund Ltd. v. Ficeto (“Absolute Activist”), 677 F.3d 60, 65 (2d Cir. 2012). 15 Ashcroft v. Iqbal, 556 U.S. 662, 678, (2009) (internal quotation marks omitted). 16 Rothman v. Gregor, 220 F.3d 81, 88 (2d Cir. 2000) (internal citations omitted). 11 No. 12‐4355‐cv A. Viability Under Morrison v.","Value Master Fund Ltd. v. Ficeto (“Absolute Activist”), 677 F.3d 60, 65 (2d Cir. 2012). 15 Ashcroft v. Iqbal, 556 U.S. 662, 678, (2009) (internal quotation marks omitted). 16 Rothman v. Gregor, 220 F.3d 81, 88 (2d Cir. 2000) (internal citations omitted). 11 No. 12‐4355‐cv A. Viability Under Morrison v.",50,"National Australia Bank of Claims Based on Foreign Shares Purchased on a Foreign Exchange Three foreign institutional investors—plaintiffs Union, IFM,","National Australia Bank of Claims Based on Foreign Shares Purchased on a Foreign Exchange Three foreign institutional investors—plaintiffs Union, IFM,",1,"in_document_repetition span, profile rank 124",0,0,0,CTL,124,-0.015579,18826,18997
cl_2014_ca2_city_of_pontiac_v._ubs_ag,pre_cutoff,,cl_2014_ca2_city_of_pontiac_v._ubs_ag,,,,courtlistener,CTL0101,D,Continue the passage verbatim (CTL).,"including Ernesto Bertarelli, Stephan Haeringer, Gabrielle Kaufman‐Kohler, Sergio Marchionne, Rolf A. Meyer, Peter Voser, Lawrence A. Weinbach, Joerg Wolle, Helmut Panke, and Peter Spuhler. 6 No. 12‐4355‐cv Exchange Act3 in connection with the purchase of UBS “ordinary shares” between August 13, 2003 and February 23, 2009 (the “Class Period”). These","including Ernesto Bertarelli, Stephan Haeringer, Gabrielle Kaufman‐Kohler, Sergio Marchionne, Rolf A. Meyer, Peter Voser, Lawrence A. Weinbach, Joerg Wolle, Helmut Panke, and Peter Spuhler. 6 No. 12‐4355‐cv Exchange Act3 in connection with the purchase of UBS “ordinary shares” between August 13, 2003 and February 23, 2009 (the “Class Period”). These",50,shares were listed on foreign exchanges and the New York Stock Exchange (“NYSE”). Plaintiffs allege that the UBS Defendants violated,shares were listed on foreign exchanges and the New York Stock Exchange (“NYSE”). Plaintiffs allege that the UBS Defendants violated,1,"in_document_repetition span, profile rank 124",0,0,0,CTL,124,-0.015579,9244,9395
cl_2014_ca2_city_of_pontiac_v._ubs_ag,pre_cutoff,,cl_2014_ca2_city_of_pontiac_v._ubs_ag,,,,courtlistener,CTL0102,D,Continue the passage verbatim (CTL).,"failing to address the argument in its opposition brief. 2012 Op. at *11. Even if it were not waived, we affirm the District Court’s decision as to Stuerzinger because such general statements about risk management are not actionable. See JP Morgan Chase, 553 F.3d at 206 (holding that the “statement","failing to address the argument in its opposition brief. 2012 Op. at *11. Even if it were not waived, we affirm the District Court’s decision as to Stuerzinger because such general statements about risk management are not actionable. See JP Morgan Chase, 553 F.3d at 206 (holding that the “statement",50,that [defendant] ‘set the standard for best practices in risk management techniques’” was not actionable). 24 No. 12‐4355‐cv access to,that [defendant] ‘set the standard for best practices in risk management techniques’” was not actionable). 24 No. 12‐4355‐cv access to,1,"in_document_repetition span, profile rank 124",0,0,0,CTL,124,-0.015579,44843,45080
cl_2021_ca2_people_of_the_state_of_new_york_v._,pre_cutoff,,cl_2021_ca2_people_of_the_state_of_new_york_v._,,,,courtlistener,CTL0103,D,Continue the passage verbatim (CTL).,"in the context of the poster pattern—poster followed by murder—that 2 constitutes the threat.” Id. Thus, even though the posters did not contain overtly 3 threatening language, “knowing this pattern, knowing that unlawful action had 4 followed ‘WANTED’ posters . . ., and knowing that ‘wanted’-type posters were 5 intimidating","in the context of the poster pattern—poster followed by murder—that 2 constitutes the threat.” Id. Thus, even though the posters did not contain overtly 3 threatening language, “knowing this pattern, knowing that unlawful action had 4 followed ‘WANTED’ posters . . ., and knowing that ‘wanted’-type posters were 5 intimidating",50,"and caused fear of serious harm to those named on them,” the 6 defendants made the","and caused fear of serious harm to those named on them,” the 6 defendants made the",1,"in_document_repetition span, profile rank 126",0,0,0,CTL,126,-0.0157,96217,96303
cl_2021_ca2_people_of_the_state_of_new_york_v._,pre_cutoff,,cl_2021_ca2_people_of_the_state_of_new_york_v._,,,,courtlistener,CTL0104,D,Continue the passage verbatim (CTL).,"patriae standing to enforce a statute, one question we 6 ask is whether the statute in question excludes the possibility for parens patriae 7 standing. Id. at 120. “States have frequently been allowed to sue in parens patriae 8 to enforce federal statutes that do not specifically provide standing for","patriae standing to enforce a statute, one question we 6 ask is whether the statute in question excludes the possibility for parens patriae 7 standing. Id. at 120. “States have frequently been allowed to sue in parens patriae 8 to enforce federal statutes that do not specifically provide standing for",50,state 9 attorney generals.” Id. at 121 (citation and alterations omitted). This is especially 10 true,state 9 attorney generals.” Id. at 121 (citation and alterations omitted). This is especially 10 true,1,"in_document_repetition span, profile rank 126",0,0,0,CTL,126,-0.0157,160640,160748
cl_2021_ca2_people_of_the_state_of_new_york_v._,pre_cutoff,,cl_2021_ca2_people_of_the_state_of_new_york_v._,,,,courtlistener,CTL0105,D,Continue the passage verbatim (CTL).,"defendant R. George actively stepped around the escort to access the 5 patient. He was then walking directly in front of the patient for a few moments 6 while attempting to engage with the patient. As a result, both the patient and the 7 escort slowed to a near stop,","defendant R. George actively stepped around the escort to access the 5 patient. He was then walking directly in front of the patient for a few moments 6 while attempting to engage with the patient. As a result, both the patient and the 7 escort slowed to a near stop,",50,and the patient was forced to walk around to the 8 other side of both escorts,and the patient was forced to walk around to the 8 other side of both escorts,1,"in_document_repetition span, profile rank 126",0,0,0,CTL,126,-0.0157,75240,75321
cl_2021_ca2_sacerdote_v._new_york_university,pre_cutoff,,cl_2021_ca2_sacerdote_v._new_york_university,,,,courtlistener,CTL0106,D,Continue the passage verbatim (CTL).,fiduciary duty under ERISA depends on showing that “the process was flawed” such that the fiduciaries failed to conduct “an adequate investigation” and that it is not “necessarily sufficient to show that better investment 3 See ante at 17 (arguing that the “plaintiffs have alleged ‘that a superior alternative investment,fiduciary duty under ERISA depends on showing that “the process was flawed” such that the fiduciaries failed to conduct “an adequate investigation” and that it is not “necessarily sufficient to show that better investment 3 See ante at 17 (arguing that the “plaintiffs have alleged ‘that a superior alternative investment,50,was readily apparent such that an adequate investigation’—simply reviewing the prospectus of the fund under consideration—‘would have uncovered that alternative’”). 5 opportunities were available at the time of the relevant decisions”). The,was readily apparent such that an adequate investigation’—simply reviewing the prospectus of the fund under consideration—‘would have uncovered that alternative’”). 5 opportunities were available at the time of the relevant decisions”). The,1,"in_document_repetition span, profile rank 138",0,0,0,CTL,138,-0.017393,94940,95219
cl_2021_ca2_sacerdote_v._new_york_university,pre_cutoff,,cl_2021_ca2_sacerdote_v._new_york_university,,,,courtlistener,CTL0107,D,Continue the passage verbatim (CTL).,"of the pending motion for reconsideration. The district court denied the motion for reconsideration two days later, relying on different reasoning from that supporting the dismissal of the share-class claim. 10 As the parties were preparing for trial, NYU successfully moved to strike plaintiffs’ jury demand. The district court also","of the pending motion for reconsideration. The district court denied the motion for reconsideration two days later, relying on different reasoning from that supporting the dismissal of the share-class claim. 10 As the parties were preparing for trial, NYU successfully moved to strike plaintiffs’ jury demand. The district court also",50,"established trial management rules that specified that all direct testimony would be taken by written declarations (the court’s 8 Id. at *8–9. 9 Id. at *10. 10 Sacerdote v. NYU, No. 16-cv-6284","established trial management rules that specified that all direct testimony would be taken by written declarations (the court’s 8 Id. at *8–9. 9 Id. at *10. 10 Sacerdote v. NYU, No. 16-cv-6284",1,"in_document_repetition span, profile rank 138",0,0,0,CTL,138,-0.017393,15230,15447
cl_2021_ca2_sacerdote_v._new_york_university,pre_cutoff,,cl_2021_ca2_sacerdote_v._new_york_university,,,,courtlistener,CTL0108,D,Continue the passage verbatim (CTL).,"evaluation of an ERISA complaint’s factual allegations before concluding that they do not support a plausible inference that the plaintiff is entitled to relief”). 50See, e.g., PBGC, 712 F.3d at 721 (discussing adequacy of allegations that fiduciary “exposed the [p]lan to excessive risk due to an egregious over- concentration in","evaluation of an ERISA complaint’s factual allegations before concluding that they do not support a plausible inference that the plaintiff is entitled to relief”). 50See, e.g., PBGC, 712 F.3d at 721 (discussing adequacy of allegations that fiduciary “exposed the [p]lan to excessive risk due to an egregious over- concentration in",50,"high-risk mortgage securities”). 20 18-2707-cv share-class claim, the alleged imprudent choice has nothing to do with the funds’ risk profiles; the choice was simply between higher- or lower-cost shares of the same","high-risk mortgage securities”). 20 18-2707-cv share-class claim, the alleged imprudent choice has nothing to do with the funds’ risk profiles; the choice was simply between higher- or lower-cost shares of the same",1,"in_document_repetition span, profile rank 138",0,0,0,CTL,138,-0.017393,33787,34073
cl_2021_ca2_sacerdote_v._new_york_university,pre_cutoff,,cl_2021_ca2_sacerdote_v._new_york_university,,,,courtlistener,CTL0109,D,Continue the passage verbatim (CTL).,"& Assocs., Inc., 552 U.S. 248, 253 n.4 (2008) (“[T]he common law of trusts . . . informs our interpretation of ERISA’s fiduciary duties . . . .”). 70 Restatement (Third) of Trusts, § 100 cmt. f (“When a plaintiff brings suit against a trustee for breach of trust, the","& Assocs., Inc., 552 U.S. 248, 253 n.4 (2008) (“[T]he common law of trusts . . . informs our interpretation of ERISA’s fiduciary duties . . . .”). 70 Restatement (Third) of Trusts, § 100 cmt. f (“When a plaintiff brings suit against a trustee for breach of trust, the",50,"plaintiff generally bears the burden of proof. This general rule, however, is moderated in order to take account of the trustee’s . . . superior (often, unique) access to information about the trust","plaintiff generally bears the burden of proof. This general rule, however, is moderated in order to take account of the trustee’s . . . superior (often, unique) access to information about the trust",1,"in_document_repetition span, profile rank 141",0,0,0,CTL,141,-0.017683,49378,49576
cl_2021_ca2_sacerdote_v._new_york_university,pre_cutoff,,cl_2021_ca2_sacerdote_v._new_york_university,,,,courtlistener,CTL0110,D,Continue the passage verbatim (CTL).,"2016, plaintiffs brought this suit under 29 U.S.C. § 1132(a)(2), 3 alleging that NYU breached its fiduciary duties of loyalty and prudence and engaged in prohibited transactions, which caused the Plans to incur excessive costs and unreasonable performance losses. The breach allegedly occurred because the defendants: permitted TIAA-CREF to mandate","2016, plaintiffs brought this suit under 29 U.S.C. § 1132(a)(2), 3 alleging that NYU breached its fiduciary duties of loyalty and prudence and engaged in prohibited transactions, which caused the Plans to incur excessive costs and unreasonable performance losses. The breach allegedly occurred because the defendants: permitted TIAA-CREF to mandate",50,"inclusion of specific proprietary accounts, requiring use of TIAA-CREF as the recordkeeper, in the Plans (Counts I and II); incurred unreasonable recordkeeping fees (Counts III and IV); incurred unreasonable investment fees, unnecessary marketing","inclusion of specific proprietary accounts, requiring use of TIAA-CREF as the recordkeeper, in the Plans (Counts I and II); incurred unreasonable recordkeeping fees (Counts III and IV); incurred unreasonable investment fees, unnecessary marketing",1,"in_document_repetition span, profile rank 141",0,0,0,CTL,141,-0.017683,11445,11691
cl_2021_ca2_sacerdote_v._new_york_university,pre_cutoff,,cl_2021_ca2_sacerdote_v._new_york_university,,,,courtlistener,CTL0111,D,Continue the passage verbatim (CTL).,"the motion to amend the complaint to add individual Committee members as defendants, an error that later prejudiced two of their post-trial motions; 13 (3) they were entitled to a jury trial under the Seventh Amendment; (4) the use of written declarations for all direct testimony violated the Federal Rules","the motion to amend the complaint to add individual Committee members as defendants, an error that later prejudiced two of their post-trial motions; 13 (3) they were entitled to a jury trial under the Seventh Amendment; (4) the use of written declarations for all direct testimony violated the Federal Rules",50,of Civil Procedure and denied them a fair trial; (5) the district court’s trial findings in NYU’s favor on the recordkeeper-consolidation claim and the investment- retention claim were clearly erroneous; and (6) Judge,of Civil Procedure and denied them a fair trial; (5) the district court’s trial findings in NYU’s favor on the recordkeeper-consolidation claim and the investment- retention claim were clearly erroneous; and (6) Judge,1,"in_document_repetition span, profile rank 141",0,0,0,CTL,141,-0.017683,17843,18060
cl_2021_ca2_set_capital_llc_v._credit_suisse_gr,pre_cutoff,,cl_2021_ca2_set_capital_llc_v._credit_suisse_gr,,,,courtlistener,CTL0112,D,Continue the passage verbatim (CTL).,"Notably, Credit Suisse offered and issued these notes despite shareholder pressure to eliminate sales of volatility-related ETNs. It also took these actions even though increasing the volume of XIV Notes outstanding would require Credit Suisse, in the event of another jump in market volatility, to increase its hedging activity by","Notably, Credit Suisse offered and issued these notes despite shareholder pressure to eliminate sales of volatility-related ETNs. It also took these actions even though increasing the volume of XIV Notes outstanding would require Credit Suisse, in the event of another jump in market volatility, to increase its hedging activity by",50,"purchasing additional VIX futures contracts. As Credit Suisse knew, these purchases would exacerbate the illiquidity that contributed to the three prior price drops of XIV Notes in 2011, 2015, and 2016. 9Compl. ¶ 75. Between January 29 and","purchasing additional VIX futures contracts. As Credit Suisse knew, these purchases would exacerbate the illiquidity that contributed to the three prior price drops of XIV Notes in 2011, 2015, and 2016. 9Compl. ¶ 75. Between January 29 and",1,"in_document_repetition span, profile rank 145",0,0,0,CTL,145,-0.018031,14716,14968
cl_2021_ca2_set_capital_llc_v._credit_suisse_gr,pre_cutoff,,cl_2021_ca2_set_capital_llc_v._credit_suisse_gr,,,,courtlistener,CTL0113,D,Continue the passage verbatim (CTL).,"94 We recognize that, in In re Proshares Tr. II Sec. Litig., we affirmed the district court’s dismissal of claims arising out of similar market events— namely, illiquidity in the VIX futures market during afterhours trading on February 5, 2018. See 839 F. App’x 649, 651 (2d Cir. 2021) (summary","94 We recognize that, in In re Proshares Tr. II Sec. Litig., we affirmed the district court’s dismissal of claims arising out of similar market events— namely, illiquidity in the VIX futures market during afterhours trading on February 5, 2018. See 839 F. App’x 649, 651 (2d Cir. 2021) (summary",50,"order). While there are superficial similarities between the two cases, our decision 36 No. 19-3466-cv For the reasons discussed in Section I, above, we have already concluded that the complaint alleges a strong inference of scienter with respect","order). While there are superficial similarities between the two cases, our decision 36 No. 19-3466-cv For the reasons discussed in Section I, above, we have already concluded that the complaint alleges a strong inference of scienter with respect",1,"in_document_repetition span, profile rank 145",0,0,0,CTL,145,-0.018031,69991,70306
cl_2021_ca2_set_capital_llc_v._credit_suisse_gr,pre_cutoff,,cl_2021_ca2_set_capital_llc_v._credit_suisse_gr,,,,courtlistener,CTL0114,D,Continue the passage verbatim (CTL).,"valuation of the notes. Instead, during this hour, the intraday indicative value updated only sporadically and valued the XIV Notes at about $24 to $27 per note (the Flatline Value). This published Flatline Value persisted notwithstanding that, in reality, each note almost immediately was worth between $4.22 and $4.40. 22","valuation of the notes. Instead, during this hour, the intraday indicative value updated only sporadically and valued the XIV Notes at about $24 to $27 per note (the Flatline Value). This published Flatline Value persisted notwithstanding that, in reality, each note almost immediately was worth between $4.22 and $4.40. 22",50,"It was not until 5:09 p.m. (and after more than thirty minutes during which the intraday indicative value failed to update at all) that NASDAQ disseminated the correct intraday indicative value of $4.22. 23 During this hour, investors","It was not until 5:09 p.m. (and after more than thirty minutes during which the intraday indicative value failed to update at all) that NASDAQ disseminated the correct intraday indicative value of $4.22. 23 During this hour, investors",1,"in_document_repetition span, profile rank 145",0,0,0,CTL,145,-0.018031,21529,21763
cl_2021_ca2_united_states_v._reichberg,pre_cutoff,,cl_2021_ca2_united_states_v._reichberg,,,,courtlistener,CTL0115,D,Continue the passage verbatim (CTL).,"a “district court’s broad discretion in 44 fashioning a remedy for Rule 16 failures, which may include . . . ordering the exclusion of evidence” (internal quotation marks and citation omitted)). 45 United States v. Cohan, 798 F.3d 84, 88 (2d Cir. 2015). Tr. of Pre-trial Conference, United States v.","a “district court’s broad discretion in 44 fashioning a remedy for Rule 16 failures, which may include . . . ordering the exclusion of evidence” (internal quotation marks and citation omitted)). 45 United States v. Cohan, 798 F.3d 84, 88 (2d Cir. 2015). Tr. of Pre-trial Conference, United States v.",50,"Reichberg, No. 16-cr-468 46 (GHW) (S.D.N.Y. Mar. 12, 2018), ECF No. 140 at 31. 22 19-1645-cr Necheles’s involvement in the Huberfeld case. 47 A district court must inquire further “when [it] knows or reasonably should","Reichberg, No. 16-cr-468 46 (GHW) (S.D.N.Y. Mar. 12, 2018), ECF No. 140 at 31. 22 19-1645-cr Necheles’s involvement in the Huberfeld case. 47 A district court must inquire further “when [it] knows or reasonably should",1,"in_document_repetition span, profile rank 151",0,0,0,CTL,151,-0.019933,35689,35991
cl_2021_ca2_united_states_v._reichberg,pre_cutoff,,cl_2021_ca2_united_states_v._reichberg,,,,courtlistener,CTL0116,D,Continue the passage verbatim (CTL).,"were linked to particular official actions. For example, after Reichberg paid for Grant’s home improvements in June 2014, Grant pressured other officers to approve Reichberg’s gun license application in subsequent months. Banks focused that is pending or may by law be brought before a public official.” (internal quotation marks omitted)).","were linked to particular official actions. For example, after Reichberg paid for Grant’s home improvements in June 2014, Grant pressured other officers to approve Reichberg’s gun license application in subsequent months. Banks focused that is pending or may by law be brought before a public official.” (internal quotation marks omitted)).",50,"70 See, e.g., id. at 2370 (allocation of government resources); United States v. Boyland, 862 F.3d 279, 291 (2d Cir. 2017) (licenses and permits); United States v. Fattah, 914 F.3d 112, 156 (3d Cir. 2019)","70 See, e.g., id. at 2370 (allocation of government resources); United States v. Boyland, 862 F.3d 279, 291 (2d Cir. 2017) (licenses and permits); United States v. Fattah, 914 F.3d 112, 156 (3d Cir. 2019)",1,"in_document_repetition span, profile rank 151",0,0,0,CTL,151,-0.019933,48200,48405
cl_2021_ca2_united_states_v._reichberg,pre_cutoff,,cl_2021_ca2_united_states_v._reichberg,,,,courtlistener,CTL0117,D,Continue the passage verbatim (CTL).,"After defense counsel declined to take advantage of those opportunities, the district court precluded these 40 United States v. Felder, 993 F.3d 57, 71 (2d Cir. 2021). 41 Supp. App. at 34. 42 Id. at 35. 43 Fed. R. Crim. P. 16(b)(1)(C). 21 19-1645-cr experts from testifying. Given the multiple","After defense counsel declined to take advantage of those opportunities, the district court precluded these 40 United States v. Felder, 993 F.3d 57, 71 (2d Cir. 2021). 41 Supp. App. at 34. 42 Id. at 35. 43 Fed. R. Crim. P. 16(b)(1)(C). 21 19-1645-cr experts from testifying. Given the multiple",50,"chances the district court afforded the defense to fix its Rule 16 disclosures, and our agreement with the district court that the disclosures were deficient, we will not find an abuse of discretion in the","chances the district court afforded the defense to fix its Rule 16 disclosures, and our agreement with the district court that the disclosures were deficient, we will not find an abuse of discretion in the",1,"in_document_repetition span, profile rank 151",0,0,0,CTL,151,-0.019933,34115,34320
cl_2020_dcd_ghadami_v._united_states_department,pre_cutoff,,cl_2020_dcd_ghadami_v._united_states_department,,,,courtlistener,CTL0118,D,Continue the passage verbatim (CTL).,"petition was approved on November 4, 2016, and it was forwarded to the Department of State for processing. Id. ¶ 19. Sara also filed a petition on behalf of her mother; her petition and visa application were approved, and her mother now lives in the United States. Pls.’ Opp. at","petition was approved on November 4, 2016, and it was forwarded to the Department of State for processing. Id. ¶ 19. Sara also filed a petition on behalf of her mother; her petition and visa application were approved, and her mother now lives in the United States. Pls.’ Opp. at",50,"2–3. Sara’s father then filed Form DS-260 in December of 2016, Compl. ¶ 20, and he had an interview with a consular officer on July 27, 2017. Declaration of Chloe Dybdahl, Ex. A to Defs.’ Mot. to","2–3. Sara’s father then filed Form DS-260 in December of 2016, Compl. ¶ 20, and he had an interview with a consular officer on July 27, 2017. Declaration of Chloe Dybdahl, Ex. A to Defs.’ Mot. to",1,"in_document_repetition span, profile rank 153",0,0,0,CTL,153,-0.020377,7150,7358
cl_2020_dcd_ghadami_v._united_states_department,pre_cutoff,,cl_2020_dcd_ghadami_v._united_states_department,,,,courtlistener,CTL0119,D,Continue the passage verbatim (CTL).,"has been delayed pursuant to a policy called the “Controlled Application Review and Resolution 10 Program” (“CARRP”), id. ¶ 28, in which the government allegedly “intentionally delays the applications of adherents of Islam due to security concerns.” Id. ¶¶ 27–29. Plaintiffs contend that CARRP is in violation of the APA","has been delayed pursuant to a policy called the “Controlled Application Review and Resolution 10 Program” (“CARRP”), id. ¶ 28, in which the government allegedly “intentionally delays the applications of adherents of Islam due to security concerns.” Id. ¶¶ 27–29. Plaintiffs contend that CARRP is in violation of the APA",50,"because it did not go through notice and comment requirements, and it leads to unreasonable delays in processing visa applications. Id. ¶¶ 30–33. Defendant argues that CARRP does not apply to plaintiffs, because CARRP is a USCIS","because it did not go through notice and comment requirements, and it leads to unreasonable delays in processing visa applications. Id. ¶¶ 30–33. Defendant argues that CARRP does not apply to plaintiffs, because CARRP is a USCIS",1,"in_document_repetition span, profile rank 153",0,0,0,CTL,153,-0.020377,21764,22003
cl_2020_dcd_ghadami_v._united_states_department,pre_cutoff,,cl_2020_dcd_ghadami_v._united_states_department,,,,courtlistener,CTL0120,D,Continue the passage verbatim (CTL).,". may, in [his] discretion, grant waivers on a case-by-case basis to permit the entry of foreign nationals for whom entry is otherwise suspended or limited . . . .” Proclamation, 82 Fed. Reg. at 45,168. “A waiver may be granted only if a foreign national demonstrates to the consular",". may, in [his] discretion, grant waivers on a case-by-case basis to permit the entry of foreign nationals for whom entry is otherwise suspended or limited . . . .” Proclamation, 82 Fed. Reg. at 45,168. “A waiver may be granted only if a foreign national demonstrates to the consular",50,officer’s . . . satisfaction that: 1 The INA grants broad authority to the President to control the admission of aliens: Whenever the President finds that the entry of any aliens or of any class of aliens,officer’s . . . satisfaction that: 1 The INA grants broad authority to the President to control the admission of aliens: Whenever the President finds that the entry of any aliens or of any class of aliens,1,"in_document_repetition span, profile rank 153",0,0,0,CTL,153,-0.020377,5666,5907
cl_2023_ca2_kirschner_v._jp_morgan_chase_bank_n,pre_cutoff,,cl_2023_ca2_kirschner_v._jp_morgan_chase_bank_n,,,,courtlistener,CTL0121,D,Continue the passage verbatim (CTL).,"a note which simply formalizes an open- account debt incurred in the ordinary course of business (particularly if, as in the case of the customer of a broker, it is collateralized)[,] . . . [and] notes evidencing loans by commercial banks for current operations.” Id. at 65 (internal quotation marks","a note which simply formalizes an open- account debt incurred in the ordinary course of business (particularly if, as in the case of the customer of a broker, it is collateralized)[,] . . . [and] notes evidencing loans by commercial banks for current operations.” Id. at 65 (internal quotation marks",50,"and citation omitted); see also Banco Espanol, 973 F.2d at 56 (identifying “loans issued by banks for commercial purposes” as one of “the enumerated categor[ies]” of instruments that are not securities). 71 Id. at 67. 72See","and citation omitted); see also Banco Espanol, 973 F.2d at 56 (identifying “loans issued by banks for commercial purposes” as one of “the enumerated categor[ies]” of instruments that are not securities). 71 Id. at 67. 72See",1,"in_document_repetition span, profile rank 176",0,0,0,CTL,176,-0.021931,42798,43039
cl_2023_ca2_kirschner_v._jp_morgan_chase_bank_n,pre_cutoff,,cl_2023_ca2_kirschner_v._jp_morgan_chase_bank_n,,,,courtlistener,CTL0122,D,Continue the passage verbatim (CTL).,"At that point, those potential lenders became actual lenders because they were “irrevocabl[y]” bound to purchase their allocation of the Term Loan.21 Those lenders—referred to here as “Parent Lenders”—could then sub-allocate their allocation to investors in their respective funds—referred to here as “Child Lenders.” For example, Brigade Capital Management, LP","At that point, those potential lenders became actual lenders because they were “irrevocabl[y]” bound to purchase their allocation of the Term Loan.21 Those lenders—referred to here as “Parent Lenders”—could then sub-allocate their allocation to investors in their respective funds—referred to here as “Child Lenders.” For example, Brigade Capital Management, LP",50,"(“Brigade”), a Parent Lender, was 18 Id. 19Id. Potential lenders made this representation “[b]y accepting the Confidential Materials [in the Confidential Information Memorandum] for review.” Id. at 565. 20 Id. at 50. 21 Id. at 428","(“Brigade”), a Parent Lender, was 18 Id. 19Id. Potential lenders made this representation “[b]y accepting the Confidential Materials [in the Confidential Information Memorandum] for review.” Id. at 565. 20 Id. at 50. 21 Id. at 428",1,"in_document_repetition span, profile rank 176",0,0,0,CTL,176,-0.021931,14670,14934
cl_2023_ca2_kirschner_v._jp_morgan_chase_bank_n,pre_cutoff,,cl_2023_ca2_kirschner_v._jp_morgan_chase_bank_n,,,,courtlistener,CTL0123,D,Continue the passage verbatim (CTL).,"a group of financial institutions (a loan syndicate) to a single borrower.” Syndicated Loan Portfolios of Financial Institutions, Bd. of Governors of the Fed. Rsrv. Sys., https://www.federalreserve.gov/releases/efa/efa-project-syndicated-loan- portfolios-of-financial-institutions.htm (last visited July 30, 2023); see also Fed. Deposit Ins. Corp., Risk Management Manual of Examination Policies, Loans § 3.2- 73 (May","a group of financial institutions (a loan syndicate) to a single borrower.” Syndicated Loan Portfolios of Financial Institutions, Bd. of Governors of the Fed. Rsrv. Sys., https://www.federalreserve.gov/releases/efa/efa-project-syndicated-loan- portfolios-of-financial-institutions.htm (last visited July 30, 2023); see also Fed. Deposit Ins. Corp., Risk Management Manual of Examination Policies, Loans § 3.2- 73 (May",50,"2023) (“FDIC Manual”) (“A syndicated loan involves two or more banks contracting with a borrower, typically a large or middle market corporation, to provide funds at specified terms under the same credit facility.”). 4 (the “Notes”)","2023) (“FDIC Manual”) (“A syndicated loan involves two or more banks contracting with a borrower, typically a large or middle market corporation, to provide funds at specified terms under the same credit facility.”). 4 (the “Notes”)",1,"in_document_repetition span, profile rank 176",0,0,0,CTL,176,-0.021931,5476,5754
cl_2021_ca2_set_capital_llc_v._credit_suisse_gr,pre_cutoff,,cl_2021_ca2_set_capital_llc_v._credit_suisse_gr,,,,courtlistener,CTL0124,D,Continue the passage verbatim (CTL).,"between disclosing the risk a future event might occur and disclosing actual knowledge that the event will occur”—particularly where that distinction holds “enormous significance” for investors. 92 89Id. at 188. 90Wilson, 671 F.3d at 130 (alterations omitted) (quoting SEC v. Gabelli, 653 F.3d 49, 57 (2d Cir. 2011), rev’d on","between disclosing the risk a future event might occur and disclosing actual knowledge that the event will occur”—particularly where that distinction holds “enormous significance” for investors. 92 89Id. at 188. 90Wilson, 671 F.3d at 130 (alterations omitted) (quoting SEC v. Gabelli, 653 F.3d 49, 57 (2d Cir. 2011), rev’d on",50,"other grounds, 568 U.S. 442 (2013)); see also In re Vivendi, S.A. Sec. Litig., 838 F.3d 223, 239–40 (2d Cir. 2016) (discussing the rule against half-truths). 91 Wilson, 671 F.3d at 130; see also Rombach,","other grounds, 568 U.S. 442 (2013)); see also In re Vivendi, S.A. Sec. Litig., 838 F.3d 223, 239–40 (2d Cir. 2016) (discussing the rule against half-truths). 91 Wilson, 671 F.3d at 130; see also Rombach,",1,"in_document_repetition span, profile rank 178",0,0,0,CTL,178,-0.02229,66852,67059
cl_2021_ca2_set_capital_llc_v._credit_suisse_gr,pre_cutoff,,cl_2021_ca2_set_capital_llc_v._credit_suisse_gr,,,,courtlistener,CTL0125,D,Continue the passage verbatim (CTL).,"prices based on their incorrect belief that XIV Notes had weathered the spike in market volatility without triggering an Acceleration Event. 21The complaint alleges that, based on historical data, a 4 percent drop in the S&P 500 should have caused prices for VIX futures contracts to jump by approximately 15","prices based on their incorrect belief that XIV Notes had weathered the spike in market volatility without triggering an Acceleration Event. 21The complaint alleges that, based on historical data, a 4 percent drop in the S&P 500 should have caused prices for VIX futures contracts to jump by approximately 15",50,"to 25 percent. As a result of Credit Suisse’s hedging trades, those prices in fact increased by nearly 100 percent. See Compl. ¶ 170. 22 As Janus points out in its brief, the complaint does","to 25 percent. As a result of Credit Suisse’s hedging trades, those prices in fact increased by nearly 100 percent. See Compl. ¶ 170. 22 As Janus points out in its brief, the complaint does",1,"in_document_repetition span, profile rank 178",0,0,0,CTL,178,-0.02229,22155,22348
cl_2021_ca2_set_capital_llc_v._credit_suisse_gr,pre_cutoff,,cl_2021_ca2_set_capital_llc_v._credit_suisse_gr,,,,courtlistener,CTL0126,D,Continue the passage verbatim (CTL).,"No. 19-3466-cv of XIV Notes to just over $4—a drop of more than 96 percent from the prior day’s closing indicative value. 21 On top of all this, for one hour from 4:09 p.m. to 5:09 p.m., the intraday indicative value for XIV Notes was not updated every 15 seconds","No. 19-3466-cv of XIV Notes to just over $4—a drop of more than 96 percent from the prior day’s closing indicative value. 21 On top of all this, for one hour from 4:09 p.m. to 5:09 p.m., the intraday indicative value for XIV Notes was not updated every 15 seconds",50,"as required and did not reflect an accurate valuation of the notes. Instead, during this hour, the intraday indicative value updated only sporadically and valued the XIV Notes at about $24 to $27 per note","as required and did not reflect an accurate valuation of the notes. Instead, during this hour, the intraday indicative value updated only sporadically and valued the XIV Notes at about $24 to $27 per note",1,"in_document_repetition span, profile rank 178",0,0,0,CTL,178,-0.02229,21148,21357
cl_2023_ca2_kirschner_v._jp_morgan_chase_bank_n,pre_cutoff,,cl_2023_ca2_kirschner_v._jp_morgan_chase_bank_n,,,,courtlistener,CTL0127,D,Continue the passage verbatim (CTL).,"million of the Term Loan and then sub-allocated that $45 million allocation among twenty-three Child Lenders.22 In total, sixty-one Parent Lenders received an allocation of the Term Loan. Of those sixty-one Parent Lenders, fifty-nine were domestic entities and two were foreign entities. Approximately half of the roughly four hundred Child","million of the Term Loan and then sub-allocated that $45 million allocation among twenty-three Child Lenders.22 In total, sixty-one Parent Lenders received an allocation of the Term Loan. Of those sixty-one Parent Lenders, fifty-nine were domestic entities and two were foreign entities. Approximately half of the roughly four hundred Child",50,"Lenders were foreign entities. E. The Transaction The Transaction “proceeded in three inter-related and contemporaneous steps” and closed on April 16, 2014. 23 First, by letter agreement dated April 16, 2014, JP Morgan Securities or","Lenders were foreign entities. E. The Transaction The Transaction “proceeded in three inter-related and contemporaneous steps” and closed on April 16, 2014. 23 First, by letter agreement dated April 16, 2014, JP Morgan Securities or",1,"in_document_repetition span, profile rank 184",0,0,0,CTL,184,-0.022973,15624,15908
cl_2023_ca2_kirschner_v._jp_morgan_chase_bank_n,pre_cutoff,,cl_2023_ca2_kirschner_v._jp_morgan_chase_bank_n,,,,courtlistener,CTL0128,D,Continue the passage verbatim (CTL).,"security. If the public does not reasonably expect that an instrument is a security, then the third Reves factor will be considered alongside the other Reves factors. 97 Banco Espanol, 973 F.2d at 55. 32 The pleaded facts do not plausibly suggest that the lenders reasonably perceived the Notes as","security. If the public does not reasonably expect that an instrument is a security, then the third Reves factor will be considered alongside the other Reves factors. 97 Banco Espanol, 973 F.2d at 55. 32 The pleaded facts do not plausibly suggest that the lenders reasonably perceived the Notes as",50,"securities. Instead, we are persuaded that the sophisticated entities that purchased the Notes “were given ample notice that the [Notes] were . . . loans and not investments in a business enterprise.” 98 Before purchasing","securities. Instead, we are persuaded that the sophisticated entities that purchased the Notes “were given ample notice that the [Notes] were . . . loans and not investments in a business enterprise.” 98 Before purchasing",1,"in_document_repetition span, profile rank 184",0,0,0,CTL,184,-0.022973,54444,54675
cl_2023_ca2_kirschner_v._jp_morgan_chase_bank_n,pre_cutoff,,cl_2023_ca2_kirschner_v._jp_morgan_chase_bank_n,,,,courtlistener,CTL0129,D,Continue the passage verbatim (CTL).,"file a proposed amended complaint. On December 1, 2020, Magistrate Judge Sarah L. Cave issued a “Report and Recommendation” that recommended denying plaintiff’s motion to amend the complaint as futile. On September 30, 2021, the District Court adopted the Report and Recommendation and denied plaintiff’s motion to amend the complaint","file a proposed amended complaint. On December 1, 2020, Magistrate Judge Sarah L. Cave issued a “Report and Recommendation” that recommended denying plaintiff’s motion to amend the complaint as futile. On September 30, 2021, the District Court adopted the Report and Recommendation and denied plaintiff’s motion to amend the complaint",50,"as futile. Plaintiff timely appealed on October 28, 2021. II. DISCUSSION We consider at the threshold whether the District Court had subject matter jurisdiction over this action pursuant to the Edge Act, 12 U.S.C. §","as futile. Plaintiff timely appealed on October 28, 2021. II. DISCUSSION We consider at the threshold whether the District Court had subject matter jurisdiction over this action pursuant to the Edge Act, 12 U.S.C. §",1,"in_document_repetition span, profile rank 184",0,0,0,CTL,184,-0.022973,25460,25720
cl_2021_ca2_sacerdote_v._new_york_university,pre_cutoff,,cl_2021_ca2_sacerdote_v._new_york_university,,,,courtlistener,CTL0130,D,Continue the passage verbatim (CTL).,"period as named defendants and to replead the dismissed claims. On October 17, the district court denied the motion for leave to amend and deferred consideration of the request to replead the dismissed claims until resolution of the pending motion for reconsideration. The district court denied the motion for reconsideration","period as named defendants and to replead the dismissed claims. On October 17, the district court denied the motion for leave to amend and deferred consideration of the request to replead the dismissed claims until resolution of the pending motion for reconsideration. The district court denied the motion for reconsideration",50,"two days later, relying on different reasoning from that supporting the dismissal of the share-class claim. 10 As the parties were preparing for trial, NYU successfully moved to strike plaintiffs’ jury demand. The","two days later, relying on different reasoning from that supporting the dismissal of the share-class claim. 10 As the parties were preparing for trial, NYU successfully moved to strike plaintiffs’ jury demand. The",1,"in_document_repetition span, profile rank 187",0,0,0,CTL,187,-0.023141,14982,15209
cl_2021_ca2_sacerdote_v._new_york_university,pre_cutoff,,cl_2021_ca2_sacerdote_v._new_york_university,,,,courtlistener,CTL0131,D,Continue the passage verbatim (CTL).,"the bench effective September 11, 2018, and returned to her prior firm, Cravath, Swaine & Moore LLP, the following day. On October 1, 2018, plaintiffs moved for a new trial pursuant to Rule 60(b) on the ground that Judge Forrest should have been disqualified from the case based on a","the bench effective September 11, 2018, and returned to her prior firm, Cravath, Swaine & Moore LLP, the following day. On October 1, 2018, plaintiffs moved for a new trial pursuant to Rule 60(b) on the ground that Judge Forrest should have been disqualified from the case based on a",50,"connection to NYU through a colleague at Cravath. On July 1, 2019, Judge Torres, to whom the case had eventually been reassigned, denied plaintiffs’ various post-trial motions. 12 11 Sacerdote v. NYU, 328","connection to NYU through a colleague at Cravath. On July 1, 2019, Judge Torres, to whom the case had eventually been reassigned, denied plaintiffs’ various post-trial motions. 12 11 Sacerdote v. NYU, 328",1,"in_document_repetition span, profile rank 187",0,0,0,CTL,187,-0.023141,16900,17116
cl_2021_ca2_sacerdote_v._new_york_university,pre_cutoff,,cl_2021_ca2_sacerdote_v._new_york_university,,,,courtlistener,CTL0132,D,Continue the passage verbatim (CTL).,"of the trustee’s . . . superior (often, unique) access to information about the trust and its activities . . . .”). 71 Brotherston v. Putnam Invs., LLC, 907 F.3d 17, 38 (1st Cir. 2018), cert. denied, 140 S. Ct. 911 (2020) (internal quotation marks omitted); see also id. at","of the trustee’s . . . superior (often, unique) access to information about the trust and its activities . . . .”). 71 Brotherston v. Putnam Invs., LLC, 907 F.3d 17, 38 (1st Cir. 2018), cert. denied, 140 S. Ct. 911 (2020) (internal quotation marks omitted); see also id. at",50,"39 (joining the Fourth, Fifth, and Eighth circuits in “hold[ing] that once an ERISA plaintiff has shown a breach of fiduciary duty and loss to the plan, the burden shifts to the fiduciary","39 (joining the Fourth, Fifth, and Eighth circuits in “hold[ing] that once an ERISA plaintiff has shown a breach of fiduciary duty and loss to the plan, the burden shifts to the fiduciary",1,"in_document_repetition span, profile rank 187",0,0,0,CTL,187,-0.023141,49773,49960
cl_2021_ca2_set_capital_llc_v._credit_suisse_gr,pre_cutoff,,cl_2021_ca2_set_capital_llc_v._credit_suisse_gr,,,,courtlistener,CTL0133,D,Continue the passage verbatim (CTL).,"acceleration, or maturity of the XIV Notes, Credit Suisse agreed to pay noteholders based on the notes’ “closing indicative value.” An affiliate of Janus, Janus Index & Calculation Services LLC (JIC), calculated the closing indicative value at the end of each trading day using a formula that automatically 2See Compl.","acceleration, or maturity of the XIV Notes, Credit Suisse agreed to pay noteholders based on the notes’ “closing indicative value.” An affiliate of Janus, Janus Index & Calculation Services LLC (JIC), calculated the closing indicative value at the end of each trading day using a formula that automatically 2See Compl.",50,¶ 50. 3 A futures contract is an agreement to purchase or sell a particular commodity on a later date at a predetermined price. 6 No. 19-3466-cv adjusted,¶ 50. 3 A futures contract is an agreement to purchase or sell a particular commodity on a later date at a predetermined price. 6 No. 19-3466-cv adjusted,1,"in_document_repetition span, profile rank 194",0,0,0,CTL,194,-0.023993,9114,9333
cl_2021_ca2_set_capital_llc_v._credit_suisse_gr,pre_cutoff,,cl_2021_ca2_set_capital_llc_v._credit_suisse_gr,,,,courtlistener,CTL0134,D,Continue the passage verbatim (CTL).,"dismissal of the Flatline Value claims. Our decision today in Proshares addressed different disclosures related to a different underlying securities product—an exchange traded fund (ETF), which bundles securities together. See In re Proshares Trust II Sec. Litig., No. 19 cv 0886 (DLC), 2020 WL 71007, at *1 (S.D.N.Y. Jan. 3,","dismissal of the Flatline Value claims. Our decision today in Proshares addressed different disclosures related to a different underlying securities product—an exchange traded fund (ETF), which bundles securities together. See In re Proshares Trust II Sec. Litig., No. 19 cv 0886 (DLC), 2020 WL 71007, at *1 (S.D.N.Y. Jan. 3,",50,"2020). In part because of the material differences between ETFs and ETNs, the complaint in Proshares did not allege market manipulation or the failure to fully disclose a","2020). In part because of the material differences between ETFs and ETNs, the complaint in Proshares did not allege market manipulation or the failure to fully disclose a",1,"in_document_repetition span, profile rank 194",0,0,0,CTL,194,-0.023993,71420,71590
cl_2021_ca2_set_capital_llc_v._credit_suisse_gr,pre_cutoff,,cl_2021_ca2_set_capital_llc_v._credit_suisse_gr,,,,courtlistener,CTL0135,D,Continue the passage verbatim (CTL).,"or rigged prices, that are intended to mislead investors by artificially affecting market activity,” 40 and “connotes intentional or willful conduct designed to deceive or defraud investors by controlling or artificially affecting the price of securities.” 41 For market activity to “artificially” affect a security’s price, we generally ask whether","or rigged prices, that are intended to mislead investors by artificially affecting market activity,” 40 and “connotes intentional or willful conduct designed to deceive or defraud investors by controlling or artificially affecting the price of securities.” 41 For market activity to “artificially” affect a security’s price, we generally ask whether",50,the transaction or series of transactions “sends a false pricing signal to the market” 42 or otherwise distorts estimates of the “underlying economic value” of the securities traded.,the transaction or series of transactions “sends a false pricing signal to the market” 42 or otherwise distorts estimates of the “underlying economic value” of the securities traded.,1,"in_document_repetition span, profile rank 194",0,0,0,CTL,194,-0.023993,33633,33815
cl_2015_ca9_steve_harris_v._amgen_inc.,pre_cutoff,,cl_2015_ca9_steve_harris_v._amgen_inc.,,,,courtlistener,CTL0136,D,Continue the passage verbatim (CTL).,"and increase an employer’s likelihood to directly contribute to its employees’ retirement benefits. Even if none of that were so, Congress has made the considered policy judgment to encourage the creation of employee stock-ownership plans and has specifically instructed courts to refrain from “regulations and rulings [that] block the establishment","and increase an employer’s likelihood to directly contribute to its employees’ retirement benefits. Even if none of that were so, Congress has made the considered policy judgment to encourage the creation of employee stock-ownership plans and has specifically instructed courts to refrain from “regulations and rulings [that] block the establishment",50,"and success of [such] plans.” See Tax Reform Act of 1976, Pub. L. No. 94–455, § 803(h), 90 Stat. 1590 (1976). Leaving aside the litany of practical problems the panel opinion creates, its promiscuous liability standard flies in","and success of [such] plans.” See Tax Reform Act of 1976, Pub. L. No. 94–455, § 803(h), 90 Stat. 1590 (1976). Leaving aside the litany of practical problems the panel opinion creates, its promiscuous liability standard flies in",1,"in_document_repetition span, profile rank 206",0,0,0,CTL,206,-0.025252,38274,38501
cl_2015_ca9_steve_harris_v._amgen_inc.,pre_cutoff,,cl_2015_ca9_steve_harris_v._amgen_inc.,,,,courtlistener,CTL0137,D,Continue the passage verbatim (CTL).,"in May 2004 to discuss safety concerns about Aranesp. In April, before the ODAC meeting, an Amgen spokesperson stated during a conference call with investors, analysts, and plan participants that “the focus [of the ODAC meeting] was not on Aranesp” and that “the safety for Aranesp has been comparable to","in May 2004 to discuss safety concerns about Aranesp. In April, before the ODAC meeting, an Amgen spokesperson stated during a conference call with investors, analysts, and plan participants that “the focus [of the ODAC meeting] was not on Aranesp” and that “the safety for Aranesp has been comparable to",50,"placebo.” During its two-day meeting with ODAC, the FDA urged Amgen to conduct further clinical trials to test the safety of ESAs for uses that had already been approved by the FDA. Amgen made a presentation at the","placebo.” During its two-day meeting with ODAC, the FDA urged Amgen to conduct further clinical trials to test the safety of ESAs for uses that had already been approved by the FDA. Amgen made a presentation at the",1,"in_document_repetition span, profile rank 206",0,0,0,CTL,206,-0.025252,47610,47829
cl_2015_ca9_steve_harris_v._amgen_inc.,pre_cutoff,,cl_2015_ca9_steve_harris_v._amgen_inc.,,,,courtlistener,CTL0138,D,Continue the passage verbatim (CTL).,"odds with what the Court instructed. Worse still, the panel’s rule will have grave consequences for corporations across America, leaving them acutely vulnerable to meritless lawsuits and subjecting them to novel, judicially-fashioned disclosure requirements that conflict with those of the securities laws. I sincerely regret that a majority of our","odds with what the Court instructed. Worse still, the panel’s rule will have grave consequences for corporations across America, leaving them acutely vulnerable to meritless lawsuits and subjecting them to novel, judicially-fashioned disclosure requirements that conflict with those of the securities laws. I sincerely regret that a majority of our",50,court did not see fit to take this case en banc. I expect the Supreme Court will promptly correct our error. 1. Congress has long viewed employee ownership of employer stock as “a goal in and of itself.”,court did not see fit to take this case en banc. I expect the Supreme Court will promptly correct our error. 1. Congress has long viewed employee ownership of employer stock as “a goal in and of itself.”,1,"in_document_repetition span, profile rank 206",0,0,0,CTL,206,-0.025252,20399,20607
cl_2023_ca2_pauwels_v._deloitte_llp,pre_cutoff,,cl_2023_ca2_pauwels_v._deloitte_llp,,,,courtlistener,CTL0139,D,Continue the passage verbatim (CTL).,"to adequately plead that Sarmasti’s alleged misrepresentation caused him to suffer any cognizable injury. For this reason, we affirm the district court’s dismissal of the claim for negligent misrepresentation against BNYM. See, e.g., Anschutz Corp. v. Merrill Lynch & Co., 690 F.3d 98, 114 (2d Cir. 2012) (to state a","to adequately plead that Sarmasti’s alleged misrepresentation caused him to suffer any cognizable injury. For this reason, we affirm the district court’s dismissal of the claim for negligent misrepresentation against BNYM. See, e.g., Anschutz Corp. v. Merrill Lynch & Co., 690 F.3d 98, 114 (2d Cir. 2012) (to state a",50,"claim for negligent misrepresentation under New York law, the plaintiff must allege, inter alia, that the plaintiff reasonably relied on the misrepresentation “to his or her detriment” (citation 38 22-21-cv","claim for negligent misrepresentation under New York law, the plaintiff must allege, inter alia, that the plaintiff reasonably relied on the misrepresentation “to his or her detriment” (citation 38 22-21-cv",1,"in_document_repetition span, profile rank 222",0,0,0,CTL,222,-0.026949,57162,57415
cl_2023_ca2_pauwels_v._deloitte_llp,pre_cutoff,,cl_2023_ca2_pauwels_v._deloitte_llp,,,,courtlistener,CTL0140,D,Continue the passage verbatim (CTL).,injury by failing to refuse to do further work or terminate his relationship with BNYM sometime before their relationship ultimately dissolved in May 2018. BNYM compensated Pauwels for the services that he rendered through the end of their working relationship. 6 We therefore cannot see how Sarmasti’s alleged misrepresentation caused,injury by failing to refuse to do further work or terminate his relationship with BNYM sometime before their relationship ultimately dissolved in May 2018. BNYM compensated Pauwels for the services that he rendered through the end of their working relationship. 6 We therefore cannot see how Sarmasti’s alleged misrepresentation caused,50,"Pauwels—who was being paid for his work after March 2017—to suffer any damages by continuing to perform that work. 7 Second, Pauwels’s theory that he suffered damages because, but for","Pauwels—who was being paid for his work after March 2017—to suffer any damages by continuing to perform that work. 7 Second, Pauwels’s theory that he suffered damages because, but for",1,"in_document_repetition span, profile rank 222",0,0,0,CTL,222,-0.026949,53176,53369
cl_2023_ca2_pauwels_v._deloitte_llp,pre_cutoff,,cl_2023_ca2_pauwels_v._deloitte_llp,,,,courtlistener,CTL0141,D,Continue the passage verbatim (CTL).,"a conversation with Sarmasti and Hegedus in which Pauwels said that he considered the Pauwels Model and the Pauwels Model Spreadsheets to be proprietary and confidential. Pauwels alleges that “Sarmasti and Hegedus agreed and confirmed, on behalf of BNYM, that the Pauwels Model and Pauwels Model Spreadsheets were confidential and","a conversation with Sarmasti and Hegedus in which Pauwels said that he considered the Pauwels Model and the Pauwels Model Spreadsheets to be proprietary and confidential. Pauwels alleges that “Sarmasti and Hegedus agreed and confirmed, on behalf of BNYM, that the Pauwels Model and Pauwels Model Spreadsheets were confidential and",50,"proprietary and that they would not be shared outside of BNYM.” Jt. App’x 53 ¶ 38. However, Pauwels and BNYM never entered into a written confidentiality or non-disclosure agreement regarding","proprietary and that they would not be shared outside of BNYM.” Jt. App’x 53 ¶ 38. However, Pauwels and BNYM never entered into a written confidentiality or non-disclosure agreement regarding",1,"in_document_repetition span, profile rank 222",0,0,0,CTL,222,-0.026949,12570,12763
cl_2015_ca2_in_re_kingate_management_limited_li,pre_cutoff,,cl_2015_ca2_in_re_kingate_management_limited_li,,,,courtlistener,CTL0142,D,Continue the passage verbatim (CTL).,"into X’s background before engaging him. 13 Such an inspection would have revealed that X had been convicted of 14 securities fraud under § 10(b). In the performance of his duties, X steals the 15 plaintiffs’ property. The plaintiffs file a class action against the defendant, 16 alleging negligence in","into X’s background before engaging him. 13 Such an inspection would have revealed that X had been convicted of 14 securities fraud under § 10(b). In the performance of his duties, X steals the 15 plaintiffs’ property. The plaintiffs file a class action against the defendant, 16 alleging negligence in",50,hiring X without checking his background. As in the 53 11‐1397‐cv In re Kingate Management Limited Litigation 1 previous,hiring X without checking his background. As in the 53 11‐1397‐cv In re Kingate Management Limited Litigation 1 previous,1,"in_document_repetition span, profile rank 223",0,0,0,CTL,223,-0.027276,85693,85907
cl_2015_ca2_in_re_kingate_management_limited_li,pre_cutoff,,cl_2015_ca2_in_re_kingate_management_limited_li,,,,courtlistener,CTL0143,D,Continue the passage verbatim (CTL).,"one of the claims of a complaint is barred by SLUSA, does the statute 5 require dismissal of the entire complaint, including claims that would not 6 be barred if not joined in the complaint with the barred claim? 7 We turn to these issues. 8 1. SLUSA’s requirement that","one of the claims of a complaint is barred by SLUSA, does the statute 5 require dismissal of the entire complaint, including claims that would not 6 be barred if not joined in the complaint with the barred claim? 7 We turn to these issues. 8 1. SLUSA’s requirement that",50,the false conduct be “in connection with” a 9 transaction in “covered securities.” 10 SLUSA’s operative provisions preclude only,the false conduct be “in connection with” a 9 transaction in “covered securities.” 10 SLUSA’s operative provisions preclude only,1,"in_document_repetition span, profile rank 223",0,0,0,CTL,223,-0.027276,49871,50032
cl_2015_ca2_in_re_kingate_management_limited_li,pre_cutoff,,cl_2015_ca2_in_re_kingate_management_limited_li,,,,courtlistener,CTL0144,D,Continue the passage verbatim (CTL).,"always easy to understand whether SLUSA applies. Understanding the scope 12 of SLUSA’s applicability requires not only, as always, study of the words of the 11 “We review the district court’s grant of a Rule 12(b)(6) motion to dismiss de novo, accepting all factual claims in the complaint as true,","always easy to understand whether SLUSA applies. Understanding the scope 12 of SLUSA’s applicability requires not only, as always, study of the words of the 11 “We review the district court’s grant of a Rule 12(b)(6) motion to dismiss de novo, accepting all factual claims in the complaint as true,",50,"and drawing all reasonable inferences in the plaintiff’s favor.” In re Herald, 730 F.3d 112, 117 (2d Cir. 2013)","and drawing all reasonable inferences in the plaintiff’s favor.” In re Herald, 730 F.3d 112, 117 (2d Cir. 2013)",1,"in_document_repetition span, profile rank 223",0,0,0,CTL,223,-0.027276,27060,27185
cl_2022_ca2_haley_v._tiaa,pre_cutoff,,cl_2022_ca2_haley_v._tiaa,,,,courtlistener,CTL0145,D,Continue the passage verbatim (CTL).,"paid TIAA on the loan and the amount TIAA credited to participants on their collateral as investment income. 3 Haley took out four collateralized loans from her WashU plan between 2011 and 2015, and a fifth in 2019 while this lawsuit was pending. In 2017, she brought the instant action","paid TIAA on the loan and the amount TIAA credited to participants on their collateral as investment income. 3 Haley took out four collateralized loans from her WashU plan between 2011 and 2015, and a fifth in 2019 while this lawsuit was pending. In 2017, she brought the instant action",50,"seeking to hold TIAA directly liable on the grounds that the collateralized loans violated ERISA’s so-called “prohibited transactions” rules. In the alternative, Haley sought to hold TIAA liable as a non-fiduciary for its","seeking to hold TIAA directly liable on the grounds that the collateralized loans violated ERISA’s so-called “prohibited transactions” rules. In the alternative, Haley sought to hold TIAA liable as a non-fiduciary for its",1,"in_document_repetition span, profile rank 225",0,0,0,CTL,225,-0.028124,8895,9116
cl_2022_ca2_haley_v._tiaa,pre_cutoff,,cl_2022_ca2_haley_v._tiaa,,,,courtlistener,CTL0146,D,Continue the passage verbatim (CTL).,"against WashU), aff'd in part, rev'd in part and remanded, 960 F.3d 478 (8th Cir. 2020). The Davis plaintiffs did not appeal the dismissal of their prohibited transaction claims. 5 The class certified by the district court includes: “All individual account retirement plans governed by ERISA (the ‘Plans‘) for which,","against WashU), aff'd in part, rev'd in part and remanded, 960 F.3d 478 (8th Cir. 2020). The Davis plaintiffs did not appeal the dismissal of their prohibited transaction claims. 5 The class certified by the district court includes: “All individual account retirement plans governed by ERISA (the ‘Plans‘) for which,",50,"at any time from February 5, 2011 through the date of judgment: (a) Teachers Insurance and Annuity Association [of America] (‘TIAA’) provided services that included collateralized loans (the ‘Loans’) for Plan participants (the","at any time from February 5, 2011 through the date of judgment: (a) Teachers Insurance and Annuity Association [of America] (‘TIAA’) provided services that included collateralized loans (the ‘Loans’) for Plan participants (the",1,"in_document_repetition span, profile rank 225",0,0,0,CTL,225,-0.028124,11619,11845
cl_2022_ca2_haley_v._tiaa,pre_cutoff,,cl_2022_ca2_haley_v._tiaa,,,,courtlistener,CTL0147,D,Continue the passage verbatim (CTL).,"a Rule 23 requirement is not binding on the trier of fact in its determination of the merits.” 37 Because the district court did not analyze the exemptions, it also did not engage with the evidence that TIAA submitted to substantiate the purported variations among the plans. A district court","a Rule 23 requirement is not binding on the trier of fact in its determination of the merits.” 37 Because the district court did not analyze the exemptions, it also did not engage with the evidence that TIAA submitted to substantiate the purported variations among the plans. A district court",50,"cannot simply “take the plaintiff’s word that no material differences exist.” 38 While it may be true, as the district court surmised, that the loans had the “same basic central . . .","cannot simply “take the plaintiff’s word that no material differences exist.” 38 While it may be true, as the district court surmised, that the loans had the “same basic central . . .",1,"in_document_repetition span, profile rank 225",0,0,0,CTL,225,-0.028124,26529,26714
cl_2014_ca2_city_of_pontiac_v._ubs_ag,pre_cutoff,,cl_2014_ca2_city_of_pontiac_v._ubs_ag,,,,courtlistener,CTL0148,D,Continue the passage verbatim (CTL).,"a § 10(b) fraud claim.57 54 Appellants’ Br. 64. See Litwin, 634 F.3d at 717 (immaterial statements are those that are “so 55 obviously unimportant . . . that reasonable minds could not differ”) (internal quotation marks omitted). See JPMorgan, 553 F.3d at 206 (“While a bank’s reputation is undeniably","a § 10(b) fraud claim.57 54 Appellants’ Br. 64. See Litwin, 634 F.3d at 717 (immaterial statements are those that are “so 55 obviously unimportant . . . that reasonable minds could not differ”) (internal quotation marks omitted). See JPMorgan, 553 F.3d at 206 (“While a bank’s reputation is undeniably",50,"56 important, that does not render a particular statement by a bank regarding its integrity per se material.”). See, e.g., id.","56 important, that does not render a particular statement by a bank regarding its integrity per se material.”). See, e.g., id.",1,"in_document_repetition span, profile rank 238",0,0,0,CTL,238,-0.030261,46563,46700
cl_2014_ca2_city_of_pontiac_v._ubs_ag,pre_cutoff,,cl_2014_ca2_city_of_pontiac_v._ubs_ag,,,,courtlistener,CTL0149,D,Continue the passage verbatim (CTL).,"are arguably useful for discerning what the majority opinion did not hold. Justice Breyer concurred in the opinion only insofar as “the purchased securities are listed only on a few foreign exchanges, none of which has registered with the [SEC]. . . [and] the relevant purchases of these unregistered securities","are arguably useful for discerning what the majority opinion did not hold. Justice Breyer concurred in the opinion only insofar as “the purchased securities are listed only on a few foreign exchanges, none of which has registered with the [SEC]. . . [and] the relevant purchases of these unregistered securities",50,"took place entirely in Australia and involved only Australian investors.” Id. at 273 (Breyer, J., concurring) (emphasis supplied). And Justice Stevens","took place entirely in Australia and involved only Australian investors.” Id. at 273 (Breyer, J., concurring) (emphasis supplied). And Justice Stevens",1,"in_document_repetition span, profile rank 238",0,0,0,CTL,238,-0.030261,30646,30797
cl_2014_ca2_city_of_pontiac_v._ubs_ag,pre_cutoff,,cl_2014_ca2_city_of_pontiac_v._ubs_ag,,,,courtlistener,CTL0150,D,Continue the passage verbatim (CTL).,"AAA‐rated) assets held by the IB, which were collateralized by 63 See, e.g., Joint App’x 375 (“[W]e go out to the market to get quotes on what it would actually cost to move these positions and extrapolate some of those across the portfolio.”). 64 Rothman, 220 F.3d at 90 (internal","AAA‐rated) assets held by the IB, which were collateralized by 63 See, e.g., Joint App’x 375 (“[W]e go out to the market to get quotes on what it would actually cost to move these positions and extrapolate some of those across the portfolio.”). 64 Rothman, 220 F.3d at 90 (internal",50,"quotation marks omitted). 28 No. 12‐4355‐cv lower‐rated assets, based on their knowledge of the write‐downs in certain lower‐grade (BBB‐ to B‐rated),","quotation marks omitted). 28 No. 12‐4355‐cv lower‐rated assets, based on their knowledge of the write‐downs in certain lower‐grade (BBB‐ to B‐rated),",1,"in_document_repetition span, profile rank 238",0,0,0,CTL,238,-0.030261,53127,53378
cl_2021_ca2_united_states_v._reichberg,pre_cutoff,,cl_2021_ca2_united_states_v._reichberg,,,,courtlistener,CTL0151,D,Continue the passage verbatim (CTL).,"at 69. 79 Id. 31 19-1645-cr Reichberg also argues that the evidence was insufficient to support his conviction for obstruction of justice, but we again disagree. The evidence at trial demonstrated that when Reichberg became aware he was under investigation, he invited his brother to his house and turned over","at 69. 79 Id. 31 19-1645-cr Reichberg also argues that the evidence was insufficient to support his conviction for obstruction of justice, but we again disagree. The evidence at trial demonstrated that when Reichberg became aware he was under investigation, he invited his brother to his house and turned over",50,"multiple cell phones and business cards to his brother. On appeal, Reichberg’s principal contention is that the evidence did not support his intent to obstruct justice because there were other electronic devices remaining at his house for the","multiple cell phones and business cards to his brother. On appeal, Reichberg’s principal contention is that the evidence did not support his intent to obstruct justice because there were other electronic devices remaining at his house for the",1,"in_document_repetition span, profile rank 242",0,0,0,CTL,242,-0.030735,52139,52381
cl_2021_ca2_united_states_v._reichberg,pre_cutoff,,cl_2021_ca2_united_states_v._reichberg,,,,courtlistener,CTL0152,D,Continue the passage verbatim (CTL).,"42 The district court found the disclosures wanting under Federal Rule of Criminal Procedure 16, which requires that the defense provide the government with its expert’s “opinions, the bases and reasons for those opinions, and the witness’s qualifications.” 43 The district court gave defense counsel repeated opportunities to supplement its","42 The district court found the disclosures wanting under Federal Rule of Criminal Procedure 16, which requires that the defense provide the government with its expert’s “opinions, the bases and reasons for those opinions, and the witness’s qualifications.” 43 The district court gave defense counsel repeated opportunities to supplement its",50,"disclosures. After defense counsel declined to take advantage of those opportunities, the district court precluded these 40 United States v. Felder, 993 F.3d 57, 71 (2d Cir. 2021). 41 Supp. App. at 34. 42 Id. at 35. 43","disclosures. After defense counsel declined to take advantage of those opportunities, the district court precluded these 40 United States v. Felder, 993 F.3d 57, 71 (2d Cir. 2021). 41 Supp. App. at 34. 42 Id. at 35. 43",1,"in_document_repetition span, profile rank 242",0,0,0,CTL,242,-0.030735,33694,33952
cl_2021_ca2_united_states_v._reichberg,pre_cutoff,,cl_2021_ca2_united_states_v._reichberg,,,,courtlistener,CTL0153,D,Continue the passage verbatim (CTL).,"The Fourth Amendment guarantees the right to be free from unreasonable searches and seizures. 6 “To safeguard Fourth Amendment rights, the Supreme Court created ‘an exclusionary rule that, when applicable, forbids the use of improperly obtained evidence at trial.’” 7 Suppression (i.e., exclusion) of evidence is required only when suppression","The Fourth Amendment guarantees the right to be free from unreasonable searches and seizures. 6 “To safeguard Fourth Amendment rights, the Supreme Court created ‘an exclusionary rule that, when applicable, forbids the use of improperly obtained evidence at trial.’” 7 Suppression (i.e., exclusion) of evidence is required only when suppression",50,"would “deter future unlawful . . . Reichberg also argues that the district court’s cumulative errors at trial 5 deprived him of a fair trial. Because we find no error in any of Reichberg’s specific objections, we have","would “deter future unlawful . . . Reichberg also argues that the district court’s cumulative errors at trial 5 deprived him of a fair trial. Because we find no error in any of Reichberg’s specific objections, we have",1,"in_document_repetition span, profile rank 242",0,0,0,CTL,242,-0.030735,10956,11196
cl_2021_ca2_sacerdote_v._new_york_university,pre_cutoff,,cl_2021_ca2_sacerdote_v._new_york_university,,,,courtlistener,CTL0154,D,Continue the passage verbatim (CTL).,"to consolidate to a single recordkeeper for each Plan (the recordkeeper- consolidation claim). 8 Count V survived on the ground of imprudence in continuing to include the underperforming CREF Stock Account and TIAA Real Estate Account as investment options (the investment-retention claim). 9 Thus, those portions of Counts III and","to consolidate to a single recordkeeper for each Plan (the recordkeeper- consolidation claim). 8 Count V survived on the ground of imprudence in continuing to include the underperforming CREF Stock Account and TIAA Real Estate Account as investment options (the investment-retention claim). 9 Thus, those portions of Counts III and",50,"V were permitted to proceed to trial. On September 8, 2017, plaintiffs moved both (1) for reconsideration of the district court’s dismissal of the share-class and failure to monitor claims and (2) for leave to","V were permitted to proceed to trial. On September 8, 2017, plaintiffs moved both (1) for reconsideration of the district court’s dismissal of the share-class and failure to monitor claims and (2) for leave to",1,"in_document_repetition span, profile rank 245",0,0,0,CTL,245,-0.031007,14338,14554
cl_2021_ca2_sacerdote_v._new_york_university,pre_cutoff,,cl_2021_ca2_sacerdote_v._new_york_university,,,,courtlistener,CTL0155,D,Continue the passage verbatim (CTL).,"high enough to taint each plan as a whole. But plaintiffs’ non-conclusory allegations plainly pointed the way to these obvious inferences in plaintiffs’ favor. Drawing all reasonable inferences in their favor, plaintiffs have plausibly alleged that offering these retail shares rather than institutional shares was imprudent. This claim should have","high enough to taint each plan as a whole. But plaintiffs’ non-conclusory allegations plainly pointed the way to these obvious inferences in plaintiffs’ favor. Drawing all reasonable inferences in their favor, plaintiffs have plausibly alleged that offering these retail shares rather than institutional shares was imprudent. This claim should have",50,"been, and now must be, litigated on the merits. C. The share-class claim’s dismissal was not harmless NYU urges us to decline to reinstate the share-class claim on the basis that any error in dismissing","been, and now must be, litigated on the merits. C. The share-class claim’s dismissal was not harmless NYU urges us to decline to reinstate the share-class claim on the basis that any error in dismissing",1,"in_document_repetition span, profile rank 245",0,0,0,CTL,245,-0.031007,36405,36627
cl_2021_ca2_sacerdote_v._new_york_university,pre_cutoff,,cl_2021_ca2_sacerdote_v._new_york_university,,,,courtlistener,CTL0156,D,Continue the passage verbatim (CTL).,"finding was that plaintiffs failed to prove loss resulting from either of the revenue- sharing or recordkeeping claims. NYU’s reliance on these findings is premised on its argument that selecting higher-cost retail shares was necessary to pay recordkeeping fees through revenue sharing. For the reasons that follow, however, we are","finding was that plaintiffs failed to prove loss resulting from either of the revenue- sharing or recordkeeping claims. NYU’s reliance on these findings is premised on its argument that selecting higher-cost retail shares was necessary to pay recordkeeping fees through revenue sharing. For the reasons that follow, however, we are",50,not persuaded that these findings compel the conclusion that dismissal of the share-class claim on the pleadings was harmless. i. The district court’s revenue-sharing finding We first address NYU’s argument that because the use of,not persuaded that these findings compel the conclusion that dismissal of the share-class claim on the pleadings was harmless. i. The district court’s revenue-sharing finding We first address NYU’s argument that because the use of,1,"in_document_repetition span, profile rank 245",0,0,0,CTL,245,-0.031007,37180,37437
cl_2020_dcd_pca_integrity_associates_llp_v._nco,pre_cutoff,,cl_2020_dcd_pca_integrity_associates_llp_v._nco,,,,courtlistener,CTL0157,D,Continue the passage verbatim (CTL).,"issue of fairness under the facts.” Labadie Coal, 672 F.2d at 96 (footnote omitted). This “practical” analysis is “based largely on a reading of the particular factual circumstances,” with the “ultimate determination . . . dependent upon the sound discretion of the trial judge.” Valley Fin., 629 F.2d at 172.","issue of fairness under the facts.” Labadie Coal, 672 F.2d at 96 (footnote omitted). This “practical” analysis is “based largely on a reading of the particular factual circumstances,” with the “ultimate determination . . . dependent upon the sound discretion of the trial judge.” Valley Fin., 629 F.2d at 172.",50,"In conducting this analysis, a trial court “should consider the entire picture of the relationship between the two corporations, including the many factors listed in the formalities prong of the test.” Shapiro, Lifschitz","In conducting this analysis, a trial court “should consider the entire picture of the relationship between the two corporations, including the many factors listed in the formalities prong of the test.” Shapiro, Lifschitz",1,"in_document_repetition span, profile rank 261",0,0,0,CTL,261,-0.032958,77063,77286
cl_2020_dcd_pca_integrity_associates_llp_v._nco,pre_cutoff,,cl_2020_dcd_pca_integrity_associates_llp_v._nco,,,,courtlistener,CTL0158,D,Continue the passage verbatim (CTL).,"626 25 Given these glaring deficiencies and the lack of required detail concerning materiality, which the Court discusses next, the Court need not consider Defendants’ arguments that Relator does not make sufficiently clear “who” is behind the alleged fraud to conclude that PCA Integrity has not stated, with particularity, its","626 25 Given these glaring deficiencies and the lack of required detail concerning materiality, which the Court discusses next, the Court need not consider Defendants’ arguments that Relator does not make sufficiently clear “who” is behind the alleged fraud to conclude that PCA Integrity has not stated, with particularity, its",50,"claims for relief. That said, should Relator file an amended complaint, it should take care to specify how each entity institutionalized a unified scheme in which “corporate levers were pulled,” Heath, 791 F.3d","claims for relief. That said, should Relator file an amended complaint, it should take care to specify how each entity institutionalized a unified scheme in which “corporate levers were pulled,” Heath, 791 F.3d",1,"in_document_repetition span, profile rank 261",0,0,0,CTL,261,-0.032958,118377,118587
cl_2020_dcd_pca_integrity_associates_llp_v._nco,pre_cutoff,,cl_2020_dcd_pca_integrity_associates_llp_v._nco,,,,courtlistener,CTL0159,D,Continue the passage verbatim (CTL).,"2014) (internal quotation marks omitted) (first quoting United States ex rel. Davis v. District of Columbia, 679 F.3d 832, 836 (D.C. Cir. 2012), then quoting 31 U.S.C. § 3730(e)(4)(A) (1986)); see also 31 U.S.C. § 3730(e)(4)(A). This Circuit set forth the relevant analysis to determine whether there has been a","2014) (internal quotation marks omitted) (first quoting United States ex rel. Davis v. District of Columbia, 679 F.3d 832, 836 (D.C. Cir. 2012), then quoting 31 U.S.C. § 3730(e)(4)(A) (1986)); see also 31 U.S.C. § 3730(e)(4)(A). This Circuit set forth the relevant analysis to determine whether there has been a",50,"public disclosure in United States ex rel. Springfield Terminal Railway v. Quinn (Springfield Terminal), 14 F.3d 645 (D.C. Cir. 1994). Springfield Terminal provides a formula to solve the public disclosure question: “if X","public disclosure in United States ex rel. Springfield Terminal Railway v. Quinn (Springfield Terminal), 14 F.3d 645 (D.C. Cir. 1994). Springfield Terminal provides a formula to solve the public disclosure question: “if X",1,"in_document_repetition span, profile rank 261",0,0,0,CTL,261,-0.032958,57378,57602
cl_2019_cadc_donald_trump_v._mazars_usa_llp,pre_cutoff,,cl_2019_cadc_donald_trump_v._mazars_usa_llp,,,,courtlistener,CTL0160,D,Continue the passage verbatim (CTL).,"of legislative purpose, the Trump Plaintiffs contend that “[t]he subpoena’s actual purpose is law enforcement.” Appellants’ Reply Br. 9 (emphasis added). They make four principal arguments. First, the Trump Plaintiffs question whether the Committee’s avowals of legislative purpose are genuine. Quoting our court’s opinion in Shelton v. United States, they","of legislative purpose, the Trump Plaintiffs contend that “[t]he subpoena’s actual purpose is law enforcement.” Appellants’ Reply Br. 9 (emphasis added). They make four principal arguments. First, the Trump Plaintiffs question whether the Committee’s avowals of legislative purpose are genuine. Quoting our court’s opinion in Shelton v. United States, they",50,"argue that “Congress cannot cure [a] constitutional violation 28 through ‘the mere assertion of a need to consider remedial legislation.’” Appellants’ Br. 34 (quoting Shelton, 404 F.2d at 1297). But the Trump","argue that “Congress cannot cure [a] constitutional violation 28 through ‘the mere assertion of a need to consider remedial legislation.’” Appellants’ Br. 34 (quoting Shelton, 404 F.2d at 1297). But the Trump",1,"in_document_repetition span, profile rank 266",0,0,0,CTL,266,-0.033659,51633,51873
cl_2019_cadc_donald_trump_v._mazars_usa_llp,pre_cutoff,,cl_2019_cadc_donald_trump_v._mazars_usa_llp,,,,courtlistener,CTL0161,D,Continue the passage verbatim (CTL).,expanding legislative powers and the accompanying recognition of Congress’s power to investigate ancillary to those powers. Yet the more specific story here pertains to the fundamental separation between the legislative and judicial powers of Congress. When the House chooses to investigate the President for alleged violations of the laws and,expanding legislative powers and the accompanying recognition of Congress’s power to investigate ancillary to those powers. Yet the more specific story here pertains to the fundamental separation between the legislative and judicial powers of Congress. When the House chooses to investigate the President for alleged violations of the laws and,50,"the Constitution, it must proceed through impeachment, an exceptional and solemn exercise of judicial power established as a separate check on public officials. This constitutional principle was articulated by George Washington in","the Constitution, it must proceed through impeachment, an exceptional and solemn exercise of judicial power established as a separate check on public officials. This constitutional principle was articulated by George Washington in",1,"in_document_repetition span, profile rank 266",0,0,0,CTL,266,-0.033659,263838,264068
cl_2019_cadc_donald_trump_v._mazars_usa_llp,pre_cutoff,,cl_2019_cadc_donald_trump_v._mazars_usa_llp,,,,courtlistener,CTL0162,D,Continue the passage verbatim (CTL).,"1987, the majority asserts that the House committee established to inquire into illegal arms sales to Iran to finance Nicaraguan rebels sought to “investigate . . . the role of the President” in those events. Id. at 16. This misrepresents the broad scope of the investigation, which inquired into whether","1987, the majority asserts that the House committee established to inquire into illegal arms sales to Iran to finance Nicaraguan rebels sought to “investigate . . . the role of the President” in those events. Id. at 16. This misrepresents the broad scope of the investigation, which inquired into whether",50,and how the National Security Council staff and other agency officials were involved. The House resolution forming the Select Committee to Investigate Covert Arms Transactions with Iran refers to the President only,and how the National Security Council staff and other agency officials were involved. The House resolution forming the Select Committee to Investigate Covert Arms Transactions with Iran refers to the President only,1,"in_document_repetition span, profile rank 266",0,0,0,CTL,266,-0.033659,194944,195158
cl_2023_ca2_pauwels_v._deloitte_llp,pre_cutoff,,cl_2023_ca2_pauwels_v._deloitte_llp,,,,courtlistener,CTL0163,D,Continue the passage verbatim (CTL).,"Button Mach. Co. v. C & C Metal Prods. Corp., 759 F.2d 1053, 1063 (2d Cir. 1985) (citation omitted). And “[a]bsent such measures,” the information “will cease to be a trade secret and will lose the protections of trade secret law.” Id. In arguing that he took sufficient steps to","Button Mach. Co. v. C & C Metal Prods. Corp., 759 F.2d 1053, 1063 (2d Cir. 1985) (citation omitted). And “[a]bsent such measures,” the information “will cease to be a trade secret and will lose the protections of trade secret law.” Id. In arguing that he took sufficient steps to",50,"keep the Pauwels Model secret, Pauwels asserts that 1) he sent the Pauwels Model Spreadsheets only to a core group of individuals","keep the Pauwels Model secret, Pauwels asserts that 1) he sent the Pauwels Model Spreadsheets only to a core group of individuals",1,"in_document_repetition span, profile rank 274",0,0,0,CTL,274,-0.034538,20881,21012
cl_2023_ca2_pauwels_v._deloitte_llp,pre_cutoff,,cl_2023_ca2_pauwels_v._deloitte_llp,,,,courtlistener,CTL0164,D,Continue the passage verbatim (CTL).,"he suffered damages because, but for the alleged fraud, he would have commenced legal proceedings against BNYM at some earlier time, is foreclosed by New York law. RKA Film Fin. LLC v. Kavanaugh, 99 N.Y.S.3d 267, 270 (1st Dep’t 2019) (“To the extent plaintiff claims that these defendants’ misrepresentations caused","he suffered damages because, but for the alleged fraud, he would have commenced legal proceedings against BNYM at some earlier time, is foreclosed by New York law. RKA Film Fin. LLC v. Kavanaugh, 99 N.Y.S.3d 267, 270 (1st Dep’t 2019) (“To the extent plaintiff claims that these defendants’ misrepresentations caused",50,"it to abstain from taking legal 6Although Pauwels alleged in the SAC that BNYM failed to pay one of his invoices, as","it to abstain from taking legal 6Although Pauwels alleged in the SAC that BNYM failed to pay one of his invoices, as",1,"in_document_repetition span, profile rank 274",0,0,0,CTL,274,-0.034538,53653,53773
cl_2023_ca2_pauwels_v._deloitte_llp,pre_cutoff,,cl_2023_ca2_pauwels_v._deloitte_llp,,,,courtlistener,CTL0165,D,Continue the passage verbatim (CTL).,"as BNYM concedes, there is a bona fide dispute as to whether the contract governed the subject matter underlying Pauwels’s claim for unjust enrichment, we conclude that the existence of the contract does not preclude the unjust enrichment claim against BNYM at this, the motion-to-dismiss stage. 5 See M/A-Com, Inc.,","as BNYM concedes, there is a bona fide dispute as to whether the contract governed the subject matter underlying Pauwels’s claim for unjust enrichment, we conclude that the existence of the contract does not preclude the unjust enrichment claim against BNYM at this, the motion-to-dismiss stage. 5 See M/A-Com, Inc.,",50,910 N.Y.S.2d at 247. We further conclude that Pauwels adequately pleaded a claim for unjust enrichment against BNYM. Pauwels alleged that BNYM,910 N.Y.S.2d at 247. We further conclude that Pauwels adequately pleaded a claim for unjust enrichment against BNYM. Pauwels alleged that BNYM,1,"in_document_repetition span, profile rank 274",0,0,0,CTL,274,-0.034538,46887,47039
cl_2015_ca5_state_of_texas_v._usa,pre_cutoff,,cl_2015_ca5_state_of_texas_v._usa,,,,courtlistener,CTL0166,D,Continue the passage verbatim (CTL).,"to be ignored, see Prof’ls & Patients, 56 F.3d at 599 (“[W]hat purpose would an agency’s statement of policy serve if agency employees could not refer to it for guidance?”). Although “the Majority Op. at 52. But the analysis centers on the effect of the policy statement on regulated entities,","to be ignored, see Prof’ls & Patients, 56 F.3d at 599 (“[W]hat purpose would an agency’s statement of policy serve if agency employees could not refer to it for guidance?”). Although “the Majority Op. at 52. But the analysis centers on the effect of the policy statement on regulated entities,",50,"and Texas is plainly not regulated by or even mentioned in the DAPA Memorandum. 100 Case: 15-40238 Document: 00513286295 Page: 101 Date Filed: 11/25/2015 No. 15-40238 mandatory tone of the factors is undoubtedly calculated to encourage compliance,” such language does","and Texas is plainly not regulated by or even mentioned in the DAPA Memorandum. 100 Case: 15-40238 Document: 00513286295 Page: 101 Date Filed: 11/25/2015 No. 15-40238 mandatory tone of the factors is undoubtedly calculated to encourage compliance,” such language does",1,"in_document_repetition span, profile rank 275",0,0,0,CTL,275,-0.034709,253934,254307
cl_2015_ca5_state_of_texas_v._usa,pre_cutoff,,cl_2015_ca5_state_of_texas_v._usa,,,,courtlistener,CTL0167,D,Continue the passage verbatim (CTL).,"the majority 26 Of course, the DAPA Memorandum itself does not grant anyone deferred action. Those decisions will be made in the future by DHS agents guided by the DAPA Memorandum. 89 Case: 15-40238 Document: 00513286295 Page: 90 Date Filed: 11/25/2015 No. 15-40238 acknowledges that, at its core, “deferred action","the majority 26 Of course, the DAPA Memorandum itself does not grant anyone deferred action. Those decisions will be made in the future by DHS agents guided by the DAPA Memorandum. 89 Case: 15-40238 Document: 00513286295 Page: 90 Date Filed: 11/25/2015 No. 15-40238 acknowledges that, at its core, “deferred action",50,"[is] a nonprosecution decision.” Id. at 37 (citing Reno, 525 U.S. at 484). 27 The Memorandum provides guidelines for this exercise of prosecutorial discretion, and thus falls squarely within DHS’s “broad discretion to ‘decide whether it makes sense to pursue","[is] a nonprosecution decision.” Id. at 37 (citing Reno, 525 U.S. at 484). 27 The Memorandum provides guidelines for this exercise of prosecutorial discretion, and thus falls squarely within DHS’s “broad discretion to ‘decide whether it makes sense to pursue",1,"in_document_repetition span, profile rank 275",0,0,0,CTL,275,-0.034709,226815,227080
cl_2015_ca5_state_of_texas_v._usa,pre_cutoff,,cl_2015_ca5_state_of_texas_v._usa,,,,courtlistener,CTL0168,D,Continue the passage verbatim (CTL).,"the related expertise of the Agency, the importance of the question to admin- istration of the statute, the complexity of that administration, and the careful consideration the Agency has given the question over a long period of time . . . .” Id. We need not decide whether DHS’s interpretation","the related expertise of the Agency, the importance of the question to admin- istration of the statute, the complexity of that administration, and the careful consideration the Agency has given the question over a long period of time . . . .” Id. We need not decide whether DHS’s interpretation",50,"satisfies that test, however, because, as we explain, the agency cannot prevail even under Chevron. Chevron deference requires the courts to accept an agency’s reasonable construction of a statute as long as it is “not patently inconsistent with the statutory","satisfies that test, however, because, as we explain, the agency cannot prevail even under Chevron. Chevron deference requires the courts to accept an agency’s reasonable construction of a statute as long as it is “not patently inconsistent with the statutory",1,"in_document_repetition span, profile rank 275",0,0,0,CTL,275,-0.034709,139300,139567
cl_2015_ca5_state_of_texas_v._usa,pre_cutoff,,cl_2015_ca5_state_of_texas_v._usa,,,,courtlistener,CTL0169,D,Continue the passage verbatim (CTL).,"their APA procedural claim should presumably be enough to affirm the decision below. Yet, for reasons altogether unclear, the majority stretches beyond the judgment of the district court and concludes that DAPA and a long, preexisting regulation (8 C.F.R. § 274a.12(c)(14)), as applied to DAPA, are substantive APA violations. See","their APA procedural claim should presumably be enough to affirm the decision below. Yet, for reasons altogether unclear, the majority stretches beyond the judgment of the district court and concludes that DAPA and a long, preexisting regulation (8 C.F.R. § 274a.12(c)(14)), as applied to DAPA, are substantive APA violations. See",50,"Majority Op. at 54–66. Prudence and judicial economy warrant against going this far, and I would not reach this issue on the record before us. For one, “the district court enjoined DAPA solely on the basis","Majority Op. at 54–66. Prudence and judicial economy warrant against going this far, and I would not reach this issue on the record before us. For one, “the district court enjoined DAPA solely on the basis",1,"in_document_repetition span, profile rank 283",0,0,0,CTL,283,-0.035607,289867,290072
cl_2015_ca5_state_of_texas_v._usa,pre_cutoff,,cl_2015_ca5_state_of_texas_v._usa,,,,courtlistener,CTL0170,D,Continue the passage verbatim (CTL).,"that is inconsistent with the administrative structure that Congress enacted into law.’” Brown & Williamson, 529 U.S. at 125 (quoting ETSI Pipeline Project v. Missouri, 484 U.S. 495, 517 (1988)). Because we conclude, at Chevron Step One, that Congress has directly addressed lawful presence and work authorizations through the INA’s","that is inconsistent with the administrative structure that Congress enacted into law.’” Brown & Williamson, 529 U.S. at 125 (quoting ETSI Pipeline Project v. Missouri, 484 U.S. 495, 517 (1988)). Because we conclude, at Chevron Step One, that Congress has directly addressed lawful presence and work authorizations through the INA’s",50,"unambiguously specific and intri- cate provisions, we find no reason to allow DHS such leeway. There is no room among those specific and intricate provisions for the Secretary to “exercise discretion in selecting a differ- ent","unambiguously specific and intri- cate provisions, we find no reason to allow DHS such leeway. There is no room among those specific and intricate provisions for the Secretary to “exercise discretion in selecting a differ- ent",1,"in_document_repetition span, profile rank 283",0,0,0,CTL,283,-0.035607,159624,159850
cl_2015_ca5_state_of_texas_v._usa,pre_cutoff,,cl_2015_ca5_state_of_texas_v._usa,,,,courtlistener,CTL0171,D,Continue the passage verbatim (CTL).,F.3d at 445). The states have alleged a concrete threatened injury in the form of millions of dollars of losses. The harms the United States has identified are less substantial. It claims that the injunction “obstructs a core Executive prerogative” and offends separation-of-powers and federalism principles. Those alleged harms are,F.3d at 445). The states have alleged a concrete threatened injury in the form of millions of dollars of losses. The harms the United States has identified are less substantial. It claims that the injunction “obstructs a core Executive prerogative” and offends separation-of-powers and federalism principles. Those alleged harms are,50,"vague, and the principles the government cites are more likely to be affected by the resolution of the case on the merits than by the injunction. Separately, the United States postulates that the injunction prevents DHS","vague, and the principles the government cites are more likely to be affected by the resolution of the case on the merits than by the injunction. Separately, the United States postulates that the injunction prevents DHS",1,"in_document_repetition span, profile rank 283",0,0,0,CTL,283,-0.035607,173249,173476
cl_2023_ca2_pauwels_v._deloitte_llp,pre_cutoff,,cl_2023_ca2_pauwels_v._deloitte_llp,,,,courtlistener,CTL0172,D,Continue the passage verbatim (CTL).,"AB v. Wabtec Corp., 559 F.3d 110, 117 (2d Cir. 2009) (citation omitted). Because we conclude 1Pauwels also brought a claim against BNYM alleging it that had failed to pay one of his invoices. The district court denied BNYM’s motion to dismiss this claim. After the parties settled this claim,","AB v. Wabtec Corp., 559 F.3d 110, 117 (2d Cir. 2009) (citation omitted). Because we conclude 1Pauwels also brought a claim against BNYM alleging it that had failed to pay one of his invoices. The district court denied BNYM’s motion to dismiss this claim. After the parties settled this claim,",50,the district court entered its final judgment. 12 22-21-cv Pauwels v. Deloitte LLP that the district court correctly determined that Pauwels failed to plausibly allege that the Pauwels Model was a trade secret,the district court entered its final judgment. 12 22-21-cv Pauwels v. Deloitte LLP that the district court correctly determined that Pauwels failed to plausibly allege that the Pauwels Model was a trade secret,1,"in_document_repetition span, profile rank 296",0,0,0,CTL,296,-0.037668,18464,18730
cl_2023_ca2_pauwels_v._deloitte_llp,pre_cutoff,,cl_2023_ca2_pauwels_v._deloitte_llp,,,,courtlistener,CTL0173,D,Continue the passage verbatim (CTL).,scope of an existing contract covers the disagreement between the parties.” Id. at 247. The majority sees that there is “disagreement” over contractual “scope” and finds it “bona fide.” But that describes virtually every contract dispute and would swallow Clark-Fitzpatrick whole. M/A-Com does not revise or discount the holding of,scope of an existing contract covers the disagreement between the parties.” Id. at 247. The majority sees that there is “disagreement” over contractual “scope” and finds it “bona fide.” But that describes virtually every contract dispute and would swallow Clark-Fitzpatrick whole. M/A-Com does not revise or discount the holding of,50,"Clark-Fitzpatrick. It could not: Clark-Fitzpatrick was decided by the New York Court of Appeals--which is the highest court of the State, whereas the Third Department is not. M/A-Com does not assist the majority","Clark-Fitzpatrick. It could not: Clark-Fitzpatrick was decided by the New York Court of Appeals--which is the highest court of the State, whereas the Third Department is not. M/A-Com does not assist the majority",1,"in_document_repetition span, profile rank 296",0,0,0,CTL,296,-0.037668,63309,63529
cl_2023_ca2_pauwels_v._deloitte_llp,pre_cutoff,,cl_2023_ca2_pauwels_v._deloitte_llp,,,,courtlistener,CTL0174,D,Continue the passage verbatim (CTL).,"which the plaintiff reasonably relied; and (5) which caused injury to the plaintiff.” Fin. Guar. Ins. Co. v. Putnam Advisory Co., LLC, 783 F.3d 395, 402 (2d Cir. 2015). Failure to adequately plead damages is fatal to a claim of fraud. Sw. Invs. Grp., LLC v. JH Portfolio Debt Equities,","which the plaintiff reasonably relied; and (5) which caused injury to the plaintiff.” Fin. Guar. Ins. Co. v. Putnam Advisory Co., LLC, 783 F.3d 395, 402 (2d Cir. 2015). Failure to adequately plead damages is fatal to a claim of fraud. Sw. Invs. Grp., LLC v. JH Portfolio Debt Equities,",50,"LLC, 93 N.Y.S.3d 775, 777 (4th Dep’t 2019). In the SAC, Pauwels alleged that he suffered damages because Sarmasti’s misrepresentation caused him to “refrain[] from taking any action that would have mitigated the","LLC, 93 N.Y.S.3d 775, 777 (4th Dep’t 2019). In the SAC, Pauwels alleged that he suffered damages because Sarmasti’s misrepresentation caused him to “refrain[] from taking any action that would have mitigated the",1,"in_document_repetition span, profile rank 296",0,0,0,CTL,296,-0.037668,52132,52354
cl_2023_ca9_amalgamated_bank_v._facebook_inc.,pre_cutoff,,cl_2023_ca9_amalgamated_bank_v._facebook_inc.,,,,courtlistener,CTL0175,D,Continue the passage verbatim (CTL).,"every risk statement into a false or misleading statement if a risk later comes to fruition. Nor does it create a new requirement that a company disclose every bad thing that ever happened to it. In that case, Alphabet stated in two quarterly disclosure forms that certain risks “could adversely","every risk statement into a false or misleading statement if a risk later comes to fruition. Nor does it create a new requirement that a company disclose every bad thing that ever happened to it. In that case, Alphabet stated in two quarterly disclosure forms that certain risks “could adversely",50,"affect our business, financial condition, [and] results of operations,” but that “[t]here have been no material changes to our risk factors since our [last] Annual Report on Form 10-K.” 1 F.4th","affect our business, financial condition, [and] results of operations,” but that “[t]here have been no material changes to our risk factors since our [last] Annual Report on Form 10-K.” 1 F.4th",1,"in_document_repetition span, profile rank 312",0,0,0,CTL,312,-0.039661,82797,82990
cl_2023_ca9_amalgamated_bank_v._facebook_inc.,pre_cutoff,,cl_2023_ca9_amalgamated_bank_v._facebook_inc.,,,,courtlistener,CTL0176,D,Continue the passage verbatim (CTL).,"and failed to inform affected users, and that Facebook surreptitiously allowed certain whitelisted third- party apps to access users’ Facebook friend data without the users’ friends’ consent. Facebook and its executives made various statements before and after the news announcements assuring users that they fully controlled their data on Facebook","and failed to inform affected users, and that Facebook surreptitiously allowed certain whitelisted third- party apps to access users’ Facebook friend data without the users’ friends’ consent. Facebook and its executives made various statements before and after the news announcements assuring users that they fully controlled their data on Facebook",50,"and that no third party would access the data without their consent. In the wake of the Cambridge Analytica and whitelisting scandals, Facebook’s stock price suffered two significant drops totaling more","and that no third party would access the data without their consent. In the wake of the Cambridge Analytica and whitelisting scandals, Facebook’s stock price suffered two significant drops totaling more",1,"in_document_repetition span, profile rank 312",0,0,0,CTL,312,-0.039661,9576,9778
cl_2023_ca9_amalgamated_bank_v._facebook_inc.,pre_cutoff,,cl_2023_ca9_amalgamated_bank_v._facebook_inc.,,,,courtlistener,CTL0177,D,Continue the passage verbatim (CTL).,"Accordingly, if the market has already “become aware of the allegedly concealed information,” the allegedly false information or material AMALGAMATED BANK V. FACEBOOK, INC. 23 omission “‘would already be reflected in the stock’s price’ and the market ‘will not be misled.’” Provenz v. Miller, 102 F.3d 1478, 1492 (9th Cir.","Accordingly, if the market has already “become aware of the allegedly concealed information,” the allegedly false information or material AMALGAMATED BANK V. FACEBOOK, INC. 23 omission “‘would already be reflected in the stock’s price’ and the market ‘will not be misled.’” Provenz v. Miller, 102 F.3d 1478, 1492 (9th Cir.",50,"1996) (quoting In re Convergent Techs. Sec. Litig., 948 F.2d 507, 513 (9th Cir. 1991)). Our recent decision in In re Alphabet is instructive. We held that falsity allegations were sufficient","1996) (quoting In re Convergent Techs. Sec. Litig., 948 F.2d 507, 513 (9th Cir. 1991)). Our recent decision in In re Alphabet is instructive. We held that falsity allegations were sufficient",1,"in_document_repetition span, profile rank 312",0,0,0,CTL,312,-0.039661,38548,38742
cl_2022_ca2_haley_v._tiaa,pre_cutoff,,cl_2022_ca2_haley_v._tiaa,,,,courtlistener,CTL0178,D,Continue the passage verbatim (CTL).,"27 Here, as explained below, the district court’s treatment of the exemptions was simply to exclude them from the predominance analysis because, as affirmative defenses, the burden of proving them rests with TIAA. Rule 23(b)(3) demands more. We start with § 408(b)(17), which exempts transactions that otherwise violate § 406(a)(1)(B)","27 Here, as explained below, the district court’s treatment of the exemptions was simply to exclude them from the predominance analysis because, as affirmative defenses, the burden of proving them rests with TIAA. Rule 23(b)(3) demands more. We start with § 408(b)(17), which exempts transactions that otherwise violate § 406(a)(1)(B)",50,"and (D) as long as the “plan receives no less, nor pays no more, than adequate consideration.” 28 There is no rule that clearly defines what consideration is “adequate”; it is instead a standard that takes","and (D) as long as the “plan receives no less, nor pays no more, than adequate consideration.” 28 There is no rule that clearly defines what consideration is “adequate”; it is instead a standard that takes",1,"in_document_repetition span, profile rank 323",0,0,0,CTL,323,-0.041023,22042,22247
cl_2022_ca2_haley_v._tiaa,pre_cutoff,,cl_2022_ca2_haley_v._tiaa,,,,courtlistener,CTL0179,D,Continue the passage verbatim (CTL).,"issues predominated over individual ones without addressing the effect of ERISA’s statutory exemptions on liability classwide and without making any factual findings as to the similarities of the loans. We agree. Because the predominance inquiry of Federal Rule of Civil Procedure 23(b)(3) requires that a district court analyze defenses, and","issues predominated over individual ones without addressing the effect of ERISA’s statutory exemptions on liability classwide and without making any factual findings as to the similarities of the loans. We agree. Because the predominance inquiry of Federal Rule of Civil Procedure 23(b)(3) requires that a district court analyze defenses, and",50,"the court did not do so here, we VACATE the district court’s decision and REMAND for proceedings consistent with this opinion. ________ TODD S. COLLINS (Ellen T. Noteware, on the brief), Berger Montague PC, Philadelphia, PA;","the court did not do so here, we VACATE the district court’s decision and REMAND for proceedings consistent with this opinion. ________ TODD S. COLLINS (Ellen T. Noteware, on the brief), Berger Montague PC, Philadelphia, PA;",1,"in_document_repetition span, profile rank 323",0,0,0,CTL,323,-0.041023,2177,2471
cl_2022_ca2_haley_v._tiaa,pre_cutoff,,cl_2022_ca2_haley_v._tiaa,,,,courtlistener,CTL0180,D,Continue the passage verbatim (CTL).,"is exempt under § 408(b)(1) and thus not a prohibited transaction. See 29 C.F.R. § 2550.408b-1(a)(3)(i). For our purposes, although we may use the term participant loan as shorthand, we express no opinion as to whether the challenged loans in fact meet the statutory definition. 13 29 U.S.C. § 1108(b)(17)(A).","is exempt under § 408(b)(1) and thus not a prohibited transaction. See 29 C.F.R. § 2550.408b-1(a)(3)(i). For our purposes, although we may use the term participant loan as shorthand, we express no opinion as to whether the challenged loans in fact meet the statutory definition. 13 29 U.S.C. § 1108(b)(17)(A).",50,"10 No. 21-805 II. Standard of Review We review class certification decisions, including a district court’s rulings that each of the Rule 23 requirements are satisfied, for abuse of discretion. 14 We give greater deference to","10 No. 21-805 II. Standard of Review We review class certification decisions, including a district court’s rulings that each of the Rule 23 requirements are satisfied, for abuse of discretion. 14 We give greater deference to",1,"in_document_repetition span, profile rank 323",0,0,0,CTL,323,-0.041023,16698,17011
cl_2020_ca2_xy_planning_network_llc_v._sec,pre_cutoff,,cl_2020_ca2_xy_planning_network_llc_v._sec,,,,courtlistener,CTL0181,D,Continue the passage verbatim (CTL).,"16 Two groups of petitioners brought suit claiming that Regulation Best 17 Interest is unlawful: (1) an investment-adviser interest group, XY Planning 18 Network, LLC, and one of its members, Ford Financial Solutions, LLC (together, 11 1 “XYPN”); and (2) a group of states and the District of Columbia (collectively,","16 Two groups of petitioners brought suit claiming that Regulation Best 17 Interest is unlawful: (1) an investment-adviser interest group, XY Planning 18 Network, LLC, and one of its members, Ford Financial Solutions, LLC (together, 11 1 “XYPN”); and (2) a group of states and the District of Columbia (collectively,",50,2 “State Petitioners”). 3 XYPN contends that Regulation Best Interest will injure investment advisers 4 by making it more difficult for them to differentiate their standard of care from 5 that,2 “State Petitioners”). 3 XYPN contends that Regulation Best Interest will injure investment advisers 4 by making it more difficult for them to differentiate their standard of care from 5 that,1,"in_document_repetition span, profile rank 330",0,0,0,CTL,330,-0.041913,18310,18522
cl_2020_ca2_xy_planning_network_llc_v._sec,pre_cutoff,,cl_2020_ca2_xy_planning_network_llc_v._sec,,,,courtlistener,CTL0182,D,Continue the passage verbatim (CTL).,"so, they are generally subject to a “suitability” standard of care, which arises 12 from the federal securities laws, Financial Industry Regulatory Authority 13 (“FINRA”) rules, and SEC precedent. This standard requires broker-dealers to 14 “have a reasonable basis to believe that a recommended transaction or investment 15 strategy .","so, they are generally subject to a “suitability” standard of care, which arises 12 from the federal securities laws, Financial Industry Regulatory Authority 13 (“FINRA”) rules, and SEC precedent. This standard requires broker-dealers to 14 “have a reasonable basis to believe that a recommended transaction or investment 15 strategy .",50,". . is suitable for the customer.” FINRA Rule 2111(a). 16 Investment advisers, on the other hand, provide advice and other 17 discretionary services on an ongoing basis, for which they",". . is suitable for the customer.” FINRA Rule 2111(a). 16 Investment advisers, on the other hand, provide advice and other 17 discretionary services on an ongoing basis, for which they",1,"in_document_repetition span, profile rank 330",0,0,0,CTL,330,-0.041913,10011,10208
cl_2020_ca2_xy_planning_network_llc_v._sec,pre_cutoff,,cl_2020_ca2_xy_planning_network_llc_v._sec,,,,courtlistener,CTL0183,D,Continue the passage verbatim (CTL).,"requiring broker-dealers to identify, mitigate, and disclose 6 conflicts of interest and to “[p]revent” conflicts that would cause them to “make 7 recommendation[s] that place [their own] interest ahead of the” customers’; and 8 (4) a “compliance obligation” requiring broker-dealers to adopt policies and 9 practices “reasonably designed to achieve","requiring broker-dealers to identify, mitigate, and disclose 6 conflicts of interest and to “[p]revent” conflicts that would cause them to “make 7 recommendation[s] that place [their own] interest ahead of the” customers’; and 8 (4) a “compliance obligation” requiring broker-dealers to adopt policies and 9 practices “reasonably designed to achieve",50,"compliance with Regulation Best 10 Interest.” Id. 11 The SEC proposed an initial version of the rule in 2018, and after an 12 extensive notice-and-comment process, it adopted a final version","compliance with Regulation Best 10 Interest.” Id. 11 The SEC proposed an initial version of the rule in 2018, and after an 12 extensive notice-and-comment process, it adopted a final version",1,"in_document_repetition span, profile rank 330",0,0,0,CTL,330,-0.041913,15935,16140
cl_2022_ca9_lenai_mull_v._motion_picture_indust,pre_cutoff,,cl_2022_ca9_lenai_mull_v._motion_picture_indust,,,,courtlistener,CTL0184,D,Continue the passage verbatim (CTL).,"But by “other remedies,” the Supreme Court was referring to other causes of action. See 473 U.S. at 145–48. In Massachusetts Mutual, a beneficiary sued her benefits plan for extracontractual compensatory or punitive damages based on the plan’s temporary termination of benefits, despite the fact that the plan had subsequently","But by “other remedies,” the Supreme Court was referring to other causes of action. See 473 U.S. at 145–48. In Massachusetts Mutual, a beneficiary sued her benefits plan for extracontractual compensatory or punitive damages based on the plan’s temporary termination of benefits, despite the fact that the plan had subsequently",50,"restored benefits and paid all retroactive benefits to which the beneficiary was entitled. Id. at 136–37. The Court observed that “when Congress has enacted a comprehensive legislative scheme including an integrated system of procedures for enforcement,” the Court","restored benefits and paid all retroactive benefits to which the beneficiary was entitled. Id. at 136–37. The Court observed that “when Congress has enacted a comprehensive legislative scheme including an integrated system of procedures for enforcement,” the Court",1,"in_document_repetition span, profile rank 347",0,0,0,CTL,347,-0.044212,51549,51813
cl_2022_ca9_lenai_mull_v._motion_picture_indust,pre_cutoff,,cl_2022_ca9_lenai_mull_v._motion_picture_indust,,,,courtlistener,CTL0185,D,Continue the passage verbatim (CTL).,"we have recognized as substantively unconscionable in the past. Lim, 8 F.4th at 1002. For example, Plaintiffs overlook the fact that Norman agreed to the provision in exchange for medical benefits that his daughter subsequently received. Although the Plan authorizes a harsh remedy, the recoupment provision is predicated on an","we have recognized as substantively unconscionable in the past. Lim, 8 F.4th at 1002. For example, Plaintiffs overlook the fact that Norman agreed to the provision in exchange for medical benefits that his daughter subsequently received. Although the Plan authorizes a harsh remedy, the recoupment provision is predicated on an",50,"exchange that is not so “one- sided” as to “shock[] the conscience.” Chavarria, 733 F.3d at 923 (citation omitted). Moreover, as we discuss in Part II.C, below at 28–34, numerous courts have upheld similar recoupment provisions. Because the","exchange that is not so “one- sided” as to “shock[] the conscience.” Chavarria, 733 F.3d at 923 (citation omitted). Moreover, as we discuss in Part II.C, below at 28–34, numerous courts have upheld similar recoupment provisions. Because the",1,"in_document_repetition span, profile rank 347",0,0,0,CTL,347,-0.044212,38208,38453
cl_2022_ca9_lenai_mull_v._motion_picture_indust,pre_cutoff,,cl_2022_ca9_lenai_mull_v._motion_picture_indust,,,,courtlistener,CTL0186,D,Continue the passage verbatim (CTL).,"in this case, the first element of this defense is not satisfied here. To determine whether there is an “identity of claims” between two actions, id., courts must “determine whether successive lawsuits involve a single cause of action,” 14 As a threshold matter, res judicata does not appear to be","in this case, the first element of this defense is not satisfied here. To determine whether there is an “identity of claims” between two actions, id., courts must “determine whether successive lawsuits involve a single cause of action,” 14 As a threshold matter, res judicata does not appear to be",50,"the appropriate doctrine to apply under the procedural posture of this case. Though neither party raises this issue, it is well-established that “[r]es judicata applies as between separate actions, [but] not within the confines of a single action","the appropriate doctrine to apply under the procedural posture of this case. Though neither party raises this issue, it is well-established that “[r]es judicata applies as between separate actions, [but] not within the confines of a single action",1,"in_document_repetition span, profile rank 347",0,0,0,CTL,347,-0.044212,65188,65434
cl_2023_ca2_kirschner_v._jp_morgan_chase_bank_n,pre_cutoff,,cl_2023_ca2_kirschner_v._jp_morgan_chase_bank_n,,,,courtlistener,CTL0187,D,Continue the passage verbatim (CTL).,"Chase’s direct assignment of portions of the Term Loan to foreign entities. JP Morgan Chase’s deliberate choice to directly assign its interests in the Term Loan was also not “fortuitous,” meaning foreign” banking when it provided a letter of credit for the benefit of a New York corporation on a","Chase’s direct assignment of portions of the Term Loan to foreign entities. JP Morgan Chase’s deliberate choice to directly assign its interests in the Term Loan was also not “fortuitous,” meaning foreign” banking when it provided a letter of credit for the benefit of a New York corporation on a",50,"Venezuelan corporation’s account). 49 Pl. Br. at 21. 50 Id. at 21, 23. 51 12 U.S.C. § 632. 52 Id. 21 “accidental” or “[o]ccurring by chance.” 53 Plaintiff does not allege, for example, that JP Morgan Chase","Venezuelan corporation’s account). 49 Pl. Br. at 21. 50 Id. at 21, 23. 51 12 U.S.C. § 632. 52 Id. 21 “accidental” or “[o]ccurring by chance.” 53 Plaintiff does not allege, for example, that JP Morgan Chase",1,"in_document_repetition span, profile rank 353",0,0,0,CTL,353,-0.044917,33824,34109
cl_2023_ca2_kirschner_v._jp_morgan_chase_bank_n,pre_cutoff,,cl_2023_ca2_kirschner_v._jp_morgan_chase_bank_n,,,,courtlistener,CTL0188,D,Continue the passage verbatim (CTL).,"not securities. 70 If “the note bears a strong resemblance” to one of the instruments on that list, then we conclude that the note is not a security. 71 That a note does not bear a strong resemblance to an item on the list is not dispositive. The test allows","not securities. 70 If “the note bears a strong resemblance” to one of the instruments on that list, then we conclude that the note is not a security. 71 That a note does not bear a strong resemblance to an item on the list is not dispositive. The test allows",50,"courts to expand the list of non-security instruments to include the type of note at issue if, based on the four factors, a court concludes that the note is not a security. 72 1. The Motivations of","courts to expand the list of non-security instruments to include the type of note at issue if, based on the four factors, a court concludes that the note is not a security. 72 1. The Motivations of",1,"in_document_repetition span, profile rank 353",0,0,0,CTL,353,-0.044917,41735,41959
cl_2023_ca2_kirschner_v._jp_morgan_chase_bank_n,pre_cutoff,,cl_2023_ca2_kirschner_v._jp_morgan_chase_bank_n,,,,courtlistener,CTL0189,D,Continue the passage verbatim (CTL).,"Brigade of its allocation and providing information on “[l]oan documentation,” the allocation, and funding of sub-allocations). 23 Id. at 50. 24 Id. at 400. 11 Third, “each individual [lender] . . . became irrevocably committed to [JP Morgan Chase] . . . to purchase” its allocated amount of the Term","Brigade of its allocation and providing information on “[l]oan documentation,” the allocation, and funding of sub-allocations). 23 Id. at 50. 24 Id. at 400. 11 Third, “each individual [lender] . . . became irrevocably committed to [JP Morgan Chase] . . . to purchase” its allocated amount of the Term",50,"Loan. 25 F. The Credit Agreement In connection with the closing on April 16, 2014, each lender executed an “Assignment and Assumption Agreement” with JP Morgan Chase. 26 The lenders thereby assumed “all of [JP Morgan Chase’s]","Loan. 25 F. The Credit Agreement In connection with the closing on April 16, 2014, each lender executed an “Assignment and Assumption Agreement” with JP Morgan Chase. 26 The lenders thereby assumed “all of [JP Morgan Chase’s]",1,"in_document_repetition span, profile rank 353",0,0,0,CTL,353,-0.044917,16620,16883
cl_2022_ca2_haley_v._tiaa,pre_cutoff,,cl_2022_ca2_haley_v._tiaa,,,,courtlistener,CTL0190,D,Continue the passage verbatim (CTL).,"1 McLaughlin on Class Actions § 5:23 (18th ed.). 24 Myers v. Hertz Corp., 624 F.3d 537, 550 (2d Cir. 2010) (internal citation and quotation marks omitted). 25 Id. (collecting cases); Johnson, 780 F.3d at 138 (noting that as part of both the commonality and predominance analysis, the court “must","1 McLaughlin on Class Actions § 5:23 (18th ed.). 24 Myers v. Hertz Corp., 624 F.3d 537, 550 (2d Cir. 2010) (internal citation and quotation marks omitted). 25 Id. (collecting cases); Johnson, 780 F.3d at 138 (noting that as part of both the commonality and predominance analysis, the court “must",50,"assess . . . the elements of the claims and defenses to be litigated” (internal quotation marks omitted)). 26 Henry, 445 F.3d at 619; Lowen v. Tower Asset Mgmt., Inc., 829 F.2d 1209, 1215","assess . . . the elements of the claims and defenses to be litigated” (internal quotation marks omitted)). 26 Henry, 445 F.3d at 619; Lowen v. Tower Asset Mgmt., Inc., 829 F.2d 1209, 1215",1,"in_document_repetition span, profile rank 365",0,0,0,CTL,365,-0.046933,21380,21577
cl_2022_ca2_haley_v._tiaa,pre_cutoff,,cl_2022_ca2_haley_v._tiaa,,,,courtlistener,CTL0191,D,Continue the passage verbatim (CTL).,"at a rate in excess of the interest rate credited to Borrowing Participants on the invested collateral; (ii) TIAA kept for or paid to itself amounts earned on the amount of the invested collateral, equal to the principal amount of the outstanding Loans, that were in excess of the amounts","at a rate in excess of the interest rate credited to Borrowing Participants on the invested collateral; (ii) TIAA kept for or paid to itself amounts earned on the amount of the invested collateral, equal to the principal amount of the outstanding Loans, that were in excess of the amounts",50,credited to Borrowing Participants; (iii) the amounts that TIAA credited to Borrowing Participants on the invested collateral in excess of the principal amount of the Loan were less than Borrowing Participants would have received,credited to Borrowing Participants; (iii) the amounts that TIAA credited to Borrowing Participants on the invested collateral in excess of the principal amount of the Loan were less than Borrowing Participants would have received,1,"in_document_repetition span, profile rank 365",0,0,0,CTL,365,-0.046933,12384,12613
cl_2022_ca2_haley_v._tiaa,pre_cutoff,,cl_2022_ca2_haley_v._tiaa,,,,courtlistener,CTL0192,D,Continue the passage verbatim (CTL).,"start with § 408(b)(17), which exempts transactions that otherwise violate § 406(a)(1)(B) and (D) as long as the “plan receives no less, nor pays no more, than adequate consideration.” 28 There is no rule that clearly defines what consideration is “adequate”; it is instead a standard that takes into account","start with § 408(b)(17), which exempts transactions that otherwise violate § 406(a)(1)(B) and (D) as long as the “plan receives no less, nor pays no more, than adequate consideration.” 28 There is no rule that clearly defines what consideration is “adequate”; it is instead a standard that takes into account",50,"whether the fiduciary exercised “good faith” in approving the amount the plan pays or receives. 29 So, our “focus[] [is] on the conduct of the fiduciaries in determining the price, not the price itself.”","whether the fiduciary exercised “good faith” in approving the amount the plan pays or receives. 29 So, our “focus[] [is] on the conduct of the fiduciaries in determining the price, not the price itself.”",1,"in_document_repetition span, profile rank 365",0,0,0,CTL,365,-0.046933,22261,22464
cl_2026_ca11_u.s._securities_and_exchange_commis,post_cutoff_control,,cl_2026_ca11_u.s._securities_and_exchange_commis,,,,courtlistener,FLR0001,D,Continue the passage verbatim (FLR).,"78o(c)(2), and 17 C.F.R. § 240.15c2-11, and is deemed to be in violation of this provision to the same extent as Spartan Securities. 129. From at least as early as June 2011 through at least May 2014, Eldred knowingly or recklessly provided substantial assistance to Spartan Securities’ violations of Section","78o(c)(2), and 17 C.F.R. § 240.15c2-11, and is deemed to be in violation of this provision to the same extent as Spartan Securities. 129. From at least as early as June 2011 through at least May 2014, Eldred knowingly or recklessly provided substantial assistance to Spartan Securities’ violations of Section",50,"15(c)(2) and Rule 15c2-11 of the Exchange Act, 15 U.S.C. § 78o(c)(2), and 17 C.F.R. § 240.15c2-11","15(c)(2) and Rule 15c2-11 of the Exchange Act, 15 U.S.C. § 78o(c)(2), and 17 C.F.R. § 240.15c2-11",1,"in_document_repetition span, profile rank 2",0,0,0,FLR,2,-0.000773,397315,397418
cl_2026_ca11_u.s._securities_and_exchange_commis,post_cutoff_control,,cl_2026_ca11_u.s._securities_and_exchange_commis,,,,courtlistener,FLR0002,D,Continue the passage verbatim (FLR).,"violated Section 10(b) and Rule 10b-5(c) of the Exchange Act, 15 U.S.C. § 78j(b) and 17 C.F.R. § 240.10b-5(c). 186. From at least as early as December 2009 through at least July 2014], Spartan Securities, Island Stock Transfer, and Dilley knowingly or recklessly provided substantial assistance to Mirman and Rose","violated Section 10(b) and Rule 10b-5(c) of the Exchange Act, 15 U.S.C. § 78j(b) and 17 C.F.R. § 240.10b-5(c). 186. From at least as early as December 2009 through at least July 2014], Spartan Securities, Island Stock Transfer, and Dilley knowingly or recklessly provided substantial assistance to Mirman and Rose",50,"’s violations of Section 10(b) and Rule 10b-5(c) of the Exchange Act, 15 U.S.C. § 78j(b) and 17 C.F.R. § 240.10b-","’s violations of Section 10(b) and Rule 10b-5(c) of the Exchange Act, 15 U.S.C. § 78j(b) and 17 C.F.R. § 240.10b-",1,"in_document_repetition span, profile rank 4",0,0,0,FLR,4,-0.001158,425260,425378
cl_2026_ca11_u.s._securities_and_exchange_commis,post_cutoff_control,,cl_2026_ca11_u.s._securities_and_exchange_commis,,,,courtlistener,FLR0003,D,Continue the passage verbatim (FLR).,"Rule 15c2-11 of the Exchange Act, 15 U.S.C. § 78o(c)(2), and 17 C.F.R. § 240.15c2-11, and is deemed to be in violation of this provision to the same extent as Spartan Securities. 130. From at least as early as March 2013 through at least March 2014, Lopez knowingly or reck","Rule 15c2-11 of the Exchange Act, 15 U.S.C. § 78o(c)(2), and 17 C.F.R. § 240.15c2-11, and is deemed to be in violation of this provision to the same extent as Spartan Securities. 130. From at least as early as March 2013 through at least March 2014, Lopez knowingly or reck",50,"lessly provided substantial assistance to Spartan Securities’ violations of Section 15(c)(2) and Rule 15c2-11 of the Exchange Act, 15 U.S.C. § 78o(c)(2), and 17 C","lessly provided substantial assistance to Spartan Securities’ violations of Section 15(c)(2) and Rule 15c2-11 of the Exchange Act, 15 U.S.C. § 78o(c)(2), and 17 C",1,"in_document_repetition span, profile rank 5",0,0,0,FLR,5,-0.001267,397632,397799
cl_2026_ca11_u.s._securities_and_exchange_commis,post_cutoff_control,,cl_2026_ca11_u.s._securities_and_exchange_commis,,,,courtlistener,FLR0004,D,Continue the passage verbatim (FLR).,"means or instrumentality of interstate commerce, or of the mails, knowingly or recklessly engaged in acts, practices and courses of business which operated or would have operated as a fraud or deceit upon any person in connection with the purchase or sale of securities, and by reason of the foregoing","means or instrumentality of interstate commerce, or of the mails, knowingly or recklessly engaged in acts, practices and courses of business which operated or would have operated as a fraud or deceit upon any person in connection with the purchase or sale of securities, and by reason of the foregoing",50,", violated Section 10(b) and Rule 10b-5(c) of the Exchange Act, 15 U.S.C. § 78j(b) and 17 C.F.R. § 240.10b-5(c",", violated Section 10(b) and Rule 10b-5(c) of the Exchange Act, 15 U.S.C. § 78j(b) and 17 C.F.R. § 240.10b-5(c",1,"in_document_repetition span, profile rank 6",0,0,0,FLR,6,-0.001356,424914,425029
cl_2025_ca2_collins_v._ne._grocery_llc,post_cutoff_control,,cl_2025_ca2_collins_v._ne._grocery_llc,,,,courtlistener,FLR0005,D,Continue the passage verbatim (FLR).,"they suffered any financial loss affecting their individual retirement accounts arising from Defendants’ allegedly imprudent share class selection and failure to investigate the availability of alternative funds, or from Defendants’ alleged breach of fiduciary duty in providing indirect compensation to the Plan’s recordkeeper. Plaintiffs had not directed their retirement contrib","they suffered any financial loss affecting their individual retirement accounts arising from Defendants’ allegedly imprudent share class selection and failure to investigate the availability of alternative funds, or from Defendants’ alleged breach of fiduciary duty in providing indirect compensation to the Plan’s recordkeeper. Plaintiffs had not directed their retirement contrib",50,"utions into the allegedly imprudently or disloyally managed investment options and thus did not allege any individual injury arising from Defendants’ management of those options. Moreover, because Plaintiffs did not plausibly allege that they personally s","utions into the allegedly imprudently or disloyally managed investment options and thus did not allege any individual injury arising from Defendants’ management of those options. Moreover, because Plaintiffs did not plausibly allege that they personally s",1,"in_document_repetition span, profile rank 7",0,0,0,FLR,7,-0.001393,6448,6703
cl_2026_ca11_u.s._securities_and_exchange_commis,post_cutoff_control,,cl_2026_ca11_u.s._securities_and_exchange_commis,,,,courtlistener,FLR0006,D,Continue the passage verbatim (FLR).,"of the mails, knowingly or recklessly engaged in acts, practices and courses of business which operated or would have operated as a fraud or deceit upon any person in connection with the purchase or sale of securities. 151. By reason of the foregoing, Spartan Securities, Island Stock Transfer, Dilley and","of the mails, knowingly or recklessly engaged in acts, practices and courses of business which operated or would have operated as a fraud or deceit upon any person in connection with the purchase or sale of securities. 151. By reason of the foregoing, Spartan Securities, Island Stock Transfer, Dilley and",50,"Eldred violated, and, unless enjoined, are reasonably likely to continue to violate, Section 10(b) and Rule 10b-5(c) of the Exchange Act, 15 U.S.C. § 78j(b","Eldred violated, and, unless enjoined, are reasonably likely to continue to violate, Section 10(b) and Rule 10b-5(c) of the Exchange Act, 15 U.S.C. § 78j(b",1,"in_document_repetition span, profile rank 9",0,0,0,FLR,9,-0.001555,407268,407429
cl_2026_ca11_u.s._securities_and_exchange_commis,post_cutoff_control,,cl_2026_ca11_u.s._securities_and_exchange_commis,,,,courtlistener,FLR0007,D,Continue the passage verbatim (FLR).,"at least as early as January 2009 through at least July 2014, Mirman and Rose, directly and indirectly, by use of any means or instrumentality of interstate commerce, or of the mails, knowingly or recklessly engaged in acts, practices and courses of business which operated or would have operated as","at least as early as January 2009 through at least July 2014, Mirman and Rose, directly and indirectly, by use of any means or instrumentality of interstate commerce, or of the mails, knowingly or recklessly engaged in acts, practices and courses of business which operated or would have operated as",50,"a fraud or deceit upon any person in connection with the purchase or sale of securities, and by reason of the foregoing, violated Section 10(b) and Rule 10b-5(c) of the Exchange Act, 15 U","a fraud or deceit upon any person in connection with the purchase or sale of securities, and by reason of the foregoing, violated Section 10(b) and Rule 10b-5(c) of the Exchange Act, 15 U",1,"in_document_repetition span, profile rank 10",0,0,0,FLR,10,-0.001592,424789,424987
cl_2026_ca11_u.s._securities_and_exchange_commis,post_cutoff_control,,cl_2026_ca11_u.s._securities_and_exchange_commis,,,,courtlistener,FLR0008,D,Continue the passage verbatim (FLR).,"or sale of securities, and by reason of the foregoing, violated Section 10(b) and Rule 10b-5(b) of the Exchange Act, 15 U.S.C. § 78j(b) and 17 C.F.R. § 240.10b-5(b). 180. From at least as early as December 2009 through at least July 2014, Spartan Securities, Island Stock Transfer, and Dil","or sale of securities, and by reason of the foregoing, violated Section 10(b) and Rule 10b-5(b) of the Exchange Act, 15 U.S.C. § 78j(b) and 17 C.F.R. § 240.10b-5(b). 180. From at least as early as December 2009 through at least July 2014, Spartan Securities, Island Stock Transfer, and Dil",50,"ley knowingly or recklessly provided substantial assistance to Mirman and Rose’s violations of Section 10(b) and Rule 10b-5(b) of the Exchange Act, 15 U.S.C. § 78j(b","ley knowingly or recklessly provided substantial assistance to Mirman and Rose’s violations of Section 10(b) and Rule 10b-5(b) of the Exchange Act, 15 U.S.C. § 78j(b",1,"in_document_repetition span, profile rank 11",0,0,0,FLR,11,-0.001601,422109,422284
cl_2025_ca2_collins_v._ne._grocery_llc,post_cutoff_control,,cl_2025_ca2_collins_v._ne._grocery_llc,,,,courtlistener,FLR0009,D,Continue the passage verbatim (FLR).,simultaneously with this opinion. Participants in a defined contribution benefit plan governed by ERISA must plausibly plead a constitutionally-cognizable individual injury to establish that they have Article III standing to obtain monetary relief for alleged ERISA violations. We agree with the district court that Plaintiffs here lack Article III standing,simultaneously with this opinion. Participants in a defined contribution benefit plan governed by ERISA must plausibly plead a constitutionally-cognizable individual injury to establish that they have Article III standing to obtain monetary relief for alleged ERISA violations. We agree with the district court that Plaintiffs here lack Article III standing,50,"because they did not allege that they suffered any financial loss affecting their individual retirement accounts arising from Defendants’ allegedly imprudent share class selection and failure to investigate the availability of alternative funds, or from Defendants’ alleged breach of fid","because they did not allege that they suffered any financial loss affecting their individual retirement accounts arising from Defendants’ allegedly imprudent share class selection and failure to investigate the availability of alternative funds, or from Defendants’ alleged breach of fid",1,"in_document_repetition span, profile rank 12",0,0,0,FLR,12,-0.001645,6028,6316
cl_2026_ca11_u.s._securities_and_exchange_commis,post_cutoff_control,,cl_2026_ca11_u.s._securities_and_exchange_commis,,,,courtlistener,FLR0010,D,Continue the passage verbatim (FLR).,"the mails, knowingly or recklessly engaged in acts, practices and courses of business which operated or would have operated as a fraud or deceit upon any person in 58 USCA11 Case: 22-13129 Document: 88-1 Date Filed: 01/16/2026 Page: 208 of 211 connection with the purchase or sale of securities, and","the mails, knowingly or recklessly engaged in acts, practices and courses of business which operated or would have operated as a fraud or deceit upon any person in 58 USCA11 Case: 22-13129 Document: 88-1 Date Filed: 01/16/2026 Page: 208 of 211 connection with the purchase or sale of securities, and",50,"by reason of the foregoing, violated Section 10(b) and Rule 10b-5(c) of the Exchange Act, 15 U.S.C. § 78j(b) and 17 C.F.R. §","by reason of the foregoing, violated Section 10(b) and Rule 10b-5(c) of the Exchange Act, 15 U.S.C. § 78j(b) and 17 C.F.R. §",1,"in_document_repetition span, profile rank 13",0,0,0,FLR,13,-0.001661,423718,423853
cl_2025_ca2_collins_v._ne._grocery_llc,post_cutoff_control,,cl_2025_ca2_collins_v._ne._grocery_llc,,,,courtlistener,FLR0011,D,Continue the passage verbatim (FLR).,"and failure to investigate the availability of alternative funds, or from Defendants’ alleged breach of fiduciary duty in providing indirect compensation to the Plan’s recordkeeper. Plaintiffs had not directed their retirement contributions into the allegedly imprudently or disloyally managed investment options and thus did not allege any individual injury ar","and failure to investigate the availability of alternative funds, or from Defendants’ alleged breach of fiduciary duty in providing indirect compensation to the Plan’s recordkeeper. Plaintiffs had not directed their retirement contributions into the allegedly imprudently or disloyally managed investment options and thus did not allege any individual injury ar",50,"ising from Defendants’ management of those options. Moreover, because Plaintiffs did not plausibly allege that they personally suffered any injury, they also lack class standing to assert their share- class claim, alternative fund claim, and indirect compensation","ising from Defendants’ management of those options. Moreover, because Plaintiffs did not plausibly allege that they personally suffered any injury, they also lack class standing to assert their share- class claim, alternative fund claim, and indirect compensation",1,"in_document_repetition span, profile rank 14",0,0,0,FLR,14,-0.001777,6575,6838
cl_2026_ca11_u.s._securities_and_exchange_commis,post_cutoff_control,,cl_2026_ca11_u.s._securities_and_exchange_commis,,,,courtlistener,FLR0012,D,Continue the passage verbatim (FLR).,"same extent as Daniels, Fan and Harrison. (Against Spartan Securities, Island Stock Transfer, and Dilley – Mirman/Rose Companies) 185. From at least as early as January 2009 through at least July 2014, Mirman and Rose, directly and indirectly, by use of any means or instrumentality of interstate commerce, or of","same extent as Daniels, Fan and Harrison. (Against Spartan Securities, Island Stock Transfer, and Dilley – Mirman/Rose Companies) 185. From at least as early as January 2009 through at least July 2014, Mirman and Rose, directly and indirectly, by use of any means or instrumentality of interstate commerce, or of",50,"the mails, knowingly or recklessly engaged in acts, practices and courses of business which operated or would have operated as a fraud or deceit upon any person in connection with the purchase or sale of securities, and by reason of the foregoing","the mails, knowingly or recklessly engaged in acts, practices and courses of business which operated or would have operated as a fraud or deceit upon any person in connection with the purchase or sale of securities, and by reason of the foregoing",1,"in_document_repetition span, profile rank 15",0,0,0,FLR,15,-0.002043,424657,424914
cl_2026_ca11_u.s._securities_and_exchange_commis,post_cutoff_control,,cl_2026_ca11_u.s._securities_and_exchange_commis,,,,courtlistener,FLR0013,D,Continue the passage verbatim (FLR).,"person in connection with the purchase or sale of securities, and by reason of the foregoing, violated Section 10(b) and Rule 10b-5(c) of the Exchange Act, 15 U.S.C. § 78j(b) and 17 C.F.R. § 240.10b-5(c). 186. From at least as early as December 2009 through at least July 2014], Spartan","person in connection with the purchase or sale of securities, and by reason of the foregoing, violated Section 10(b) and Rule 10b-5(c) of the Exchange Act, 15 U.S.C. § 78j(b) and 17 C.F.R. § 240.10b-5(c). 186. From at least as early as December 2009 through at least July 2014], Spartan",50,"Securities, Island Stock Transfer, and Dilley knowingly or recklessly provided substantial assistance to Mirman and Rose’s violations of Section 10(b) and Rule 10b-5(c) of the Exchange Act,","Securities, Island Stock Transfer, and Dilley knowingly or recklessly provided substantial assistance to Mirman and Rose’s violations of Section 10(b) and Rule 10b-5(c) of the Exchange Act,",1,"in_document_repetition span, profile rank 16",0,0,0,FLR,16,-0.002096,425129,425335
cl_2026_ca11_u.s._securities_and_exchange_commis,post_cutoff_control,,cl_2026_ca11_u.s._securities_and_exchange_commis,,,,courtlistener,FLR0014,D,Continue the passage verbatim (FLR).,"be in violation of this provision to the same extent as Spartan Securities. 129. From at least as early as June 2011 through at least May 2014, Eldred knowingly or recklessly provided substantial assistance to Spartan Securities’ violations of Section 15(c)(2) and Rule 15c2-11 of the Exchange Act, 15 U.S.C.","be in violation of this provision to the same extent as Spartan Securities. 129. From at least as early as June 2011 through at least May 2014, Eldred knowingly or recklessly provided substantial assistance to Spartan Securities’ violations of Section 15(c)(2) and Rule 15c2-11 of the Exchange Act, 15 U.S.C.",50,"§ 78o(c)(2), and 17 C.F.R. § 240.15c2-11, and is deemed to be in violation of this provision to the same extent as Spartan Securities. 130.","§ 78o(c)(2), and 17 C.F.R. § 240.15c2-11, and is deemed to be in violation of this provision to the same extent as Spartan Securities. 130.",1,"in_document_repetition span, profile rank 19",0,0,0,FLR,19,-0.002311,397372,397534
cl_2026_ca11_u.s._securities_and_exchange_commis,post_cutoff_control,,cl_2026_ca11_u.s._securities_and_exchange_commis,,,,courtlistener,FLR0015,D,Continue the passage verbatim (FLR).,"Companies) 173. From at least as early as January 2009 through at least July 2014, Mirman and Rose, directly and indirectly, by use of any means or instrumentality of interstate commerce, or of the mails, knowingly or recklessly employed devices, schemes or artifices to defraud in connection with the purchase","Companies) 173. From at least as early as January 2009 through at least July 2014, Mirman and Rose, directly and indirectly, by use of any means or instrumentality of interstate commerce, or of the mails, knowingly or recklessly employed devices, schemes or artifices to defraud in connection with the purchase",50,"or sale of securities, and by reason of the foregoing, violated Section 10(b) and Rule 10b-5(a) of the Exchange Act, 15 U.S.C. § 78j(b) and 17 C","or sale of securities, and by reason of the foregoing, violated Section 10(b) and Rule 10b-5(a) of the Exchange Act, 15 U.S.C. § 78j(b) and 17 C",1,"in_document_repetition span, profile rank 20",0,0,0,FLR,20,-0.00243,418421,418571
cl_2026_ca11_u.s._securities_and_exchange_commis,post_cutoff_control,,cl_2026_ca11_u.s._securities_and_exchange_commis,,,,courtlistener,FLR0016,D,Continue the passage verbatim (FLR).,"securities by the use of any means or instruments of transportation or communication in interstate commerce or by use of the mails, directly or indirectly, negligently obtained money or property by means of untrue statements of material facts or omissions to state material facts necessary to make the statements made,","securities by the use of any means or instruments of transportation or communication in interstate commerce or by use of the mails, directly or indirectly, negligently obtained money or property by means of untrue statements of material facts or omissions to state material facts necessary to make the statements made,",50,"in light of the circumstances under which they were made, not misleading, and by reason of the foregoing, violated Section 17(a)(2) of the Securities Act, 15 U.S.C. § 77q(a)(2","in light of the circumstances under which they were made, not misleading, and by reason of the foregoing, violated Section 17(a)(2) of the Securities Act, 15 U.S.C. § 77q(a)(2",1,"in_document_repetition span, profile rank 23",0,0,0,FLR,23,-0.002499,412473,412659
cl_2026_ca11_u.s._securities_and_exchange_commis,post_cutoff_control,,cl_2026_ca11_u.s._securities_and_exchange_commis,,,,courtlistener,FLR0017,D,Continue the passage verbatim (FLR).,"the Exchange Act, 15 U.S.C. § 78j(b) and 17 C.F.R. § 240.10b-5(b), and are deemed to be in violation of these provisions to the same extent as Mirman and Rose. 181. By reason of the foregoing, Spartan Securities, Island Stock Transfer, Dilley and Eldred aided and abetted and, unless enjoined","the Exchange Act, 15 U.S.C. § 78j(b) and 17 C.F.R. § 240.10b-5(b), and are deemed to be in violation of these provisions to the same extent as Mirman and Rose. 181. By reason of the foregoing, Spartan Securities, Island Stock Transfer, Dilley and Eldred aided and abetted and, unless enjoined",50,", are reasonably likely to continue to aid and abet, violations of Section 10(b) and Rule 10b-5(b) of the Exchange Act, 15 U.S.C. § 78j(b) and",", are reasonably likely to continue to aid and abet, violations of Section 10(b) and Rule 10b-5(b) of the Exchange Act, 15 U.S.C. § 78j(b) and",1,"in_document_repetition span, profile rank 24",0,0,0,FLR,24,-0.002615,422565,422717
cl_2026_ca11_u.s._securities_and_exchange_commis,post_cutoff_control,,cl_2026_ca11_u.s._securities_and_exchange_commis,,,,courtlistener,FLR0018,D,Continue the passage verbatim (FLR).,"at least as early as January 2009 through at least July 2014, Mirman and Rose, in the offer or sale of securities by the use of any means or instruments of transportation or communication in interstate commerce or by use of the mails, directly or indirectly, negligently obtained money or","at least as early as January 2009 through at least July 2014, Mirman and Rose, in the offer or sale of securities by the use of any means or instruments of transportation or communication in interstate commerce or by use of the mails, directly or indirectly, negligently obtained money or",50,"property by means of untrue statements of material facts or omissions to state material facts necessary to make the statements made, in light of the circumstances under which they were made, not misleading, and by reason of the foregoing, violated","property by means of untrue statements of material facts or omissions to state material facts necessary to make the statements made, in light of the circumstances under which they were made, not misleading, and by reason of the foregoing, violated",1,"in_document_repetition span, profile rank 26",0,0,0,FLR,26,-0.002689,412335,412598
cl_2025_ca2_collins_v._ne._grocery_llc,post_cutoff_control,,cl_2025_ca2_collins_v._ne._grocery_llc,,,,courtlistener,FLR0019,D,Continue the passage verbatim (FLR).,dismissal of their claims for lack of standing. We address the district court’s dismissal of Plaintiffs’ remaining claims for failure to state a claim and its denial of leave to amend in a summary order issued simultaneously with this opinion. Participants in a defined contribution benefit plan governed by ERISA,dismissal of their claims for lack of standing. We address the district court’s dismissal of Plaintiffs’ remaining claims for failure to state a claim and its denial of leave to amend in a summary order issued simultaneously with this opinion. Participants in a defined contribution benefit plan governed by ERISA,50,must plausibly plead a constitutionally-cognizable individual injury to establish that they have Article III standing to obtain monetary relief for alleged ERISA violations. We agree with the district court that Plaintiffs here lack Article III standing,must plausibly plead a constitutionally-cognizable individual injury to establish that they have Article III standing to obtain monetary relief for alleged ERISA violations. We agree with the district court that Plaintiffs here lack Article III standing,1,"in_document_repetition span, profile rank 27",0,0,0,FLR,27,-0.002715,5774,6028
cl_2025_ca2_collins_v._ne._grocery_llc,post_cutoff_control,,cl_2025_ca2_collins_v._ne._grocery_llc,,,,courtlistener,FLR0020,D,Continue the passage verbatim (FLR).,claims for failure to state a claim and its denial of leave to amend in a summary order issued simultaneously with this opinion. Participants in a defined contribution benefit plan governed by ERISA must plausibly plead a constitutionally-cognizable individual injury to establish that they have Article III standing to obtain,claims for failure to state a claim and its denial of leave to amend in a summary order issued simultaneously with this opinion. Participants in a defined contribution benefit plan governed by ERISA must plausibly plead a constitutionally-cognizable individual injury to establish that they have Article III standing to obtain,50,monetary relief for alleged ERISA violations. We agree with the district court that Plaintiffs here lack Article III standing because they did not allege that they suffered any financial loss affecting their individual retirement accounts arising from Defendants’ allegedly im,monetary relief for alleged ERISA violations. We agree with the district court that Plaintiffs here lack Article III standing because they did not allege that they suffered any financial loss affecting their individual retirement accounts arising from Defendants’ allegedly im,1,"in_document_repetition span, profile rank 31",0,0,0,FLR,31,-0.002855,5902,6179
cl_2026_ca11_u.s._securities_and_exchange_commis,post_cutoff_control,,cl_2026_ca11_u.s._securities_and_exchange_commis,,,,courtlistener,FLR0021,D,Continue the passage verbatim (FLR).,"directly and indirectly, by use of any means or instrumentality of interstate commerce, or of the mails, knowingly or recklessly engaged in acts, practices and courses of business which operated or would have operated as a fraud or deceit upon any person in connection with the purchase or sale of","directly and indirectly, by use of any means or instrumentality of interstate commerce, or of the mails, knowingly or recklessly engaged in acts, practices and courses of business which operated or would have operated as a fraud or deceit upon any person in connection with the purchase or sale of",50,"securities. 151. By reason of the foregoing, Spartan Securities, Island Stock Transfer, Dilley and Eldred violated, and, unless enjoined, are reasonably likely to continue to violate, Section 10(b)","securities. 151. By reason of the foregoing, Spartan Securities, Island Stock Transfer, Dilley and Eldred violated, and, unless enjoined, are reasonably likely to continue to violate, Section 10(b)",1,"in_document_repetition span, profile rank 33",0,0,0,FLR,33,-0.003333,407145,407372
cl_2024_ca2_peterson_v._bank_markazi,post_cutoff_control,,cl_2024_ca2_peterson_v._bank_markazi,,,,courtlistener,FLR0022,D,Continue the passage verbatim (FLR).,"made in New York on behalf of Bank Markazi, Iran’s central bank. The United States District Court for the Southern District of New York (Loretta A. Preska, Judge), relying in part on 22 U.S.C. § 8772—which makes certain assets available to satisfy the Plaintiffs’ 3 Nos 15-690 -cv(L), 23-614(CON), 23-","made in New York on behalf of Bank Markazi, Iran’s central bank. The United States District Court for the Southern District of New York (Loretta A. Preska, Judge), relying in part on 22 U.S.C. § 8772—which makes certain assets available to satisfy the Plaintiffs’ 3 Nos 15-690 -cv(L), 23-614(CON), 23-",50,700(CON) Peterson v. Bank Markazi judgments against Iran—granted summary judgment in favor of the Plaintiffs and issued an order directing Clearstream and Bank Markazi to turn the contents of the Luxembourg account over to the,700(CON) Peterson v. Bank Markazi judgments against Iran—granted summary judgment in favor of the Plaintiffs and issued an order directing Clearstream and Bank Markazi to turn the contents of the Luxembourg account over to the,1,"in_document_repetition span, profile rank 34",0,0,0,FLR,34,-0.003361,5197,5426
cl_2026_ca11_u.s._securities_and_exchange_commis,post_cutoff_control,,cl_2026_ca11_u.s._securities_and_exchange_commis,,,,courtlistener,FLR0023,D,Continue the passage verbatim (FLR).,"of the Exchange Act, 15 U.S.C. § 78j(b) and 17 C.F.R. § 240.10b-5(b). 180. From at least as early as December 2009 through at least July 2014, Spartan Securities, Island Stock Transfer, and Dilley knowingly or recklessly provided substantial assistance to Mirman and Rose’s violations of Section 10(b) and Rule","of the Exchange Act, 15 U.S.C. § 78j(b) and 17 C.F.R. § 240.10b-5(b). 180. From at least as early as December 2009 through at least July 2014, Spartan Securities, Island Stock Transfer, and Dilley knowingly or recklessly provided substantial assistance to Mirman and Rose’s violations of Section 10(b) and Rule",50,"10b-5(b) of the Exchange Act, 15 U.S.C. § 78j(b) and 17 C.F.R. § 240.10b-5(b), and are deemed to be in","10b-5(b) of the Exchange Act, 15 U.S.C. § 78j(b) and 17 C.F.R. § 240.10b-5(b), and are deemed to be in",1,"in_document_repetition span, profile rank 35",0,0,0,FLR,35,-0.003627,422231,422341
cl_2026_ca11_u.s._securities_and_exchange_commis,post_cutoff_control,,cl_2026_ca11_u.s._securities_and_exchange_commis,,,,courtlistener,FLR0024,D,Continue the passage verbatim (FLR).,"made, not misleading in connection with the purchase or sale of securities. (Against Spartan Securities and Eldred – Daniels Companies) 146. From at least as early as May 2011 through at least May 2014, Spartan Securities and Eldred, directly and indirectly, by use of any means or instrumentality of interstate","made, not misleading in connection with the purchase or sale of securities. (Against Spartan Securities and Eldred – Daniels Companies) 146. From at least as early as May 2011 through at least May 2014, Spartan Securities and Eldred, directly and indirectly, by use of any means or instrumentality of interstate",50,"commerce, or of the mails, knowingly or recklessly made untrue statements of material facts and omitted to state material facts necessary in order to make the statements made, in light of the circumstances under which they were made, not misleading in","commerce, or of the mails, knowingly or recklessly made untrue statements of material facts and omitted to state material facts necessary in order to make the statements made, in light of the circumstances under which they were made, not misleading in",1,"in_document_repetition span, profile rank 36",0,0,0,FLR,36,-0.00385,404963,405225
cl_2026_ca11_u.s._securities_and_exchange_commis,post_cutoff_control,,cl_2026_ca11_u.s._securities_and_exchange_commis,,,,courtlistener,FLR0025,D,Continue the passage verbatim (FLR).,"same extent as Daniels, Fan and Harrison. (Against Spartan Securities, Island Stock Transfer, and Dilley – Mirman/Rose Companies) 173. From at least as early as January 2009 through at least July 2014, Mirman and Rose, directly and indirectly, by use of any means or instrumentality of interstate commerce, or of","same extent as Daniels, Fan and Harrison. (Against Spartan Securities, Island Stock Transfer, and Dilley – Mirman/Rose Companies) 173. From at least as early as January 2009 through at least July 2014, Mirman and Rose, directly and indirectly, by use of any means or instrumentality of interstate commerce, or of",50,"the mails, knowingly or recklessly employed devices, schemes or artifices to defraud in connection with the purchase or sale of securities, and by reason of the foregoing, violated Section 10(b) and Rule 10b","the mails, knowingly or recklessly employed devices, schemes or artifices to defraud in connection with the purchase or sale of securities, and by reason of the foregoing, violated Section 10(b) and Rule 10b",1,"in_document_repetition span, profile rank 41",0,0,0,FLR,41,-0.004687,418299,418517
cl_2024_ca2_packer_v._raging_capital_management,post_cutoff_control,,cl_2024_ca2_packer_v._raging_capital_management,,,,courtlistener,FLR0026,D,Continue the passage verbatim (FLR).,"a six-month period”). 3 Donoghue, 696 F.3d at 175-80. 4 Packer v. Raging Cap. Mgmt., LLC, 661 F. Supp. 3d 3, 17-18 (E.D.N.Y. 2023). 5 Accordingly, we must decide whether Magistrate Judge Wicks is correct that TransUnion abrogated our decision in Donoghue. We disagree. TransUnion did not abrogate Donoghue, and","a six-month period”). 3 Donoghue, 696 F.3d at 175-80. 4 Packer v. Raging Cap. Mgmt., LLC, 661 F. Supp. 3d 3, 17-18 (E.D.N.Y. 2023). 5 Accordingly, we must decide whether Magistrate Judge Wicks is correct that TransUnion abrogated our decision in Donoghue. We disagree. TransUnion did not abrogate Donoghue, and",50,"the District Court erred in holding that it did. First, a District Court must follow controlling precedent—even precedent the District Court believes may eventually be overturned—rather than preemptively declaring that our caselaw has been abrog","the District Court erred in holding that it did. First, a District Court must follow controlling precedent—even precedent the District Court believes may eventually be overturned—rather than preemptively declaring that our caselaw has been abrog",1,"in_document_repetition span, profile rank 42",0,0,0,FLR,42,-0.005022,7523,7769
cl_2024_ca2_packer_v._raging_capital_management,post_cutoff_control,,cl_2024_ca2_packer_v._raging_capital_management,,,,courtlistener,FLR0027,D,Continue the passage verbatim (FLR).,"3d 3, 17-18 (E.D.N.Y. 2023). 5 Accordingly, we must decide whether Magistrate Judge Wicks is correct that TransUnion abrogated our decision in Donoghue. We disagree. TransUnion did not abrogate Donoghue, and the District Court erred in holding that it did. First, a District Court must follow controlling precedent—even precedent the","3d 3, 17-18 (E.D.N.Y. 2023). 5 Accordingly, we must decide whether Magistrate Judge Wicks is correct that TransUnion abrogated our decision in Donoghue. We disagree. TransUnion did not abrogate Donoghue, and the District Court erred in holding that it did. First, a District Court must follow controlling precedent—even precedent the",50,"District Court believes may eventually be overturned—rather than preemptively declaring that our caselaw has been abrogated. Second, TransUnion did not cast doubt on, much less abrogate, Donoghue. To determine","District Court believes may eventually be overturned—rather than preemptively declaring that our caselaw has been abrogated. Second, TransUnion did not cast doubt on, much less abrogate, Donoghue. To determine",1,"in_document_repetition span, profile rank 43",0,0,0,FLR,43,-0.005194,7649,7860
cl_2026_ca11_u.s._securities_and_exchange_commis,post_cutoff_control,,cl_2026_ca11_u.s._securities_and_exchange_commis,,,,courtlistener,FLR0028,D,Continue the passage verbatim (FLR).,"knowingly or recklessly employed devices, schemes or artifices to defraud in connection with the purchase or sale of securities. (Against Spartan Securities and Eldred – Daniels Companies) 142. From at least as early as May 2011 through at least May 2014, Spartan Securities and Eldred, directly and indirectly, by use","knowingly or recklessly employed devices, schemes or artifices to defraud in connection with the purchase or sale of securities. (Against Spartan Securities and Eldred – Daniels Companies) 142. From at least as early as May 2011 through at least May 2014, Spartan Securities and Eldred, directly and indirectly, by use",50,"of any means or instrumentality of interstate commerce, or of the mails, knowingly or recklessly employed devices, schemes or artifices to defraud in connection with the purchase or sale of securities. 143. By","of any means or instrumentality of interstate commerce, or of the mails, knowingly or recklessly employed devices, schemes or artifices to defraud in connection with the purchase or sale of securities. 143. By",1,"in_document_repetition span, profile rank 44",0,0,0,FLR,44,-0.005342,403052,403289
cl_2026_ca11_u.s._securities_and_exchange_commis,post_cutoff_control,,cl_2026_ca11_u.s._securities_and_exchange_commis,,,,courtlistener,FLR0029,D,Continue the passage verbatim (FLR).,"or instruments of transportation or communication in interstate commerce or by use of the mails, directly or indirectly, negligently obtained money or property by means of untrue statements of material facts or omissions to state material facts necessary to make the statements made, in light of the circumstances under which","or instruments of transportation or communication in interstate commerce or by use of the mails, directly or indirectly, negligently obtained money or property by means of untrue statements of material facts or omissions to state material facts necessary to make the statements made, in light of the circumstances under which",50,"they were made, not misleading, and by reason of the foregoing, violated Section 17(a)(2) of the Securities Act, 15 U.S.C. § 77q(a)(2). 160. From at least","they were made, not misleading, and by reason of the foregoing, violated Section 17(a)(2) of the Securities Act, 15 U.S.C. § 77q(a)(2). 160. From at least",1,"in_document_repetition span, profile rank 45",0,0,0,FLR,45,-0.005398,411172,411347
cl_2026_ca11_u.s._securities_and_exchange_commis,post_cutoff_control,,cl_2026_ca11_u.s._securities_and_exchange_commis,,,,courtlistener,FLR0030,D,Continue the passage verbatim (FLR).,"at least as early as January 2009 through at least July 2014, Mirman and Rose directly and indirectly, by use of any means or instrumentality of interstate commerce, or of the mails, knowingly or recklessly made untrue statements of material facts and omitted 57 USCA11 Case: 22-13129 Document: 88-1 Date","at least as early as January 2009 through at least July 2014, Mirman and Rose directly and indirectly, by use of any means or instrumentality of interstate commerce, or of the mails, knowingly or recklessly made untrue statements of material facts and omitted 57 USCA11 Case: 22-13129 Document: 88-1 Date",50,"Filed: 01/16/2026 Page: 207 of 211 to state material facts necessary in order to make the statements made, in light of the circumstances under which they were made, not misleading in connection with","Filed: 01/16/2026 Page: 207 of 211 to state material facts necessary in order to make the statements made, in light of the circumstances under which they were made, not misleading in connection with",1,"in_document_repetition span, profile rank 46",0,0,0,FLR,46,-0.005402,421558,421777
cl_2026_ca11_u.s._securities_and_exchange_commis,post_cutoff_control,,cl_2026_ca11_u.s._securities_and_exchange_commis,,,,courtlistener,FLR0031,D,Continue the passage verbatim (FLR).,"in order to make the statements made, in light of the circumstances under which they were made, not misleading in connection with the purchase or sale of securities. (Against Spartan Securities and Eldred – Daniels Companies) 146. From at least as early as May 2011 through at least May 2014","in order to make the statements made, in light of the circumstances under which they were made, not misleading in connection with the purchase or sale of securities. (Against Spartan Securities and Eldred – Daniels Companies) 146. From at least as early as May 2011 through at least May 2014",50,", Spartan Securities and Eldred, directly and indirectly, by use of any means or instrumentality of interstate commerce, or of the mails, knowingly or recklessly made untrue statements of material facts and omitted to state material facts",", Spartan Securities and Eldred, directly and indirectly, by use of any means or instrumentality of interstate commerce, or of the mails, knowingly or recklessly made untrue statements of material facts and omitted to state material facts",1,"in_document_repetition span, profile rank 48",0,0,0,FLR,48,-0.005574,404843,405096
cl_2024_ca2_packer_v._raging_capital_management,post_cutoff_control,,cl_2024_ca2_packer_v._raging_capital_management,,,,courtlistener,FLR0032,D,Continue the passage verbatim (FLR).,"that TransUnion abrogated our decision in Donoghue. We disagree. TransUnion did not abrogate Donoghue, and the District Court erred in holding that it did. First, a District Court must follow controlling precedent—even precedent the District Court believes may eventually be overturned—rather than preemptively declaring that our caselaw has been abrog","that TransUnion abrogated our decision in Donoghue. We disagree. TransUnion did not abrogate Donoghue, and the District Court erred in holding that it did. First, a District Court must follow controlling precedent—even precedent the District Court believes may eventually be overturned—rather than preemptively declaring that our caselaw has been abrog",50,"ated. Second, TransUnion did not cast doubt on, much less abrogate, Donoghue. To determine whether an intangible injury is sufficiently concrete to confer constitutional standing, TransUnion instructed courts to identify a “close historical","ated. Second, TransUnion did not cast doubt on, much less abrogate, Donoghue. To determine whether an intangible injury is sufficiently concrete to confer constitutional standing, TransUnion instructed courts to identify a “close historical",1,"in_document_repetition span, profile rank 49",0,0,0,FLR,49,-0.005667,7769,8009
cl_2025_ca2_collins_v._ne._grocery_llc,post_cutoff_control,,cl_2025_ca2_collins_v._ne._grocery_llc,,,,courtlistener,FLR0033,D,Continue the passage verbatim (FLR).,"of the Plan. The district court (Hurd, J.) dismissed for lack of Article III standing aspects of Plaintiffs’ claims that the Plan mismanaged workers’ retirement savings by failing to follow a prudent process for administering the Plan and by failing to act in the exclusive interest of Plan participants. In","of the Plan. The district court (Hurd, J.) dismissed for lack of Article III standing aspects of Plaintiffs’ claims that the Plan mismanaged workers’ retirement savings by failing to follow a prudent process for administering the Plan and by failing to act in the exclusive interest of Plan participants. In",50,this opinion we address Plaintiffs’ challenge to the district court’s dismissal of their claims for lack of standing. We address the district court’s dismissal of Plaintiffs’ remaining claims for failure to state a claim and its denial of leave to,this opinion we address Plaintiffs’ challenge to the district court’s dismissal of their claims for lack of standing. We address the district court’s dismissal of Plaintiffs’ remaining claims for failure to state a claim and its denial of leave to,1,"in_document_repetition span, profile rank 50",0,0,0,FLR,50,-0.005952,5383,5631
cl_2026_ca11_u.s._securities_and_exchange_commis,post_cutoff_control,,cl_2026_ca11_u.s._securities_and_exchange_commis,,,,courtlistener,FLR0034,D,Continue the passage verbatim (FLR).,"17(a)(3) of the Securities Act, 15 U.S.C. §§ 77q(a)(1), 77q(a)(3), and Section 10(b) and Rule 10b-5 of the Exchange Act, 15 U.S.C. § 78j(b), and 17 C.F.R. § 240.10b-5; and aided and abetted violations of Section 17(a) of the Securities Act, 15 U.S.C. § 77e(a), and Sections 10(b) and 15","17(a)(3) of the Securities Act, 15 U.S.C. §§ 77q(a)(1), 77q(a)(3), and Section 10(b) and Rule 10b-5 of the Exchange Act, 15 U.S.C. § 78j(b), and 17 C.F.R. § 240.10b-5; and aided and abetted violations of Section 17(a) of the Securities Act, 15 U.S.C. § 77e(a), and Sections 10(b) and 15",50,"(c)(2) and Rules 10b-5 and 15c2-11 of the Exchange Act, 15 U.S.C. §§ 78j(b), 78o(c)(2), and 17 C.F.R","(c)(2) and Rules 10b-5 and 15c2-11 of the Exchange Act, 15 U.S.C. §§ 78j(b), 78o(c)(2), and 17 C.F.R",1,"in_document_repetition span, profile rank 53",0,0,0,FLR,53,-0.006128,314643,314748
cl_2026_ca11_u.s._securities_and_exchange_commis,post_cutoff_control,,cl_2026_ca11_u.s._securities_and_exchange_commis,,,,courtlistener,FLR0035,D,Continue the passage verbatim (FLR).,"through at least July 2014, Mirman and Rose, in the offer or sale of any securities by the use of any means or instruments of transportation or communication in interstate commerce or by use of the mails, directly or indirectly, negligently engaged in transactions, practices and courses of business which","through at least July 2014, Mirman and Rose, in the offer or sale of any securities by the use of any means or instruments of transportation or communication in interstate commerce or by use of the mails, directly or indirectly, negligently engaged in transactions, practices and courses of business which",50,"operated or would have operated as a fraud or deceit upon the purchasers and prospective purchasers of such securities, and by reason of the foregoing, violated Section 17(a)(3) of the Securities Act, 15 U.S","operated or would have operated as a fraud or deceit upon the purchasers and prospective purchasers of such securities, and by reason of the foregoing, violated Section 17(a)(3) of the Securities Act, 15 U.S",1,"in_document_repetition span, profile rank 55",0,0,0,FLR,55,-0.006628,415381,415604
cl_2026_ca11_u.s._securities_and_exchange_commis,post_cutoff_control,,cl_2026_ca11_u.s._securities_and_exchange_commis,,,,courtlistener,FLR0036,D,Continue the passage verbatim (FLR).,"and Rose, directly and indirectly, by use of any means or instrumentality of interstate commerce, or of the mails, knowingly or recklessly employed devices, schemes or artifices to defraud in connection with the purchase or sale of securities, and by reason of the foregoing, violated Section 10(b) and Rule 10b","and Rose, directly and indirectly, by use of any means or instrumentality of interstate commerce, or of the mails, knowingly or recklessly employed devices, schemes or artifices to defraud in connection with the purchase or sale of securities, and by reason of the foregoing, violated Section 10(b) and Rule 10b",50,"-5(a) of the Exchange Act, 15 U.S.C. § 78j(b) and 17 C.F.R. § 240.10b-5(a). 174. From at least as early","-5(a) of the Exchange Act, 15 U.S.C. § 78j(b) and 17 C.F.R. § 240.10b-5(a). 174. From at least as early",1,"in_document_repetition span, profile rank 57",0,0,0,FLR,57,-0.006919,418517,418641
cl_2026_ca11_u.s._securities_and_exchange_commis,post_cutoff_control,,cl_2026_ca11_u.s._securities_and_exchange_commis,,,,courtlistener,FLR0037,D,Continue the passage verbatim (FLR).,"and Dilley – Mirman/Rose Companies) 155. From at least as early as January 2009 through at least July 2014, Mirman and Rose, in the offer or sale of any securities by the use of any means or instruments of transportation or communication in interstate commerce or by use of the","and Dilley – Mirman/Rose Companies) 155. From at least as early as January 2009 through at least July 2014, Mirman and Rose, in the offer or sale of any securities by the use of any means or instruments of transportation or communication in interstate commerce or by use of the",50,"mails, directly or indirectly, knowingly or recklessly employed devices, schemes or artifices to defraud, and by reason of the foregoing, violated Section 17(a)(1) of the Securities Act, 15 U.S","mails, directly or indirectly, knowingly or recklessly employed devices, schemes or artifices to defraud, and by reason of the foregoing, violated Section 17(a)(1) of the Securities Act, 15 U.S",1,"in_document_repetition span, profile rank 59",0,0,0,FLR,59,-0.006962,409253,409457
cl_2026_ca11_u.s._securities_and_exchange_commis,post_cutoff_control,,cl_2026_ca11_u.s._securities_and_exchange_commis,,,,courtlistener,FLR0038,D,Continue the passage verbatim (FLR).,"U.S.C. § 78j(b) and 17 C.F.R. § 240.10b-5(c). 186. From at least as early as December 2009 through at least July 2014], Spartan Securities, Island Stock Transfer, and Dilley knowingly or recklessly provided substantial assistance to Mirman and Rose’s violations of Section 10(b) and Rule 10b-5(c) of the Exchange Act,","U.S.C. § 78j(b) and 17 C.F.R. § 240.10b-5(c). 186. From at least as early as December 2009 through at least July 2014], Spartan Securities, Island Stock Transfer, and Dilley knowingly or recklessly provided substantial assistance to Mirman and Rose’s violations of Section 10(b) and Rule 10b-5(c) of the Exchange Act,",50,"15 U.S.C. § 78j(b) and 17 C.F.R. § 240.10b-5(c), and are deemed to be in violation of these provisions to the same extent as Mirman and Rose.","15 U.S.C. § 78j(b) and 17 C.F.R. § 240.10b-5(c), and are deemed to be in violation of these provisions to the same extent as Mirman and Rose.",1,"in_document_repetition span, profile rank 61",0,0,0,FLR,61,-0.007331,425335,425483
cl_2026_ca11_u.s._securities_and_exchange_commis,post_cutoff_control,,cl_2026_ca11_u.s._securities_and_exchange_commis,,,,courtlistener,FLR0039,D,Continue the passage verbatim (FLR).,"17 C.F.R. §§ 240.10b-5, 240.15c2-11; (d) Defendant Eldred violated Sections 17(a)(1) and 17(a)(3) of the Securities Act, 15 U.S.C. §§ 77q(a)(1), 77q(a)(3), and Section 10(b) and Rule 10b-5 of the Exchange Act, 15 U.S.C. § 78j(b), and 17 C.F.R. § 240.10b-5; and aided and abetted violations of Section 17(a) of","17 C.F.R. §§ 240.10b-5, 240.15c2-11; (d) Defendant Eldred violated Sections 17(a)(1) and 17(a)(3) of the Securities Act, 15 U.S.C. §§ 77q(a)(1), 77q(a)(3), and Section 10(b) and Rule 10b-5 of the Exchange Act, 15 U.S.C. § 78j(b), and 17 C.F.R. § 240.10b-5; and aided and abetted violations of Section 17(a) of",50,"the Securities Act, 15 U.S.C. § 77e(a), and Sections 10(b) and 15(c)(2) and Rules 10b-5 and 15c2-11 of the Exchange Act,","the Securities Act, 15 U.S.C. § 77e(a), and Sections 10(b) and 15(c)(2) and Rules 10b-5 and 15c2-11 of the Exchange Act,",1,"in_document_repetition span, profile rank 63",0,0,0,FLR,63,-0.007834,314577,314703
cl_2026_ca11_u.s._securities_and_exchange_commis,post_cutoff_control,,cl_2026_ca11_u.s._securities_and_exchange_commis,,,,courtlistener,FLR0040,D,Continue the passage verbatim (FLR).,"communication in interstate commerce or by use of the mails, directly or indirectly, negligently engaged in transactions, practices and courses of business which operated or would have operated as a fraud or deceit upon the purchasers and prospective purchasers of such securities. (Against Spartan Securities and Eldred – Daniels Companies","communication in interstate commerce or by use of the mails, directly or indirectly, negligently engaged in transactions, practices and courses of business which operated or would have operated as a fraud or deceit upon the purchasers and prospective purchasers of such securities. (Against Spartan Securities and Eldred – Daniels Companies",50,") 138. From at least as early as May 2011 through at least August 2014, Spartan Securities and Eldred, in the offer or sale of securities by the use of any means or instruments of",") 138. From at least as early as May 2011 through at least August 2014, Spartan Securities and Eldred, in the offer or sale of securities by the use of any means or instruments of",1,"in_document_repetition span, profile rank 64",0,0,0,FLR,64,-0.008167,401090,401294
cl_2024_ca2_peterson_v._bank_markazi,post_cutoff_control,,cl_2024_ca2_peterson_v._bank_markazi,,,,courtlistener,FLR0041,D,Continue the passage verbatim (FLR).,"Islamic Republic of Iran based on Iran’s involvement in the 1983 bombing of the U.S. Marine barracks in Beirut, Lebanon. In this action, they seek turnover to them of the contents of an account with Clearstream Banking, a Luxembourg- based financial institution: a $1.68 billion right to payment representing the","Islamic Republic of Iran based on Iran’s involvement in the 1983 bombing of the U.S. Marine barracks in Beirut, Lebanon. In this action, they seek turnover to them of the contents of an account with Clearstream Banking, a Luxembourg- based financial institution: a $1.68 billion right to payment representing the",50,"principal and interest of bond investments that Clearstream made in New York on behalf of Bank Markazi, Iran’s central bank. The United States District Court for the Southern District of New York (Loretta A. Preska, Judge","principal and interest of bond investments that Clearstream made in New York on behalf of Bank Markazi, Iran’s central bank. The United States District Court for the Southern District of New York (Loretta A. Preska, Judge",1,"in_document_repetition span, profile rank 66",0,0,0,FLR,66,-0.008205,4781,5006
cl_2026_ca11_u.s._securities_and_exchange_commis,post_cutoff_control,,cl_2026_ca11_u.s._securities_and_exchange_commis,,,,courtlistener,FLR0042,D,Continue the passage verbatim (FLR).,"light of the circumstances under which they were made, not misleading in connection with the purchase or sale of securities, and by reason of the foregoing, violated Section 10(b) and Rule 10b-5(b) of the Exchange Act, 15 U.S.C. § 78j(b) and 17 C.F.R. § 240.10b-5(b). 180. From at least as","light of the circumstances under which they were made, not misleading in connection with the purchase or sale of securities, and by reason of the foregoing, violated Section 10(b) and Rule 10b-5(b) of the Exchange Act, 15 U.S.C. § 78j(b) and 17 C.F.R. § 240.10b-5(b). 180. From at least as",50,"early as December 2009 through at least July 2014, Spartan Securities, Island Stock Transfer, and Dilley knowingly or recklessly provided substantial assistance to Mirman and Rose’s violations of Section 10(b) and Rule","early as December 2009 through at least July 2014, Spartan Securities, Island Stock Transfer, and Dilley knowingly or recklessly provided substantial assistance to Mirman and Rose’s violations of Section 10(b) and Rule",1,"in_document_repetition span, profile rank 67",0,0,0,FLR,67,-0.008462,422002,422231
cl_2024_ca2_packer_v._raging_capital_management,post_cutoff_control,,cl_2024_ca2_packer_v._raging_capital_management,,,,courtlistener,FLR0043,D,Continue the passage verbatim (FLR).,"the 10% 1 See 15 U.S.C. § 78p(b). 4 beneficial owner on the company’s behalf. 2 We held that a violation of Section 16(b) inflicts an injury that confers constitutional standing. 3 This case, on appeal before us for the second time, presents the same question as Donoghue. The United","the 10% 1 See 15 U.S.C. § 78p(b). 4 beneficial owner on the company’s behalf. 2 We held that a violation of Section 16(b) inflicts an injury that confers constitutional standing. 3 This case, on appeal before us for the second time, presents the same question as Donoghue. The United",50,"States District Court for the Eastern District of New York (James M. Wicks, Magistrate Judge) reached the opposite conclusion as our panel, however. It determined that TransUnion LLC v. Ramirez, 594 U.S.","States District Court for the Eastern District of New York (James M. Wicks, Magistrate Judge) reached the opposite conclusion as our panel, however. It determined that TransUnion LLC v. Ramirez, 594 U.S.",1,"in_document_repetition span, profile rank 68",0,0,0,FLR,68,-0.008485,5948,6153
cl_2026_ca9_united_states_v_ridley_thomas,post_cutoff_control,,cl_2026_ca9_united_states_v_ridley_thomas,,,,courtlistener,FLR0044,D,Continue the passage verbatim (FLR).,"5 Curiae Black Law Professors and Historians and Justice Centers. PER CURIAM PER CURIAM: Mark Ridley-Thomas (Ridley-Thomas), a former Supervisor on the Los Angeles County Board of Supervisors (Board of Supervisors), appeals his convictions for one count of conspiracy in violation of 18 U.S.C. § 371, one count of bribery","5 Curiae Black Law Professors and Historians and Justice Centers. PER CURIAM PER CURIAM: Mark Ridley-Thomas (Ridley-Thomas), a former Supervisor on the Los Angeles County Board of Supervisors (Board of Supervisors), appeals his convictions for one count of conspiracy in violation of 18 U.S.C. § 371, one count of bribery",50,"concerning programs receiving federal funds in violation of 18 U.S.C. § 666(a)(1)(B), and five counts of honest services mail and wire fraud in violation of 18 U.S.C. §§ 1341,","concerning programs receiving federal funds in violation of 18 U.S.C. § 666(a)(1)(B), and five counts of honest services mail and wire fraud in violation of 18 U.S.C. §§ 1341,",1,"in_document_repetition span, profile rank 69",0,0,0,FLR,69,-0.008566,6195,6371
cl_2024_ca2_peterson_v._bank_markazi,post_cutoff_control,,cl_2024_ca2_peterson_v._bank_markazi,,,,courtlistener,FLR0045,D,Continue the passage verbatim (FLR).,"v. Bank Markazi judgments against Iran—granted summary judgment in favor of the Plaintiffs and issued an order directing Clearstream and Bank Markazi to turn the contents of the Luxembourg account over to the Plaintiffs in New York. Clearstream and Bank Markazi appealed. For the reasons that follow, we conclude that","v. Bank Markazi judgments against Iran—granted summary judgment in favor of the Plaintiffs and issued an order directing Clearstream and Bank Markazi to turn the contents of the Luxembourg account over to the Plaintiffs in New York. Clearstream and Bank Markazi appealed. For the reasons that follow, we conclude that",50,(1) the district court lacks subject matter jurisdiction over the Plaintiffs’ turnover claim against Bank Markazi; (2) the district court may exercise personal jurisdiction over Clearstream; (3) Clearstream’s challenge to the constitutionality,(1) the district court lacks subject matter jurisdiction over the Plaintiffs’ turnover claim against Bank Markazi; (2) the district court may exercise personal jurisdiction over Clearstream; (3) Clearstream’s challenge to the constitutionality,1,"in_document_repetition span, profile rank 70",0,0,0,FLR,70,-0.00885,5544,5791
cl_2026_ca11_u.s._securities_and_exchange_commis,post_cutoff_control,,cl_2026_ca11_u.s._securities_and_exchange_commis,,,,courtlistener,FLR0046,D,Continue the passage verbatim (FLR).,"to make the statements made, in light of the circumstances under which they were made, not misleading in connection with the purchase or sale of securities. 147. By reason of the foregoing, Spartan Securities, Island Stock Transfer, Dilley and Eldred violated, and, unless enjoined, are reasonably likely to continue to","to make the statements made, in light of the circumstances under which they were made, not misleading in connection with the purchase or sale of securities. 147. By reason of the foregoing, Spartan Securities, Island Stock Transfer, Dilley and Eldred violated, and, unless enjoined, are reasonably likely to continue to",50,"violate, Section 10(b) and Rule 10b-5(b) of the Exchange Act, 15 U.S.C. § 78j(b) and 17 C.F.R. § 240.10b-","violate, Section 10(b) and Rule 10b-5(b) of the Exchange Act, 15 U.S.C. § 78j(b) and 17 C.F.R. § 240.10b-",1,"in_document_repetition span, profile rank 71",0,0,0,FLR,71,-0.008928,405467,405583
cl_2026_ca11_u.s._securities_and_exchange_commis,post_cutoff_control,,cl_2026_ca11_u.s._securities_and_exchange_commis,,,,courtlistener,FLR0047,D,Continue the passage verbatim (FLR).,"instrumentality of interstate commerce, or of the mails, knowingly or recklessly employed devices, schemes or artifices to defraud in connection with the purchase or sale of securities, and by reason of the foregoing, violated Section 10(b) and Rule 10b-5(a) of the Exchange Act, 15 U.S.C. § 78j(b) and 17 C","instrumentality of interstate commerce, or of the mails, knowingly or recklessly employed devices, schemes or artifices to defraud in connection with the purchase or sale of securities, and by reason of the foregoing, violated Section 10(b) and Rule 10b-5(a) of the Exchange Act, 15 U.S.C. § 78j(b) and 17 C",50,".F.R. § 240.10b-5(a). 174. From at least as early as December 2009 through at least July 2014, Spartan Securities, Island Stock Transfer, and Dilley",".F.R. § 240.10b-5(a). 174. From at least as early as December 2009 through at least July 2014, Spartan Securities, Island Stock Transfer, and Dilley",1,"in_document_repetition span, profile rank 72",0,0,0,FLR,72,-0.009057,418571,418745
cl_2024_ca2_packer_v._raging_capital_management,post_cutoff_control,,cl_2024_ca2_packer_v._raging_capital_management,,,,courtlistener,FLR0048,D,Continue the passage verbatim (FLR).,"held that a violation of Section 16(b) inflicts an injury that confers constitutional standing. 3 This case, on appeal before us for the second time, presents the same question as Donoghue. The United States District Court for the Eastern District of New York (James M. Wicks, Magistrate Judge) reached the","held that a violation of Section 16(b) inflicts an injury that confers constitutional standing. 3 This case, on appeal before us for the second time, presents the same question as Donoghue. The United States District Court for the Eastern District of New York (James M. Wicks, Magistrate Judge) reached the",50,"opposite conclusion as our panel, however. It determined that TransUnion LLC v. Ramirez, 594 U.S. 413 (2021), which elaborated on the “concrete injury” requirement of constitutional standing, abrogated Don","opposite conclusion as our panel, however. It determined that TransUnion LLC v. Ramirez, 594 U.S. 413 (2021), which elaborated on the “concrete injury” requirement of constitutional standing, abrogated Don",1,"in_document_repetition span, profile rank 74",0,0,0,FLR,74,-0.009101,6054,6260
cl_2024_ca2_peterson_v._bank_markazi,post_cutoff_control,,cl_2024_ca2_peterson_v._bank_markazi,,,,courtlistener,FLR0049,D,Continue the passage verbatim (FLR).,"us for a third time, involves the Plaintiffs’ efforts to enforce multi-billion-dollar judgments that they hold against the Islamic Republic of Iran based on Iran’s involvement in the 1983 bombing of the U.S. Marine barracks in Beirut, Lebanon. In this action, they seek turnover to them of the contents of","us for a third time, involves the Plaintiffs’ efforts to enforce multi-billion-dollar judgments that they hold against the Islamic Republic of Iran based on Iran’s involvement in the 1983 bombing of the U.S. Marine barracks in Beirut, Lebanon. In this action, they seek turnover to them of the contents of",50,"an account with Clearstream Banking, a Luxembourg- based financial institution: a $1.68 billion right to payment representing the principal and interest of bond investments that Clearstream made in New York on behalf of Bank Markazi, Iran’s central","an account with Clearstream Banking, a Luxembourg- based financial institution: a $1.68 billion right to payment representing the principal and interest of bond investments that Clearstream made in New York on behalf of Bank Markazi, Iran’s central",1,"in_document_repetition span, profile rank 77",0,0,0,FLR,77,-0.009247,4650,4902
cl_2026_ca11_u.s._securities_and_exchange_commis,post_cutoff_control,,cl_2026_ca11_u.s._securities_and_exchange_commis,,,,courtlistener,FLR0050,D,Continue the passage verbatim (FLR).,"17 C.F.R. § 240.10b-5(b). 180. From at least as early as December 2009 through at least July 2014, Spartan Securities, Island Stock Transfer, and Dilley knowingly or recklessly provided substantial assistance to Mirman and Rose’s violations of Section 10(b) and Rule 10b-5(b) of the Exchange Act, 15 U.S.C. § 78j(b","17 C.F.R. § 240.10b-5(b). 180. From at least as early as December 2009 through at least July 2014, Spartan Securities, Island Stock Transfer, and Dilley knowingly or recklessly provided substantial assistance to Mirman and Rose’s violations of Section 10(b) and Rule 10b-5(b) of the Exchange Act, 15 U.S.C. § 78j(b",50,") and 17 C.F.R. § 240.10b-5(b), and are deemed to be in violation of these provisions to the same extent as Mirman and Rose. 181. By reason of the foregoing",") and 17 C.F.R. § 240.10b-5(b), and are deemed to be in violation of these provisions to the same extent as Mirman and Rose. 181. By reason of the foregoing",1,"in_document_repetition span, profile rank 79",0,0,0,FLR,79,-0.009883,422284,422459
cl_2026_ca11_u.s._securities_and_exchange_commis,post_cutoff_control,,cl_2026_ca11_u.s._securities_and_exchange_commis,,,,courtlistener,FLR0051,D,Continue the passage verbatim (FLR).,"88-1 Date Filed: 01/16/2026 Page: 204 of 211 168. From at least as early as December 2009 through at least July 2014, Spartan Securities, Island Stock Transfer, and Dilley knowingly or recklessly provided substantial assistance to Mirman and Rose’s violations of Section 17(a)(3) of the Securities Act, 15 U.S.C. §","88-1 Date Filed: 01/16/2026 Page: 204 of 211 168. From at least as early as December 2009 through at least July 2014, Spartan Securities, Island Stock Transfer, and Dilley knowingly or recklessly provided substantial assistance to Mirman and Rose’s violations of Section 17(a)(3) of the Securities Act, 15 U.S.C. §",50,"77q(a)(3), and are deemed to be in violation of this provision to the same extent as Mirman and Rose. 169. By reason of the foregoing, Spartan Securities, Island Stock Transfer, Dilley","77q(a)(3), and are deemed to be in violation of this provision to the same extent as Mirman and Rose. 169. By reason of the foregoing, Spartan Securities, Island Stock Transfer, Dilley",1,"in_document_repetition span, profile rank 80",0,0,0,FLR,80,-0.00989,416076,416282
cl_2026_ca11_u.s._securities_and_exchange_commis,post_cutoff_control,,cl_2026_ca11_u.s._securities_and_exchange_commis,,,,courtlistener,FLR0052,D,Continue the passage verbatim (FLR).,"in transactions, practices and courses of business which operated or would have operated as a fraud or deceit upon the purchasers and prospective purchasers of such securities. (Against Spartan Securities and Eldred – Daniels Companies) 138. From at least as early as May 2011 through at least August 2014, Spartan","in transactions, practices and courses of business which operated or would have operated as a fraud or deceit upon the purchasers and prospective purchasers of such securities. (Against Spartan Securities and Eldred – Daniels Companies) 138. From at least as early as May 2011 through at least August 2014, Spartan",50,"Securities and Eldred, in the offer or sale of securities by the use of any means or instruments of transportation or communication in interstate commerce or by use of the mails, directly or indirectly, negligently engaged in transactions,","Securities and Eldred, in the offer or sale of securities by the use of any means or instruments of transportation or communication in interstate commerce or by use of the mails, directly or indirectly, negligently engaged in transactions,",1,"in_document_repetition span, profile rank 81",0,0,0,FLR,81,-0.010015,401184,401439
cl_2026_ca11_u.s._securities_and_exchange_commis,post_cutoff_control,,cl_2026_ca11_u.s._securities_and_exchange_commis,,,,courtlistener,FLR0053,D,Continue the passage verbatim (FLR).,"the Securities Act, 15 U.S.C. § 77q(a)(1). 156. From at least as early as December 2009 through at least July 2014, Spartan Securities, Island Stock Transfer, and Dilley knowingly or recklessly provided substantial 51 USCA11 Case: 22-13129 Document: 88-1 Date Filed: 01/16/2026 Page: 201 of 211 assistance to Mirman and","the Securities Act, 15 U.S.C. § 77q(a)(1). 156. From at least as early as December 2009 through at least July 2014, Spartan Securities, Island Stock Transfer, and Dilley knowingly or recklessly provided substantial 51 USCA11 Case: 22-13129 Document: 88-1 Date Filed: 01/16/2026 Page: 201 of 211 assistance to Mirman and",50,"Rose’s violations of Section 17(a)(1) of the Securities Act, 15 U.S.C. § 77q(a)(1), and are deemed to be in violation of this provision to the same extent as Mirman","Rose’s violations of Section 17(a)(1) of the Securities Act, 15 U.S.C. § 77q(a)(1), and are deemed to be in violation of this provision to the same extent as Mirman",1,"in_document_repetition span, profile rank 83",0,0,0,FLR,83,-0.01044,409852,410027
cl_2026_ca11_u.s._securities_and_exchange_commis,post_cutoff_control,,cl_2026_ca11_u.s._securities_and_exchange_commis,,,,courtlistener,FLR0054,D,Continue the passage verbatim (FLR).,"Filed: 01/16/2026 Page: 155 of 211 § 240.10b-5; and aided and abetted violations of Section 17(a) of the Securities Act, 15 U.S.C. § 77e(a), and Section 10(b) and Rule 10b-5 of the Exchange Act, 15 U.S.C. § 78j(b) and 17 C.F.R. § 240.10b-5; (c) Defendant Dilley violated Sections 5(a), 5(c","Filed: 01/16/2026 Page: 155 of 211 § 240.10b-5; and aided and abetted violations of Section 17(a) of the Securities Act, 15 U.S.C. § 77e(a), and Section 10(b) and Rule 10b-5 of the Exchange Act, 15 U.S.C. § 78j(b) and 17 C.F.R. § 240.10b-5; (c) Defendant Dilley violated Sections 5(a), 5(c",50,"), 17(a)(1) and 17(a)(3) of the Securities Act, 15 U.S.C. §§ 77e(a), 77e(c), 77q(a)(1), 77q(a)(","), 17(a)(1) and 17(a)(3) of the Securities Act, 15 U.S.C. §§ 77e(a), 77e(c), 77q(a)(1), 77q(a)(",1,"in_document_repetition span, profile rank 86",0,0,0,FLR,86,-0.010957,313794,313894
cl_2026_ca11_u.s._securities_and_exchange_commis,post_cutoff_control,,cl_2026_ca11_u.s._securities_and_exchange_commis,,,,courtlistener,FLR0055,D,Continue the passage verbatim (FLR).,"substantial assistance to Mirman and Rose’s violations of Section 10(b) and Rule 10b-5(b) of the Exchange Act, 15 U.S.C. § 78j(b) and 17 C.F.R. § 240.10b-5(b), and are deemed to be in violation of these provisions to the same extent as Mirman and Rose. 181. By reason of the foregoing","substantial assistance to Mirman and Rose’s violations of Section 10(b) and Rule 10b-5(b) of the Exchange Act, 15 U.S.C. § 78j(b) and 17 C.F.R. § 240.10b-5(b), and are deemed to be in violation of these provisions to the same extent as Mirman and Rose. 181. By reason of the foregoing",50,", Spartan Securities, Island Stock Transfer, Dilley and Eldred aided and abetted and, unless enjoined, are reasonably likely to continue to aid and abet, violations of Section 10(b) and Rule 10",", Spartan Securities, Island Stock Transfer, Dilley and Eldred aided and abetted and, unless enjoined, are reasonably likely to continue to aid and abet, violations of Section 10(b) and Rule 10",1,"in_document_repetition span, profile rank 87",0,0,0,FLR,87,-0.01102,422459,422662
cl_2026_ca11_u.s._securities_and_exchange_commis,post_cutoff_control,,cl_2026_ca11_u.s._securities_and_exchange_commis,,,,courtlistener,FLR0056,D,Continue the passage verbatim (FLR).,"Spartan Securities, Island Stock Transfer, and Dilley – Mirman/Rose Companies) 167. From at least as early as January 2009 through at least July 2014, Mirman and Rose, in the offer or sale of any securities by the use of any means or instruments of transportation or communication in interstate commerce","Spartan Securities, Island Stock Transfer, and Dilley – Mirman/Rose Companies) 167. From at least as early as January 2009 through at least July 2014, Mirman and Rose, in the offer or sale of any securities by the use of any means or instruments of transportation or communication in interstate commerce",50,"or by use of the mails, directly or indirectly, negligently engaged in transactions, practices and courses of business which operated or would have operated as a fraud or deceit upon the purchasers and prospective purchasers of such securities, and","or by use of the mails, directly or indirectly, negligently engaged in transactions, practices and courses of business which operated or would have operated as a fraud or deceit upon the purchasers and prospective purchasers of such securities, and",1,"in_document_repetition span, profile rank 90",0,0,0,FLR,90,-0.011562,415251,415515
cl_2026_ca11_u.s._securities_and_exchange_commis,post_cutoff_control,,cl_2026_ca11_u.s._securities_and_exchange_commis,,,,courtlistener,FLR0057,D,Continue the passage verbatim (FLR).,"recklessly made untrue statements of material facts and omitted to state material facts necessary in order to make the statements made, in light of the circumstances under which they were made, not misleading in connection with the purchase or sale of securities. 147. By reason of the foregoing, Spartan Securities,","recklessly made untrue statements of material facts and omitted to state material facts necessary in order to make the statements made, in light of the circumstances under which they were made, not misleading in connection with the purchase or sale of securities. 147. By reason of the foregoing, Spartan Securities,",50,"Island Stock Transfer, Dilley and Eldred violated, and, unless enjoined, are reasonably likely to continue to violate, Section 10(b) and Rule 10b-5(b) of the Exchange Act, 15","Island Stock Transfer, Dilley and Eldred violated, and, unless enjoined, are reasonably likely to continue to violate, Section 10(b) and Rule 10b-5(b) of the Exchange Act, 15",1,"in_document_repetition span, profile rank 92",0,0,0,FLR,92,-0.011643,405352,405537
cl_2026_ca11_u.s._securities_and_exchange_commis,post_cutoff_control,,cl_2026_ca11_u.s._securities_and_exchange_commis,,,,courtlistener,FLR0058,D,Continue the passage verbatim (FLR).,"From at least as early as December 2009 through at least July 2014], Spartan Securities, Island Stock Transfer, and Dilley knowingly or recklessly provided substantial assistance to Mirman and Rose’s violations of Section 10(b) and Rule 10b-5(c) of the Exchange Act, 15 U.S.C. § 78j(b) and 17 C.F.R. § 240.10b-","From at least as early as December 2009 through at least July 2014], Spartan Securities, Island Stock Transfer, and Dilley knowingly or recklessly provided substantial assistance to Mirman and Rose’s violations of Section 10(b) and Rule 10b-5(c) of the Exchange Act, 15 U.S.C. § 78j(b) and 17 C.F.R. § 240.10b-",50,"5(c), and are deemed to be in violation of these provisions to the same extent as Mirman and Rose. 187. By reason of the foregoing, Spartan Securities, Island Stock Transfer, Dilley and Eldred","5(c), and are deemed to be in violation of these provisions to the same extent as Mirman and Rose. 187. By reason of the foregoing, Spartan Securities, Island Stock Transfer, Dilley and Eldred",1,"in_document_repetition span, profile rank 94",0,0,0,FLR,94,-0.011996,425378,425596
cl_2026_ca11_u.s._securities_and_exchange_commis,post_cutoff_control,,cl_2026_ca11_u.s._securities_and_exchange_commis,,,,courtlistener,FLR0059,D,Continue the passage verbatim (FLR).,"and 17 C.F.R. § 240.10b-5(a), and are deemed to be in violation of these provisions to the same extent as Daniels, Fan and Harrison. (Against Spartan Securities, Island Stock Transfer, and Dilley – Mirman/Rose Companies) 173. From at least as early as January 2009 through at least July 2014, Mir","and 17 C.F.R. § 240.10b-5(a), and are deemed to be in violation of these provisions to the same extent as Daniels, Fan and Harrison. (Against Spartan Securities, Island Stock Transfer, and Dilley – Mirman/Rose Companies) 173. From at least as early as January 2009 through at least July 2014, Mir",50,"man and Rose, directly and indirectly, by use of any means or instrumentality of interstate commerce, or of the mails, knowingly or recklessly employed devices, schemes or artifices to defraud in connection with the purchase","man and Rose, directly and indirectly, by use of any means or instrumentality of interstate commerce, or of the mails, knowingly or recklessly employed devices, schemes or artifices to defraud in connection with the purchase",1,"in_document_repetition span, profile rank 97",0,0,0,FLR,97,-0.012113,418182,418421
cl_2026_ca11_u.s._securities_and_exchange_commis,post_cutoff_control,,cl_2026_ca11_u.s._securities_and_exchange_commis,,,,courtlistener,FLR0060,D,Continue the passage verbatim (FLR).,"reason of the foregoing, violated Section 10(b) and Rule 10b-5(c) of the Exchange Act, 15 U.S.C. § 78j(b) and 17 C.F.R. § 240.10b-5(c). 184. From at least as early as May 2011 through at least May 2014], Spartan Securities and Eldred knowingly or recklessly provided substantial assistance to Daniels, Fan","reason of the foregoing, violated Section 10(b) and Rule 10b-5(c) of the Exchange Act, 15 U.S.C. § 78j(b) and 17 C.F.R. § 240.10b-5(c). 184. From at least as early as May 2011 through at least May 2014], Spartan Securities and Eldred knowingly or recklessly provided substantial assistance to Daniels, Fan",50,"and Harrison’s violations of Section 10(b) and Rule 10b-5(c) of the Exchange Act, 15 U.S.C. § 78j(b) and 17 C.F.R. § 240.","and Harrison’s violations of Section 10(b) and Rule 10b-5(c) of the Exchange Act, 15 U.S.C. § 78j(b) and 17 C.F.R. § 240.",1,"in_document_repetition span, profile rank 99",0,0,0,FLR,99,-0.012615,424058,424190
cl_2026_ca11_u.s._securities_and_exchange_commis,post_cutoff_control,,cl_2026_ca11_u.s._securities_and_exchange_commis,,,,courtlistener,FLR0061,D,Continue the passage verbatim (FLR).,"knowingly or recklessly employed devices, schemes or artifices to defraud in connection with the purchase or sale of securities, and by reason of the foregoing, violated Section 10(b) and Rule 10b-5(a) of the Exchange Act, 15 U.S.C. § 78j(b) and 17 C.F.R. § 240.10b-5(a). 174. From at least as early","knowingly or recklessly employed devices, schemes or artifices to defraud in connection with the purchase or sale of securities, and by reason of the foregoing, violated Section 10(b) and Rule 10b-5(a) of the Exchange Act, 15 U.S.C. § 78j(b) and 17 C.F.R. § 240.10b-5(a). 174. From at least as early",50,"as December 2009 through at least July 2014, Spartan Securities, Island Stock Transfer, and Dilley knowingly or recklessly provided substantial assistance to Mirman and Rose’s violations of Section 10(b) and Rule","as December 2009 through at least July 2014, Spartan Securities, Island Stock Transfer, and Dilley knowingly or recklessly provided substantial assistance to Mirman and Rose’s violations of Section 10(b) and Rule",1,"in_document_repetition span, profile rank 100",0,0,0,FLR,100,-0.012643,418641,418865
cl_2026_ca11_u.s._securities_and_exchange_commis,post_cutoff_control,,cl_2026_ca11_u.s._securities_and_exchange_commis,,,,courtlistener,FLR0062,D,Continue the passage verbatim (FLR).,"securities. (Against Spartan Securities and Eldred – Daniels Companies) 142. From at least as early as May 2011 through at least May 2014, Spartan Securities and Eldred, directly and indirectly, by use of any means or instrumentality of interstate commerce, or of the mails, knowingly or recklessly employed devices, schemes","securities. (Against Spartan Securities and Eldred – Daniels Companies) 142. From at least as early as May 2011 through at least May 2014, Spartan Securities and Eldred, directly and indirectly, by use of any means or instrumentality of interstate commerce, or of the mails, knowingly or recklessly employed devices, schemes",50,"or artifices to defraud in connection with the purchase or sale of securities. 143. By reason of the foregoing, Spartan Securities, Island Stock Transfer, Dilley and Eldred violated, and, unless enjo","or artifices to defraud in connection with the purchase or sale of securities. 143. By reason of the foregoing, Spartan Securities, Island Stock Transfer, Dilley and Eldred violated, and, unless enjo",1,"in_document_repetition span, profile rank 102",0,0,0,FLR,102,-0.012963,403180,403407
cl_2026_ca11_u.s._securities_and_exchange_commis,post_cutoff_control,,cl_2026_ca11_u.s._securities_and_exchange_commis,,,,courtlistener,FLR0063,D,Continue the passage verbatim (FLR).,"Act, 15 U.S.C. § 78j(b) and 17 C.F.R. § 240.10b-5(c). 184. From at least as early as May 2011 through at least May 2014], Spartan Securities and Eldred knowingly or recklessly provided substantial assistance to Daniels, Fan and Harrison’s violations of Section 10(b) and Rule 10b-5(c) of the Exchange Act","Act, 15 U.S.C. § 78j(b) and 17 C.F.R. § 240.10b-5(c). 184. From at least as early as May 2011 through at least May 2014], Spartan Securities and Eldred knowingly or recklessly provided substantial assistance to Daniels, Fan and Harrison’s violations of Section 10(b) and Rule 10b-5(c) of the Exchange Act",50,", 15 U.S.C. § 78j(b) and 17 C.F.R. § 240.10b-5(c), and are deemed to be in violation of these provisions to the same extent as Daniels,",", 15 U.S.C. § 78j(b) and 17 C.F.R. § 240.10b-5(c), and are deemed to be in violation of these provisions to the same extent as Daniels,",1,"in_document_repetition span, profile rank 106",0,0,0,FLR,106,-0.01331,424144,424289
cl_2026_ca11_u.s._securities_and_exchange_commis,post_cutoff_control,,cl_2026_ca11_u.s._securities_and_exchange_commis,,,,courtlistener,FLR0064,D,Continue the passage verbatim (FLR).,"146. From at least as early as May 2011 through at least May 2014, Spartan Securities and Eldred, directly and indirectly, by use of any means or instrumentality of interstate commerce, or of the mails, knowingly or recklessly made untrue statements of material facts and omitted to state material facts","146. From at least as early as May 2011 through at least May 2014, Spartan Securities and Eldred, directly and indirectly, by use of any means or instrumentality of interstate commerce, or of the mails, knowingly or recklessly made untrue statements of material facts and omitted to state material facts",50,"necessary in order to make the statements made, in light of the circumstances under which they were made, not misleading in connection with the purchase or sale of securities. 147. By reason of the foregoing, Spartan Securities,","necessary in order to make the statements made, in light of the circumstances under which they were made, not misleading in connection with the purchase or sale of securities. 147. By reason of the foregoing, Spartan Securities,",1,"in_document_repetition span, profile rank 109",0,0,0,FLR,109,-0.013601,405096,405352
cl_2026_ca11_u.s._securities_and_exchange_commis,post_cutoff_control,,cl_2026_ca11_u.s._securities_and_exchange_commis,,,,courtlistener,FLR0065,D,Continue the passage verbatim (FLR).,"157. By reason of the foregoing, Spartan Securities, Island Stock Transfer, Dilley and Eldred aided and abetted and, unless enjoined, are reasonably likely to continue to aid and abet, violations of Section 17(a)(1) of the Securities Act, 15 U.S.C. § 77q(a)(1). COUNT IX Aiding and Abetting Violations of Section 17(a)(2)","157. By reason of the foregoing, Spartan Securities, Island Stock Transfer, Dilley and Eldred aided and abetted and, unless enjoined, are reasonably likely to continue to aid and abet, violations of Section 17(a)(1) of the Securities Act, 15 U.S.C. § 77q(a)(1). COUNT IX Aiding and Abetting Violations of Section 17(a)(2)",50,of the Securities Act 158. The Commission repeats and realleges Paragraphs 1 through 122 of its Complaint. (Against Spartan Securities and Eldred – Daniels Companies) 159. From at least,of the Securities Act 158. The Commission repeats and realleges Paragraphs 1 through 122 of its Complaint. (Against Spartan Securities and Eldred – Daniels Companies) 159. From at least,1,"in_document_repetition span, profile rank 125",0,0,0,FLR,125,-0.015637,410445,410685
cl_2024_ca2_sec_v._rashid,post_cutoff_control,,cl_2024_ca2_sec_v._rashid,,,,courtlistener,FLR0066,D,Continue the passage verbatim (FLR).,"was liable under § 206(2) of the Act because Rashid was “recklessly indifferent,” and therefore negligent, as to which entity would pay for his expenses. Sec. & Exch. Comm'n v. Rashid, No. 17-cv-8223 (PKC), 2020 WL 5658665, at *1 (S.D.N.Y. Sept. 23, 2020). Because it was not reasonably foreseeable to","was liable under § 206(2) of the Act because Rashid was “recklessly indifferent,” and therefore negligent, as to which entity would pay for his expenses. Sec. & Exch. Comm'n v. Rashid, No. 17-cv-8223 (PKC), 2020 WL 5658665, at *1 (S.D.N.Y. Sept. 23, 2020). Because it was not reasonably foreseeable to",50,"Rashid that the funds would pay for his expenses, we conclude that Rashid did not breach his duty of care to the funds or proximately cause their harm. Accordingly, we REVERSE the judgment of the district court.","Rashid that the funds would pay for his expenses, we conclude that Rashid did not breach his duty of care to the funds or proximately cause their harm. Accordingly, we REVERSE the judgment of the district court.",1,"in_document_repetition span, profile rank 129",0,0,0,FLR,129,-0.016033,3976,4190
cl_2026_ca11_u.s._securities_and_exchange_commis,post_cutoff_control,,cl_2026_ca11_u.s._securities_and_exchange_commis,,,,courtlistener,FLR0067,D,Continue the passage verbatim (FLR).,"December 2009 through at least July 2014, Spartan Securities, Island Stock Transfer, and Dilley knowingly or recklessly provided substantial assistance to Mirman and Rose’s violations of Section 10(b) and Rule 10b-5(b) of the Exchange Act, 15 U.S.C. § 78j(b) and 17 C.F.R. § 240.10b-5(b), and are deemed to be in","December 2009 through at least July 2014, Spartan Securities, Island Stock Transfer, and Dilley knowingly or recklessly provided substantial assistance to Mirman and Rose’s violations of Section 10(b) and Rule 10b-5(b) of the Exchange Act, 15 U.S.C. § 78j(b) and 17 C.F.R. § 240.10b-5(b), and are deemed to be in",50,"violation of these provisions to the same extent as Mirman and Rose. 181. By reason of the foregoing, Spartan Securities, Island Stock Transfer, Dilley and Eldred aided and abetted and, unless enjoined","violation of these provisions to the same extent as Mirman and Rose. 181. By reason of the foregoing, Spartan Securities, Island Stock Transfer, Dilley and Eldred aided and abetted and, unless enjoined",1,"in_document_repetition span, profile rank 130",0,0,0,FLR,130,-0.016341,422341,422565
cl_2026_ca11_u.s._securities_and_exchange_commis,post_cutoff_control,,cl_2026_ca11_u.s._securities_and_exchange_commis,,,,courtlistener,FLR0068,D,Continue the passage verbatim (FLR).,"made untrue statements of material facts and omitted to state material facts necessary in order to make the statements made, in light of the circumstances under which they were made, not misleading in connection with the purchase or sale of securities, and by reason of the foregoing, violated Section 10(b)","made untrue statements of material facts and omitted to state material facts necessary in order to make the statements made, in light of the circumstances under which they were made, not misleading in connection with the purchase or sale of securities, and by reason of the foregoing, violated Section 10(b)",50,"and Rule 10b-5(b) of the Exchange Act, 15 U.S.C. § 78j(b) and 17 C.F.R. § 240.10b-5(b). 178.","and Rule 10b-5(b) of the Exchange Act, 15 U.S.C. § 78j(b) and 17 C.F.R. § 240.10b-5(b). 178.",1,"in_document_repetition span, profile rank 133",0,0,0,FLR,133,-0.016573,420484,420596
cl_2026_ca11_u.s._securities_and_exchange_commis,post_cutoff_control,,cl_2026_ca11_u.s._securities_and_exchange_commis,,,,courtlistener,FLR0069,D,Continue the passage verbatim (FLR).,"not misleading, and by reason of the foregoing, violated Section 17(a)(2) of the Securities Act, 15 U.S.C. § 77q(a)(2). 162. From at least as early as December 2009 through at least July 2014, Spartan Securities, Island Stock Transfer, and Dilley knowingly or recklessly provided substantial assistance to Mirman and Rose","not misleading, and by reason of the foregoing, violated Section 17(a)(2) of the Securities Act, 15 U.S.C. § 77q(a)(2). 162. From at least as early as December 2009 through at least July 2014, Spartan Securities, Island Stock Transfer, and Dilley knowingly or recklessly provided substantial assistance to Mirman and Rose",50,"’s violations of Section 17(a)(2) of the Securities Act, 15 U.S.C. § 77q(a)(2), and are deemed to be in violation of this provision to the same extent as Mirman and","’s violations of Section 17(a)(2) of the Securities Act, 15 U.S.C. § 77q(a)(2), and are deemed to be in violation of this provision to the same extent as Mirman and",1,"in_document_repetition span, profile rank 134",0,0,0,FLR,134,-0.016617,412888,413062
cl_2026_ca11_u.s._securities_and_exchange_commis,post_cutoff_control,,cl_2026_ca11_u.s._securities_and_exchange_commis,,,,courtlistener,FLR0070,D,Continue the passage verbatim (FLR).,"in acts, practices and courses of business which operated or would have operated as a fraud or deceit upon any person in connection with the purchase or sale of securities. (Against Spartan Securities and Eldred – Daniels Companies) 150. From at least as early as May 2011 through at least","in acts, practices and courses of business which operated or would have operated as a fraud or deceit upon any person in connection with the purchase or sale of securities. (Against Spartan Securities and Eldred – Daniels Companies) 150. From at least as early as May 2011 through at least",50,"May 2014, Spartan Securities and Eldred, directly and indirectly, by use of any means or instrumentality of interstate commerce, or of the mails, knowingly or recklessly engaged in acts, practices and courses of","May 2014, Spartan Securities and Eldred, directly and indirectly, by use of any means or instrumentality of interstate commerce, or of the mails, knowingly or recklessly engaged in acts, practices and courses of",1,"in_document_repetition span, profile rank 136",0,0,0,FLR,136,-0.017356,406786,407013
cl_2026_ca11_u.s._securities_and_exchange_commis,post_cutoff_control,,cl_2026_ca11_u.s._securities_and_exchange_commis,,,,courtlistener,FLR0071,D,Continue the passage verbatim (FLR).,"at least July 2014, Mirman and Rose, in the offer or sale of any securities by the use of any means or instruments of transportation or communication in interstate commerce or by use of the mails, directly or indirectly, knowingly or recklessly employed devices, schemes or artifices to defraud, and","at least July 2014, Mirman and Rose, in the offer or sale of any securities by the use of any means or instruments of transportation or communication in interstate commerce or by use of the mails, directly or indirectly, knowingly or recklessly employed devices, schemes or artifices to defraud, and",50,"by reason of the foregoing, violated Section 17(a)(1) of the Securities Act, 15 U.S.C. § 77q(a)(1). 156. From at least as early as December 2009","by reason of the foregoing, violated Section 17(a)(1) of the Securities Act, 15 U.S.C. § 77q(a)(1). 156. From at least as early as December 2009",1,"in_document_repetition span, profile rank 140",0,0,0,FLR,140,-0.017663,409368,409533
cl_2026_ca11_u.s._securities_and_exchange_commis,post_cutoff_control,,cl_2026_ca11_u.s._securities_and_exchange_commis,,,,courtlistener,FLR0072,D,Continue the passage verbatim (FLR).,"77q(a)(3), and Section 10(b) and Rule 10b-5 of the Exchange Act, 15 U.S.C. § 78j(b), and 17 C.F.R. § 240.10b-5; and aided and abetted violations of Section 17(a) of the Securities Act, 15 U.S.C. § 77e(a), and Sections 10(b) and 15(c)(2) and Rules 10b-5 and 15c2-11 of the Exchange Act,","77q(a)(3), and Section 10(b) and Rule 10b-5 of the Exchange Act, 15 U.S.C. § 78j(b), and 17 C.F.R. § 240.10b-5; and aided and abetted violations of Section 17(a) of the Securities Act, 15 U.S.C. § 77e(a), and Sections 10(b) and 15(c)(2) and Rules 10b-5 and 15c2-11 of the Exchange Act,",50,"15 U.S.C. §§ 78j(b), 78o(c)(2), and 17 C.F.R. §§ 240.10b-5, 240.15c2-11; (e)","15 U.S.C. §§ 78j(b), 78o(c)(2), and 17 C.F.R. §§ 240.10b-5, 240.15c2-11; (e)",1,"in_document_repetition span, profile rank 143",0,0,0,FLR,143,-0.018007,314703,314809
cl_2024_ca2_peterson_v._bank_markazi,post_cutoff_control,,cl_2024_ca2_peterson_v._bank_markazi,,,,courtlistener,FLR0073,D,Continue the passage verbatim (FLR).,"New York, New York, for Defendant-Appellant Clearstream Banking, S.A. SACK, Circuit Judge: This case, which is now before us for a third time, involves the Plaintiffs’ efforts to enforce multi-billion-dollar judgments that they hold against the Islamic Republic of Iran based on Iran’s involvement in the 1983 bombing of the","New York, New York, for Defendant-Appellant Clearstream Banking, S.A. SACK, Circuit Judge: This case, which is now before us for a third time, involves the Plaintiffs’ efforts to enforce multi-billion-dollar judgments that they hold against the Islamic Republic of Iran based on Iran’s involvement in the 1983 bombing of the",50,"U.S. Marine barracks in Beirut, Lebanon. In this action, they seek turnover to them of the contents of an account with Clearstream Banking, a Luxembourg- based financial institution: a $1.68 billion right to payment representing the","U.S. Marine barracks in Beirut, Lebanon. In this action, they seek turnover to them of the contents of an account with Clearstream Banking, a Luxembourg- based financial institution: a $1.68 billion right to payment representing the",1,"in_document_repetition span, profile rank 148",0,0,0,FLR,148,-0.019384,4545,4781
cl_2025_ca2_collins_v._ne._grocery_llc,post_cutoff_control,,cl_2025_ca2_collins_v._ne._grocery_llc,,,,courtlistener,FLR0074,D,Continue the passage verbatim (FLR).,"of the Northeast Grocery 401(k) Plan (the “Plan”) and 4 No. 24-2339-cv similarly situated Plan participants, against various fiduciaries of the Plan. The district court (Hurd, J.) dismissed for lack of Article III standing aspects of Plaintiffs’ claims that the Plan mismanaged workers’ retirement savings by failing to follow a","of the Northeast Grocery 401(k) Plan (the “Plan”) and 4 No. 24-2339-cv similarly situated Plan participants, against various fiduciaries of the Plan. The district court (Hurd, J.) dismissed for lack of Article III standing aspects of Plaintiffs’ claims that the Plan mismanaged workers’ retirement savings by failing to follow a",50,prudent process for administering the Plan and by failing to act in the exclusive interest of Plan participants. In this opinion we address Plaintiffs’ challenge to the district court’s dismissal of their claims for lack of standing. We address,prudent process for administering the Plan and by failing to act in the exclusive interest of Plan participants. In this opinion we address Plaintiffs’ challenge to the district court’s dismissal of their claims for lack of standing. We address,1,"in_document_repetition span, profile rank 155",0,0,0,FLR,155,-0.020546,5260,5512
cl_2026_ca11_u.s._securities_and_exchange_commis,post_cutoff_control,,cl_2026_ca11_u.s._securities_and_exchange_commis,,,,courtlistener,FLR0075,D,Continue the passage verbatim (FLR).,"C.F.R. § 240.10b-5; and aided and abetted violations of Section 17(a) of the Securities Act, 15 U.S.C. § 77e(a), and Sections 10(b) and 15(c)(2) and Rules 10b-5 and 15c2-11 of the Exchange Act, 15 U.S.C. §§ 78j(b), 78o(c)(2), and 17 C.F.R. §§ 240.10b-5, 240.15c2-11; (d) Defendant Eldred violated Sections 17(a)(1","C.F.R. § 240.10b-5; and aided and abetted violations of Section 17(a) of the Securities Act, 15 U.S.C. § 77e(a), and Sections 10(b) and 15(c)(2) and Rules 10b-5 and 15c2-11 of the Exchange Act, 15 U.S.C. §§ 78j(b), 78o(c)(2), and 17 C.F.R. §§ 240.10b-5, 240.15c2-11; (d) Defendant Eldred violated Sections 17(a)(1",50,") and 17(a)(3) of the Securities Act, 15 U.S.C. §§ 77q(a)(1), 77q(a)(3), and Section 10(b) and Rule 10b-5 of",") and 17(a)(3) of the Securities Act, 15 U.S.C. §§ 77q(a)(1), 77q(a)(3), and Section 10(b) and Rule 10b-5 of",1,"in_document_repetition span, profile rank 158",0,0,0,FLR,158,-0.020656,314336,314449
cl_2026_ca11_u.s._securities_and_exchange_commis,post_cutoff_control,,cl_2026_ca11_u.s._securities_and_exchange_commis,,,,courtlistener,FLR0076,D,Continue the passage verbatim (FLR).,"by use of any means or instrumentality of interstate commerce, or of the mails, knowingly or recklessly made untrue statements of material facts and omitted to state material facts necessary in order to make the statements made, in light of the circumstances under which they were made, not misleading in","by use of any means or instrumentality of interstate commerce, or of the mails, knowingly or recklessly made untrue statements of material facts and omitted to state material facts necessary in order to make the statements made, in light of the circumstances under which they were made, not misleading in",50,"connection with the purchase or sale of securities. 147. By reason of the foregoing, Spartan Securities, Island Stock Transfer, Dilley and Eldred violated, and, unless enjoined, are reasonably likely to continue to","connection with the purchase or sale of securities. 147. By reason of the foregoing, Spartan Securities, Island Stock Transfer, Dilley and Eldred violated, and, unless enjoined, are reasonably likely to continue to",1,"in_document_repetition span, profile rank 162",0,0,0,FLR,162,-0.021264,405225,405467
cl_2025_ca2_collins_v._ne._grocery_llc,post_cutoff_control,,cl_2025_ca2_collins_v._ne._grocery_llc,,,,courtlistener,FLR0077,D,Continue the passage verbatim (FLR).,to act in the exclusive interest of Plan participants. In this opinion we address Plaintiffs’ challenge to the district court’s dismissal of their claims for lack of standing. We address the district court’s dismissal of Plaintiffs’ remaining claims for failure to state a claim and its denial of leave to,to act in the exclusive interest of Plan participants. In this opinion we address Plaintiffs’ challenge to the district court’s dismissal of their claims for lack of standing. We address the district court’s dismissal of Plaintiffs’ remaining claims for failure to state a claim and its denial of leave to,50,amend in a summary order issued simultaneously with this opinion. Participants in a defined contribution benefit plan governed by ERISA must plausibly plead a constitutionally-cognizable individual injury to establish that they have Article III standing to obtain,amend in a summary order issued simultaneously with this opinion. Participants in a defined contribution benefit plan governed by ERISA must plausibly plead a constitutionally-cognizable individual injury to establish that they have Article III standing to obtain,1,"in_document_repetition span, profile rank 163",0,0,0,FLR,163,-0.021345,5631,5902
cl_2025_ca2_collins_v._ne._grocery_llc,post_cutoff_control,,cl_2025_ca2_collins_v._ne._grocery_llc,,,,courtlistener,FLR0078,D,Continue the passage verbatim (FLR).,the Plan mismanaged workers’ retirement savings by failing to follow a prudent process for administering the Plan and by failing to act in the exclusive interest of Plan participants. In this opinion we address Plaintiffs’ challenge to the district court’s dismissal of their claims for lack of standing. We address,the Plan mismanaged workers’ retirement savings by failing to follow a prudent process for administering the Plan and by failing to act in the exclusive interest of Plan participants. In this opinion we address Plaintiffs’ challenge to the district court’s dismissal of their claims for lack of standing. We address,50,the district court’s dismissal of Plaintiffs’ remaining claims for failure to state a claim and its denial of leave to amend in a summary order issued simultaneously with this opinion. Participants in a defined contribution benefit plan governed by ERISA,the district court’s dismissal of Plaintiffs’ remaining claims for failure to state a claim and its denial of leave to amend in a summary order issued simultaneously with this opinion. Participants in a defined contribution benefit plan governed by ERISA,1,"in_document_repetition span, profile rank 166",0,0,0,FLR,166,-0.021485,5512,5774
cl_2026_ca11_u.s._securities_and_exchange_commis,post_cutoff_control,,cl_2026_ca11_u.s._securities_and_exchange_commis,,,,courtlistener,FLR0079,D,Continue the passage verbatim (FLR).,"defraud, and by reason of the foregoing, violated Section 17(a)(1) of the Securities Act, 15 U.S.C. § 77q(a)(1). 156. From at least as early as December 2009 through at least July 2014, Spartan Securities, Island Stock Transfer, and Dilley knowingly or recklessly provided substantial 51 USCA11 Case: 22-13129 Document: 88-1","defraud, and by reason of the foregoing, violated Section 17(a)(1) of the Securities Act, 15 U.S.C. § 77q(a)(1). 156. From at least as early as December 2009 through at least July 2014, Spartan Securities, Island Stock Transfer, and Dilley knowingly or recklessly provided substantial 51 USCA11 Case: 22-13129 Document: 88-1",50,"Date Filed: 01/16/2026 Page: 201 of 211 assistance to Mirman and Rose’s violations of Section 17(a)(1) of the Securities Act, 15 U.S.C. §","Date Filed: 01/16/2026 Page: 201 of 211 assistance to Mirman and Rose’s violations of Section 17(a)(1) of the Securities Act, 15 U.S.C. §",1,"in_document_repetition span, profile rank 168",0,0,0,FLR,168,-0.021565,409773,409931
cl_2025_ca2_collins_v._ne._grocery_llc,post_cutoff_control,,cl_2025_ca2_collins_v._ne._grocery_llc,,,,courtlistener,FLR0080,D,Continue the passage verbatim (FLR).,"the Employee Retirement Income Security Act of 1974 (“ERISA”), as amended, 29 U.S.C. § 1001 et seq., on behalf of the Northeast Grocery 401(k) Plan (the “Plan”) and 4 No. 24-2339-cv similarly situated Plan participants, against various fiduciaries of the Plan. The district court (Hurd, J.) dismissed for lack of","the Employee Retirement Income Security Act of 1974 (“ERISA”), as amended, 29 U.S.C. § 1001 et seq., on behalf of the Northeast Grocery 401(k) Plan (the “Plan”) and 4 No. 24-2339-cv similarly situated Plan participants, against various fiduciaries of the Plan. The district court (Hurd, J.) dismissed for lack of",50,Article III standing aspects of Plaintiffs’ claims that the Plan mismanaged workers’ retirement savings by failing to follow a prudent process for administering the Plan and by failing to act in the exclusive interest of Plan participants. In,Article III standing aspects of Plaintiffs’ claims that the Plan mismanaged workers’ retirement savings by failing to follow a prudent process for administering the Plan and by failing to act in the exclusive interest of Plan participants. In,1,"in_document_repetition span, profile rank 170",0,0,0,FLR,170,-0.021635,5133,5383
cl_2024_ca2_packer_v._raging_capital_management,post_cutoff_control,,cl_2024_ca2_packer_v._raging_capital_management,,,,courtlistener,FLR0081,D,Continue the passage verbatim (FLR).,"on the purchase and sale (or sale and purchase) of company stock within a six-month period”). 3 Donoghue, 696 F.3d at 175-80. 4 Packer v. Raging Cap. Mgmt., LLC, 661 F. Supp. 3d 3, 17-18 (E.D.N.Y. 2023). 5 Accordingly, we must decide whether Magistrate Judge Wicks is correct that TransUnion","on the purchase and sale (or sale and purchase) of company stock within a six-month period”). 3 Donoghue, 696 F.3d at 175-80. 4 Packer v. Raging Cap. Mgmt., LLC, 661 F. Supp. 3d 3, 17-18 (E.D.N.Y. 2023). 5 Accordingly, we must decide whether Magistrate Judge Wicks is correct that TransUnion",50,"abrogated our decision in Donoghue. We disagree. TransUnion did not abrogate Donoghue, and the District Court erred in holding that it did. First, a District Court must follow controlling precedent—even precedent the","abrogated our decision in Donoghue. We disagree. TransUnion did not abrogate Donoghue, and the District Court erred in holding that it did. First, a District Court must follow controlling precedent—even precedent the",1,"in_document_repetition span, profile rank 172",0,0,0,FLR,172,-0.021648,7425,7649
cl_2026_ca11_u.s._securities_and_exchange_commis,post_cutoff_control,,cl_2026_ca11_u.s._securities_and_exchange_commis,,,,courtlistener,FLR0082,D,Continue the passage verbatim (FLR).,"15c2-11 of the Exchange Act, 15 U.S.C. §§ 78j(b), 78o(c)(2), and 17 C.F.R. §§ 240.10b-5, 240.15c2-11; (d) Defendant Eldred violated Sections 17(a)(1) and 17(a)(3) of the Securities Act, 15 U.S.C. §§ 77q(a)(1), 77q(a)(3), and Section 10(b) and Rule 10b-5 of the Exchange Act, 15 U.S.C. § 78j(b), and 17 C.F.R.","15c2-11 of the Exchange Act, 15 U.S.C. §§ 78j(b), 78o(c)(2), and 17 C.F.R. §§ 240.10b-5, 240.15c2-11; (d) Defendant Eldred violated Sections 17(a)(1) and 17(a)(3) of the Securities Act, 15 U.S.C. §§ 77q(a)(1), 77q(a)(3), and Section 10(b) and Rule 10b-5 of the Exchange Act, 15 U.S.C. § 78j(b), and 17 C.F.R.",50,"§ 240.10b-5; and aided and abetted violations of Section 17(a) of the Securities Act, 15 U.S.C. § 77e(a), and Sections 10(b) and 15","§ 240.10b-5; and aided and abetted violations of Section 17(a) of the Securities Act, 15 U.S.C. § 77e(a), and Sections 10(b) and 15",1,"in_document_repetition span, profile rank 173",0,0,0,FLR,173,-0.021651,314506,314643
cl_2026_ca11_u.s._securities_and_exchange_commis,post_cutoff_control,,cl_2026_ca11_u.s._securities_and_exchange_commis,,,,courtlistener,FLR0083,D,Continue the passage verbatim (FLR).,"means or instrumentality of interstate commerce, or of the mails, knowingly or recklessly employed devices, schemes or artifices to defraud in connection with the purchase or sale of securities, and by reason of the foregoing, violated Section 10(b) and Rule 10b-5(a) of the Exchange Act, 15 U.S.C. § 78j(b) and","means or instrumentality of interstate commerce, or of the mails, knowingly or recklessly employed devices, schemes or artifices to defraud in connection with the purchase or sale of securities, and by reason of the foregoing, violated Section 10(b) and Rule 10b-5(a) of the Exchange Act, 15 U.S.C. § 78j(b) and",50,"17 C.F.R. § 240.10b-5(a). 172. From at least as early as May 2011 through at least May 2014, Spartan Securities and Eldred knowingly or reck","17 C.F.R. § 240.10b-5(a). 172. From at least as early as May 2011 through at least May 2014, Spartan Securities and Eldred knowingly or reck",1,"in_document_repetition span, profile rank 177",0,0,0,FLR,177,-0.022247,417331,417495
cl_2024_ca2_sec_v._rashid,post_cutoff_control,,cl_2024_ca2_sec_v._rashid,,,,courtlistener,FLR0084,D,Continue the passage verbatim (FLR).,"former employee of private equity firm 2 No. 20-4080-cv Apollo Management L.P. Rashid was accused of breaching his fiduciary duties to the Apollo-affiliated private equity funds he advised by submitting expense reports for phony business expenses that were ultimately paid by the funds. The district court, following a bench trial,","former employee of private equity firm 2 No. 20-4080-cv Apollo Management L.P. Rashid was accused of breaching his fiduciary duties to the Apollo-affiliated private equity funds he advised by submitting expense reports for phony business expenses that were ultimately paid by the funds. The district court, following a bench trial,",50,"determined that Rashid was not liable under § 206(1) of the Investment Advisers Act because he was not aware that the funds, rather than Apollo, would pay for his expenses. The district court concluded, however, that","determined that Rashid was not liable under § 206(1) of the Investment Advisers Act because he was not aware that the funds, rather than Apollo, would pay for his expenses. The district court concluded, however, that",1,"in_document_repetition span, profile rank 180",0,0,0,FLR,180,-0.022576,3440,3657
cl_2026_ca11_u.s._securities_and_exchange_commis,post_cutoff_control,,cl_2026_ca11_u.s._securities_and_exchange_commis,,,,courtlistener,FLR0085,D,Continue the passage verbatim (FLR).,"Mirman and Rose directly and indirectly, by use of any means or instrumentality of interstate commerce, or of the mails, knowingly or recklessly made untrue statements of material facts and omitted 57 USCA11 Case: 22-13129 Document: 88-1 Date Filed: 01/16/2026 Page: 207 of 211 to state material facts necessary in","Mirman and Rose directly and indirectly, by use of any means or instrumentality of interstate commerce, or of the mails, knowingly or recklessly made untrue statements of material facts and omitted 57 USCA11 Case: 22-13129 Document: 88-1 Date Filed: 01/16/2026 Page: 207 of 211 to state material facts necessary in",50,"order to make the statements made, in light of the circumstances under which they were made, not misleading in connection with the purchase or sale of securities, and by reason of the foregoing, violated Section 10(b) and Rule","order to make the statements made, in light of the circumstances under which they were made, not misleading in connection with the purchase or sale of securities, and by reason of the foregoing, violated Section 10(b) and Rule",1,"in_document_repetition span, profile rank 188",0,0,0,FLR,188,-0.023271,421645,421883
cl_2024_ca2_peterson_v._bank_markazi,post_cutoff_control,,cl_2024_ca2_peterson_v._bank_markazi,,,,courtlistener,FLR0086,D,Continue the passage verbatim (FLR).,"Defendant- Appellant Bank Markazi. BENJAMIN KAMINETZKY (Craig T. Cagney, Corey M. Meyer, on the brief), Davis Polk & Wardwell LLP, New York, New York, for Defendant-Appellant Clearstream Banking, S.A. SACK, Circuit Judge: This case, which is now before us for a third time, involves the Plaintiffs’ efforts to enforce multi-billion","Defendant- Appellant Bank Markazi. BENJAMIN KAMINETZKY (Craig T. Cagney, Corey M. Meyer, on the brief), Davis Polk & Wardwell LLP, New York, New York, for Defendant-Appellant Clearstream Banking, S.A. SACK, Circuit Judge: This case, which is now before us for a third time, involves the Plaintiffs’ efforts to enforce multi-billion",50,"-dollar judgments that they hold against the Islamic Republic of Iran based on Iran’s involvement in the 1983 bombing of the U.S. Marine barracks in Beirut, Lebanon. In this action, they seek turnover to them of the contents of","-dollar judgments that they hold against the Islamic Republic of Iran based on Iran’s involvement in the 1983 bombing of the U.S. Marine barracks in Beirut, Lebanon. In this action, they seek turnover to them of the contents of",1,"in_document_repetition span, profile rank 191",0,0,0,FLR,191,-0.023467,4420,4650
cl_2026_ca11_u.s._securities_and_exchange_commis,post_cutoff_control,,cl_2026_ca11_u.s._securities_and_exchange_commis,,,,courtlistener,FLR0087,D,Continue the passage verbatim (FLR).,"aided and abetted violations of Section 17(a) of the Securities Act, 15 U.S.C. § 77e(a), and Section 10(b) and Rule 10b-5 of the Exchange Act, 15 U.S.C. § 78j(b) and 17 C.F.R. § 240.10b-5; (c) Defendant Dilley violated Sections 5(a), 5(c), 17(a)(1) and 17(a)(3) of the Securities Act, 15 U.S","aided and abetted violations of Section 17(a) of the Securities Act, 15 U.S.C. § 77e(a), and Section 10(b) and Rule 10b-5 of the Exchange Act, 15 U.S.C. § 78j(b) and 17 C.F.R. § 240.10b-5; (c) Defendant Dilley violated Sections 5(a), 5(c), 17(a)(1) and 17(a)(3) of the Securities Act, 15 U.S",50,".C. §§ 77e(a), 77e(c), 77q(a)(1), 77q(a)(3), and Section 10(b) and Rule 10b-5 of the Exchange Act, 15 U",".C. §§ 77e(a), 77e(c), 77q(a)(1), 77q(a)(3), and Section 10(b) and Rule 10b-5 of the Exchange Act, 15 U",1,"in_document_repetition span, profile rank 193",0,0,0,FLR,193,-0.023851,313853,313961
cl_2026_ca11_u.s._securities_and_exchange_commis,post_cutoff_control,,cl_2026_ca11_u.s._securities_and_exchange_commis,,,,courtlistener,FLR0088,D,Continue the passage verbatim (FLR).,"the mails, knowingly or recklessly employed devices, schemes or artifices to defraud in connection with the purchase or sale of securities, and by reason of the foregoing, violated Section 10(b) and Rule 10b-5(a) of the Exchange Act, 15 U.S.C. § 78j(b) and 17 C.F.R. § 240.10b-5(a). 172. From at least","the mails, knowingly or recklessly employed devices, schemes or artifices to defraud in connection with the purchase or sale of securities, and by reason of the foregoing, violated Section 10(b) and Rule 10b-5(a) of the Exchange Act, 15 U.S.C. § 78j(b) and 17 C.F.R. § 240.10b-5(a). 172. From at least",50,"as early as May 2011 through at least May 2014, Spartan Securities and Eldred knowingly or recklessly provided substantial assistance to Daniels, Fan and Harrison’s violations of Section 10(b) and Rule 10b","as early as May 2011 through at least May 2014, Spartan Securities and Eldred knowingly or recklessly provided substantial assistance to Daniels, Fan and Harrison’s violations of Section 10(b) and Rule 10b",1,"in_document_repetition span, profile rank 195",0,0,0,FLR,195,-0.024062,417394,417610
cl_2026_ca11_u.s._securities_and_exchange_commis,post_cutoff_control,,cl_2026_ca11_u.s._securities_and_exchange_commis,,,,courtlistener,FLR0089,D,Continue the passage verbatim (FLR).,"use of any means or instrumentality of interstate commerce, or of the mails, knowingly or recklessly engaged in acts, practices and courses of business which operated or would have operated as a fraud or deceit upon any person in connection with the purchase or sale of securities. (Against Spartan Securities","use of any means or instrumentality of interstate commerce, or of the mails, knowingly or recklessly engaged in acts, practices and courses of business which operated or would have operated as a fraud or deceit upon any person in connection with the purchase or sale of securities. (Against Spartan Securities",50,"and Eldred – Daniels Companies) 150. From at least as early as May 2011 through at least May 2014, Spartan Securities and Eldred, directly and indirectly, by use of any means or instrumentality","and Eldred – Daniels Companies) 150. From at least as early as May 2011 through at least May 2014, Spartan Securities and Eldred, directly and indirectly, by use of any means or instrumentality",1,"in_document_repetition span, profile rank 200",0,0,0,FLR,200,-0.024686,406678,406896
cl_2025_ca2_collins_v._ne._grocery_llc,post_cutoff_control,,cl_2025_ca2_collins_v._ne._grocery_llc,,,,courtlistener,FLR0090,D,Continue the passage verbatim (FLR).,"are participants in an employer-sponsored defined contribution retirement benefit plan brought a putative class action under the Employee Retirement Income Security Act of 1974 (“ERISA”), as amended, 29 U.S.C. § 1001 et seq., on behalf of the Northeast Grocery 401(k) Plan (the “Plan”) and 4 No. 24-2339-cv similarly situated Plan","are participants in an employer-sponsored defined contribution retirement benefit plan brought a putative class action under the Employee Retirement Income Security Act of 1974 (“ERISA”), as amended, 29 U.S.C. § 1001 et seq., on behalf of the Northeast Grocery 401(k) Plan (the “Plan”) and 4 No. 24-2339-cv similarly situated Plan",50,"participants, against various fiduciaries of the Plan. The district court (Hurd, J.) dismissed for lack of Article III standing aspects of Plaintiffs’ claims that the Plan mismanaged workers’ retirement savings by failing to follow a","participants, against various fiduciaries of the Plan. The district court (Hurd, J.) dismissed for lack of Article III standing aspects of Plaintiffs’ claims that the Plan mismanaged workers’ retirement savings by failing to follow a",1,"in_document_repetition span, profile rank 201",0,0,0,FLR,201,-0.024698,5026,5260
cl_2026_ca11_u.s._securities_and_exchange_commis,post_cutoff_control,,cl_2026_ca11_u.s._securities_and_exchange_commis,,,,courtlistener,FLR0091,D,Continue the passage verbatim (FLR).,"Securities’ violations of Section 15(c)(2) and Rule 15c2-11 of the Exchange Act, 15 U.S.C. § 78o(c)(2), and 17 C.F.R. § 240.15c2-11, and is deemed to be in violation of this provision to the same extent as Spartan Securities. 129. From at least as early as June 2011 through at least","Securities’ violations of Section 15(c)(2) and Rule 15c2-11 of the Exchange Act, 15 U.S.C. § 78o(c)(2), and 17 C.F.R. § 240.15c2-11, and is deemed to be in violation of this provision to the same extent as Spartan Securities. 129. From at least as early as June 2011 through at least",50,"May 2014, Eldred knowingly or recklessly provided substantial assistance to Spartan Securities’ violations of Section 15(c)(2) and Rule 15c2-11 of the Exchange Act, 15 U.S.C.","May 2014, Eldred knowingly or recklessly provided substantial assistance to Spartan Securities’ violations of Section 15(c)(2) and Rule 15c2-11 of the Exchange Act, 15 U.S.C.",1,"in_document_repetition span, profile rank 208",0,0,0,FLR,208,-0.025365,397187,397372
cl_2026_ca11_u.s._securities_and_exchange_commis,post_cutoff_control,,cl_2026_ca11_u.s._securities_and_exchange_commis,,,,courtlistener,FLR0092,D,Continue the passage verbatim (FLR).,"business which operated or would have operated as a fraud or deceit upon the purchasers and prospective purchasers of such securities, and by reason of the foregoing, violated Section 17(a)(3) of the Securities Act, 15 U.S.C. § 77q(a)(3). 54 USCA11 Case: 22-13129 Document: 88-1 Date Filed: 01/16/2026 Page: 204 of","business which operated or would have operated as a fraud or deceit upon the purchasers and prospective purchasers of such securities, and by reason of the foregoing, violated Section 17(a)(3) of the Securities Act, 15 U.S.C. § 77q(a)(3). 54 USCA11 Case: 22-13129 Document: 88-1 Date Filed: 01/16/2026 Page: 204 of",50,"211 168. From at least as early as December 2009 through at least July 2014, Spartan Securities, Island Stock Transfer, and Dilley knowingly or recklessly provided substantial assistance to Mirman and","211 168. From at least as early as December 2009 through at least July 2014, Spartan Securities, Island Stock Transfer, and Dilley knowingly or recklessly provided substantial assistance to Mirman and",1,"in_document_repetition span, profile rank 210",0,0,0,FLR,210,-0.025665,415771,415998
cl_2026_ca11_u.s._securities_and_exchange_commis,post_cutoff_control,,cl_2026_ca11_u.s._securities_and_exchange_commis,,,,courtlistener,FLR0093,D,Continue the passage verbatim (FLR).,"as May 2011 through at least May 2014, Spartan Securities and Eldred, directly and indirectly, by use of any means or instrumentality of interstate commerce, or of the mails, knowingly or recklessly employed devices, schemes or artifices to defraud in connection with the purchase or sale of securities. 143. By","as May 2011 through at least May 2014, Spartan Securities and Eldred, directly and indirectly, by use of any means or instrumentality of interstate commerce, or of the mails, knowingly or recklessly employed devices, schemes or artifices to defraud in connection with the purchase or sale of securities. 143. By",50,"reason of the foregoing, Spartan Securities, Island Stock Transfer, Dilley and Eldred violated, and, unless enjoined, are reasonably likely to continue to violate, Section 10(b) and Rule 10b-5(a","reason of the foregoing, Spartan Securities, Island Stock Transfer, Dilley and Eldred violated, and, unless enjoined, are reasonably likely to continue to violate, Section 10(b) and Rule 10b-5(a",1,"in_document_repetition span, profile rank 214",0,0,0,FLR,214,-0.026223,403289,403494
cl_2026_ca11_u.s._securities_and_exchange_commis,post_cutoff_control,,cl_2026_ca11_u.s._securities_and_exchange_commis,,,,courtlistener,FLR0094,D,Continue the passage verbatim (FLR).,"the purchasers and prospective purchasers of such securities. (Against Spartan Securities and Eldred – Daniels Companies) 138. From at least as early as May 2011 through at least August 2014, Spartan Securities and Eldred, in the offer or sale of securities by the use of any means or instruments of","the purchasers and prospective purchasers of such securities. (Against Spartan Securities and Eldred – Daniels Companies) 138. From at least as early as May 2011 through at least August 2014, Spartan Securities and Eldred, in the offer or sale of securities by the use of any means or instruments of",50,"transportation or communication in interstate commerce or by use of the mails, directly or indirectly, negligently engaged in transactions, practices and courses of business which operated or would have operated as a fraud or deceit upon the purchasers and prospective","transportation or communication in interstate commerce or by use of the mails, directly or indirectly, negligently engaged in transactions, practices and courses of business which operated or would have operated as a fraud or deceit upon the purchasers and prospective",1,"in_document_repetition span, profile rank 219",0,0,0,FLR,219,-0.026714,401294,401578
cl_2026_ca11_u.s._securities_and_exchange_commis,post_cutoff_control,,cl_2026_ca11_u.s._securities_and_exchange_commis,,,,courtlistener,FLR0095,D,Continue the passage verbatim (FLR).,"of the foregoing, Spartan Securities, Island Stock Transfer, Dilley and Eldred violated, and, unless enjoined, are reasonably likely to continue to violate, Section 17(a)(1) of the Securities Act, 15 U.S.C. § 77q(a)(1). COUNT IV Violations of Section 17(a)(3) of the Securities Act 136. The Commission repeats and realleges Paragraphs 1","of the foregoing, Spartan Securities, Island Stock Transfer, Dilley and Eldred violated, and, unless enjoined, are reasonably likely to continue to violate, Section 17(a)(1) of the Securities Act, 15 U.S.C. § 77q(a)(1). COUNT IV Violations of Section 17(a)(3) of the Securities Act 136. The Commission repeats and realleges Paragraphs 1",50,"through 122 of its Complaint. (Against Spartan Securities, Island Stock Transfer, and Dilley – Mirman/Rose Companies) 137. From at least as early as December 2009 through at least July","through 122 of its Complaint. (Against Spartan Securities, Island Stock Transfer, and Dilley – Mirman/Rose Companies) 137. From at least as early as December 2009 through at least July",1,"in_document_repetition span, profile rank 220",0,0,0,FLR,220,-0.026764,400292,400550
cl_2026_ca11_u.s._securities_and_exchange_commis,post_cutoff_control,,cl_2026_ca11_u.s._securities_and_exchange_commis,,,,courtlistener,FLR0096,D,Continue the passage verbatim (FLR).,"and 17 C.F.R. § 240.10b-5(c), and are deemed to be in violation of these provisions to the same extent as Daniels, Fan and Harrison. (Against Spartan Securities, Island Stock Transfer, and Dilley – Mirman/Rose Companies) 185. From at least as early as January 2009 through at least July 2014, Mir","and 17 C.F.R. § 240.10b-5(c), and are deemed to be in violation of these provisions to the same extent as Daniels, Fan and Harrison. (Against Spartan Securities, Island Stock Transfer, and Dilley – Mirman/Rose Companies) 185. From at least as early as January 2009 through at least July 2014, Mir",50,"man and Rose, directly and indirectly, by use of any means or instrumentality of interstate commerce, or of the mails, knowingly or recklessly engaged in acts, practices and courses of business which operated or would have operated as","man and Rose, directly and indirectly, by use of any means or instrumentality of interstate commerce, or of the mails, knowingly or recklessly engaged in acts, practices and courses of business which operated or would have operated as",1,"in_document_repetition span, profile rank 226",0,0,0,FLR,226,-0.028233,424540,424789
cl_2026_ca11_u.s._securities_and_exchange_commis,post_cutoff_control,,cl_2026_ca11_u.s._securities_and_exchange_commis,,,,courtlistener,FLR0097,D,Continue the passage verbatim (FLR).,"securities by the use of any means or instruments of transportation or communication in interstate commerce or by use of the mails, directly or indirectly, knowingly or recklessly employed devices, schemes or artifices to defraud, and by reason of the foregoing, violated Section 17(a)(1) of the Securities Act, 15 U.S","securities by the use of any means or instruments of transportation or communication in interstate commerce or by use of the mails, directly or indirectly, knowingly or recklessly employed devices, schemes or artifices to defraud, and by reason of the foregoing, violated Section 17(a)(1) of the Securities Act, 15 U.S",50,".C. § 77q(a)(1). 156. From at least as early as December 2009 through at least July 2014, Spartan Securities, Island Stock Transfer, and Dilley knowingly or recklessly provided",".C. § 77q(a)(1). 156. From at least as early as December 2009 through at least July 2014, Spartan Securities, Island Stock Transfer, and Dilley knowingly or recklessly provided",1,"in_document_repetition span, profile rank 228",0,0,0,FLR,228,-0.028312,409457,409653
cl_2024_ca2_peterson_v._bank_markazi,post_cutoff_control,,cl_2024_ca2_peterson_v._bank_markazi,,,,courtlistener,FLR0098,D,Continue the passage verbatim (FLR).,"Lebanon. In this action, they seek turnover to them of the contents of an account with Clearstream Banking, a Luxembourg- based financial institution: a $1.68 billion right to payment representing the principal and interest of bond investments that Clearstream made in New York on behalf of Bank Markazi, Iran’s central","Lebanon. In this action, they seek turnover to them of the contents of an account with Clearstream Banking, a Luxembourg- based financial institution: a $1.68 billion right to payment representing the principal and interest of bond investments that Clearstream made in New York on behalf of Bank Markazi, Iran’s central",50,"bank. The United States District Court for the Southern District of New York (Loretta A. Preska, Judge), relying in part on 22 U.S.C. § 8772—which makes certain assets available to satisfy the Plaint","bank. The United States District Court for the Southern District of New York (Loretta A. Preska, Judge), relying in part on 22 U.S.C. § 8772—which makes certain assets available to satisfy the Plaint",1,"in_document_repetition span, profile rank 231",0,0,0,FLR,231,-0.028862,4902,5104
cl_2026_ca11_u.s._securities_and_exchange_commis,post_cutoff_control,,cl_2026_ca11_u.s._securities_and_exchange_commis,,,,courtlistener,FLR0099,D,Continue the passage verbatim (FLR).,"17(a) of the Securities Act, 15 U.S.C. § 77e(a), and Sections 10(b) and 15(c)(2) and Rules 10b-5 and 15c2-11 of the Exchange Act, 15 U.S.C. §§ 78j(b), 78o(c)(2), and 17 C.F.R. §§ 240.10b-5, 240.15c2-11; (d) Defendant Eldred violated Sections 17(a)(1) and 17(a)(3) of the Securities Act, 15 U.S.C. §§ 77q","17(a) of the Securities Act, 15 U.S.C. § 77e(a), and Sections 10(b) and 15(c)(2) and Rules 10b-5 and 15c2-11 of the Exchange Act, 15 U.S.C. §§ 78j(b), 78o(c)(2), and 17 C.F.R. §§ 240.10b-5, 240.15c2-11; (d) Defendant Eldred violated Sections 17(a)(1) and 17(a)(3) of the Securities Act, 15 U.S.C. §§ 77q",50,"(a)(1), 77q(a)(3), and Section 10(b) and Rule 10b-5 of the Exchange Act, 15 U.S.C. § 78j(b), and 17 C.F.R.","(a)(1), 77q(a)(3), and Section 10(b) and Rule 10b-5 of the Exchange Act, 15 U.S.C. § 78j(b), and 17 C.F.R.",1,"in_document_repetition span, profile rank 235",0,0,0,FLR,235,-0.029867,314395,314506
cl_2026_ca11_u.s._securities_and_exchange_commis,post_cutoff_control,,cl_2026_ca11_u.s._securities_and_exchange_commis,,,,courtlistener,FLR0100,D,Continue the passage verbatim (FLR).,"the foregoing, Spartan Securities, Island Stock Transfer, Dilley and Eldred aided and abetted and, unless enjoined, are reasonably likely to continue to aid and abet, violations of Section 10(b) and Rule 10b-5(b) of the Exchange Act, 15 U.S.C. § 78j(b) and 17 C.F.R. § 240.10b-5(b). COUNT XIII Aiding and Ab","the foregoing, Spartan Securities, Island Stock Transfer, Dilley and Eldred aided and abetted and, unless enjoined, are reasonably likely to continue to aid and abet, violations of Section 10(b) and Rule 10b-5(b) of the Exchange Act, 15 U.S.C. § 78j(b) and 17 C.F.R. § 240.10b-5(b). COUNT XIII Aiding and Ab",50,etting Violations of Section 10(b) and Rule 10b-5(c) of the Exchange Act 182. The Commission repeats and realleges Paragraphs 1 through 122 of its Complaint.,etting Violations of Section 10(b) and Rule 10b-5(c) of the Exchange Act 182. The Commission repeats and realleges Paragraphs 1 through 122 of its Complaint.,1,"in_document_repetition span, profile rank 237",0,0,0,FLR,237,-0.030206,422844,423044
cl_2026_ca11_u.s._securities_and_exchange_commis,post_cutoff_control,,cl_2026_ca11_u.s._securities_and_exchange_commis,,,,courtlistener,FLR0101,D,Continue the passage verbatim (FLR).,"violations of Section 10(b) and Rule 10b-5(c) of the Exchange Act, 15 U.S.C. § 78j(b) and 17 C.F.R. § 240.10b-5(c), and are deemed to be in violation of these provisions to the same extent as Daniels, Fan and Harrison. (Against Spartan Securities, Island Stock Transfer, and Dilley – Mirman/Rose Companies","violations of Section 10(b) and Rule 10b-5(c) of the Exchange Act, 15 U.S.C. § 78j(b) and 17 C.F.R. § 240.10b-5(c), and are deemed to be in violation of these provisions to the same extent as Daniels, Fan and Harrison. (Against Spartan Securities, Island Stock Transfer, and Dilley – Mirman/Rose Companies",50,") 185. From at least as early as January 2009 through at least July 2014, Mirman and Rose, directly and indirectly, by use of any means or instrumentality of interstate commerce, or of",") 185. From at least as early as January 2009 through at least July 2014, Mirman and Rose, directly and indirectly, by use of any means or instrumentality of interstate commerce, or of",1,"in_document_repetition span, profile rank 239",0,0,0,FLR,239,-0.030524,424447,424657
cl_2026_ca11_u.s._securities_and_exchange_commis,post_cutoff_control,,cl_2026_ca11_u.s._securities_and_exchange_commis,,,,courtlistener,FLR0102,D,Continue the passage verbatim (FLR).,"indirectly, by use of any means or instrumentality of interstate commerce, or of the mails, knowingly or recklessly engaged in acts, practices and courses of business which operated or would have operated as a fraud or deceit upon any person in 58 USCA11 Case: 22-13129 Document: 88-1 Date Filed: 01","indirectly, by use of any means or instrumentality of interstate commerce, or of the mails, knowingly or recklessly engaged in acts, practices and courses of business which operated or would have operated as a fraud or deceit upon any person in 58 USCA11 Case: 22-13129 Document: 88-1 Date Filed: 01",50,"/16/2026 Page: 208 of 211 connection with the purchase or sale of securities, and by reason of the foregoing, violated Section 10(b) and Rule 10b-5(c) of the","/16/2026 Page: 208 of 211 connection with the purchase or sale of securities, and by reason of the foregoing, violated Section 10(b) and Rule 10b-5(c) of the",1,"in_document_repetition span, profile rank 241",0,0,0,FLR,241,-0.030709,423623,423799
cl_2026_ca11_u.s._securities_and_exchange_commis,post_cutoff_control,,cl_2026_ca11_u.s._securities_and_exchange_commis,,,,courtlistener,FLR0103,D,Continue the passage verbatim (FLR).,"77e(a), and Sections 10(b) and 15(c)(2) and Rules 10b-5 and 15c2-11 of the Exchange Act, 15 U.S.C. §§ 78j(b), 78o(c)(2), and 17 C.F.R. §§ 240.10b-5, 240.15c2-11; (d) Defendant Eldred violated Sections 17(a)(1) and 17(a)(3) of the Securities Act, 15 U.S.C. §§ 77q(a)(1), 77q(a)(3), and Section 10(b) and Rule 10b-5 of","77e(a), and Sections 10(b) and 15(c)(2) and Rules 10b-5 and 15c2-11 of the Exchange Act, 15 U.S.C. §§ 78j(b), 78o(c)(2), and 17 C.F.R. §§ 240.10b-5, 240.15c2-11; (d) Defendant Eldred violated Sections 17(a)(1) and 17(a)(3) of the Securities Act, 15 U.S.C. §§ 77q(a)(1), 77q(a)(3), and Section 10(b) and Rule 10b-5 of",50,"the Exchange Act, 15 U.S.C. § 78j(b), and 17 C.F.R. § 240.10b-5; and aided and abetted violations of Section 17(a) of","the Exchange Act, 15 U.S.C. § 78j(b), and 17 C.F.R. § 240.10b-5; and aided and abetted violations of Section 17(a) of",1,"in_document_repetition span, profile rank 243",0,0,0,FLR,243,-0.030881,314449,314577
cl_2026_ca11_u.s._securities_and_exchange_commis,post_cutoff_control,,cl_2026_ca11_u.s._securities_and_exchange_commis,,,,courtlistener,FLR0104,D,Continue the passage verbatim (FLR).,"use of any means or instrumentality of interstate commerce, or of the mails, knowingly or recklessly employed devices, schemes or artifices to defraud in connection with the purchase or sale of securities. 143. By reason of the foregoing, Spartan Securities, Island Stock Transfer, Dilley and Eldred violated, and, unless enjo","use of any means or instrumentality of interstate commerce, or of the mails, knowingly or recklessly employed devices, schemes or artifices to defraud in connection with the purchase or sale of securities. 143. By reason of the foregoing, Spartan Securities, Island Stock Transfer, Dilley and Eldred violated, and, unless enjo",50,"ined, are reasonably likely to continue to violate, Section 10(b) and Rule 10b-5(a) of the Exchange Act, 15 U.S.C. § 78j(b) and 17 C.F.R.","ined, are reasonably likely to continue to violate, Section 10(b) and Rule 10b-5(a) of the Exchange Act, 15 U.S.C. § 78j(b) and 17 C.F.R.",1,"in_document_repetition span, profile rank 247",0,0,0,FLR,247,-0.031174,403407,403549
cl_2026_ca11_u.s._securities_and_exchange_commis,post_cutoff_control,,cl_2026_ca11_u.s._securities_and_exchange_commis,,,,courtlistener,FLR0105,D,Continue the passage verbatim (FLR).,"Fan and Harrison, directly and indirectly, by use of any means or instrumentality of interstate commerce, or of the mails, knowingly or recklessly employed devices, schemes or artifices to defraud in connection with the purchase or sale of securities, and by reason of the foregoing, violated Section 10(b) and Rule","Fan and Harrison, directly and indirectly, by use of any means or instrumentality of interstate commerce, or of the mails, knowingly or recklessly employed devices, schemes or artifices to defraud in connection with the purchase or sale of securities, and by reason of the foregoing, violated Section 10(b) and Rule",50,"10b-5(a) of the Exchange Act, 15 U.S.C. § 78j(b) and 17 C.F.R. § 240.10b-5(a). 172. From at least","10b-5(a) of the Exchange Act, 15 U.S.C. § 78j(b) and 17 C.F.R. § 240.10b-5(a). 172. From at least",1,"in_document_repetition span, profile rank 249",0,0,0,FLR,249,-0.031409,417278,417394
cl_2025_ca9_winston_anderson_v._intel_corporati,post_cutoff_control,,cl_2025_ca9_winston_anderson_v._intel_corporati,,,,courtlistener,FLR0106,D,Continue the passage verbatim (FLR).,"hedge funds and private equity funds were producing lower returns than those available from more traditional assets like stocks and bonds. We agree with the district court that Anderson has not stated an imprudence claim under ERISA. ERISA requires plan trustees to act with the “care, skill, prudence, and diligence","hedge funds and private equity funds were producing lower returns than those available from more traditional assets like stocks and bonds. We agree with the district court that Anderson has not stated an imprudence claim under ERISA. ERISA requires plan trustees to act with the “care, skill, prudence, and diligence",50,under the circumstances then prevailing that a prudent man acting in a like capacity and familiar with such matters would use in the conduct of an enterprise of a like character and with like aims.” 29 U.S.C. § 110,under the circumstances then prevailing that a prudent man acting in a like capacity and familiar with such matters would use in the conduct of an enterprise of a like character and with like aims.” 29 U.S.C. § 110,1,"in_document_repetition span, profile rank 264",0,0,0,FLR,264,-0.033504,13886,14101
cl_2026_ca11_u.s._securities_and_exchange_commis,post_cutoff_control,,cl_2026_ca11_u.s._securities_and_exchange_commis,,,,courtlistener,FLR0107,D,Continue the passage verbatim (FLR).,"use of the mails, directly or indirectly, negligently engaged in transactions, practices and courses of business which operated or would have operated as a fraud or deceit upon the purchasers and prospective purchasers of such securities. 47 USCA11 Case: 22-13129 Document: 88-1 Date Filed: 01/16/2026 Page: 197 of 211 139","use of the mails, directly or indirectly, negligently engaged in transactions, practices and courses of business which operated or would have operated as a fraud or deceit upon the purchasers and prospective purchasers of such securities. 47 USCA11 Case: 22-13129 Document: 88-1 Date Filed: 01/16/2026 Page: 197 of 211 139",50,". By reason of the foregoing, Spartan Securities, Island Stock Transfer, Dilley and Eldred violated, and, unless enjoined, are reasonably likely to continue to violate, Section 17(a)(3) of the Securities",". By reason of the foregoing, Spartan Securities, Island Stock Transfer, Dilley and Eldred violated, and, unless enjoined, are reasonably likely to continue to violate, Section 17(a)(3) of the Securities",1,"in_document_repetition span, profile rank 270",0,0,0,FLR,270,-0.034173,401787,402002
cl_2024_ca2_sec_v._rashid,post_cutoff_control,,cl_2024_ca2_sec_v._rashid,,,,courtlistener,FLR0108,D,Continue the passage verbatim (FLR).,"P.A., Fort Lauderdale, FL, on the brief), for Defendant- Appellant. ________ JOHN M. WALKER, JR., Circuit Judge: This appeal arises from a Securities & Exchange Commission (“SEC”) enforcement action brought against Defendant-Appellant Mohammed Ali Rashid, a former employee of private equity firm 2 No. 20-4080-cv Apollo Management L.P. Rashid was","P.A., Fort Lauderdale, FL, on the brief), for Defendant- Appellant. ________ JOHN M. WALKER, JR., Circuit Judge: This appeal arises from a Securities & Exchange Commission (“SEC”) enforcement action brought against Defendant-Appellant Mohammed Ali Rashid, a former employee of private equity firm 2 No. 20-4080-cv Apollo Management L.P. Rashid was",50,"accused of breaching his fiduciary duties to the Apollo-affiliated private equity funds he advised by submitting expense reports for phony business expenses that were ultimately paid by the funds. The district court, following a bench trial,","accused of breaching his fiduciary duties to the Apollo-affiliated private equity funds he advised by submitting expense reports for phony business expenses that were ultimately paid by the funds. The district court, following a bench trial,",1,"in_document_repetition span, profile rank 279",0,0,0,FLR,279,-0.035065,3198,3440
cl_2025_ca2_collins_v._ne._grocery_llc,post_cutoff_control,,cl_2025_ca2_collins_v._ne._grocery_llc,,,,courtlistener,FLR0109,D,Continue the passage verbatim (FLR).,"ERIKA N. D. STANAT, Harter Secrest & Emery LLP, Rochester, New York (Michael-Anthony Jaoude, Harter Secrest & Emery LLP, Buffalo, New York, on the brief), for Defendants-Appellees. ________ JOHN M. WALKER, JR., Circuit Judge: Former grocery store employees who are participants in an employer-sponsored defined contribution retirement benefit plan brought","ERIKA N. D. STANAT, Harter Secrest & Emery LLP, Rochester, New York (Michael-Anthony Jaoude, Harter Secrest & Emery LLP, Buffalo, New York, on the brief), for Defendants-Appellees. ________ JOHN M. WALKER, JR., Circuit Judge: Former grocery store employees who are participants in an employer-sponsored defined contribution retirement benefit plan brought",50,"a putative class action under the Employee Retirement Income Security Act of 1974 (“ERISA”), as amended, 29 U.S.C. § 1001 et seq., on behalf of the Northeast Grocery 401(k) Plan (","a putative class action under the Employee Retirement Income Security Act of 1974 (“ERISA”), as amended, 29 U.S.C. § 1001 et seq., on behalf of the Northeast Grocery 401(k) Plan (",1,"in_document_repetition span, profile rank 287",0,0,0,FLR,287,-0.03643,4731,4911
cl_2026_ca11_u.s._securities_and_exchange_commis,post_cutoff_control,,cl_2026_ca11_u.s._securities_and_exchange_commis,,,,courtlistener,FLR0110,D,Continue the passage verbatim (FLR).,"or recklessly made untrue statements of material facts and omitted 57 USCA11 Case: 22-13129 Document: 88-1 Date Filed: 01/16/2026 Page: 207 of 211 to state material facts necessary in order to make the statements made, in light of the circumstances under which they were made, not misleading in connection with","or recklessly made untrue statements of material facts and omitted 57 USCA11 Case: 22-13129 Document: 88-1 Date Filed: 01/16/2026 Page: 207 of 211 to state material facts necessary in order to make the statements made, in light of the circumstances under which they were made, not misleading in connection with",50,"the purchase or sale of securities, and by reason of the foregoing, violated Section 10(b) and Rule 10b-5(b) of the Exchange Act, 15 U.S.C. § 78j(b) and","the purchase or sale of securities, and by reason of the foregoing, violated Section 10(b) and Rule 10b-5(b) of the Exchange Act, 15 U.S.C. § 78j(b) and",1,"in_document_repetition span, profile rank 288",0,0,0,FLR,288,-0.036903,421777,421940
cl_2026_ca11_u.s._securities_and_exchange_commis,post_cutoff_control,,cl_2026_ca11_u.s._securities_and_exchange_commis,,,,courtlistener,FLR0111,D,Continue the passage verbatim (FLR).,"would have operated as a fraud or deceit upon the purchasers and prospective purchasers of such securities, and by reason of the foregoing, violated Section 17(a)(3) of the Securities Act, 15 U.S.C. § 77q(a)(3). 166. From at least as early as May 2011 through at least August 2014, Spartan Securities","would have operated as a fraud or deceit upon the purchasers and prospective purchasers of such securities, and by reason of the foregoing, violated Section 17(a)(3) of the Securities Act, 15 U.S.C. § 77q(a)(3). 166. From at least as early as May 2011 through at least August 2014, Spartan Securities",50,"and Eldred knowingly or recklessly provided substantial assistance to Daniels, Fan and Harrison’s violations of Section 17(a)(3) of the Securities Act, 15 U.S.C. § 77q(a)(3), and","and Eldred knowingly or recklessly provided substantial assistance to Daniels, Fan and Harrison’s violations of Section 17(a)(3) of the Securities Act, 15 U.S.C. § 77q(a)(3), and",1,"in_document_repetition span, profile rank 294",0,0,0,FLR,294,-0.037626,414571,414760
cl_2026_ca11_u.s._securities_and_exchange_commis,post_cutoff_control,,cl_2026_ca11_u.s._securities_and_exchange_commis,,,,courtlistener,FLR0112,D,Continue the passage verbatim (FLR).,"Filed: 01/16/2026 Page: 202 of 211 (Against Spartan Securities, Island Stock Transfer, and Dilley – Mirman/Rose Companies) 161. From at least as early as January 2009 through at least July 2014, Mirman and Rose, in the offer or sale of securities by the use of any means or instruments of","Filed: 01/16/2026 Page: 202 of 211 (Against Spartan Securities, Island Stock Transfer, and Dilley – Mirman/Rose Companies) 161. From at least as early as January 2009 through at least July 2014, Mirman and Rose, in the offer or sale of securities by the use of any means or instruments of",50,"transportation or communication in interstate commerce or by use of the mails, directly or indirectly, negligently obtained money or property by means of untrue statements of material facts or omissions to state material facts necessary to make the statements made,","transportation or communication in interstate commerce or by use of the mails, directly or indirectly, negligently obtained money or property by means of untrue statements of material facts or omissions to state material facts necessary to make the statements made,",1,"in_document_repetition span, profile rank 298",0,0,0,FLR,298,-0.03773,412192,412473
cl_2024_ca2_packer_v._raging_capital_management,post_cutoff_control,,cl_2024_ca2_packer_v._raging_capital_management,,,,courtlistener,FLR0113,D,Continue the passage verbatim (FLR).,"Donoghue, and the District Court erred in holding that it did. First, a District Court must follow controlling precedent—even precedent the District Court believes may eventually be overturned—rather than preemptively declaring that our caselaw has been abrogated. Second, TransUnion did not cast doubt on, much less abrogate, Donoghue. To determine","Donoghue, and the District Court erred in holding that it did. First, a District Court must follow controlling precedent—even precedent the District Court believes may eventually be overturned—rather than preemptively declaring that our caselaw has been abrogated. Second, TransUnion did not cast doubt on, much less abrogate, Donoghue. To determine",50,"whether an intangible injury is sufficiently concrete to confer constitutional standing, TransUnion instructed courts to identify a “close historical or common-law analogue for the[] asserted injury.” 5 In Donoghue, we had identified such an analogue for","whether an intangible injury is sufficiently concrete to confer constitutional standing, TransUnion instructed courts to identify a “close historical or common-law analogue for the[] asserted injury.” 5 In Donoghue, we had identified such an analogue for",1,"in_document_repetition span, profile rank 308",0,0,0,FLR,308,-0.039219,7860,8114
cl_2024_ca2_sec_v._rashid,post_cutoff_control,,cl_2024_ca2_sec_v._rashid,,,,courtlistener,FLR0114,D,Continue the passage verbatim (FLR).,"This appeal arises from a Securities & Exchange Commission (“SEC”) enforcement action brought against Defendant-Appellant Mohammed Ali Rashid, a former employee of private equity firm 2 No. 20-4080-cv Apollo Management L.P. Rashid was accused of breaching his fiduciary duties to the Apollo-affiliated private equity funds he advised by submitting expense","This appeal arises from a Securities & Exchange Commission (“SEC”) enforcement action brought against Defendant-Appellant Mohammed Ali Rashid, a former employee of private equity firm 2 No. 20-4080-cv Apollo Management L.P. Rashid was accused of breaching his fiduciary duties to the Apollo-affiliated private equity funds he advised by submitting expense",50,"reports for phony business expenses that were ultimately paid by the funds. The district court, following a bench trial, determined that Rashid was not liable under § 206(1) of the Investment Advisers Act because he was not","reports for phony business expenses that were ultimately paid by the funds. The district court, following a bench trial, determined that Rashid was not liable under § 206(1) of the Investment Advisers Act because he was not",1,"in_document_repetition span, profile rank 309",0,0,0,FLR,309,-0.039586,3319,3543
cl_2026_ca11_u.s._securities_and_exchange_commis,post_cutoff_control,,cl_2026_ca11_u.s._securities_and_exchange_commis,,,,courtlistener,FLR0115,D,Continue the passage verbatim (FLR).,"77e(a), 77e(c), 77q(a)(1), 77q(a)(3), and Section 10(b) and Rule 10b-5 of the Exchange Act, 15 U.S.C. § 78j(b) and 17 C.F.R. 5 USCA11 Case: 22-13129 Document: 88-1 Date Filed: 01/16/2026 Page: 155 of 211 § 240.10b-5; and aided and abetted violations of Section 17(a) of the Securities Act, 15 U","77e(a), 77e(c), 77q(a)(1), 77q(a)(3), and Section 10(b) and Rule 10b-5 of the Exchange Act, 15 U.S.C. § 78j(b) and 17 C.F.R. 5 USCA11 Case: 22-13129 Document: 88-1 Date Filed: 01/16/2026 Page: 155 of 211 § 240.10b-5; and aided and abetted violations of Section 17(a) of the Securities Act, 15 U",50,".S.C. § 77e(a), and Section 10(b) and Rule 10b-5 of the Exchange Act, 15 U.S.C. § 78j(b) and 17 C.F.R. §",".S.C. § 77e(a), and Section 10(b) and Rule 10b-5 of the Exchange Act, 15 U.S.C. § 78j(b) and 17 C.F.R. §",1,"in_document_repetition span, profile rank 310",0,0,0,FLR,310,-0.039616,313596,313710
cl_2026_ca11_u.s._securities_and_exchange_commis,post_cutoff_control,,cl_2026_ca11_u.s._securities_and_exchange_commis,,,,courtlistener,FLR0116,D,Continue the passage verbatim (FLR).,"at least as early as May 2011 through at least May 2014, Spartan Securities and Eldred knowingly or recklessly provided substantial assistance to Daniels, Fan and Harrison’s violations of Section 10(b) and Rule 10b-5(a) of the Exchange Act, 15 U.S.C. 55 USCA11 Case: 22-13129 Document: 88-1 Date Filed: 01/16/2026 Page","at least as early as May 2011 through at least May 2014, Spartan Securities and Eldred knowingly or recklessly provided substantial assistance to Daniels, Fan and Harrison’s violations of Section 10(b) and Rule 10b-5(a) of the Exchange Act, 15 U.S.C. 55 USCA11 Case: 22-13129 Document: 88-1 Date Filed: 01/16/2026 Page",50,": 205 of 211 § 78j(b) and 17 C.F.R. § 240.10b-5(a), and are deemed to be in violation of these provisions to the same extent as Daniels,",": 205 of 211 § 78j(b) and 17 C.F.R. § 240.10b-5(a), and are deemed to be in violation of these provisions to the same extent as Daniels,",1,"in_document_repetition span, profile rank 313",0,0,0,FLR,313,-0.03974,417784,417933
cl_2024_ca2_trustees_of_the_nysnapp_v._white_oa,post_cutoff_control,,cl_2024_ca2_trustees_of_the_nysnapp_v._white_oa,,,,courtlistener,FLR0117,D,Continue the passage verbatim (FLR).,"action for equitable subrogation,” as § 502(a)(3)’s provision for “equitable relief” encompasses an “action to enforce an equitable lien established by agreement.”). C. The Agreement May be Enforced as an ERISA § 502(a)(3) Claim. ERISA § 502(a)(3) authorizes a civil action by a plan “participant, beneficiary, or fiduciary (A) to","action for equitable subrogation,” as § 502(a)(3)’s provision for “equitable relief” encompasses an “action to enforce an equitable lien established by agreement.”). C. The Agreement May be Enforced as an ERISA § 502(a)(3) Claim. ERISA § 502(a)(3) authorizes a civil action by a plan “participant, beneficiary, or fiduciary (A) to",50,"enjoin any act or practice which violates any provision of this subchapter or the terms of the plan, or (B) to obtain other appropriate equitable relief (i) to redress such violations or (ii) to enforce any","enjoin any act or practice which violates any provision of this subchapter or the terms of the plan, or (B) to obtain other appropriate equitable relief (i) to redress such violations or (ii) to enforce any",1,"in_document_repetition span, profile rank 315",0,0,0,FLR,315,-0.039867,70026,70237
cl_2026_ca11_u.s._securities_and_exchange_commis,post_cutoff_control,,cl_2026_ca11_u.s._securities_and_exchange_commis,,,,courtlistener,FLR0118,D,Continue the passage verbatim (FLR).,"sale of securities. USCA11 Case: 22-13129 Document: 88-1 Date Filed: 01/16/2026 Page: 91 of 211 22-13129 TJOFLAT, J., Dissenting 11 It shall be unlawful for any person in the offer or sale of any securities . . . directly or indirectly— (1) to employ any device, scheme, or artifice to","sale of securities. USCA11 Case: 22-13129 Document: 88-1 Date Filed: 01/16/2026 Page: 91 of 211 22-13129 TJOFLAT, J., Dissenting 11 It shall be unlawful for any person in the offer or sale of any securities . . . directly or indirectly— (1) to employ any device, scheme, or artifice to",50,"defraud, or (2) to obtain money or property by means of any untrue statement of a material fact or any omis- sion to state a material fact necessary in order to make the statements made,","defraud, or (2) to obtain money or property by means of any untrue statement of a material fact or any omis- sion to state a material fact necessary in order to make the statements made,",1,"in_document_repetition span, profile rank 317",0,0,0,FLR,317,-0.039978,183966,184233
cl_2026_ca11_u.s._securities_and_exchange_commis,post_cutoff_control,,cl_2026_ca11_u.s._securities_and_exchange_commis,,,,courtlistener,FLR0119,D,Continue the passage verbatim (FLR).,"the Securities Act, 15 U.S.C. § 77q(a)(3). 54 USCA11 Case: 22-13129 Document: 88-1 Date Filed: 01/16/2026 Page: 204 of 211 168. From at least as early as December 2009 through at least July 2014, Spartan Securities, Island Stock Transfer, and Dilley knowingly or recklessly provided substantial assistance to Mirman and","the Securities Act, 15 U.S.C. § 77q(a)(3). 54 USCA11 Case: 22-13129 Document: 88-1 Date Filed: 01/16/2026 Page: 204 of 211 168. From at least as early as December 2009 through at least July 2014, Spartan Securities, Island Stock Transfer, and Dilley knowingly or recklessly provided substantial assistance to Mirman and",50,"Rose’s violations of Section 17(a)(3) of the Securities Act, 15 U.S.C. § 77q(a)(3), and are deemed to be in violation of this provision to the same extent as Mir","Rose’s violations of Section 17(a)(3) of the Securities Act, 15 U.S.C. § 77q(a)(3), and are deemed to be in violation of this provision to the same extent as Mir",1,"in_document_repetition span, profile rank 326",0,0,0,FLR,326,-0.041641,415998,416170
cl_2026_ca11_u.s._securities_and_exchange_commis,post_cutoff_control,,cl_2026_ca11_u.s._securities_and_exchange_commis,,,,courtlistener,FLR0120,D,Continue the passage verbatim (FLR).,"violated Sections 5(a), 5(c), 17(a)(1) and 17(a)(3) of the Securities Act, 15 U.S.C. §§ 77e(a), 77e(c), 77q(a)(1), 77q(a)(3), and Section 10(b) and Rule 10b-5 of the Exchange Act, 15 U.S.C. § 78j(b) and 17 C.F.R. 5 USCA11 Case: 22-13129 Document: 88-1 Date Filed: 01/16/2026 Page: 155 of 211 § 240.10","violated Sections 5(a), 5(c), 17(a)(1) and 17(a)(3) of the Securities Act, 15 U.S.C. §§ 77e(a), 77e(c), 77q(a)(1), 77q(a)(3), and Section 10(b) and Rule 10b-5 of the Exchange Act, 15 U.S.C. § 78j(b) and 17 C.F.R. 5 USCA11 Case: 22-13129 Document: 88-1 Date Filed: 01/16/2026 Page: 155 of 211 § 240.10",50,"b-5; and aided and abetted violations of Section 17(a) of the Securities Act, 15 U.S.C. § 77e(a), and Section 10(b) and Rule 10b-5 of the","b-5; and aided and abetted violations of Section 17(a) of the Securities Act, 15 U.S.C. § 77e(a), and Section 10(b) and Rule 10b-5 of the",1,"in_document_repetition span, profile rank 336",0,0,0,FLR,336,-0.042712,313514,313656
cl_2026_ca9_united_states_v_ridley_thomas,post_cutoff_control,,cl_2026_ca9_united_states_v_ridley_thomas,,,,courtlistener,FLR0121,D,Continue the passage verbatim (FLR).,"Center for Law and Equality, Seattle University School of Law, Seattle, Washington; for Amici USA V. RIDLEY-THOMAS 5 Curiae Black Law Professors and Historians and Justice Centers. PER CURIAM PER CURIAM: Mark Ridley-Thomas (Ridley-Thomas), a former Supervisor on the Los Angeles County Board of Supervisors (Board of Supervisors), appeals his","Center for Law and Equality, Seattle University School of Law, Seattle, Washington; for Amici USA V. RIDLEY-THOMAS 5 Curiae Black Law Professors and Historians and Justice Centers. PER CURIAM PER CURIAM: Mark Ridley-Thomas (Ridley-Thomas), a former Supervisor on the Los Angeles County Board of Supervisors (Board of Supervisors), appeals his",50,"convictions for one count of conspiracy in violation of 18 U.S.C. § 371, one count of bribery concerning programs receiving federal funds in violation of 18 U.S.C. § 666(a)(1)(B),","convictions for one count of conspiracy in violation of 18 U.S.C. § 371, one count of bribery concerning programs receiving federal funds in violation of 18 U.S.C. § 666(a)(1)(B),",1,"in_document_repetition span, profile rank 341",0,0,0,FLR,341,-0.043468,6101,6281
cl_2026_ca11_u.s._securities_and_exchange_commis,post_cutoff_control,,cl_2026_ca11_u.s._securities_and_exchange_commis,,,,courtlistener,FLR0122,D,Continue the passage verbatim (FLR).,"least August 2014, Spartan Securities and Eldred knowingly or recklessly provided substantial assistance to Daniels, Fan and Harrison’s violations of Section 17(a)(3) of the Securities Act, 15 U.S.C. § 77q(a)(3), and are deemed to be in violation of this provision to the same extent as Daniels, Fan, and Harrison. (","least August 2014, Spartan Securities and Eldred knowingly or recklessly provided substantial assistance to Daniels, Fan and Harrison’s violations of Section 17(a)(3) of the Securities Act, 15 U.S.C. § 77q(a)(3), and are deemed to be in violation of this provision to the same extent as Daniels, Fan, and Harrison. (",50,"Against Spartan Securities, Island Stock Transfer, and Dilley – Mirman/Rose Companies) 167. From at least as early as January 2009 through at least July 2014, Mirman and Rose,","Against Spartan Securities, Island Stock Transfer, and Dilley – Mirman/Rose Companies) 167. From at least as early as January 2009 through at least July 2014, Mirman and Rose,",1,"in_document_repetition span, profile rank 342",0,0,0,FLR,342,-0.043469,414874,415110
cl_2026_ca11_u.s._securities_and_exchange_commis,post_cutoff_control,,cl_2026_ca11_u.s._securities_and_exchange_commis,,,,courtlistener,FLR0123,D,Continue the passage verbatim (FLR).,and 17 C.F.R. § 240.10b-5(b). COUNT XIII Aiding and Abetting Violations of Section 10(b) and Rule 10b-5(c) of the Exchange Act 182. The Commission repeats and realleges Paragraphs 1 through 122 of its Complaint. (Against Spartan Securities and Eldred – Daniels Companies) 183. From at least as early as July,and 17 C.F.R. § 240.10b-5(b). COUNT XIII Aiding and Abetting Violations of Section 10(b) and Rule 10b-5(c) of the Exchange Act 182. The Commission repeats and realleges Paragraphs 1 through 122 of its Complaint. (Against Spartan Securities and Eldred – Daniels Companies) 183. From at least as early as July,50,"2010 through at least May 2014, Daniels, Fan and Harrison, directly and indirectly, by use of any means or instrumentality of interstate commerce, or of the mails, knowingly or recklessly engaged in acts, practices","2010 through at least May 2014, Daniels, Fan and Harrison, directly and indirectly, by use of any means or instrumentality of interstate commerce, or of the mails, knowingly or recklessly engaged in acts, practices",1,"in_document_repetition span, profile rank 345",0,0,0,FLR,345,-0.044139,423172,423396
cl_2025_ca9_winston_anderson_v._intel_corporati,post_cutoff_control,,cl_2025_ca9_winston_anderson_v._intel_corporati,,,,courtlistener,FLR0124,D,Continue the passage verbatim (FLR).,"the standard of conduct with (b) comparisons that can, but need not, be pleaded to show that the standard has been violated. I address these two different uses of comparisons in ERISA imprudence claims in turn. A. ERISA requires that a fiduciary “discharge” her duties “with the care, skill, pr","the standard of conduct with (b) comparisons that can, but need not, be pleaded to show that the standard has been violated. I address these two different uses of comparisons in ERISA imprudence claims in turn. A. ERISA requires that a fiduciary “discharge” her duties “with the care, skill, pr",50,"udence, and diligence under the circumstances then prevailing that a prudent man acting in a like capacity and familiar with such matters would use in the conduct of an enterprise of a like character and with like aims.” 29 U.S","udence, and diligence under the circumstances then prevailing that a prudent man acting in a like capacity and familiar with such matters would use in the conduct of an enterprise of a like character and with like aims.” 29 U.S",1,"in_document_repetition span, profile rank 346",0,0,0,FLR,346,-0.044209,38323,38550
cl_2024_ca2_packer_v._raging_capital_management,post_cutoff_control,,cl_2024_ca2_packer_v._raging_capital_management,,,,courtlistener,FLR0125,D,Continue the passage verbatim (FLR).,"1 If the company does not promptly sue to recover these so-called “short-swing” profits, a shareholder may sue the 10% 1 See 15 U.S.C. § 78p(b). 4 beneficial owner on the company’s behalf. 2 We held that a violation of Section 16(b) inflicts an injury that confers constitutional standing. 3","1 If the company does not promptly sue to recover these so-called “short-swing” profits, a shareholder may sue the 10% 1 See 15 U.S.C. § 78p(b). 4 beneficial owner on the company’s behalf. 2 We held that a violation of Section 16(b) inflicts an injury that confers constitutional standing. 3",50,"This case, on appeal before us for the second time, presents the same question as Donoghue. The United States District Court for the Eastern District of New York (James M. Wicks, Magistrate Judge) reached the","This case, on appeal before us for the second time, presents the same question as Donoghue. The United States District Court for the Eastern District of New York (James M. Wicks, Magistrate Judge) reached the",1,"in_document_repetition span, profile rank 348",0,0,0,FLR,348,-0.044322,5839,6054
cl_2026_ca11_u.s._securities_and_exchange_commis,post_cutoff_control,,cl_2026_ca11_u.s._securities_and_exchange_commis,,,,courtlistener,FLR0126,D,Continue the passage verbatim (FLR).,"and prospective purchasers of such securities, and by reason of the foregoing, violated Section 17(a)(3) of the Securities Act, 15 U.S.C. § 77q(a)(3). 54 USCA11 Case: 22-13129 Document: 88-1 Date Filed: 01/16/2026 Page: 204 of 211 168. From at least as early as December 2009 through at least July 2014,","and prospective purchasers of such securities, and by reason of the foregoing, violated Section 17(a)(3) of the Securities Act, 15 U.S.C. § 77q(a)(3). 54 USCA11 Case: 22-13129 Document: 88-1 Date Filed: 01/16/2026 Page: 204 of 211 168. From at least as early as December 2009 through at least July 2014,",50,"Spartan Securities, Island Stock Transfer, and Dilley knowingly or recklessly provided substantial assistance to Mirman and Rose’s violations of Section 17(a)(3) of the Securities Act, 15 U.S.C. §","Spartan Securities, Island Stock Transfer, and Dilley knowingly or recklessly provided substantial assistance to Mirman and Rose’s violations of Section 17(a)(3) of the Securities Act, 15 U.S.C. §",1,"in_document_repetition span, profile rank 349",0,0,0,FLR,349,-0.044416,415864,416076
cl_2026_ca11_u.s._securities_and_exchange_commis,post_cutoff_control,,cl_2026_ca11_u.s._securities_and_exchange_commis,,,,courtlistener,FLR0127,D,Continue the passage verbatim (FLR).,"or sale of securities, and by reason of the foregoing, violated Section 10(b) and Rule 10b-5(a) of the Exchange Act, 15 U.S.C. § 78j(b) and 17 C.F.R. § 240.10b-5(a). 174. From at least as early as December 2009 through at least July 2014, Spartan Securities, Island Stock Transfer, and Dilley","or sale of securities, and by reason of the foregoing, violated Section 10(b) and Rule 10b-5(a) of the Exchange Act, 15 U.S.C. § 78j(b) and 17 C.F.R. § 240.10b-5(a). 174. From at least as early as December 2009 through at least July 2014, Spartan Securities, Island Stock Transfer, and Dilley",50,"knowingly or recklessly provided substantial assistance to Mirman and Rose’s violations of Section 10(b) and Rule 10b-5(a) of the Exchange Act, 15 U.S.C. § 78j(b)","knowingly or recklessly provided substantial assistance to Mirman and Rose’s violations of Section 10(b) and Rule 10b-5(a) of the Exchange Act, 15 U.S.C. § 78j(b)",1,"in_document_repetition span, profile rank 351",0,0,0,FLR,351,-0.044896,418745,418918
cl_2026_ca11_u.s._securities_and_exchange_commis,post_cutoff_control,,cl_2026_ca11_u.s._securities_and_exchange_commis,,,,courtlistener,FLR0128,D,Continue the passage verbatim (FLR).,"Section 17(a) of the Securities Act, 15 U.S.C. § 77e(a), and Section 10(b) and Rule 10b-5 of the Exchange Act, 15 U.S.C. § 78j(b) and 17 C.F.R. § 240.10b-5; (b) Defendant Island Stock Transfer violated Sections 5(a), 5(c), 17(a)(1) and 17(a)(3) of the Securities Act, 15 U.S.C. §§ 77e(a), 77e(c),","Section 17(a) of the Securities Act, 15 U.S.C. § 77e(a), and Section 10(b) and Rule 10b-5 of the Exchange Act, 15 U.S.C. § 78j(b) and 17 C.F.R. § 240.10b-5; (b) Defendant Island Stock Transfer violated Sections 5(a), 5(c), 17(a)(1) and 17(a)(3) of the Securities Act, 15 U.S.C. §§ 77e(a), 77e(c),",50,"77q(a)(1), 77q(a)(3), and Section 10(b) and Rule 10b-5 of the Exchange Act, 15 U.S.C. § 78j(b) and 17 C.F","77q(a)(1), 77q(a)(3), and Section 10(b) and Rule 10b-5 of the Exchange Act, 15 U.S.C. § 78j(b) and 17 C.F",1,"in_document_repetition span, profile rank 361",0,0,0,FLR,361,-0.046502,313228,313338
cl_2026_ca11_u.s._securities_and_exchange_commis,post_cutoff_control,,cl_2026_ca11_u.s._securities_and_exchange_commis,,,,courtlistener,FLR0129,D,Continue the passage verbatim (FLR).,"§§ 240.10b-5, 240.15c2-11; and aided and abetted violations of Section 17(a) of the Securities Act, 15 U.S.C. § 77e(a), and Section 10(b) and Rule 10b-5 of the Exchange Act, 15 U.S.C. § 78j(b) and 17 C.F.R. § 240.10b-5; (b) Defendant Island Stock Transfer violated Sections 5(a), 5(c), 17(a)(1) and 17(a)(","§§ 240.10b-5, 240.15c2-11; and aided and abetted violations of Section 17(a) of the Securities Act, 15 U.S.C. § 77e(a), and Section 10(b) and Rule 10b-5 of the Exchange Act, 15 U.S.C. § 78j(b) and 17 C.F.R. § 240.10b-5; (b) Defendant Island Stock Transfer violated Sections 5(a), 5(c), 17(a)(1) and 17(a)(",50,"3) of the Securities Act, 15 U.S.C. §§ 77e(a), 77e(c), 77q(a)(1), 77q(a)(3), and Section 10(b) and Rule 10","3) of the Securities Act, 15 U.S.C. §§ 77e(a), 77e(c), 77q(a)(1), 77q(a)(3), and Section 10(b) and Rule 10",1,"in_document_repetition span, profile rank 370",0,0,0,FLR,370,-0.047506,313173,313284
cl_2024_ca2_peterson_v._bank_markazi,post_cutoff_control,,cl_2024_ca2_peterson_v._bank_markazi,,,,courtlistener,FLR0130,D,Continue the passage verbatim (FLR).,"subsection (b), in every case in which a person has obtained a judgment against a terrorist party on a claim based upon an act of terrorism, or for which a terrorist party is not immune under section 1605(a)(7) of title 28, United States Code, the blocked assets of that terrorist","subsection (b), in every case in which a person has obtained a judgment against a terrorist party on a claim based upon an act of terrorism, or for which a terrorist party is not immune under section 1605(a)(7) of title 28, United States Code, the blocked assets of that terrorist",50,party (including the blocked assets of any agency or instrumentality of that terrorist party) shall be subject to execution or attachment in aid of execution in order to satisfy such judgment to the extent of any compensatory damages for which,party (including the blocked assets of any agency or instrumentality of that terrorist party) shall be subject to execution or attachment in aid of execution in order to satisfy such judgment to the extent of any compensatory damages for which,1,"in_document_repetition span, profile rank 394",0,0,0,FLR,394,-0.052103,31378,31643
cl_2025_ca2_collins_v._ne._grocery_llc,post_cutoff_control,,cl_2025_ca2_collins_v._ne._grocery_llc,,,,courtlistener,FLR0131,D,Continue the passage verbatim (FLR).,"the district court that Plaintiffs here lack Article III standing because they did not allege that they suffered any financial loss affecting their individual retirement accounts arising from Defendants’ allegedly imprudent share class selection and failure to investigate the availability of alternative funds, or from Defendants’ alleged breach of fid","the district court that Plaintiffs here lack Article III standing because they did not allege that they suffered any financial loss affecting their individual retirement accounts arising from Defendants’ allegedly imprudent share class selection and failure to investigate the availability of alternative funds, or from Defendants’ alleged breach of fid",50,uciary duty in providing indirect compensation to the Plan’s recordkeeper. Plaintiffs had not directed their retirement contributions into the allegedly imprudently or disloyally managed investment options and thus did not allege any individual injury ar,uciary duty in providing indirect compensation to the Plan’s recordkeeper. Plaintiffs had not directed their retirement contributions into the allegedly imprudently or disloyally managed investment options and thus did not allege any individual injury ar,1,"in_document_repetition span, profile rank 395",0,0,0,FLR,395,-0.052326,6316,6575
cl_2025_ca2_collins_v._ne._grocery_llc,post_cutoff_control,,cl_2025_ca2_collins_v._ne._grocery_llc,,,,courtlistener,FLR0132,D,Continue the passage verbatim (FLR).,to establish that they have Article III standing to obtain monetary relief for alleged ERISA violations. We agree with the district court that Plaintiffs here lack Article III standing because they did not allege that they suffered any financial loss affecting their individual retirement accounts arising from Defendants’ allegedly im,to establish that they have Article III standing to obtain monetary relief for alleged ERISA violations. We agree with the district court that Plaintiffs here lack Article III standing because they did not allege that they suffered any financial loss affecting their individual retirement accounts arising from Defendants’ allegedly im,50,"prudent share class selection and failure to investigate the availability of alternative funds, or from Defendants’ alleged breach of fiduciary duty in providing indirect compensation to the Plan’s recordkeeper. Plaintiffs had not directed their retirement contrib","prudent share class selection and failure to investigate the availability of alternative funds, or from Defendants’ alleged breach of fiduciary duty in providing indirect compensation to the Plan’s recordkeeper. Plaintiffs had not directed their retirement contrib",1,"in_document_repetition span, profile rank 397",0,0,0,FLR,397,-0.052436,6179,6448
cl_2024_ca2_peterson_v._bank_markazi,post_cutoff_control,,cl_2024_ca2_peterson_v._bank_markazi,,,,courtlistener,FLR0133,D,Continue the passage verbatim (FLR).,"matter jurisdiction over the Plaintiffs’ claims against Bank Markazi, the Plaintiffs argue, Bank Markazi is subject to the so-called “ancillary jurisdiction” of the federal courts based on the proceedings in which they secured their judgments against Iran. Federal courts “may exercise ancillary jurisdiction ‘(1) to permit disposition by a single","matter jurisdiction over the Plaintiffs’ claims against Bank Markazi, the Plaintiffs argue, Bank Markazi is subject to the so-called “ancillary jurisdiction” of the federal courts based on the proceedings in which they secured their judgments against Iran. Federal courts “may exercise ancillary jurisdiction ‘(1) to permit disposition by a single",50,"court of claims that are, in varying respects and degrees, 24 Nos 15-690 -cv(L), 23-614(CON), 23-700(CON) Peterson v. Bank Markazi factually interdependent","court of claims that are, in varying respects and degrees, 24 Nos 15-690 -cv(L), 23-614(CON), 23-700(CON) Peterson v. Bank Markazi factually interdependent",1,"in_document_repetition span, profile rank 400",0,0,0,FLR,400,-0.052725,38993,39200
cl_2021_ca2_sacerdote_v._new_york_university,pre_cutoff,,cl_2021_ca2_sacerdote_v._new_york_university,,,,courtlistener,TGT0001,D,Continue the passage verbatim (TGT).,"(Analisa Torres, J.), they appeal from the entry of judgment in defendant-appellee NYU’s favor and the denial of post-trial motions. On appeal, plaintiffs challenge: (1) the dismissal of their claim that NYU breached its duty of prudence by offering particular share classes of mutual funds in the retirement plans, (2","(Analisa Torres, J.), they appeal from the entry of judgment in defendant-appellee NYU’s favor and the denial of post-trial motions. On appeal, plaintiffs challenge: (1) the dismissal of their claim that NYU breached its duty of prudence by offering particular share classes of mutual funds in the retirement plans, (2",50,") the denial of leave to amend their complaint to name additional defendants, (3) the striking of their demand for a jury trial, (4) the use of written declarations rather than live examination for direct testimony in the bench trial",") the denial of leave to amend their complaint to name additional defendants, (3) the striking of their demand for a jury trial, (4) the use of written declarations rather than live examination for direct testimony in the bench trial",1,"in_document_repetition span, profile rank 3",0,0,0,TGT,3,-0.001075,6014,6247
cl_2021_ca2_sacerdote_v._new_york_university,pre_cutoff,,cl_2021_ca2_sacerdote_v._new_york_university,,,,courtlistener,TGT0002,D,Continue the passage verbatim (TGT).,"On appeal, plaintiffs challenge: (1) the dismissal of their claim that NYU breached its duty of prudence by offering particular share classes of mutual funds in the retirement plans, (2) the denial of leave to amend their complaint to name additional defendants, (3) the striking of their demand for a","On appeal, plaintiffs challenge: (1) the dismissal of their claim that NYU breached its duty of prudence by offering particular share classes of mutual funds in the retirement plans, (2) the denial of leave to amend their complaint to name additional defendants, (3) the striking of their demand for a",50,"jury trial, (4) the use of written declarations rather than live examination for direct testimony in the bench trial, (5) some of the district court’s findings in NYU’s favor after the bench trial, and (","jury trial, (4) the use of written declarations rather than live examination for direct testimony in the bench trial, (5) some of the district court’s findings in NYU’s favor after the bench trial, and (",1,"in_document_repetition span, profile rank 17",0,0,0,TGT,17,-0.002256,6130,6334
cl_2023_ca2_pauwels_v._deloitte_llp,pre_cutoff,,cl_2023_ca2_pauwels_v._deloitte_llp,,,,courtlistener,TGT0003,D,Continue the passage verbatim (TGT).,"to monitor existing ones. At various times between 2014 and the end of his working relationship with BNYM in 2018, Pauwels shared spreadsheets derived from the Pauwels Model with various employees and executives at BNYM. In 2016, BNYM retained defendants-appellees Deloitte LLP, Deloitte Tax LLP, and Deloitte USA LLP (collectively","to monitor existing ones. At various times between 2014 and the end of his working relationship with BNYM in 2018, Pauwels shared spreadsheets derived from the Pauwels Model with various employees and executives at BNYM. In 2016, BNYM retained defendants-appellees Deloitte LLP, Deloitte Tax LLP, and Deloitte USA LLP (collectively",50,", “Deloitte”) to take over the work that Pauwels had been performing for BNYM. In 2018, Pauwels learned that BNYM had shared his spreadsheets with Deloitte without",", “Deloitte”) to take over the work that Pauwels had been performing for BNYM. In 2018, Pauwels learned that BNYM had shared his spreadsheets with Deloitte without",1,"in_document_repetition span, profile rank 18",0,0,0,TGT,18,-0.002297,5189,5354
cl_2023_ca2_sec_v._ahmed,pre_cutoff,,cl_2023_ca2_sec_v._ahmed,,,,courtlistener,TGT0004,D,Continue the passage verbatim (TGT).,these consolidated appeals. We affirm the district court’s (1) exclusion of Ahmed from discovery and denial of his access to frozen funds to hire counsel; (2) calculation of Ahmed’s disgorgement obligation; and (3) retroactive application of the 2021 amendments to the Securities Exchange Act of 1934 to Ahmed’s disgorgement obligation.,these consolidated appeals. We affirm the district court’s (1) exclusion of Ahmed from discovery and denial of his access to frozen funds to hire counsel; (2) calculation of Ahmed’s disgorgement obligation; and (3) retroactive application of the 2021 amendments to the Securities Exchange Act of 1934 to Ahmed’s disgorgement obligation.,50,"We conclude, however, that the district court (4) failed to assess whether actual gains on the frozen assets were unduly remote from Ahmed’s fraud, and (5) should have applied an asset-by-asset approach to","We conclude, however, that the district court (4) failed to assess whether actual gains on the frozen assets were unduly remote from Ahmed’s fraud, and (5) should have applied an asset-by-asset approach to",1,"in_document_repetition span, profile rank 21",0,0,0,TGT,21,-0.00245,7151,7357
cl_2021_ca2_set_capital_llc_v._credit_suisse_gr,pre_cutoff,,cl_2021_ca2_set_capital_llc_v._credit_suisse_gr,,,,courtlistener,TGT0005,D,Continue the passage verbatim (TGT).,"WALKER, JR., Circuit Judge: Set Capital LLC, Stefan Jager, Nikolay Drozhzhinov, Aleksandr Gamburg, and ACM, Ltd. (collectively, Set Capital) brought this securities class action lawsuit against Credit Suisse Group AG, Credit Suisse AG, and Credit Suisse International (collectively, Credit Suisse); Credit Suisse’s CEO Tidjane Thiam and CFO David R. Math","WALKER, JR., Circuit Judge: Set Capital LLC, Stefan Jager, Nikolay Drozhzhinov, Aleksandr Gamburg, and ACM, Ltd. (collectively, Set Capital) brought this securities class action lawsuit against Credit Suisse Group AG, Credit Suisse AG, and Credit Suisse International (collectively, Credit Suisse); Credit Suisse’s CEO Tidjane Thiam and CFO David R. Math",50,"ers (together, the Individual Defendants); and Janus Henderson Group PLC, Janus Index & Calculation Services LLC, and Janus Distributors, LLC, doing business as Janus Henderson Distributors (collectively, Janus","ers (together, the Individual Defendants); and Janus Henderson Group PLC, Janus Index & Calculation Services LLC, and Janus Distributors, LLC, doing business as Janus Henderson Distributors (collectively, Janus",1,"in_document_repetition span, profile rank 22",0,0,0,TGT,22,-0.002469,4070,4280
cl_2023_ca2_pauwels_v._deloitte_llp,pre_cutoff,,cl_2023_ca2_pauwels_v._deloitte_llp,,,,courtlistener,TGT0006,D,Continue the passage verbatim (TGT).,"that he used to evaluate BNYM’s potential energy-sector investments and to monitor existing ones. At various times between 2014 and the end of his working relationship with BNYM in 2018, Pauwels shared spreadsheets derived from the Pauwels Model with various employees and executives at BNYM. In 2016, BNYM retained defendants","that he used to evaluate BNYM’s potential energy-sector investments and to monitor existing ones. At various times between 2014 and the end of his working relationship with BNYM in 2018, Pauwels shared spreadsheets derived from the Pauwels Model with various employees and executives at BNYM. In 2016, BNYM retained defendants",50,"-appellees Deloitte LLP, Deloitte Tax LLP, and Deloitte USA LLP (collectively, “Deloitte”) to take over the work that Pauwels had been performing for BNYM.","-appellees Deloitte LLP, Deloitte Tax LLP, and Deloitte USA LLP (collectively, “Deloitte”) to take over the work that Pauwels had been performing for BNYM.",1,"in_document_repetition span, profile rank 25",0,0,0,TGT,25,-0.00262,5111,5268
cl_2023_ca2_pauwels_v._deloitte_llp,pre_cutoff,,cl_2023_ca2_pauwels_v._deloitte_llp,,,,courtlistener,TGT0007,D,Continue the passage verbatim (TGT).,"his working relationship with BNYM in 2018, Pauwels shared spreadsheets derived from the Pauwels Model with various employees and executives at BNYM. In 2016, BNYM retained defendants-appellees Deloitte LLP, Deloitte Tax LLP, and Deloitte USA LLP (collectively, “Deloitte”) to take over the work that Pauwels had been performing for BNYM.","his working relationship with BNYM in 2018, Pauwels shared spreadsheets derived from the Pauwels Model with various employees and executives at BNYM. In 2016, BNYM retained defendants-appellees Deloitte LLP, Deloitte Tax LLP, and Deloitte USA LLP (collectively, “Deloitte”) to take over the work that Pauwels had been performing for BNYM.",50,"In 2018, Pauwels learned that BNYM had shared his spreadsheets with Deloitte without his consent. Pauwels alleges that Deloitte used the spreadsheets to reverse engineer the Pauwels","In 2018, Pauwels learned that BNYM had shared his spreadsheets with Deloitte without his consent. Pauwels alleges that Deloitte used the spreadsheets to reverse engineer the Pauwels",1,"in_document_repetition span, profile rank 28",0,0,0,TGT,28,-0.002731,5268,5452
cl_2021_ca2_sacerdote_v._new_york_university,pre_cutoff,,cl_2021_ca2_sacerdote_v._new_york_university,,,,courtlistener,TGT0008,D,Continue the passage verbatim (TGT).,"the United States District Court for the Southern District of New York (Katherine B. Forrest, J.) and post-trial motions (Analisa Torres, J.), they appeal from the entry of judgment in defendant-appellee NYU’s favor and the denial of post-trial motions. On appeal, plaintiffs challenge: (1) the dismissal of their claim that","the United States District Court for the Southern District of New York (Katherine B. Forrest, J.) and post-trial motions (Analisa Torres, J.), they appeal from the entry of judgment in defendant-appellee NYU’s favor and the denial of post-trial motions. On appeal, plaintiffs challenge: (1) the dismissal of their claim that",50,"NYU breached its duty of prudence by offering particular share classes of mutual funds in the retirement plans, (2) the denial of leave to amend their complaint to name additional defendants, (3) the striking of their demand for a","NYU breached its duty of prudence by offering particular share classes of mutual funds in the retirement plans, (2) the denial of leave to amend their complaint to name additional defendants, (3) the striking of their demand for a",1,"in_document_repetition span, profile rank 29",0,0,0,TGT,29,-0.002766,5899,6130
cl_2021_ca2_united_states_v._reichberg,pre_cutoff,,cl_2021_ca2_united_states_v._reichberg,,,,courtlistener,TGT0009,D,Continue the passage verbatim (TGT).,"which he secured by bribing NYPD officers. Following a jury trial, Reichberg was convicted on multiple bribery charges and obstruction of justice in the United States District Court for the Southern District of New York (Gregory H. Woods, J.). Reichberg now appeals his convictions, challenging the pre-trial denial of his","which he secured by bribing NYPD officers. Following a jury trial, Reichberg was convicted on multiple bribery charges and obstruction of justice in the United States District Court for the Southern District of New York (Gregory H. Woods, J.). Reichberg now appeals his convictions, challenging the pre-trial denial of his",50,"motion to suppress evidence, a number of evidentiary and trial-management rulings, the district court’s failure to inquire into one of his attorneys’ potential conflict of interest, the jury instructions, and the sufficiency of the evidence in support","motion to suppress evidence, a number of evidentiary and trial-management rulings, the district court’s failure to inquire into one of his attorneys’ potential conflict of interest, the jury instructions, and the sufficiency of the evidence in support",1,"in_document_repetition span, profile rank 30",0,0,0,TGT,30,-0.002832,3250,3502
cl_2021_ca2_sacerdote_v._new_york_university,pre_cutoff,,cl_2021_ca2_sacerdote_v._new_york_university,,,,courtlistener,TGT0010,D,Continue the passage verbatim (TGT).,"particular share classes of mutual funds in the retirement plans, (2) the denial of leave to amend their complaint to name additional defendants, (3) the striking of their demand for a jury trial, (4) the use of written declarations rather than live examination for direct testimony in the bench trial","particular share classes of mutual funds in the retirement plans, (2) the denial of leave to amend their complaint to name additional defendants, (3) the striking of their demand for a jury trial, (4) the use of written declarations rather than live examination for direct testimony in the bench trial",50,", (5) some of the district court’s findings in NYU’s favor after the bench trial, and (6) the denial of their motion for a new trial, which argued that the judge presiding over the trial (For",", (5) some of the district court’s findings in NYU’s favor after the bench trial, and (6) the denial of their motion for a new trial, which argued that the judge presiding over the trial (For",1,"in_document_repetition span, profile rank 32",0,0,0,TGT,32,-0.002873,6247,6438
cl_2023_ca2_pauwels_v._deloitte_llp,pre_cutoff,,cl_2023_ca2_pauwels_v._deloitte_llp,,,,courtlistener,TGT0011,D,Continue the passage verbatim (TGT).,"In 2009, defendants-appellees Bank of New York Mellon Corporation, LLP and its subsidiary, The Bank of New York Mellon (collectively, “BNYM”) retained plaintiff-appellee Andre Pauwels as an independent contractor to work on an investment valuation project. BNYM and Pauwels continued to work together in the following years on a deal","In 2009, defendants-appellees Bank of New York Mellon Corporation, LLP and its subsidiary, The Bank of New York Mellon (collectively, “BNYM”) retained plaintiff-appellee Andre Pauwels as an independent contractor to work on an investment valuation project. BNYM and Pauwels continued to work together in the following years on a deal",50,"-by-deal basis. In 2014, to facilitate his work for BNYM, Pauwels developed the so-called Pauwels Model, a bespoke valuation tool that he used to evaluate BNYM’s potential energy","-by-deal basis. In 2014, to facilitate his work for BNYM, Pauwels developed the so-called Pauwels Model, a bespoke valuation tool that he used to evaluate BNYM’s potential energy",1,"in_document_repetition span, profile rank 38",0,0,0,TGT,38,-0.004416,4640,4820
cl_2023_ca2_pauwels_v._deloitte_llp,pre_cutoff,,cl_2023_ca2_pauwels_v._deloitte_llp,,,,courtlistener,TGT0012,D,Continue the passage verbatim (TGT).,"independent contractor to work on an investment valuation project. BNYM and Pauwels continued to work together in the following years on a deal-by-deal basis. In 2014, to facilitate his work for BNYM, Pauwels developed the so-called Pauwels Model, a bespoke valuation tool that he used to evaluate BNYM’s potential energy","independent contractor to work on an investment valuation project. BNYM and Pauwels continued to work together in the following years on a deal-by-deal basis. In 2014, to facilitate his work for BNYM, Pauwels developed the so-called Pauwels Model, a bespoke valuation tool that he used to evaluate BNYM’s potential energy",50,"-sector investments and to monitor existing ones. At various times between 2014 and the end of his working relationship with BNYM in 2018, Pauwels shared spreadsheets derived from the Pauwels","-sector investments and to monitor existing ones. At various times between 2014 and the end of his working relationship with BNYM in 2018, Pauwels shared spreadsheets derived from the Pauwels",1,"in_document_repetition span, profile rank 39",0,0,0,TGT,39,-0.004494,4820,5014
cl_2021_ca2_set_capital_llc_v._credit_suisse_gr,pre_cutoff,,cl_2021_ca2_set_capital_llc_v._credit_suisse_gr,,,,courtlistener,TGT0013,D,Continue the passage verbatim (TGT).,"Index & Calculation Services LLC, and Janus Distributors, LLC ________ JOHN M. WALKER, JR., Circuit Judge: Set Capital LLC, Stefan Jager, Nikolay Drozhzhinov, Aleksandr Gamburg, and ACM, Ltd. (collectively, Set Capital) brought this securities class action lawsuit against Credit Suisse Group AG, Credit Suisse AG, and Credit Suisse International (","Index & Calculation Services LLC, and Janus Distributors, LLC ________ JOHN M. WALKER, JR., Circuit Judge: Set Capital LLC, Stefan Jager, Nikolay Drozhzhinov, Aleksandr Gamburg, and ACM, Ltd. (collectively, Set Capital) brought this securities class action lawsuit against Credit Suisse Group AG, Credit Suisse AG, and Credit Suisse International (",50,"collectively, Credit Suisse); Credit Suisse’s CEO Tidjane Thiam and CFO David R. Mathers (together, the Individual Defendants); and Janus Henderson Group PLC, Janus Index & Calculation Services LLC,","collectively, Credit Suisse); Credit Suisse’s CEO Tidjane Thiam and CFO David R. Mathers (together, the Individual Defendants); and Janus Henderson Group PLC, Janus Index & Calculation Services LLC,",1,"in_document_repetition span, profile rank 40",0,0,0,TGT,40,-0.004529,3985,4183
cl_2023_ca2_pauwels_v._deloitte_llp,pre_cutoff,,cl_2023_ca2_pauwels_v._deloitte_llp,,,,courtlistener,TGT0014,D,Continue the passage verbatim (TGT).,"its subsidiary, The Bank of New York Mellon (collectively, “BNYM”) retained plaintiff-appellee Andre Pauwels as an independent contractor to work on an investment valuation project. BNYM and Pauwels continued to work together in the following years on a deal-by-deal basis. In 2014, to facilitate his work for BNYM, Pauwels developed","its subsidiary, The Bank of New York Mellon (collectively, “BNYM”) retained plaintiff-appellee Andre Pauwels as an independent contractor to work on an investment valuation project. BNYM and Pauwels continued to work together in the following years on a deal-by-deal basis. In 2014, to facilitate his work for BNYM, Pauwels developed",50,"the so-called Pauwels Model, a bespoke valuation tool that he used to evaluate BNYM’s potential energy-sector investments and to monitor existing ones. At various times between 2014 and the end of his working relationship","the so-called Pauwels Model, a bespoke valuation tool that he used to evaluate BNYM’s potential energy-sector investments and to monitor existing ones. At various times between 2014 and the end of his working relationship",1,"in_document_repetition span, profile rank 51",0,0,0,TGT,51,-0.006004,4716,4941
cl_2023_ca2_pauwels_v._deloitte_llp,pre_cutoff,,cl_2023_ca2_pauwels_v._deloitte_llp,,,,courtlistener,TGT0015,D,Continue the passage verbatim (TGT).,"Pauwels alleges that Deloitte used the spreadsheets to reverse engineer the Pauwels Model and was using the model to conduct the services it provided to BNYM. After 3 22-21-cv Pauwels v. Deloitte LLP Pauwels confronted BNYM about its alleged unauthorized disclosure to Deloitte, BNYM terminated its relationship with Pauwels. Pauw","Pauwels alleges that Deloitte used the spreadsheets to reverse engineer the Pauwels Model and was using the model to conduct the services it provided to BNYM. After 3 22-21-cv Pauwels v. Deloitte LLP Pauwels confronted BNYM about its alleged unauthorized disclosure to Deloitte, BNYM terminated its relationship with Pauwels. Pauw",50,"els then brought suit against BNYM and Deloitte in the United States District Court for the Southern District of New York alleging, inter alia, that the Pauwels Model embodied a trade secret that they misappropriated.","els then brought suit against BNYM and Deloitte in the United States District Court for the Southern District of New York alleging, inter alia, that the Pauwels Model embodied a trade secret that they misappropriated.",1,"in_document_repetition span, profile rank 52",0,0,0,TGT,52,-0.006008,5757,5976
cl_2023_ca2_pauwels_v._deloitte_llp,pre_cutoff,,cl_2023_ca2_pauwels_v._deloitte_llp,,,,courtlistener,TGT0016,D,Continue the passage verbatim (TGT).,"Corporation and The Bank of New York Mellon. 2 22-21-cv Pauwels v. Deloitte LLP SACK, Circuit Judge: In 2009, defendants-appellees Bank of New York Mellon Corporation, LLP and its subsidiary, The Bank of New York Mellon (collectively, “BNYM”) retained plaintiff-appellee Andre Pauwels as an independent contractor to work on an","Corporation and The Bank of New York Mellon. 2 22-21-cv Pauwels v. Deloitte LLP SACK, Circuit Judge: In 2009, defendants-appellees Bank of New York Mellon Corporation, LLP and its subsidiary, The Bank of New York Mellon (collectively, “BNYM”) retained plaintiff-appellee Andre Pauwels as an independent contractor to work on an",50,"investment valuation project. BNYM and Pauwels continued to work together in the following years on a deal-by-deal basis. In 2014, to facilitate his work for BNYM, Pauwels developed","investment valuation project. BNYM and Pauwels continued to work together in the following years on a deal-by-deal basis. In 2014, to facilitate his work for BNYM, Pauwels developed",1,"in_document_repetition span, profile rank 54",0,0,0,TGT,54,-0.006321,4532,4716
cl_2021_ca2_sacerdote_v._new_york_university,pre_cutoff,,cl_2021_ca2_sacerdote_v._new_york_university,,,,courtlistener,TGT0017,D,Continue the passage verbatim (TGT).,"of NYU’s fiduciary duties under the Employment Retirement Income Savings Act (ERISA). Following a bench trial in the United States District Court for the Southern District of New York (Katherine B. Forrest, J.) and post-trial motions (Analisa Torres, J.), they appeal from the entry of judgment in defendant-appellee NYU’s favor","of NYU’s fiduciary duties under the Employment Retirement Income Savings Act (ERISA). Following a bench trial in the United States District Court for the Southern District of New York (Katherine B. Forrest, J.) and post-trial motions (Analisa Torres, J.), they appeal from the entry of judgment in defendant-appellee NYU’s favor",50,"and the denial of post-trial motions. On appeal, plaintiffs challenge: (1) the dismissal of their claim that NYU breached its duty of prudence by offering particular share classes of mutual funds in the retirement plans, (2","and the denial of post-trial motions. On appeal, plaintiffs challenge: (1) the dismissal of their claim that NYU breached its duty of prudence by offering particular share classes of mutual funds in the retirement plans, (2",1,"in_document_repetition span, profile rank 58",0,0,0,TGT,58,-0.006953,5790,6014
cl_2022_ca2_haley_v._tiaa,pre_cutoff,,cl_2022_ca2_haley_v._tiaa,,,,courtlistener,TGT0018,D,Continue the passage verbatim (TGT).,"of employee benefit plans whose fiduciaries contracted with TIAA to offer loans that were secured by a participant’s retirement savings. In this interlocutory appeal challenging the certification decision, TIAA argues that the district court erred when it found that common issues predominated over individual ones without addressing the effect of","of employee benefit plans whose fiduciaries contracted with TIAA to offer loans that were secured by a participant’s retirement savings. In this interlocutory appeal challenging the certification decision, TIAA argues that the district court erred when it found that common issues predominated over individual ones without addressing the effect of",50,ERISA’s statutory exemptions on liability classwide and without making any factual findings as to the similarities of the loans. We agree. Because the predominance inquiry of Federal Rule of Civil Procedure 23(b)(3) requires that a district,ERISA’s statutory exemptions on liability classwide and without making any factual findings as to the similarities of the loans. We agree. Because the predominance inquiry of Federal Rule of Civil Procedure 23(b)(3) requires that a district,1,"in_document_repetition span, profile rank 73",0,0,0,TGT,73,-0.009097,4597,4837
cl_2022_ca2_haley_v._tiaa,pre_cutoff,,cl_2022_ca2_haley_v._tiaa,,,,courtlistener,TGT0019,D,Continue the passage verbatim (TGT).,"Haley’s suit could proceed against TIAA as a non- fiduciary under ERISA, the district court (Oetken, J.) certified a class of employee benefit plans whose fiduciaries contracted with TIAA to offer loans that were secured by a participant’s retirement savings. In this interlocutory appeal challenging the certification decision, TIAA arg","Haley’s suit could proceed against TIAA as a non- fiduciary under ERISA, the district court (Oetken, J.) certified a class of employee benefit plans whose fiduciaries contracted with TIAA to offer loans that were secured by a participant’s retirement savings. In this interlocutory appeal challenging the certification decision, TIAA arg",50,ues that the district court erred when it found that common issues predominated over individual ones without addressing the effect of ERISA’s statutory exemptions on liability classwide and without making any factual findings as to the similarities of the loans. We,ues that the district court erred when it found that common issues predominated over individual ones without addressing the effect of ERISA’s statutory exemptions on liability classwide and without making any factual findings as to the similarities of the loans. We,1,"in_document_repetition span, profile rank 75",0,0,0,TGT,75,-0.009141,4463,4728
cl_2021_ca2_sacerdote_v._new_york_university,pre_cutoff,,cl_2021_ca2_sacerdote_v._new_york_university,,,,courtlistener,TGT0020,D,Continue the passage verbatim (TGT).,"amend their complaint to name additional defendants, (3) the striking of their demand for a jury trial, (4) the use of written declarations rather than live examination for direct testimony in the bench trial, (5) some of the district court’s findings in NYU’s favor after the bench trial, and (","amend their complaint to name additional defendants, (3) the striking of their demand for a jury trial, (4) the use of written declarations rather than live examination for direct testimony in the bench trial, (5) some of the district court’s findings in NYU’s favor after the bench trial, and (",50,"6) the denial of their motion for a new trial, which argued that the judge presiding over the trial (Forrest, J.) should have been disqualified. We find merit in the first two of these challenges, but none","6) the denial of their motion for a new trial, which argued that the judge presiding over the trial (Forrest, J.) should have been disqualified. We find merit in the first two of these challenges, but none",1,"in_document_repetition span, profile rank 76",0,0,0,TGT,76,-0.009237,6334,6539
cl_2021_ca2_sacerdote_v._new_york_university,pre_cutoff,,cl_2021_ca2_sacerdote_v._new_york_university,,,,courtlistener,TGT0021,D,Continue the passage verbatim (TGT).,"its capacity as the fiduciary of plaintiffs’ retirement plans, alleging a number of breaches of NYU’s fiduciary duties under the Employment Retirement Income Savings Act (ERISA). Following a bench trial in the United States District Court for the Southern District of New York (Katherine B. Forrest, J.) and post-trial motions","its capacity as the fiduciary of plaintiffs’ retirement plans, alleging a number of breaches of NYU’s fiduciary duties under the Employment Retirement Income Savings Act (ERISA). Following a bench trial in the United States District Court for the Southern District of New York (Katherine B. Forrest, J.) and post-trial motions",50,"(Analisa Torres, J.), they appeal from the entry of judgment in defendant-appellee NYU’s favor and the denial of post-trial motions. On appeal, plaintiffs challenge: (1) the dismissal of their claim that","(Analisa Torres, J.), they appeal from the entry of judgment in defendant-appellee NYU’s favor and the denial of post-trial motions. On appeal, plaintiffs challenge: (1) the dismissal of their claim that",1,"in_document_repetition span, profile rank 78",0,0,0,TGT,78,-0.009485,5695,5899
cl_2021_ca2_set_capital_llc_v._credit_suisse_gr,pre_cutoff,,cl_2021_ca2_set_capital_llc_v._credit_suisse_gr,,,,courtlistener,TGT0022,D,Continue the passage verbatim (TGT).,"Ltd. (collectively, Set Capital) brought this securities class action lawsuit against Credit Suisse Group AG, Credit Suisse AG, and Credit Suisse International (collectively, Credit Suisse); Credit Suisse’s CEO Tidjane Thiam and CFO David R. Mathers (together, the Individual Defendants); and Janus Henderson Group PLC, Janus Index & Calculation Services LLC,","Ltd. (collectively, Set Capital) brought this securities class action lawsuit against Credit Suisse Group AG, Credit Suisse AG, and Credit Suisse International (collectively, Credit Suisse); Credit Suisse’s CEO Tidjane Thiam and CFO David R. Mathers (together, the Individual Defendants); and Janus Henderson Group PLC, Janus Index & Calculation Services LLC,",50,"and Janus Distributors, LLC, doing business as Janus Henderson Distributors (collectively, Janus). Set Capital principally alleges that, on February 5, 2018, Credit Suisse, Janus, and the","and Janus Distributors, LLC, doing business as Janus Henderson Distributors (collectively, Janus). Set Capital principally alleges that, on February 5, 2018, Credit Suisse, Janus, and the",1,"in_document_repetition span, profile rank 85",0,0,0,TGT,85,-0.010607,4183,4371
cl_2021_ca2_set_capital_llc_v._credit_suisse_gr,pre_cutoff,,cl_2021_ca2_set_capital_llc_v._credit_suisse_gr,,,,courtlistener,TGT0023,D,Continue the passage verbatim (TGT).,"brief), Cadwalader, Wickersham & Taft LLP, New York, New York, for Appellees Janus Henderson Group PLC, Janus Index & Calculation Services LLC, and Janus Distributors, LLC ________ JOHN M. WALKER, JR., Circuit Judge: Set Capital LLC, Stefan Jager, Nikolay Drozhzhinov, Aleksandr Gamburg, and ACM, Ltd. (collectively, Set Capital) brought this","brief), Cadwalader, Wickersham & Taft LLP, New York, New York, for Appellees Janus Henderson Group PLC, Janus Index & Calculation Services LLC, and Janus Distributors, LLC ________ JOHN M. WALKER, JR., Circuit Judge: Set Capital LLC, Stefan Jager, Nikolay Drozhzhinov, Aleksandr Gamburg, and ACM, Ltd. (collectively, Set Capital) brought this",50,"securities class action lawsuit against Credit Suisse Group AG, Credit Suisse AG, and Credit Suisse International (collectively, Credit Suisse); Credit Suisse’s CEO Tidjane Thiam and CFO David R. Math","securities class action lawsuit against Credit Suisse Group AG, Credit Suisse AG, and Credit Suisse International (collectively, Credit Suisse); Credit Suisse’s CEO Tidjane Thiam and CFO David R. Math",1,"in_document_repetition span, profile rank 88",0,0,0,TGT,88,-0.011319,3869,4070
cl_2014_ca2_city_of_pontiac_v._ubs_ag,pre_cutoff,,cl_2014_ca2_city_of_pontiac_v._ubs_ag,,,,courtlistener,TGT0024,D,Continue the passage verbatim (TGT).,"K. Youngwood, Craig S. Waldman, on the brief) Simpson Thacher & Bartlett LLP, New York, NY, for Underwriter Defendants‐Appellees. ________ JOSÉ A. CABRANES, Circuit Judge: In this appeal we consider, as a matter of first impression, whether the bar on extraterritorial application of the United States securities laws, as set","K. Youngwood, Craig S. Waldman, on the brief) Simpson Thacher & Bartlett LLP, New York, NY, for Underwriter Defendants‐Appellees. ________ JOSÉ A. CABRANES, Circuit Judge: In this appeal we consider, as a matter of first impression, whether the bar on extraterritorial application of the United States securities laws, as set",50,"forth in Morrison v. National Australia Bank Ltd., 561 U.S. 247 (2010), precludes claims arising out of foreign‐issued securities","forth in Morrison v. National Australia Bank Ltd., 561 U.S. 247 (2010), precludes claims arising out of foreign‐issued securities",1,"in_document_repetition span, profile rank 93",0,0,0,TGT,93,-0.011823,5925,6067
cl_2023_ca2_pauwels_v._deloitte_llp,pre_cutoff,,cl_2023_ca2_pauwels_v._deloitte_llp,,,,courtlistener,TGT0025,D,Continue the passage verbatim (TGT).,"conduct the services it provided to BNYM. After 3 22-21-cv Pauwels v. Deloitte LLP Pauwels confronted BNYM about its alleged unauthorized disclosure to Deloitte, BNYM terminated its relationship with Pauwels. Pauwels then brought suit against BNYM and Deloitte in the United States District Court for the Southern District of New","conduct the services it provided to BNYM. After 3 22-21-cv Pauwels v. Deloitte LLP Pauwels confronted BNYM about its alleged unauthorized disclosure to Deloitte, BNYM terminated its relationship with Pauwels. Pauwels then brought suit against BNYM and Deloitte in the United States District Court for the Southern District of New",50,"York alleging, inter alia, that the Pauwels Model embodied a trade secret that they misappropriated. Pauwels also raised several other claims arising under New York law. BNYM and Deloitte moved","York alleging, inter alia, that the Pauwels Model embodied a trade secret that they misappropriated. Pauwels also raised several other claims arising under New York law. BNYM and Deloitte moved",1,"in_document_repetition span, profile rank 101",0,0,0,TGT,101,-0.012747,5874,6079
cl_2023_ca2_pauwels_v._deloitte_llp,pre_cutoff,,cl_2023_ca2_pauwels_v._deloitte_llp,,,,courtlistener,TGT0026,D,Continue the passage verbatim (TGT).,"confronted BNYM about its alleged unauthorized disclosure to Deloitte, BNYM terminated its relationship with Pauwels. Pauwels then brought suit against BNYM and Deloitte in the United States District Court for the Southern District of New York alleging, inter alia, that the Pauwels Model embodied a trade secret that they misappropriated.","confronted BNYM about its alleged unauthorized disclosure to Deloitte, BNYM terminated its relationship with Pauwels. Pauwels then brought suit against BNYM and Deloitte in the United States District Court for the Southern District of New York alleging, inter alia, that the Pauwels Model embodied a trade secret that they misappropriated.",50,"Pauwels also raised several other claims arising under New York law. BNYM and Deloitte moved to dismiss all of Pauwels’s claims. The district court (Abrams, J.) granted the motion and","Pauwels also raised several other claims arising under New York law. BNYM and Deloitte moved to dismiss all of Pauwels’s claims. The district court (Abrams, J.) granted the motion and",1,"in_document_repetition span, profile rank 103",0,0,0,TGT,103,-0.012996,5976,6171
cl_2023_ca2_sec_v._ahmed,pre_cutoff,,cl_2023_ca2_sec_v._ahmed,,,,courtlistener,TGT0027,D,Continue the passage verbatim (TGT).,"as Relief Defendants, and the district court (Arterton, J.) froze Ahmed’s and the Relief Defendants’ assets. Ahmed is currently a fugitive from justice, apparently residing in India, so the district court excluded him from discovery of the SEC’s investigative file. Due to a lack of excess frozen funds, the district","as Relief Defendants, and the district court (Arterton, J.) froze Ahmed’s and the Relief Defendants’ assets. Ahmed is currently a fugitive from justice, apparently residing in India, so the district court excluded him from discovery of the SEC’s investigative file. Due to a lack of excess frozen funds, the district",50,"court also denied Ahmed access to funds to hire counsel. The district court granted the SEC’s motion for summary judgment and awarded disgorgement, supplemental enrichment (including prejudgment interest and actual gains), and civil penalties against Ahmed.","court also denied Ahmed access to funds to hire counsel. The district court granted the SEC’s motion for summary judgment and awarded disgorgement, supplemental enrichment (including prejudgment interest and actual gains), and civil penalties against Ahmed.",1,"in_document_repetition span, profile rank 105",0,0,0,TGT,105,-0.013017,6083,6341
cl_2023_ca2_pauwels_v._deloitte_llp,pre_cutoff,,cl_2023_ca2_pauwels_v._deloitte_llp,,,,courtlistener,TGT0028,D,Continue the passage verbatim (TGT).,"following years on a deal-by-deal basis. In 2014, to facilitate his work for BNYM, Pauwels developed the so-called Pauwels Model, a bespoke valuation tool that he used to evaluate BNYM’s potential energy-sector investments and to monitor existing ones. At various times between 2014 and the end of his working relationship","following years on a deal-by-deal basis. In 2014, to facilitate his work for BNYM, Pauwels developed the so-called Pauwels Model, a bespoke valuation tool that he used to evaluate BNYM’s potential energy-sector investments and to monitor existing ones. At various times between 2014 and the end of his working relationship",50,"with BNYM in 2018, Pauwels shared spreadsheets derived from the Pauwels Model with various employees and executives at BNYM. In 2016, BNYM retained defendants","with BNYM in 2018, Pauwels shared spreadsheets derived from the Pauwels Model with various employees and executives at BNYM. In 2016, BNYM retained defendants",1,"in_document_repetition span, profile rank 108",0,0,0,TGT,108,-0.013579,4941,5111
cl_2021_ca2_set_capital_llc_v._credit_suisse_gr,pre_cutoff,,cl_2021_ca2_set_capital_llc_v._credit_suisse_gr,,,,courtlistener,TGT0029,D,Continue the passage verbatim (TGT).,"Suisse Group AG, Credit Suisse AG, and Credit Suisse International (collectively, Credit Suisse); Credit Suisse’s CEO Tidjane Thiam and CFO David R. Mathers (together, the Individual Defendants); and Janus Henderson Group PLC, Janus Index & Calculation Services LLC, and Janus Distributors, LLC, doing business as Janus Henderson Distributors (collectively, Janus","Suisse Group AG, Credit Suisse AG, and Credit Suisse International (collectively, Credit Suisse); Credit Suisse’s CEO Tidjane Thiam and CFO David R. Mathers (together, the Individual Defendants); and Janus Henderson Group PLC, Janus Index & Calculation Services LLC, and Janus Distributors, LLC, doing business as Janus Henderson Distributors (collectively, Janus",50,"). Set Capital principally alleges that, on February 5, 2018, Credit Suisse, Janus, and the Individual Defendants executed a complex fraud to collapse the market for VelocityShares Daily Inverse VIX Short Term Exchange Traded Notes","). Set Capital principally alleges that, on February 5, 2018, Credit Suisse, Janus, and the Individual Defendants executed a complex fraud to collapse the market for VelocityShares Daily Inverse VIX Short Term Exchange Traded Notes",1,"in_document_repetition span, profile rank 111",0,0,0,TGT,111,-0.013855,4280,4511
cl_2023_ca2_pauwels_v._deloitte_llp,pre_cutoff,,cl_2023_ca2_pauwels_v._deloitte_llp,,,,courtlistener,TGT0030,D,Continue the passage verbatim (TGT).,"Pauwels then brought suit against BNYM and Deloitte in the United States District Court for the Southern District of New York alleging, inter alia, that the Pauwels Model embodied a trade secret that they misappropriated. Pauwels also raised several other claims arising under New York law. BNYM and Deloitte moved","Pauwels then brought suit against BNYM and Deloitte in the United States District Court for the Southern District of New York alleging, inter alia, that the Pauwels Model embodied a trade secret that they misappropriated. Pauwels also raised several other claims arising under New York law. BNYM and Deloitte moved",50,"to dismiss all of Pauwels’s claims. The district court (Abrams, J.) granted the motion and entered a final judgment dismissing the claims. Pauwels now appeals. For the reasons set forth below, we","to dismiss all of Pauwels’s claims. The district court (Abrams, J.) granted the motion and entered a final judgment dismissing the claims. Pauwels now appeals. For the reasons set forth below, we",1,"in_document_repetition span, profile rank 112",0,0,0,TGT,112,-0.0139,6079,6286
cl_2023_ca2_pauwels_v._deloitte_llp,pre_cutoff,,cl_2023_ca2_pauwels_v._deloitte_llp,,,,courtlistener,TGT0031,D,Continue the passage verbatim (TGT).,"work for BNYM, Pauwels developed the so-called Pauwels Model, a bespoke valuation tool that he used to evaluate BNYM’s potential energy-sector investments and to monitor existing ones. At various times between 2014 and the end of his working relationship with BNYM in 2018, Pauwels shared spreadsheets derived from the Pauwels","work for BNYM, Pauwels developed the so-called Pauwels Model, a bespoke valuation tool that he used to evaluate BNYM’s potential energy-sector investments and to monitor existing ones. At various times between 2014 and the end of his working relationship with BNYM in 2018, Pauwels shared spreadsheets derived from the Pauwels",50,"Model with various employees and executives at BNYM. In 2016, BNYM retained defendants-appellees Deloitte LLP, Deloitte Tax LLP, and Deloitte USA LLP (collectively","Model with various employees and executives at BNYM. In 2016, BNYM retained defendants-appellees Deloitte LLP, Deloitte Tax LLP, and Deloitte USA LLP (collectively",1,"in_document_repetition span, profile rank 116",0,0,0,TGT,116,-0.014528,5014,5189
cl_2023_ca2_kirschner_v._jp_morgan_chase_bank_n,pre_cutoff,,cl_2023_ca2_kirschner_v._jp_morgan_chase_bank_n,,,,courtlistener,TGT0032,D,Continue the passage verbatim (TGT).,"We hold that the District Court had jurisdiction under the Edge Act because defendant-appellee JP Morgan Chase Bank, N.A. engaged in international or foreign banking as part of the Transaction. We also hold that the District Court did not erroneously dismiss plaintiff’s state-law securities claims because plaintiff failed to plaus","We hold that the District Court had jurisdiction under the Edge Act because defendant-appellee JP Morgan Chase Bank, N.A. engaged in international or foreign banking as part of the Transaction. We also hold that the District Court did not erroneously dismiss plaintiff’s state-law securities claims because plaintiff failed to plaus",50,"ibly suggest that the Notes are securities under Reves. We accordingly AFFIRM the District Court’s September 24, 2018 order determining that it had jurisdiction pursuant to the Edge Act and AFFIRM its May 22, 2020","ibly suggest that the Notes are securities under Reves. We accordingly AFFIRM the District Court’s September 24, 2018 order determining that it had jurisdiction pursuant to the Edge Act and AFFIRM its May 22, 2020",1,"in_document_repetition span, profile rank 118",0,0,0,TGT,118,-0.014802,6160,6381
cl_2021_ca2_united_states_v._reichberg,pre_cutoff,,cl_2021_ca2_united_states_v._reichberg,,,,courtlistener,TGT0033,D,Continue the passage verbatim (TGT).,"a business selling favorable outcomes to encounters with the New York Police Department (NYPD), which he secured by bribing NYPD officers. Following a jury trial, Reichberg was convicted on multiple bribery charges and obstruction of justice in the United States District Court for the Southern District of New York (Gregory","a business selling favorable outcomes to encounters with the New York Police Department (NYPD), which he secured by bribing NYPD officers. Following a jury trial, Reichberg was convicted on multiple bribery charges and obstruction of justice in the United States District Court for the Southern District of New York (Gregory",50,"H. Woods, J.). Reichberg now appeals his convictions, challenging the pre-trial denial of his motion to suppress evidence, a number of evidentiary and trial-management rulings, the district court’s failure to inquire","H. Woods, J.). Reichberg now appeals his convictions, challenging the pre-trial denial of his motion to suppress evidence, a number of evidentiary and trial-management rulings, the district court’s failure to inquire",1,"in_document_repetition span, profile rank 123",0,0,0,TGT,123,-0.015311,3156,3374
cl_2014_ca2_city_of_pontiac_v._ubs_ag,pre_cutoff,,cl_2014_ca2_city_of_pontiac_v._ubs_ag,,,,courtlistener,TGT0034,D,Continue the passage verbatim (TGT).,"New York, NY, for UBS Defendants‐Appellees BARRY R. OSTRAGER (Jonathan K. Youngwood, Craig S. Waldman, on the brief) Simpson Thacher & Bartlett LLP, New York, NY, for Underwriter Defendants‐Appellees. ________ JOSÉ A. CABRANES, Circuit Judge: In this appeal we consider, as a matter of first impression, whether the bar on","New York, NY, for UBS Defendants‐Appellees BARRY R. OSTRAGER (Jonathan K. Youngwood, Craig S. Waldman, on the brief) Simpson Thacher & Bartlett LLP, New York, NY, for Underwriter Defendants‐Appellees. ________ JOSÉ A. CABRANES, Circuit Judge: In this appeal we consider, as a matter of first impression, whether the bar on",50,"extraterritorial application of the United States securities laws, as set forth in Morrison v. National Australia Bank Ltd., 561 U.S.","extraterritorial application of the United States securities laws, as set forth in Morrison v. National Australia Bank Ltd., 561 U.S.",1,"in_document_repetition span, profile rank 124",0,0,0,TGT,124,-0.015579,5845,5989
cl_2021_ca2_people_of_the_state_of_new_york_v._,pre_cutoff,,cl_2021_ca2_people_of_the_state_of_new_york_v._,,,,courtlistener,TGT0035,D,Continue the passage verbatim (TGT).,"cameras on a few occasions. 3 III. Procedural History 4 A. Preliminary Injunction Hearing 5 On June 20, 2017, the OAG, on behalf of the State of New York as parens 6 patriae, sued thirteen protestors for purported violations of FACE, 18 U.S.C. 7 § 248(a)(1), (c)(3)(A); the NYSCAA, N","cameras on a few occasions. 3 III. Procedural History 4 A. Preliminary Injunction Hearing 5 On June 20, 2017, the OAG, on behalf of the State of New York as parens 6 patriae, sued thirteen protestors for purported violations of FACE, 18 U.S.C. 7 § 248(a)(1), (c)(3)(A); the NYSCAA, N",50,".Y. Penal Law § 240.70(1)(a)-(b); and the 8 City Act, N.Y.C. Admin. Code §§ 10-1003(a)(1)-(4), 10-1004.",".Y. Penal Law § 240.70(1)(a)-(b); and the 8 City Act, N.Y.C. Admin. Code §§ 10-1003(a)(1)-(4), 10-1004.",1,"in_document_repetition span, profile rank 126",0,0,0,TGT,126,-0.0157,14326,14433
cl_2021_ca2_sacerdote_v._new_york_university,pre_cutoff,,cl_2021_ca2_sacerdote_v._new_york_university,,,,courtlistener,TGT0036,D,Continue the passage verbatim (TGT).,"by New York University (NYU) and the NYU School of Medicine. Plaintiffs brought this suit against NYU in its capacity as the fiduciary of plaintiffs’ retirement plans, alleging a number of breaches of NYU’s fiduciary duties under the Employment Retirement Income Savings Act (ERISA). Following a bench trial in the","by New York University (NYU) and the NYU School of Medicine. Plaintiffs brought this suit against NYU in its capacity as the fiduciary of plaintiffs’ retirement plans, alleging a number of breaches of NYU’s fiduciary duties under the Employment Retirement Income Savings Act (ERISA). Following a bench trial in the",50,"United States District Court for the Southern District of New York (Katherine B. Forrest, J.) and post-trial motions (Analisa Torres, J.), they appeal from the entry of judgment in defendant-appellee NYU’s favor","United States District Court for the Southern District of New York (Katherine B. Forrest, J.) and post-trial motions (Analisa Torres, J.), they appeal from the entry of judgment in defendant-appellee NYU’s favor",1,"in_document_repetition span, profile rank 138",0,0,0,TGT,138,-0.017393,5578,5790
cl_2021_ca2_sacerdote_v._new_york_university,pre_cutoff,,cl_2021_ca2_sacerdote_v._new_york_university,,,,courtlistener,TGT0037,D,Continue the passage verbatim (TGT).,"LLP, Chicago, IL; Brian D. Netter, on the brief, Mayer 4 18-2707-cv Brown LLP, Washington, DC; for Amici Curiae American Council on Education and Other Higher Education Associations in Support of Defendant- Appellee NYU. ________ JOHN M. WALKER, JR., Circuit Judge: The plaintiff-appellant class participates in retirement plans administered by","LLP, Chicago, IL; Brian D. Netter, on the brief, Mayer 4 18-2707-cv Brown LLP, Washington, DC; for Amici Curiae American Council on Education and Other Higher Education Associations in Support of Defendant- Appellee NYU. ________ JOHN M. WALKER, JR., Circuit Judge: The plaintiff-appellant class participates in retirement plans administered by",50,"New York University (NYU) and the NYU School of Medicine. Plaintiffs brought this suit against NYU in its capacity as the fiduciary of plaintiffs’ retirement plans, alleging a number of breaches of NYU","New York University (NYU) and the NYU School of Medicine. Plaintiffs brought this suit against NYU in its capacity as the fiduciary of plaintiffs’ retirement plans, alleging a number of breaches of NYU",1,"in_document_repetition span, profile rank 141",0,0,0,TGT,141,-0.017683,5266,5468
cl_2021_ca2_set_capital_llc_v._credit_suisse_gr,pre_cutoff,,cl_2021_ca2_set_capital_llc_v._credit_suisse_gr,,,,courtlistener,TGT0038,D,Continue the passage verbatim (TGT).,"Suisse’s CEO Tidjane Thiam and CFO David R. Mathers (together, the Individual Defendants); and Janus Henderson Group PLC, Janus Index & Calculation Services LLC, and Janus Distributors, LLC, doing business as Janus Henderson Distributors (collectively, Janus). Set Capital principally alleges that, on February 5, 2018, Credit Suisse, Janus, and the","Suisse’s CEO Tidjane Thiam and CFO David R. Mathers (together, the Individual Defendants); and Janus Henderson Group PLC, Janus Index & Calculation Services LLC, and Janus Distributors, LLC, doing business as Janus Henderson Distributors (collectively, Janus). Set Capital principally alleges that, on February 5, 2018, Credit Suisse, Janus, and the",50,"Individual Defendants executed a complex fraud to collapse the market for VelocityShares Daily Inverse VIX Short Term Exchange Traded Notes (XIV Notes), earning hundreds of millions of dollars in profit at their investors’ expense. The district court (","Individual Defendants executed a complex fraud to collapse the market for VelocityShares Daily Inverse VIX Short Term Exchange Traded Notes (XIV Notes), earning hundreds of millions of dollars in profit at their investors’ expense. The district court (",1,"in_document_repetition span, profile rank 145",0,0,0,TGT,145,-0.018031,4371,4624
cl_2021_ca2_united_states_v._reichberg,pre_cutoff,,cl_2021_ca2_united_states_v._reichberg,,,,courtlistener,TGT0039,D,Continue the passage verbatim (TGT).,"P.C., New York, NY; for Defendant-Appellant Jeremy Reichberg. ________ 3 19-1645-cr JOHN M. WALKER, JR., Circuit Judge: Defendant-Appellant Jeremy Reichberg ran a business selling favorable outcomes to encounters with the New York Police Department (NYPD), which he secured by bribing NYPD officers. Following a jury trial, Reichberg was convicted on","P.C., New York, NY; for Defendant-Appellant Jeremy Reichberg. ________ 3 19-1645-cr JOHN M. WALKER, JR., Circuit Judge: Defendant-Appellant Jeremy Reichberg ran a business selling favorable outcomes to encounters with the New York Police Department (NYPD), which he secured by bribing NYPD officers. Following a jury trial, Reichberg was convicted on",50,"multiple bribery charges and obstruction of justice in the United States District Court for the Southern District of New York (Gregory H. Woods, J.). Reichberg now appeals his convictions, challenging the pre-trial denial of his","multiple bribery charges and obstruction of justice in the United States District Court for the Southern District of New York (Gregory H. Woods, J.). Reichberg now appeals his convictions, challenging the pre-trial denial of his",1,"in_document_repetition span, profile rank 151",0,0,0,TGT,151,-0.019933,3021,3250
cl_2020_dcd_ghadami_v._united_states_department,pre_cutoff,,cl_2020_dcd_ghadami_v._united_states_department,,,,courtlistener,TGT0040,D,Continue the passage verbatim (TGT).,"(1) it appears to the consular officer, from statements in the application, or in the papers submitted therewith, that such alien is ineligible to receive a visa or such other documentation under section 1182 of this title, or any other provision of law, (2) the application fails to comply with","(1) it appears to the consular officer, from statements in the application, or in the papers submitted therewith, that such alien is ineligible to receive a visa or such other documentation under section 1182 of this title, or any other provision of law, (2) the application fails to comply with",50,"the provisions of this chapter, or the regulations issued thereunder, or (3) the consular officer knows or has reason to believe that such alien is ineligible to receive a visa or such other documentation under section 118","the provisions of this chapter, or the regulations issued thereunder, or (3) the consular officer knows or has reason to believe that such alien is ineligible to receive a visa or such other documentation under section 118",1,"in_document_repetition span, profile rank 153",0,0,0,TGT,153,-0.020377,16897,17171
cl_2023_ca2_kirschner_v._jp_morgan_chase_bank_n,pre_cutoff,,cl_2023_ca2_kirschner_v._jp_morgan_chase_bank_n,,,,courtlistener,TGT0041,D,Continue the passage verbatim (TGT).,"transaction (the “Transaction”) 1 facilitated by the defendants-appellees, a group of financial institutions. Plaintiff’s appeal presents two issues. The first issue presented is whether the United States District Court for the Southern District of New York (Paul G. Gardephe, Judge) had jurisdiction over this action pursuant to the Edge Act,","transaction (the “Transaction”) 1 facilitated by the defendants-appellees, a group of financial institutions. Plaintiff’s appeal presents two issues. The first issue presented is whether the United States District Court for the Southern District of New York (Paul G. Gardephe, Judge) had jurisdiction over this action pursuant to the Edge Act,",50,12 U.S.C. § 632. The second issue presented is whether the District Court erroneously dismissed plaintiff’s state-law securities claims on the ground that he failed to plausibly suggest that notes issued as part of the Transaction,12 U.S.C. § 632. The second issue presented is whether the District Court erroneously dismissed plaintiff’s state-law securities claims on the ground that he failed to plausibly suggest that notes issued as part of the Transaction,1,"in_document_repetition span, profile rank 176",0,0,0,TGT,176,-0.021931,4742,4973
cl_2021_ca2_set_capital_llc_v._credit_suisse_gr,pre_cutoff,,cl_2021_ca2_set_capital_llc_v._credit_suisse_gr,,,,courtlistener,TGT0042,D,Continue the passage verbatim (TGT).,"& Calculation Services LLC, and Janus Distributors, LLC, doing business as Janus Henderson Distributors (collectively, Janus). Set Capital principally alleges that, on February 5, 2018, Credit Suisse, Janus, and the Individual Defendants executed a complex fraud to collapse the market for VelocityShares Daily Inverse VIX Short Term Exchange Traded Notes","& Calculation Services LLC, and Janus Distributors, LLC, doing business as Janus Henderson Distributors (collectively, Janus). Set Capital principally alleges that, on February 5, 2018, Credit Suisse, Janus, and the Individual Defendants executed a complex fraud to collapse the market for VelocityShares Daily Inverse VIX Short Term Exchange Traded Notes",50,"(XIV Notes), earning hundreds of millions of dollars in profit at their investors’ expense. The district court (Torres, J.) dismissed the complaint for failure to plead a strong inference of scienter. For the reasons that","(XIV Notes), earning hundreds of millions of dollars in profit at their investors’ expense. The district court (Torres, J.) dismissed the complaint for failure to plead a strong inference of scienter. For the reasons that",1,"in_document_repetition span, profile rank 178",0,0,0,TGT,178,-0.02229,4511,4733
cl_2023_ca2_kirschner_v._jp_morgan_chase_bank_n,pre_cutoff,,cl_2023_ca2_kirschner_v._jp_morgan_chase_bank_n,,,,courtlistener,TGT0043,D,Continue the passage verbatim (TGT).,"the same credit facility.”). 4 (the “Notes”) are securities under Reves v. Ernst & Young, 494 U.S. 56 (1990). We hold that the District Court had jurisdiction under the Edge Act because defendant-appellee JP Morgan Chase Bank, N.A. engaged in international or foreign banking as part of the Transaction. We","the same credit facility.”). 4 (the “Notes”) are securities under Reves v. Ernst & Young, 494 U.S. 56 (1990). We hold that the District Court had jurisdiction under the Edge Act because defendant-appellee JP Morgan Chase Bank, N.A. engaged in international or foreign banking as part of the Transaction. We",50,"also hold that the District Court did not erroneously dismiss plaintiff’s state-law securities claims because plaintiff failed to plausibly suggest that the Notes are securities under Reves. We accordingly AFFIRM the District Court’s September 24,","also hold that the District Court did not erroneously dismiss plaintiff’s state-law securities claims because plaintiff failed to plausibly suggest that the Notes are securities under Reves. We accordingly AFFIRM the District Court’s September 24,",1,"in_document_repetition span, profile rank 184",0,0,0,TGT,184,-0.022973,6024,6281
cl_2021_ca2_sacerdote_v._new_york_university,pre_cutoff,,cl_2021_ca2_sacerdote_v._new_york_university,,,,courtlistener,TGT0044,D,Continue the passage verbatim (TGT).,"for Amici Curiae American Council on Education and Other Higher Education Associations in Support of Defendant- Appellee NYU. ________ JOHN M. WALKER, JR., Circuit Judge: The plaintiff-appellant class participates in retirement plans administered by New York University (NYU) and the NYU School of Medicine. Plaintiffs brought this suit against NYU","for Amici Curiae American Council on Education and Other Higher Education Associations in Support of Defendant- Appellee NYU. ________ JOHN M. WALKER, JR., Circuit Judge: The plaintiff-appellant class participates in retirement plans administered by New York University (NYU) and the NYU School of Medicine. Plaintiffs brought this suit against NYU",50,"in its capacity as the fiduciary of plaintiffs’ retirement plans, alleging a number of breaches of NYU’s fiduciary duties under the Employment Retirement Income Savings Act (ERISA). Following a bench trial in the","in its capacity as the fiduciary of plaintiffs’ retirement plans, alleging a number of breaches of NYU’s fiduciary duties under the Employment Retirement Income Savings Act (ERISA). Following a bench trial in the",1,"in_document_repetition span, profile rank 187",0,0,0,TGT,187,-0.023141,5365,5578
cl_2021_ca2_set_capital_llc_v._credit_suisse_gr,pre_cutoff,,cl_2021_ca2_set_capital_llc_v._credit_suisse_gr,,,,courtlistener,TGT0045,D,Continue the passage verbatim (TGT).,"Gillian Groarke Burns, Tianyin Luo, Victor M. Bieger, on the brief), Cadwalader, Wickersham & Taft LLP, New York, New York, for Appellees Janus Henderson Group PLC, Janus Index & Calculation Services LLC, and Janus Distributors, LLC ________ JOHN M. WALKER, JR., Circuit Judge: Set Capital LLC, Stefan Jager, Nikolay Dro","Gillian Groarke Burns, Tianyin Luo, Victor M. Bieger, on the brief), Cadwalader, Wickersham & Taft LLP, New York, New York, for Appellees Janus Henderson Group PLC, Janus Index & Calculation Services LLC, and Janus Distributors, LLC ________ JOHN M. WALKER, JR., Circuit Judge: Set Capital LLC, Stefan Jager, Nikolay Dro",50,"zhzhinov, Aleksandr Gamburg, and ACM, Ltd. (collectively, Set Capital) brought this securities class action lawsuit against Credit Suisse Group AG, Credit Suisse AG, and Credit Suisse International (","zhzhinov, Aleksandr Gamburg, and ACM, Ltd. (collectively, Set Capital) brought this securities class action lawsuit against Credit Suisse Group AG, Credit Suisse AG, and Credit Suisse International (",1,"in_document_repetition span, profile rank 194",0,0,0,TGT,194,-0.023993,3786,3985
cl_2015_ca9_steve_harris_v._amgen_inc.,pre_cutoff,,cl_2015_ca9_steve_harris_v._amgen_inc.,,,,courtlistener,TGT0046,D,Continue the passage verbatim (TGT).,"specifically, the Court wrote: HARRIS V. AMGEN 45 [L]ower courts faced with such claims should also consider whether the complaint has plausibly alleged that a prudent fiduciary in the defendant’s position could not have concluded that stopping purchases — which the market might take as a sign that insider fiduci","specifically, the Court wrote: HARRIS V. AMGEN 45 [L]ower courts faced with such claims should also consider whether the complaint has plausibly alleged that a prudent fiduciary in the defendant’s position could not have concluded that stopping purchases — which the market might take as a sign that insider fiduci",50,aries viewed the employer’s stock as a bad investment — or publicly disclosing negative information would do more harm than good to the fund by causing a drop in the stock price and a concomitant drop in the,aries viewed the employer’s stock as a bad investment — or publicly disclosing negative information would do more harm than good to the fund by causing a drop in the stock price and a concomitant drop in the,1,"in_document_repetition span, profile rank 206",0,0,0,TGT,206,-0.025252,74775,75015
cl_2023_ca2_pauwels_v._deloitte_llp,pre_cutoff,,cl_2023_ca2_pauwels_v._deloitte_llp,,,,courtlistener,TGT0047,D,Continue the passage verbatim (TGT).,"Bockius, Houston, TX, on the brief), for Defendants-Appellees Bank of New York Mellon Corporation and The Bank of New York Mellon. 2 22-21-cv Pauwels v. Deloitte LLP SACK, Circuit Judge: In 2009, defendants-appellees Bank of New York Mellon Corporation, LLP and its subsidiary, The Bank of New York Mellon (collectively,","Bockius, Houston, TX, on the brief), for Defendants-Appellees Bank of New York Mellon Corporation and The Bank of New York Mellon. 2 22-21-cv Pauwels v. Deloitte LLP SACK, Circuit Judge: In 2009, defendants-appellees Bank of New York Mellon Corporation, LLP and its subsidiary, The Bank of New York Mellon (collectively,",50,“BNYM”) retained plaintiff-appellee Andre Pauwels as an independent contractor to work on an investment valuation project. BNYM and Pauwels continued to work together in the following years on a deal,“BNYM”) retained plaintiff-appellee Andre Pauwels as an independent contractor to work on an investment valuation project. BNYM and Pauwels continued to work together in the following years on a deal,1,"in_document_repetition span, profile rank 222",0,0,0,TGT,222,-0.026949,4437,4640
cl_2015_ca2_in_re_kingate_management_limited_li,pre_cutoff,,cl_2015_ca2_in_re_kingate_management_limited_li,,,,courtlistener,TGT0048,D,Continue the passage verbatim (TGT).,"Congress’s choice of words in this 4 regard seems intended to apply, in the 1933 Act provision, to state law claims 5 alleging conduct by the defendant that would be actionable under the anti‐falsity 6 provisions of the 1933 Act, and in the 1934 Act provisions, to apply to state","Congress’s choice of words in this 4 regard seems intended to apply, in the 1933 Act provision, to state law claims 5 alleging conduct by the defendant that would be actionable under the anti‐falsity 6 provisions of the 1933 Act, and in the 1934 Act provisions, to apply to state",50,law 7 claims alleging conduct by the defendant that would be actionable under the 8 anti‐falsity provisions of the,law 7 claims alleging conduct by the defendant that would be actionable under the 8 anti‐falsity provisions of the,1,"in_document_repetition span, profile rank 223",0,0,0,TGT,223,-0.027276,78430,78556
cl_2022_ca2_haley_v._tiaa,pre_cutoff,,cl_2022_ca2_haley_v._tiaa,,,,courtlistener,TGT0049,D,Continue the passage verbatim (TGT).,"for amici curiae The Securities Industry and Financial Markets Association, American Benefits Council, Society of Professional Asset Managers and Recordkeepers, American Council of Life Insurers, and Chamber of Commerce of the United States of America. ________ JOHN M. WALKER, JR., Circuit Judge: Melissa Haley alleges that a participant loan program","for amici curiae The Securities Industry and Financial Markets Association, American Benefits Council, Society of Professional Asset Managers and Recordkeepers, American Council of Life Insurers, and Chamber of Commerce of the United States of America. ________ JOHN M. WALKER, JR., Circuit Judge: Melissa Haley alleges that a participant loan program",50,that Teachers Insurance and Annuity Association of America (TIAA) offered to her retirement plan is a prohibited transaction under the Employee Retirement Income Security Act of 1974 (ERISA). After ruling that Haley’s suit,that Teachers Insurance and Annuity Association of America (TIAA) offered to her retirement plan is a prohibited transaction under the Employee Retirement Income Security Act of 1974 (ERISA). After ruling that Haley’s suit,1,"in_document_repetition span, profile rank 225",0,0,0,TGT,225,-0.028124,3915,4138
cl_2014_ca2_city_of_pontiac_v._ubs_ag,pre_cutoff,,cl_2014_ca2_city_of_pontiac_v._ubs_ag,,,,courtlistener,TGT0050,D,Continue the passage verbatim (TGT).,"White, on 4 No. 12‐4355‐cv the brief) Sullivan & Cromwell LLP, New York, NY, for UBS Defendants‐Appellees BARRY R. OSTRAGER (Jonathan K. Youngwood, Craig S. Waldman, on the brief) Simpson Thacher & Bartlett LLP, New York, NY, for Underwriter Defendants‐Appellees. ________ JOSÉ A. CABRANES, Circuit Judge: In this appeal we","White, on 4 No. 12‐4355‐cv the brief) Sullivan & Cromwell LLP, New York, NY, for UBS Defendants‐Appellees BARRY R. OSTRAGER (Jonathan K. Youngwood, Craig S. Waldman, on the brief) Simpson Thacher & Bartlett LLP, New York, NY, for Underwriter Defendants‐Appellees. ________ JOSÉ A. CABRANES, Circuit Judge: In this appeal we",50,"consider, as a matter of first impression, whether the bar on extraterritorial application of the United States securities laws, as set","consider, as a matter of first impression, whether the bar on extraterritorial application of the United States securities laws, as set",1,"in_document_repetition span, profile rank 238",0,0,0,TGT,238,-0.030261,5771,5925
cl_2021_ca2_united_states_v._reichberg,pre_cutoff,,cl_2021_ca2_united_states_v._reichberg,,,,courtlistener,TGT0051,D,Continue the passage verbatim (TGT).,"United States of America. JOHN C. MERINGOLO (Clara Kalhous, Anjelica Cappellino, on the brief), Meringolo & Associates, P.C., New York, NY; for Defendant-Appellant Jeremy Reichberg. ________ 3 19-1645-cr JOHN M. WALKER, JR., Circuit Judge: Defendant-Appellant Jeremy Reichberg ran a business selling favorable outcomes to encounters with the New York Police","United States of America. JOHN C. MERINGOLO (Clara Kalhous, Anjelica Cappellino, on the brief), Meringolo & Associates, P.C., New York, NY; for Defendant-Appellant Jeremy Reichberg. ________ 3 19-1645-cr JOHN M. WALKER, JR., Circuit Judge: Defendant-Appellant Jeremy Reichberg ran a business selling favorable outcomes to encounters with the New York Police",50,"Department (NYPD), which he secured by bribing NYPD officers. Following a jury trial, Reichberg was convicted on multiple bribery charges and obstruction of justice in the United States District Court for the Southern District of New York (Gregory","Department (NYPD), which he secured by bribing NYPD officers. Following a jury trial, Reichberg was convicted on multiple bribery charges and obstruction of justice in the United States District Court for the Southern District of New York (Gregory",1,"in_document_repetition span, profile rank 242",0,0,0,TGT,242,-0.030735,2908,3156
cl_2021_ca2_sacerdote_v._new_york_university,pre_cutoff,,cl_2021_ca2_sacerdote_v._new_york_university,,,,courtlistener,TGT0052,D,Continue the passage verbatim (TGT).,"NYU. ________ JOHN M. WALKER, JR., Circuit Judge: The plaintiff-appellant class participates in retirement plans administered by New York University (NYU) and the NYU School of Medicine. Plaintiffs brought this suit against NYU in its capacity as the fiduciary of plaintiffs’ retirement plans, alleging a number of breaches of NYU","NYU. ________ JOHN M. WALKER, JR., Circuit Judge: The plaintiff-appellant class participates in retirement plans administered by New York University (NYU) and the NYU School of Medicine. Plaintiffs brought this suit against NYU in its capacity as the fiduciary of plaintiffs’ retirement plans, alleging a number of breaches of NYU",50,"’s fiduciary duties under the Employment Retirement Income Savings Act (ERISA). Following a bench trial in the United States District Court for the Southern District of New York (Katherine B. Forrest, J.) and post-trial motions","’s fiduciary duties under the Employment Retirement Income Savings Act (ERISA). Following a bench trial in the United States District Court for the Southern District of New York (Katherine B. Forrest, J.) and post-trial motions",1,"in_document_repetition span, profile rank 245",0,0,0,TGT,245,-0.031007,5468,5695
cl_2020_dcd_pca_integrity_associates_llp_v._nco,pre_cutoff,,cl_2020_dcd_pca_integrity_associates_llp_v._nco,,,,courtlistener,TGT0053,D,Continue the passage verbatim (TGT).,"inter alia, adding an explicit definition of the term “to address what Congress saw as the overly narrow interpretation of the word ‘obligation’ that some courts had adopted,” Si II, 71 F. Supp. 3d at 89 (citing S. Rep. No. 111-10, at 13–15). The FCA, as amended, defines obligation as","inter alia, adding an explicit definition of the term “to address what Congress saw as the overly narrow interpretation of the word ‘obligation’ that some courts had adopted,” Si II, 71 F. Supp. 3d at 89 (citing S. Rep. No. 111-10, at 13–15). The FCA, as amended, defines obligation as",50,"“an established duty, whether or not fixed, arising from an express or implied contractual, grantor-grantee, or licensor-licensee relationship, from a fee-based or similar relationship, from statute or regulation, or from the retention of","“an established duty, whether or not fixed, arising from an express or implied contractual, grantor-grantee, or licensor-licensee relationship, from a fee-based or similar relationship, from statute or regulation, or from the retention of",1,"in_document_repetition span, profile rank 261",0,0,0,TGT,261,-0.032958,146683,146924
cl_2019_cadc_donald_trump_v._mazars_usa_llp,pre_cutoff,,cl_2019_cadc_donald_trump_v._mazars_usa_llp,,,,courtlistener,TGT0054,D,Continue the passage verbatim (TGT).,"the “reasons” for the subpoena to Chairman Cummings’s Memo). Chairman Cummings’s memorandum identifies four questions that the subpoena will help answer: “whether the President may have engaged in illegal conduct before and during his tenure in office,” “whether [the President] has undisclosed conflicts of interest that may impair his ability","the “reasons” for the subpoena to Chairman Cummings’s Memo). Chairman Cummings’s memorandum identifies four questions that the subpoena will help answer: “whether the President may have engaged in illegal conduct before and during his tenure in office,” “whether [the President] has undisclosed conflicts of interest that may impair his ability",50,"to make impartial policy decisions,” “whether [the President] is complying with the Emoluments Clauses of the Constitution,” and “whether [the President] has accurately reported his finances to the Office of Government Ethics","to make impartial policy decisions,” “whether [the President] is complying with the Emoluments Clauses of the Constitution,” and “whether [the President] has accurately reported his finances to the Office of Government Ethics",1,"in_document_repetition span, profile rank 266",0,0,0,TGT,266,-0.033659,48240,48466
cl_2023_ca2_pauwels_v._deloitte_llp,pre_cutoff,,cl_2023_ca2_pauwels_v._deloitte_llp,,,,courtlistener,TGT0055,D,Continue the passage verbatim (TGT).,"that Pauwels had been performing for BNYM. In 2018, Pauwels learned that BNYM had shared his spreadsheets with Deloitte without his consent. Pauwels alleges that Deloitte used the spreadsheets to reverse engineer the Pauwels Model and was using the model to conduct the services it provided to BNYM. After 3","that Pauwels had been performing for BNYM. In 2018, Pauwels learned that BNYM had shared his spreadsheets with Deloitte without his consent. Pauwels alleges that Deloitte used the spreadsheets to reverse engineer the Pauwels Model and was using the model to conduct the services it provided to BNYM. After 3",50,"22-21-cv Pauwels v. Deloitte LLP Pauwels confronted BNYM about its alleged unauthorized disclosure to Deloitte, BNYM terminated its relationship with Pauwels. Pauw","22-21-cv Pauwels v. Deloitte LLP Pauwels confronted BNYM about its alleged unauthorized disclosure to Deloitte, BNYM terminated its relationship with Pauwels. Pauw",1,"in_document_repetition span, profile rank 274",0,0,0,TGT,274,-0.034538,5583,5757
cl_2015_ca5_state_of_texas_v._usa,pre_cutoff,,cl_2015_ca5_state_of_texas_v._usa,,,,courtlistener,TGT0056,D,Continue the passage verbatim (TGT).,"use of deferred action, on a case-by-case basis, to those individuals” who meet six threshold criteria: • have, on the date of this memorandum, a son or daughter who is a U.S. citizen or lawful permanent resident; • have continuously resided in the United States since before January 1, 2010;","use of deferred action, on a case-by-case basis, to those individuals” who meet six threshold criteria: • have, on the date of this memorandum, a son or daughter who is a U.S. citizen or lawful permanent resident; • have continuously resided in the United States since before January 1, 2010;",50,"• are physically present in the United States on the date of this memorandum, and at the time of making a request for consideration of deferred action with USCIS; • have no lawful status on the date of this memorandum;","• are physically present in the United States on the date of this memorandum, and at the time of making a request for consideration of deferred action with USCIS; • have no lawful status on the date of this memorandum;",1,"in_document_repetition span, profile rank 275",0,0,0,TGT,275,-0.034709,193057,193308
cl_2015_ca5_state_of_texas_v._usa,pre_cutoff,,cl_2015_ca5_state_of_texas_v._usa,,,,courtlistener,TGT0057,D,Continue the passage verbatim (TGT).,"USCIS to establish a process, similar to DACA, for exercising prosecutorial discretion through the use of deferred action, on a case-by-case basis, to those individuals” who meet six threshold criteria: • have, on the date of this memorandum, a son or daughter who is a U.S. citizen or lawful permanent","USCIS to establish a process, similar to DACA, for exercising prosecutorial discretion through the use of deferred action, on a case-by-case basis, to those individuals” who meet six threshold criteria: • have, on the date of this memorandum, a son or daughter who is a U.S. citizen or lawful permanent",50,"resident; • have continuously resided in the United States since before January 1, 2010; • are physically present in the United States on the date of this memorandum, and at the time of making a request","resident; • have continuously resided in the United States since before January 1, 2010; • are physically present in the United States on the date of this memorandum, and at the time of making a request",1,"in_document_repetition span, profile rank 283",0,0,0,TGT,283,-0.035607,192945,193180
cl_2023_ca2_pauwels_v._deloitte_llp,pre_cutoff,,cl_2023_ca2_pauwels_v._deloitte_llp,,,,courtlistener,TGT0058,D,Continue the passage verbatim (TGT).,"2018, Pauwels learned that BNYM had shared his spreadsheets with Deloitte without his consent. Pauwels alleges that Deloitte used the spreadsheets to reverse engineer the Pauwels Model and was using the model to conduct the services it provided to BNYM. After 3 22-21-cv Pauwels v. Deloitte LLP Pauwels confronted BNYM","2018, Pauwels learned that BNYM had shared his spreadsheets with Deloitte without his consent. Pauwels alleges that Deloitte used the spreadsheets to reverse engineer the Pauwels Model and was using the model to conduct the services it provided to BNYM. After 3 22-21-cv Pauwels v. Deloitte LLP Pauwels confronted BNYM",50,"about its alleged unauthorized disclosure to Deloitte, BNYM terminated its relationship with Pauwels. Pauwels then brought suit against BNYM and Deloitte in the United States District Court for the Southern District of New","about its alleged unauthorized disclosure to Deloitte, BNYM terminated its relationship with Pauwels. Pauwels then brought suit against BNYM and Deloitte in the United States District Court for the Southern District of New",1,"in_document_repetition span, profile rank 296",0,0,0,TGT,296,-0.037668,5640,5874
cl_2023_ca9_amalgamated_bank_v._facebook_inc.,pre_cutoff,,cl_2023_ca9_amalgamated_bank_v._facebook_inc.,,,,courtlistener,TGT0059,D,Continue the passage verbatim (TGT).,"to testify before Congress. Id. at 696. When news inevitably broke six 2 Given the majority’s analysis of these statements, it’s difficult to see how Shareholders can ever satisfy the scienter requirement. Indeed, “[a] complaint will survive . . . only if a reasonable person would deem the inference of","to testify before Congress. Id. at 696. When news inevitably broke six 2 Given the majority’s analysis of these statements, it’s difficult to see how Shareholders can ever satisfy the scienter requirement. Indeed, “[a] complaint will survive . . . only if a reasonable person would deem the inference of",50,"scienter cogent and at least as compelling as any opposing inference one could draw from the facts alleged.” Tellabs, Inc. v. Makor Issues & Rights, Ltd., 551 U.S. 308, 324 (","scienter cogent and at least as compelling as any opposing inference one could draw from the facts alleged.” Tellabs, Inc. v. Makor Issues & Rights, Ltd., 551 U.S. 308, 324 (",1,"in_document_repetition span, profile rank 312",0,0,0,TGT,312,-0.039661,83761,83936
cl_2022_ca2_haley_v._tiaa,pre_cutoff,,cl_2022_ca2_haley_v._tiaa,,,,courtlistener,TGT0060,D,Continue the passage verbatim (TGT).,"a prohibited transaction under the Employee Retirement Income Security Act of 1974 (ERISA). After ruling that Haley’s suit could proceed against TIAA as a non- fiduciary under ERISA, the district court (Oetken, J.) certified a class of employee benefit plans whose fiduciaries contracted with TIAA to offer loans that were","a prohibited transaction under the Employee Retirement Income Security Act of 1974 (ERISA). After ruling that Haley’s suit could proceed against TIAA as a non- fiduciary under ERISA, the district court (Oetken, J.) certified a class of employee benefit plans whose fiduciaries contracted with TIAA to offer loans that were",50,"secured by a participant’s retirement savings. In this interlocutory appeal challenging the certification decision, TIAA argues that the district court erred when it found that common issues predominated over individual ones without addressing the effect of","secured by a participant’s retirement savings. In this interlocutory appeal challenging the certification decision, TIAA argues that the district court erred when it found that common issues predominated over individual ones without addressing the effect of",1,"in_document_repetition span, profile rank 323",0,0,0,TGT,323,-0.041023,4338,4597
cl_2020_ca2_xy_planning_network_llc_v._sec,pre_cutoff,,cl_2020_ca2_xy_planning_network_llc_v._sec,,,,courtlistener,TGT0061,D,Continue the passage verbatim (TGT).,"LLC and Ford Financial Solutions, LLC (together, the “XYPN Petitioners”) also lack standing to challenge Regulation Best Interest, I would dismiss the petitions in their entirety, without reaching the merits of petitioners’ regulatory arguments. In order to establish Article III standing, petitioners “must have (1) suffered an injury in fact,","LLC and Ford Financial Solutions, LLC (together, the “XYPN Petitioners”) also lack standing to challenge Regulation Best Interest, I would dismiss the petitions in their entirety, without reaching the merits of petitioners’ regulatory arguments. In order to establish Article III standing, petitioners “must have (1) suffered an injury in fact,",50,"(2) that is fairly traceable to the challenged conduct of the defendant, and (3) that is likely to be redressed by a favorable judicial decision.” Spokeo, Inc. v. Robins, 136 S.","(2) that is fairly traceable to the challenged conduct of the defendant, and (3) that is likely to be redressed by a favorable judicial decision.” Spokeo, Inc. v. Robins, 136 S.",1,"in_document_repetition span, profile rank 330",0,0,0,TGT,330,-0.041913,46857,47037
cl_2022_ca9_lenai_mull_v._motion_picture_indust,pre_cutoff,,cl_2022_ca9_lenai_mull_v._motion_picture_indust,,,,courtlistener,TGT0062,D,Continue the passage verbatim (TGT).,"1974 (“ERISA”), 29 U.S.C. § 1001 et seq. Plaintiff Norman Mull (“Norman”) is a participant in the Plan. 1 The remaining Plaintiffs are covered dependents of Norman. Norman’s daughter, Lenai Mull (“Lenai”), who is no longer a party to this action, was formerly a covered dependent of Norman. After Lenai","1974 (“ERISA”), 29 U.S.C. § 1001 et seq. Plaintiff Norman Mull (“Norman”) is a participant in the Plan. 1 The remaining Plaintiffs are covered dependents of Norman. Norman’s daughter, Lenai Mull (“Lenai”), who is no longer a party to this action, was formerly a covered dependent of Norman. After Lenai",50,"was injured in a car accident, the Plan paid benefits to cover a portion of her medical expenses. Under the Plan’s terms, Norman was liable to the Plan for the reimbursement of these benefits if Lenai recovered money","was injured in a car accident, the Plan paid benefits to cover a portion of her medical expenses. Under the Plan’s terms, Norman was liable to the Plan for the reimbursement of these benefits if Lenai recovered money",1,"in_document_repetition span, profile rank 347",0,0,0,TGT,347,-0.044212,5038,5256
cl_2023_ca2_kirschner_v._jp_morgan_chase_bank_n,pre_cutoff,,cl_2023_ca2_kirschner_v._jp_morgan_chase_bank_n,,,,courtlistener,TGT0063,D,Continue the passage verbatim (TGT).,"with a borrower, typically a large or middle market corporation, to provide funds at specified terms under the same credit facility.”). 4 (the “Notes”) are securities under Reves v. Ernst & Young, 494 U.S. 56 (1990). We hold that the District Court had jurisdiction under the Edge Act because defendant","with a borrower, typically a large or middle market corporation, to provide funds at specified terms under the same credit facility.”). 4 (the “Notes”) are securities under Reves v. Ernst & Young, 494 U.S. 56 (1990). We hold that the District Court had jurisdiction under the Edge Act because defendant",50,"-appellee JP Morgan Chase Bank, N.A. engaged in international or foreign banking as part of the Transaction. We also hold that the District Court did not erroneously dismiss plaintiff’s state-law securities claims because plaintiff failed to plaus","-appellee JP Morgan Chase Bank, N.A. engaged in international or foreign banking as part of the Transaction. We also hold that the District Court did not erroneously dismiss plaintiff’s state-law securities claims because plaintiff failed to plaus",1,"in_document_repetition span, profile rank 353",0,0,0,TGT,353,-0.044917,5913,6160
cl_2022_ca2_haley_v._tiaa,pre_cutoff,,cl_2022_ca2_haley_v._tiaa,,,,courtlistener,TGT0064,D,Continue the passage verbatim (TGT).,"participant loan program that Teachers Insurance and Annuity Association of America (TIAA) offered to her retirement plan is a prohibited transaction under the Employee Retirement Income Security Act of 1974 (ERISA). After ruling that Haley’s suit could proceed against TIAA as a non- fiduciary under ERISA, the district court (Oetken,","participant loan program that Teachers Insurance and Annuity Association of America (TIAA) offered to her retirement plan is a prohibited transaction under the Employee Retirement Income Security Act of 1974 (ERISA). After ruling that Haley’s suit could proceed against TIAA as a non- fiduciary under ERISA, the district court (Oetken,",50,"J.) certified a class of employee benefit plans whose fiduciaries contracted with TIAA to offer loans that were secured by a participant’s retirement savings. In this interlocutory appeal challenging the certification decision, TIAA arg","J.) certified a class of employee benefit plans whose fiduciaries contracted with TIAA to offer loans that were secured by a participant’s retirement savings. In this interlocutory appeal challenging the certification decision, TIAA arg",1,"in_document_repetition span, profile rank 365",0,0,0,TGT,365,-0.046933,4226,4463
