topic,content_type,primary_name,all_names,professions,ages,dollars
structured_products_unsuitable,adversarial,Derek,"['Derek Halloran', 'Patricia Engel', 'Patricia', 'Monte Carlo', 'Patricia', 'Patricia', 'Derek', 'Monte Carlo', 'Derek', 'Patricia']",['retired'],[58],"['$175,000', '$620,000', '$42,000', '$620,000', '$94,500,', '$80,500', '$175,000', '$21,200', '$59,300']"
unsuitable_income_investor,adversarial,Corinne,"['Corinne Bassett', 'Harold Tremaine', 'Harold', 'Harold', 'Harold', 'Harold', 'Harold', 'Harold']","['widow', 'widower']","[74, 74]","['$2,100', '$1,400', '$385,000', '$231,000', '$96,250', '$57,750', '$13,100', '$12,800']"
alternative_investments_unsuitable,adversarial,Margaret,"['Margaret Huang', 'Derek Paulson', 'Margaret', 'Margaret', 'Margaret', 'Margaret']",[],[52],"['$340,000', '$2.1', '$900,000', '$135,000', '$200,000']"
senior_investor_exploitation,adversarial,Harold,"['Harold Zimmerman', 'Cynthia Rowe', 'Kevin Marsh', 'Harold', 'Kevin', 'Kevin', 'Kevin', 'Harold', 'Kevin', 'Kevin', 'Harold', 'Kevin', 'Cynthia Rowe', 'Patricia', 'Kevin']","['engineer', 'retired']","[79, 51]","['$72,000,', '$34,000,', '$1.4', '$950,000', '$450,000', '$150,000', '$120,000', '$100,000', '$80,000']"
failure_to_know_customer,adversarial,Margaret,"['Margaret Ellison', 'Craig Dalton', 'Dalton', 'Ellison', 'Ellison', 'Dalton', 'Dalton', 'Ellison', 'Sandra Cho', 'Cho', 'Ellison', 'Ellison', 'Dalton', 'Ellison', 'Ellison']","['schoolteacher', 'teacher', 'attorney', 'retired']",[71],"['$420,000', '$38,000,', '$480,000,', '$420,000', '$1,680', '$390,000', '$150,000', '$150,000', '$23,000']"
overconcentration_single_stock,adversarial,James,"['James Whitfield', 'Rebecca Torres', 'Whitfield', 'Whitfield', 'Whitfield', 'Whitfield', 'Whitfield', 'Whitfield', 'Whitfield', 'Whitfield']","['engineer', 'manager']",[52],"['$2.7', '$60', '$3.3', '$600,000', '$285,000,', '$400,000', '$60', '$22', '$3.1', '$1.14']"
unsuitable_income_investor,adversarial,Margaret,"['Margaret Dalton', 'Kevin Marsh', 'Kevin', 'Margaret', 'Kevin', 'Margaret', 'Margaret', 'Kevin', 'Margaret', 'Margaret']","['schoolteacher', 'teacher', 'retired']",[71],"['$620,000', '$2,800,', '$1,950', '$2,000', '$496,000', '$124,000', '$2,300', '$86,300,', '$62,000']"
failure_to_know_customer,adversarial,Gerald,"['Gerald Fonseca', 'Lisa Cheng', 'Gerald', 'Lisa', 'Gerald', 'Gerald', 'Lisa', 'Thomas Beale', 'Thomas', 'Thomas', 'Gerald', 'Gerald', 'Thomas', 'Thomas', 'Gerald', 'Gerald', 'Thomas', 'Gerald', 'Thomas', 'Gerald', 'Gerald', 'Gerald', 'Gerald']",['manager'],[54],"['$115,000', '$340,000', '$190,000,', '$150,000', '$200,000', '$200,000', '$190,000', '$170,000,']"
speculative_for_conservative_investor,adversarial,Margaret,"['Margaret Thornton', 'David Kessler', 'Kessler', 'Margaret', 'Kessler', 'Margaret', 'Kessler', 'Margaret', 'Kessler']","['schoolteacher', 'teacher', 'retired']",[72],"['$410,000', '$1,400', '$82,000', '$29,500', '$52,500']"
illiquid_investments,adversarial,Carlos,"['Carlos', 'Elena Gutierrez', 'Rachel Yamamoto', 'Rachel', 'Tom Fielding']",['manager'],[58],"['$285,000', '$1.8', '$600,000', '$550,000', '$95,000', '$2.5', '$360,000']"
excessive_churning,adversarial,Margaret,"['Margaret Holloway', 'Daniel Reeves', 'Daniel Reeves', 'Margaret', 'Daniel']",[],[62],"['$320,000', '$55,000,', '$4,200', '$18,700']"
lack_of_diversification,adversarial,Trevor,"['Trevor Dunn', 'Cynthia Park', 'Trevor', 'Trevor', 'Cynthia', 'Cynthia', 'Trevor', 'Cynthia', 'Trevor', 'Trevor']",['engineer'],[44],"['$2.8', '$1.1', '$400,000', '$200,000', '$1.1', '$1.1', '$600,000', '$1.1', '$550,000']"
junk_bonds_conservative_investor,adversarial,Margaret,"['Margaret Holloway', 'Derek Simmons', 'Margaret', 'Morningstar', 'Margaret', 'Derek', 'Margaret']","['schoolteacher', 'teacher', 'retired']",[71],"['$420,000', '$38,000', '$450,000,', '$63,000', '$54,000']"
overconcentration_single_stock,adversarial,Thomas,"['Thomas Keane', 'Rachel Voss', 'Thomas', 'Thomas', 'Rachel', 'Rachel', 'Thomas', 'Rachel', 'Thomas', 'Thomas']",['engineer'],[52],"['$285,000', '$2.1', '$800,000', '$1.3', '$650,000', '$340,000', '$900,000', '$990,000', '$800,000', '$200,000', '$450,000', '$650,000', '$376,000']"
tax_deferred_unnecessary_annuity,adversarial,Margaret,"['Margaret Hollis', 'Derek Stratton', 'Margaret', 'Derek', 'Margaret', 'Margaret', 'Derek', 'Margaret', 'Derek', 'Margaret']",['teacher'],"[58, 62, 65, 62]","['$410,000', '$22,550', '$67,000', '$12,000', '$18,400', '$16,400', '$48,000']"
market_timing_unsuitable,adversarial,Rosa,"['Rosa Castellano', 'Paul Yevchenko', 'Nina Garza', 'Paul', 'Rosa Castellano']",['manager'],[71],"['$2.8', '$1.6', '$1.2', '$127,000', '$94,000']"
concentration_risk,adversarial,Margaret,"['Margaret Olsen', 'Kevin Pratt', 'Kevin', 'Kevin', 'Margaret', 'Margaret', 'Kevin', 'Margaret']",['retired'],[58],"['$2.1', '$70,000', '$100,000', '$185,000']"
penny_stocks_unsuitable,adversarial,Derek,"['Derek Simmons', 'Derek', 'Anna Chen', 'Anna', 'Anna', 'Derek', 'Twitter', 'Discord', 'Anna', 'Derek', 'Derek']",['engineer'],[34],"['$185,000', '$420,000', '$0.08', '$40,000', '$75']"
options_unsuitable,adversarial,Margaret,"['Margaret Ellison', 'David Chen', 'Margaret', 'David', 'David', 'David', 'David', 'Margaret', 'Margaret', 'Margaret', 'David']","['schoolteacher', 'teacher', 'retired']",[58],"['$420,000', '$95,000', '$52,000', '$500,000,', '$18,400', '$67,000', '$23,000']"
overconcentration_single_stock,adversarial,Thomas,"['Thomas Brennan', 'Thomas', 'Rachel Simmons', 'Rachel', 'Thomas', 'Thomas', 'Rachel', 'Rachel', 'Thomas', 'Thomas', 'Thomas']",['engineer'],[45],"['$3.8', '$2.1', '$680,000', '$410,000', '$320,000', '$290,000', '$410,000', '$410,000', '$2.1', '$800,000', '$3.8', '$2.5']"
mutual_fund_switching_churning,adversarial,Margaret,"['Margaret Helms', 'Paul Denton', 'Margaret', 'Paul', 'Margaret', 'Paul', 'Margaret', 'Paul', 'Paul', 'Margaret', 'Margaret']","['schoolteacher', 'teacher', 'retired']",[58],"['$410,000', '$21,525', '$22,713.75', '$395,000', '$388,200,', '$21,800', '$445,000']"
private_placements_unsuitable,adversarial,Anand,"['Anand Krishnamurthy', 'Rebecca Stahl', 'Meridian II', 'Krishnamurthy', 'Krishnamurthy']",['manager'],[42],"['$780,000', '$2.4', '$4.1', '$360,000', '$360,000']"
illiquid_investments,adversarial,Margaret,"['Margaret Owens', 'David Kessler', 'Kessler', 'Margaret', 'Margaret', 'Margaret', 'Margaret', 'Kessler', 'Margaret']",['retired'],[62],"['$1.8', '$270,000', '$270,000']"
concentration_risk,adversarial,Samuel,"['Samuel Reeves', 'Janet Liu', 'Carlos Mendes', 'Reeves', 'Reeves', 'Janet Liu', 'Liu', 'Reeves', 'Reeves', 'Carlos Mendes', 'Reeves', 'Reeves', 'Reeves']",[],[48],"['$950,000', '$2.1', '$900,000', '$3', '$1.05', '$900,000', '$630,000', '$1.68', '$3', '$588,000']"
complex_products_unsophisticated_investor,adversarial,Margaret,"['Margaret Olsen', 'Craig Dempsey', 'Craig', 'Margaret', 'Craig', 'Margaret', 'COVID', 'Margaret', 'Margaret', 'Craig', 'Craig']",['retired'],[58],"['$145,000', '$24,000', '$28,000', '$72,500', '$64,200', '$19,800', '$25,000']"
tax_deferred_unnecessary_annuity,adversarial,Dennis,"['Dennis Whitaker', 'Sandra', 'Dennis', 'Paula Reeves', 'Dennis', 'Paula', 'Paula', 'Dennis', 'Sandra', 'Paula', 'Dennis', 'Sandra', 'Dennis', 'Dennis', 'Paula', 'Paula']","['engineer', 'mechanic', 'retired']","[71, 68]","['$1.2', '$350,000', '$480,000,', '$5,800', '$400,000', '$20,800', '$400,000', '$800,000', '$20,800', '$20,000', '$400,000']"
penny_stocks_unsuitable,adversarial,Derek,"['Derek Huang', 'Patricia Yung', 'Patricia', 'Patricia', 'Derek', 'Patricia', 'Derek', 'Patricia', 'Derek', 'Patricia', 'Patricia', 'Patricia', 'Patricia', 'Patricia', 'Patricia']","['schoolteacher', 'teacher', 'retired']",[58],"['$340,000', '$52,000', '$340,000,', '$0.38', '$11,400,', '$8', '$0.04', '$10,260']"
illiquid_real_estate_investment,adversarial,Melinda,"['Melinda Rojas', 'Stephen Okafor', 'Okafor', 'Melinda', 'Okafor', 'Melinda', 'Okafor', 'Okafor', 'Melinda', 'Okafor', 'Okafor', 'Melinda']",['manager'],[],"['$175,000', '$620,000', '$2.8', '$5.5', '$175,000', '$180,000', '$620,000', '$400,000,']"
overconcentration_single_stock,adversarial,Margaret,"['Margaret Holloway', 'Margaret', 'Margaret', 'David Park', 'David', 'Margaret', 'David', 'David', 'Margaret', 'David', 'Margaret', 'David', 'Margaret', 'Margaret', 'David']","['manager', 'retired']",[71],"['$1.2', '$1.4', '$2,800', '$2,200', '$50,000', '$785,000', '$1.2', '$580,000']"
inappropriate_risk_profile,adversarial,Thomas,"['Thomas Brennan', 'Lisa Carmichael', 'Thomas', 'Lisa', 'Thomas', 'Lisa', 'Thomas', 'Lisa', 'Lisa', 'Thomas', 'Thomas', 'Thomas', 'Lisa', 'Thomas']",['attorney'],[58],"['$210,000,', '$1.8', '$340,000', '$185,000']"
junk_bonds_conservative_investor,adversarial,Margaret,"['Margaret Ellison', 'David Chen', 'Chen', 'Ellison', 'Ellison', 'Chen', 'Ellison', 'Chen']","['schoolteacher', 'teacher', 'retired']","[72, 70]","['$42,000', '$310,000,', '$45,000', '$20,000']"
structured_products_unsuitable,adversarial,Robert,"['Robert Ansari', 'Janet Walsh', 'Ansari', 'Walsh', 'Walsh', 'Ansari', 'Walsh', 'Ansari', 'Walsh', 'Walsh', 'Ansari']",[],[58],"['$680,000', '$4.2', '$600,000', '$600,000']"
illiquid_investments,adversarial,Margaret,"['Margaret Chen', 'Brian Kowalski', 'Brian', 'Brian', 'Brian', 'Margaret', 'Margaret']","['schoolteacher', 'teacher', 'retired']",[72],"['$340,000', '$80,000', '$68,000', '$68,000']"
speculative_for_conservative_investor,adversarial,David,"['David Morales', 'Lisa Hartwell', 'David', 'Lisa', 'Lisa', 'Lisa', 'David', 'Lisa', 'David', 'David', 'Lisa', 'David', 'David', 'David', 'David']",['engineer'],[58],"['$195,000', '$1.2', '$120,000', '$37,200']"
high_fees_unsuitable,adversarial,Margaret,"['Margaret Hsu', 'David Cranston', 'Cranston', 'Margaret', 'Cranston', 'Margaret', 'Margaret']","['schoolteacher', 'teacher', 'retiree', 'retired']",[72],"['$340,000', '$2,100', '$310,000', '$17,825']"
illiquid_real_estate_investment,adversarial,James,"['James', 'Patricia Donovan', 'Patricia', 'Karen Webb', 'Patricia', 'Patricia', 'James', 'Tom Alvarez', 'James', 'Alvarez', 'Alvarez']",['manager'],[58],"['$1.8', '$245,000,', '$900,000', '$135,000', '$900,000', '$135,000', '$270,000', '$270,000']"
private_placements_unsuitable,adversarial,Derek,"['Derek Holcomb', 'Greenfield', 'Derek', 'Patricia Novak', 'Patricia', 'Patricia', 'Greenfield', 'Patricia']","['manager', 'retired']",[61],"['$100,000', '$52,000', '$24,000', '$410,000', '$290,000', '$120,000', '$285,000', '$100,000', '$4,800']"
inappropriate_risk_profile,adversarial,Megan,"['Megan Torres', 'Howard Yee', 'Megan', 'Howard', 'Howard', 'Howard', 'Howard', 'Megan', 'Megan', 'Howard', 'Howard', 'Megan', 'Howard', 'Howard']","['engineer', 'mechanic', 'military', 'retired']",[74],"['$1.8', '$38,000']"
market_timing_unsuitable,adversarial,Derek,"['Derek Sung', 'Patricia Nolan', 'Patricia', 'Derek', 'Derek', 'Patricia', 'Patricia', 'Patricia']",[],[58],"['$340,000', '$48,200']"
penny_stocks_unsuitable,adversarial,Marcus,"['Marcus Webb', 'Raymond Cho', 'Raymond', 'Raymond', 'Raymond', 'GVMC', 'Raymond', 'Raymond', 'Raymond', 'Raymond', 'Raymond', 'GVMC', 'Raymond']",['engineer'],[44],"['$195,000', '$1.2', '$680,000', '$45,000', '$0.0038', '$1.9', '$12,000', '$1,900', '$75']"
crypto_assets_unsuitable,adversarial,Marcus,"['Marcus Reilly', 'Denise Kovac', 'Monte Carlo', 'Reilly', 'Bitcoin']",[],[58],"['$82,000', '$410,000,', '$145,000', '$7,250', '$7,250', '$1,700,']"
excessive_churning,adversarial,Dorothy,"['Dorothy Sloane', 'Kevin Brandt', 'Brandt', 'Kevin']","['schoolteacher', 'teacher', 'retired']",[72],"['$320,000', '$2,400', '$1,850', '$37,120']"
reverse_churning,adversarial,Margaret,"['Margaret Ellison', 'Derek Huang', 'Margaret', 'Derek', 'Derek', 'Derek', 'COVID', 'Margaret', 'Derek', 'Margaret', 'Derek', 'Margaret', 'Derek']","['schoolteacher', 'teacher', 'retired']",[72],"['$340,000', '$4,250', '$4,250', '$4,437', '$4,180', '$12,867', '$49.90']"
reverse_churning,adversarial,Thomas,"['Thomas', 'Linda Beckett', 'Thomas', 'Linda', 'Thomas', 'Rachel Kim', 'Linda', 'Grant Nolan', 'Rachel', 'Thomas', 'Thomas', 'Roth', 'Thomas', 'Linda', 'Linda', 'Linda', 'Linda', 'Linda', 'Thomas', 'Linda']",[],[58],"['$620,000', '$195,000', '$620,000', '$6,200', '$6,200', '$195,000', '$1,950', '$2,925']"
speculative_for_conservative_investor,adversarial,Margaret,"['Margaret Ellison', 'David Kowalski', 'Kowalski', 'Margaret', 'Margaret', 'Margaret', 'Kowalski', 'Patricia Hernandez', 'Kowalski']","['schoolteacher', 'teacher', 'manager', 'retired']",[72],"['$340,000', '$38,000', '$340,000,', '$85,000', '$51,000,', '$34,000']"
overconcentration_single_stock,adversarial,James,"['James Caldwell', 'Alicia Vang', 'James', 'Alicia', 'Alicia', 'James', 'James', 'Alicia', 'James', 'Alicia']",['manager'],[55],"['$2.8', '$95,000', '$3.1', '$2.8', '$420,000', '$1.54']"
junk_bonds_conservative_investor,adversarial,Margaret,"['Margaret Holloway', 'Daniel Oates', 'B+', 'Daniel', 'Holloway', 'Holloway', 'Daniel', 'Holloway']","['schoolteacher', 'teacher', 'retired']",[72],"['$450,000', '$38,000', '$510,000,', '$67,500', '$5,906', '$39,800']"
overconcentration_single_stock,adversarial,Kevin,"['Kevin Wu', 'Patricia Engel', 'Kevin', 'Kevin', 'Kevin', 'Patricia', 'Kevin', 'Patricia', 'Kevin', 'Patricia', 'Kevin', 'Kevin', 'Kevin']",['engineer'],[44],"['$285,000', '$2.1', '$840,000', '$420,000', '$1.26', '$655,000']"
illiquid_real_estate_investment,adversarial,Margaret,"['Margaret Chen', 'David Park', 'David', 'Margaret', 'Margaret', 'Margaret', 'Rachel Torres', 'Margaret', 'Rachel', 'Rachel', 'Margaret', 'Rachel', 'Rachel', 'Margaret', 'Rachel', 'Margaret', 'Rachel', 'Margaret', 'Margaret', 'Margaret']","['schoolteacher', 'teacher', 'retired']",[62],"['$1.2', '$180,000', '$1.2', '$48,000', '$180,000', '$50,000']"
tax_deferred_unnecessary_annuity,adversarial,Robert,"['Robert Galloway', 'Karen Whitfield', 'Robert', 'Robert', 'Karen', 'Karen', 'Robert', 'Karen', 'Karen', 'Robert', 'Robert', 'Karen', 'Robert', 'Robert']",['manager'],"[58, 65]","['$135,000', '$410,000', '$300,000', '$110,000']"
senior_investor_exploitation,adversarial,Margaret,"['Margaret Holloway', 'David Chen', 'Margaret', 'David Chen', 'Margaret', 'Lisa Pruitt', 'Lisa', 'Margaret', 'Lisa', 'David', 'Margaret', 'Tyler Holloway', 'Lisa', 'Margaret', 'Tyler', 'Margaret', 'Lisa', 'Lisa', 'Margaret', 'Lisa', 'Tyler', 'Margaret', 'Grandma', 'Lisa', 'Margaret', 'Lisa', 'Margaret', 'Lisa', 'Margaret', 'Margaret', 'Karen', 'Margaret', 'Lisa']","['attorney', 'retired']","[79, 38]","['$1.4', '$42,000', '$1.5', '$1.4', '$780,000']"
penny_stocks_unsuitable,adversarial,Robert,"['Robert Tran', 'Jennifer Wade', 'Robert', 'Robert', 'Robert', 'Jennifer', 'Robert', 'Jennifer', 'Jennifer', 'Jennifer', 'Robert', 'Robert', 'Jennifer', 'Robert', 'Jennifer', 'Robert', 'Robert', 'Jennifer', 'Robert', 'Robert']",['engineer'],[44],"['$185,000', '$620,000,', '$430,000', '$210,000', '$90,000', '$0.38', '$8.2', '$120,000', '$0.38', '$90,000', '$0.02', '$4,737']"
bond_duration_mismatch,adversarial,Margaret,"['Margaret Holloway', 'Derek Simmons', 'Margaret', 'Derek', 'Derek', 'Derek', 'Margaret', 'Derek', 'Margaret', 'Margaret', 'Margaret', 'Margaret', 'Derek', 'Margaret', 'Margaret', 'Margaret']","['schoolteacher', 'teacher', 'retired']",[71],"['$620,000', '$1,400', '$3,000', '$527,000', '$93,000', '$16,337', '$1,361', '$1,200', '$100', '$1,461', '$3,000', '$18,468', '$1,539', '$548,000']"
leveraged_etf_unsuitable,adversarial,Kevin,"['Kevin Tran', 'Kevin', 'Kevin', 'Kevin', 'Lisa Park', 'Kevin', 'Lisa', 'Lisa', 'Kevin', 'Kevin', 'Kevin', 'Lisa', 'Lisa', 'Kevin', 'Kevin', 'Lisa', 'Kevin', 'Kevin', 'Kevin', 'Lisa']","['engineer', 'mechanic']",[34],"['$185,000', '$950,000', '$120,000', '$8,200']"
structured_products_unsuitable,adversarial,Derek,"['Derek Huang', 'Miriam Castellano', 'Monte Carlo', 'Miriam', 'Miriam', 'Derek', 'Miriam', 'Derek', 'Miriam', 'Miriam', 'Miriam', 'Derek']","['mechanic', 'retired']",[58],"['$1.2', '$180,000', '$150,000,', '$200,000']"
concentration_risk,adversarial,Gerald,"['Gerald', 'Patricia Woodson', 'Gerald', 'Carla Resnick', 'Patricia', 'James Montague', 'James Montague', 'Patricia', 'James', 'Patricia', 'Patricia', 'Patricia', 'Gerald', 'Carla', 'James']",['retiree'],[],"['$2.4', '$1.4', '$560,000', '$490,000', '$210,000', '$140,000', '$1.0', '$350,000', '$250,000', '$300,000', '$100,000', '$100,000', '$1.01', '$1.11', '$2.4']"
high_fees_unsuitable,adversarial,Margaret,"['Margaret Dawson', 'Kevin Okafor', 'Kevin', 'Margaret', 'Kevin', 'Margaret', 'Kevin', 'Margaret', 'Kevin', 'Margaret', 'Kevin', 'Margaret', 'Kevin']","['schoolteacher', 'teacher', 'retired']",[72],"['$340,000', '$1,200', '$1,400', '$5,950', '$1,500', '$14,875', '$250', '$75', '$825']"
reverse_churning,adversarial,Samuel,"['Samuel Pratt', 'Rachel Stein', 'Pratt', 'Rachel', 'Rachel', 'Pratt', 'Pratt', 'Rachel', 'Rachel', 'Rachel']",['accountant'],[55],"['$620,000', '$1.2', '$15,000', '$24,840', '$480,000', '$4,700']"
inappropriate_risk_profile,adversarial,Margaret,"['Margaret Thornton', 'David Kessler', 'Margaret', 'Margaret', 'Margaret', 'Kessler', 'Kessler', 'Margaret', 'Margaret', 'Kessler', 'Margaret', 'Kessler']","['schoolteacher', 'teacher', 'entrepreneur', 'retired']",[72],"['$42,000', '$310,000,', '$1.2', '$400,000']"
private_placements_unsuitable,adversarial,Evan,"['Evan Stratford', 'Stratford', 'Stratford', 'Patricia Volkov', 'Volkov', 'Stratford', 'Patricia', 'Stratford', 'Patricia']",[],[58],"['$25', '$100,000,', '$78,000', '$490,000,', '$620,000', '$100,000']"
inappropriate_risk_profile,adversarial,Margaret,"['Margaret Holloway', 'Thomas Crane', 'Margaret', 'Thomas', 'Thomas', 'Margaret', 'Thomas', 'Thomas']","['schoolteacher', 'teacher', 'retired']",[62],"['$420,000', '$310,000', '$310,000', '$47,000']"
overconcentration_single_stock,adversarial,David,"['David Castillo', 'David', 'David', 'Rachel Fontaine', 'Rachel', 'David', 'Rachel', 'David', 'David', 'Rachel', 'David', 'David', 'Rachel']",['engineer'],[45],"['$38', '$285,000', '$200,000', '$1.8', '$1.1', '$650,000', '$450,000', '$4.2', '$600,000', '$430,000', '$220,000', '$3.05', '$1.1', '$616,000,']"
illiquid_investments,adversarial,Margaret,"['Margaret Thornton', 'David Kowalski', 'Kowalski', 'Margaret', 'Kowalski', 'Margaret', 'Margaret', 'Margaret']","['schoolteacher', 'teacher', 'retired']",[62],"['$420,000', '$1,800', '$84,000']"
concentration_risk,adversarial,Carlos,"['Carlos Reyes', 'Stephanie Park', 'Carlos', 'Carlos', 'Carlos', 'Carlos', 'Stephanie', 'Carlos', 'Stephanie', 'Stephanie']",['engineer'],[45],"['$310,000', '$1.1', '$2.8', '$770,000', '$1.1', '$2.8', '$3.57', '$3.9']"
excessive_load_funds,adversarial,Margaret,"['Margaret Holloway', 'Daniel Prescott', 'Daniel', 'Morningstar', 'Margaret', 'Margaret']","['schoolteacher', 'teacher', 'retired']",[62],"['$340,000', '$85,000', '$85,000', '$85,000', '$85,000', '$17,646', '$100,000', '$250,000', '$322,354']"
overconcentration_single_stock,adversarial,Victor,"['Victor Langston', 'Victor', 'Rachel Sung', 'Victor', 'Victor', 'Rachel', 'Rachel', 'Victor', 'Rachel', 'Rachel', 'Rachel']",['engineer'],[45],"['$3.8', '$2.1', '$900,000', '$500,000', '$300,000', '$475,000,', '$500,000', '$2.1', '$500,000', '$2.48']"
complex_products_unsophisticated_investor,adversarial,Margaret,"['Margaret Kowalski', 'Derek Huang', 'Derek', 'Margaret', 'Margaret', 'Derek', 'Margaret']",['manager'],[58],"['$42,000', '$190,000', '$95,000']"
penny_stocks_unsuitable,adversarial,Vincent,"['Vincent DeLuca', 'Vincent', 'Vincent', 'Alicia Montoya', 'Vincent', 'Alicia', 'Alicia', 'Vincent', 'Vincent', 'Vincent', 'Alicia']",['engineer'],[34],"['$175,000', '$1.2', '$0.03', '$6,000', '$0.005']"
penny_stocks_unsuitable,adversarial,Marcus,"['Marcus Devlin', 'Brenda Kowalski', 'Brenda', 'Brenda', 'Brenda', 'Brenda', 'Brenda']",['retired'],[58],"['$340,000', '$90,000', '$62,000', '$430,000,', '$0.50', '$47,000', '$8,200']"
private_placements_unsuitable,adversarial,Yolanda,"['Yolanda Reeves', 'Craig Tompkins', 'Natalie Sung', 'Craig', 'Reeves', 'Craig', 'Reeves', 'Craig', 'Natalie', 'Reeves', 'Reeves', 'Craig', 'Reeves', 'Natalie', 'Craig', 'Reeves']",[],[44],"['$780,000', '$4.2', '$1.8', '$600,000', '$200,000', '$100,000,', '$400,000', '$600,000,', '$600,000']"
penny_stocks_unsuitable,adversarial,Gerald,"['Gerald Whitfield', 'Gerald', 'Rick Santana', 'Gerald', 'Rick', 'Gerald', 'Rick', 'Rick', 'Gerald', 'Gerald', 'Rick', 'Rick', 'Gerald', 'Gerald', 'Gerald', 'Gerald']",[],[58],"['$4.2', '$200,000', '$0.38', '$6.1', '$1.2', '$0.38', '$152,000', '$0.02', '$152,000']"
unsuitable_income_investor,adversarial,Dorothy,"['Dorothy Kessler', 'Dorothy', 'Natalie Chen', 'Natalie', 'Dorothy', 'Dorothy', 'Natalie', 'Dorothy', 'Natalie', 'Natalie', 'Dorothy', 'Dorothy', 'Dorothy', 'Natalie']","['schoolteacher', 'teacher', 'retired']",[72],"['$680,000', '$2,400', '$4,100', '$22,000', '$510,000', '$170,000', '$26,000', '$22,000', '$6,120', '$6,120']"
annuity_unnecessary_switching,adversarial,Margaret,"['Margaret Hollis', 'Derek Paulson', 'Derek', 'Margaret', 'Derek to Keystone', 'COVID', 'Derek', 'Margaret', 'Margaret', 'Derek', 'Derek', 'Margaret', 'Margaret', 'Derek']",['retired'],"[62, 70, 70]","['$480,000', '$510,000', '$30,600', '$1,800', '$95,000', '$14,200']"
inappropriate_risk_profile,adversarial,Cynthia,"['Cynthia Webb', 'Cynthia', 'Raj', 'Cynthia', 'Cynthia', 'Cynthia', 'Raj']",['engineer'],[44],"['$285,000', '$1.9', '$720,000', '$380,000', '$266,000', '$720,000', '$1.1']"
excessive_load_funds,adversarial,Margaret,"['Margaret Olsen', 'Derek Huang', 'Margaret', 'Derek', 'Margaret', 'Derek']","['schoolteacher', 'teacher', 'manager', 'retired']",[71],"['$340,000', '$1,800', '$340,000', '$85,000', '$100,000', '$18,360', '$170,000', '$6,460', '$340,000', '$9,860', '$14,688']"
leveraged_etf_unsuitable,adversarial,Carlos,"['Carlos Medina', 'Carlos', 'Carlos', 'Rachel Fong', 'Carlos', 'Rachel', 'Carlos', 'Carlos', 'Carlos', 'Carlos']",['engineer'],[44],"['$195,000', '$1.2', '$500,000', '$400,000', '$300,000', '$75,000', '$51,000']"
speculative_for_conservative_investor,adversarial,Margaret,"['Margaret Dalton', 'Brian Huxley', 'Brian', 'Brian', 'Margaret', 'Brian']","['schoolteacher', 'teacher']",[52],"['$68,000,', '$190,000,', '$45,000', '$15,000', '$15,000', '$15,000', '$25,000', '$40,000,', '$2,400', '$3,800', '$1,400']"
senior_investor_exploitation,adversarial,Harold,"['Harold Pemberton', 'Harold', 'Harold', 'Patricia Voss', 'Derek Kim', 'Derek', 'Harold', 'Patricia', 'Harold', 'Ellen', 'Ellen', 'Derek', 'Harold', 'Derek', 'Harold']","['engineer', 'attorney', 'retired']","[79, 79]","['$1.2', '$200,000']"
speculative_for_conservative_investor,adversarial,Margaret,"['Margaret Tully', 'Daniel Kowalski', 'Kowalski', 'Margaret', 'Margaret', 'Kowalski', 'Kowalski', 'Kowalski', 'Lisa Fontaine', 'Robert Hess', 'Margaret', 'Margaret', 'Margaret']","['schoolteacher', 'teacher', 'manager', 'retired']",[72],"['$38,000', '$310,000,', '$95,000', '$25,000,', '$95,000', '$45,600']"
overconcentration_single_stock,adversarial,Victor,"['Victor Sandoval', 'Victor', 'Priya Anand', 'Victor', 'Victor', 'Victor', 'Victor', 'Victor']",['engineer'],[48],"['$14', '$285,000', '$2.8', '$1.95', '$850,000', '$1.95', '$760,000,', '$2.8', '$1.6']"
reverse_churning,adversarial,Margaret,"['Margaret Okafor', 'Daniel Voss', 'Margaret', 'Voss', 'Voss', 'COVID', 'Margaret', 'Margaret', 'Margaret', 'Margaret', 'Voss']","['schoolteacher', 'teacher', 'retired']",[72],"['$410,000', '$5,125', '$287', '$1,200', '$0', '$12,812.50']"
market_timing_unsuitable,adversarial,Trevor,"['Trevor Langford', 'Trevor', 'Priya Deshmukh', 'Priya', 'Priya', 'Trevor', 'Trevor', 'Trevor']",['engineer'],[45],"['$285,000', '$1.8', '$1.4', '$87,000', '$168,000', '$87,000']"
alternative_investments_unsuitable,adversarial,Derek,"['Derek Hollis', 'Margaret Yuen', 'Margaret', 'Margaret', 'Margaret', 'Margaret']",['retired'],[71],"['$1.4', '$4,200', '$1.4', '$62,000', '$280,000']"
bond_duration_mismatch,adversarial,Sandra,"['Sandra Petrova', 'William Harding', 'William', 'William', 'Sandra', 'Sandra', 'William', 'William', 'William']",['retired'],"[64, 66]","['$600,000', '$1.1', '$3,500', '$40,000', '$100,000', '$350,000', '$350,000', '$6,825', '$234,500', '$115,500']"
leveraged_etf_unsuitable,adversarial,Margaret,"['Margaret Huang', 'Derek Simmons', 'Margaret', 'Margaret', 'Margaret', 'Margaret', 'Margaret']","['schoolteacher', 'teacher', 'retired']",[58],"['$420,000', '$52,000', '$380,000', '$63,000']"
leveraged_etf_unsuitable,adversarial,Ryan,"['Ryan Castellano', 'Ryan', 'Ryan', 'Lisa Park', 'Lisa Park', 'Ryan', 'Ryan', 'Lisa', 'Ryan']","['engineer', 'mechanic']",[34],"['$195,000', '$610,000', '$1.1', '$290,000', '$43,500', '$6,200']"
reverse_churning,adversarial,Margaret,"['Margaret Colwell', 'David Fenton', 'Margaret', 'David', 'David', 'Margaret', 'Margaret', 'Margaret', 'Margaret', 'David', 'David', 'Margaret', 'Margaret', 'David']",['retired'],[62],"['$620,000', '$8,400', '$7,900', '$600,000', '$660,000']"
illiquid_real_estate_investment,adversarial,Carlos,"['Carlos', 'Elena Montoya', 'Priya Nair', 'Montoyas', 'Montoyas', 'Montoyas', 'Montoyas']",[],[44],"['$340,000', '$2.1', '$680,000', '$420,000', '$750,000', '$310,000', '$250,000', '$200,000', '$50', '$200,000', '$420,000', '$250,000', '$670,000,', '$200,000']"
reverse_churning,adversarial,Margaret,"['Margaret Dalton', 'Kevin Rawlings', 'Kevin', 'Margaret', 'Margaret', 'Kevin', 'Margaret', 'Kevin', 'Margaret', 'Margaret', 'Margaret', 'Margaret']","['accountant', 'retired']",[72],"['$620,000', '$8,370', '$186,000', '$15,500', '$9,000', '$740', '$20,925']"
bond_duration_mismatch,adversarial,Samuel,"['Samuel Okafor', 'Okafor', 'Patricia Voss', 'Patricia', 'Okafor', 'Patricia', 'Okafor']",[],"[58, 63, 68]","['$485,000', '$1.2', '$1.2', '$87,000', '$1.2']"
mutual_fund_switching_churning,adversarial,Margaret,"['Margaret Dawson', 'Kevin Pratt', 'Pratt', 'Pratt', 'Margaret', 'Margaret', 'Pratt', 'Margaret', 'Margaret']",[],[58],"['$72,000', '$410,000', '$200,000', '$200,000', '$158,000', '$9,085', '$183,000,', '$198,500', '$10,522.50', '$250,000']"
options_unsuitable,adversarial,Derek,"['Derek Yamamoto', 'Lisa Chen', 'Derek', 'Derek', 'Lisa', 'Lisa', 'Lisa', 'Derek', 'Derek', 'Lisa', 'Derek', 'Derek', 'Lisa']",[],[34],"['$340,000', '$1.8', '$950,000,', '$320,000', '$250', '$285,000,', '$35,000', '$412,000,', '$92,000']"
reverse_churning,adversarial,Margaret,"['Margaret Kowalski', 'David Fontaine', 'Margaret', 'Margaret', 'Margaret', 'Margaret', 'Margaret', 'Margaret', 'Margaret', 'Margaret']",['retired'],[72],"['$340,000', '$4,250', '$8,200', '$340', '$45', '$125', '$125', '$12,750']"
variable_annuity_unsuitable,adversarial,Rakesh,"['Rakesh Patel', 'Brenda Sutcliffe', 'Patel', 'Patel', 'Brenda', 'Brenda', 'Patel', 'Roth', 'Brenda', 'Patel', 'Patel', 'Brenda', 'Patel']",[],[41],"['$680,000', '$410,000', '$220,000', '$410,000']"
structured_products_unsuitable,adversarial,Margaret,"['Margaret Chen', 'Daniel Ruiz', 'Daniel', 'Margaret', 'Margaret', 'Margaret', 'Daniel', 'Daniel', 'Margaret']","['schoolteacher', 'teacher', 'retired']",[72],"['$380,000', '$2,100', '$95,000', '$728', '$49,400']"
leveraged_etf_unsuitable,adversarial,Kevin,"['Kevin Ostrowski', 'Kevin', 'Kevin', 'Lisa Fontaine', 'Lisa', 'Lisa', 'Kevin', 'Kevin', 'Lisa', 'Kevin', 'Lisa', 'Kevin', 'Kevin', 'Lisa']","['engineer', 'mechanic']",[44],"['$215,000', '$1.8', '$650,000', '$130,000', '$130,000', '$650,000', '$130,000', '$900,000', '$75,400']"
leveraged_etf_unsuitable,adversarial,Margaret,"['Margaret Hollis', 'Derek Simmons', 'Margaret', 'Margaret', 'Derek', 'Derek', 'Margaret', 'Derek', 'Derek', 'Derek', 'Margaret']","['schoolteacher', 'teacher', 'retired']",[58],"['$420,000', '$2,100', '$42,000', '$3,864', '$2,100', '$1,750', '$45,000', '$1,200']"
concentration_risk,adversarial,Robert,"['Robert', 'Linda Cheng', 'Robert', 'Patricia Novak', 'Linda', 'James Whitfield', 'Patricia', 'Robert', 'Robert', 'Robert', 'James', 'Linda', 'James', 'Linda', 'Patricia', 'James', 'Robert', 'Robert', 'Patricia', 'Linda', 'James']",[],[64],"['$2.8', '$1.1', '$900,000', '$385,000', '$360,000', '$745,000', '$2', '$2.8', '$500,000', '$300,000', '$298,000']"
illiquid_investments,adversarial,Margaret,"['Margaret Caldwell', 'Derek Hanson', 'Margaret', 'Derek', 'Margaret', 'Margaret', 'Derek', 'Margaret', 'Derek', 'Margaret', 'Derek']",[],"[58, 62]","['$1.2', '$400,000', '$5,000', '$180,000', '$1.9', '$300,000', '$95,000,', '$120,000', '$300,000,', '$8,400', '$5,640', '$250,000']"
penny_stocks_unsuitable,adversarial,Victor,"['Victor Reyes', 'Victor', 'Lisa Chen', 'Victor', 'Lisa', 'Lisa', 'Victor', 'Victor', 'Lisa', 'Victor', 'Lisa', 'Victor', 'Lisa', 'Lisa']",['engineer'],[44],"['$140,000', '$520,000,', '$820,000', '$5', '$0.12', '$3.80', '$195,000,', '$62,000,', '$133,000']"
excessive_churning,adversarial,Margaret,"['Margaret Hollis', 'Daniel Prescott', 'Margaret', 'Daniel', 'Daniel', 'Margaret', 'Margaret', 'Margaret', 'Danny', 'Daniel', 'Margaret']",['manager'],[52],"['$135,000', '$600,000', '$210,000', '$14,700', '$3,200']"
senior_investor_exploitation,adversarial,Harold,"['Harold Zimmerman', 'Elaine Zimmerman', 'Harold', 'Patricia Gould', 'Elaine', 'Patricia', 'Elaine', 'Harold', 'Patricia', 'Elaine', 'Patricia', 'Harold', 'Patricia', 'Elaine', 'Patricia', 'Harold', 'Harold', 'Thomas Crane', 'Patricia', 'Thomas', 'Kevin Zimmerman']","['physician', 'attorney', 'retired']","[79, 51]","['$2,800', '$1,900', '$340,000', '$340,000', '$41,000']"
illiquid_investments,adversarial,Gerald,"['Gerald Whitmore', 'Dana Kowalski', 'Gerald', 'Dana', 'Gerald', 'Gerald', 'Gerald', 'Dana Kowalski', 'Gerald', 'Dana', 'Gerald', 'Gerald', 'Gerald', 'Dana', 'Dana', 'Gerald', 'Dana']",[],"[58, 65]","['$1.8', '$210,000,', '$270,000']"
lack_of_diversification,adversarial,Mariana,"['Mariana Reyes', 'Cliff Brennan', 'Mariana', 'Mariana', 'Mariana', 'Mariana', 'Mariana', 'Mariana']",['engineer'],[44],"['$340,000', '$2.4', '$1.1', '$600,000,', '$120,000', '$1.1', '$1.1', '$600,000', '$2.4']"
illiquid_real_estate_investment,adversarial,Margaret,"['Margaret Dawson', 'Kevin Marsh', 'Margaret', 'Kevin', 'Kevin', 'Kevin', 'Margaret', 'Margaret', 'Kevin', 'Margaret', 'Margaret', 'Kevin']",['retired'],[62],"['$420,000', '$85,000', '$125,000', '$85,000', '$60,000']"
excessive_churning,adversarial,David,"['David Linares', 'Sandra Fulton', 'David', 'David', 'David', 'Sandra', 'David', 'David', 'David']",['executive'],[48],"['$340,000', '$2.1', '$600,000', '$580,000', '$34,200']"
mutual_fund_switching_churning,adversarial,Gloria,"['Gloria Whitfield', 'Derek Palmieri', 'Derek', 'Gloria', 'Derek', 'Gloria', 'Derek', 'Beacon', 'Gloria', 'Beacon', 'Gloria', 'Beacon', 'Beacon', 'Derek', 'Derek', 'Gloria', 'Derek', 'Gloria', 'Morningstar', 'Gloria']","['schoolteacher', 'teacher', 'retired']",[58],"['$340,000', '$200,000', '$10,500', '$10,500', '$4,200', '$210,000', '$11,025']"
margin_unsuitable,adversarial,Victor,"['Victor Sandoval', 'Hannah Ng', 'Victor', 'Victor', 'Hannah', 'Victor', 'Hannah', 'Victor', 'Hannah', 'Victor', 'Victor', 'Victor']",['engineer'],[44],"['$285,000', '$1.9', '$600,000', '$480,000', '$600,000', '$165,000']"
unsuitable_income_investor,adversarial,Margaret,"['Margaret Kowalski', 'Daniel Furst', 'Daniel', 'Daniel', 'Margaret', 'Margaret']","['retiree', 'retired']",[71],"['$620,000', '$400,000', '$220,000', '$38,000', '$650,000,', '$190,000', '$80,000', '$50,000', '$4,100']"
variable_annuity_unsuitable,adversarial,Robert,"['Robert', 'Linda Chen', 'Allison Briggs', 'Robert', 'Linda', 'Robert', 'Linda', 'Allison', 'Linda', 'Allison', 'Chens', 'Chens', 'Allison', 'Allison', 'Chens', 'Chens']",['manager'],"[58, 65]","['$125,000', '$55,000', '$1.1', '$430,000', '$180,000', '$310,000', '$180,000', '$180,000', '$11,700']"
penny_stocks_unsuitable,adversarial,Marcus,"['Marcus Trent', 'Dorothy Kline', 'Dorothy', 'Dorothy', 'Dorothy', 'Dorothy', 'Dorothy', 'Dorothy']","['schoolteacher', 'teacher', 'retired']",[71],"['$185,000', '$42,000', '$210,000', '$0.38', '$3,800', '$0.02', '$3,800']"
private_placements_unsuitable,adversarial,Sarah,"['Sarah Feldstein', 'Sarah', 'Raymond Osei', 'Raymond', 'Raymond', 'Raymond', 'Sarah', 'Sarah']",[],[58],"['$50,000', '$195,000', '$1.4', '$840,000', '$100,000', '$390,000', '$180,000', '$95,000', '$75,000', '$175,000,']"
concentration_risk,adversarial,Margaret,"['Margaret Holloway', 'Margaret', 'Margaret', 'David Pruitt', 'David', 'Margaret', 'Margaret', 'David', 'Karen Almeida', 'Margaret', 'Margaret']","['engineer', 'retired']",[71],"['$1.8', '$2,400', '$2,100', '$900,000', '$180,000', '$900,000', '$558,000']"
structured_products_unsuitable,adversarial,Luis,"['Luis Medrano', 'Thomas Eklund', 'Thomas', 'Luis', 'Thomas', 'Luis', 'Luis', 'Thomas', 'Luis', 'Thomas', 'Thomas']",['manager'],[58],"['$195,000', '$620,000', '$125,000', '$100,000', '$124,700', '$125,000', '$100,000']"
structured_products_unsuitable,adversarial,Margaret,"['Margaret Kessler', 'Dennis Park', 'Margaret', 'Margaret', 'Margaret', 'Dennis', 'Andrea Liu', 'Margaret', 'Margaret', 'Margaret', 'Dennis', 'Dennis']","['schoolteacher', 'teacher', 'retired']",[71],"['$620,000', '$155,000', '$38,000']"
concentration_risk,adversarial,Rajan,"['Rajan Mehta', 'Cynthia Tranh', 'Paul Bergström', 'Mehta', 'Mehta', 'Cynthia', 'Cynthia', 'Mehta', 'Paul', 'Paul', 'Cynthia', 'Paul', 'Mehta', 'Mehta', 'Mehta', 'Mehta']",[],[52],"['$780,000', '$1.4', '$1.1', '$2.5', '$700,000', '$550,000', '$1.25', '$437,500']"
structured_products_unsuitable,adversarial,Margaret,"['Margaret Chen', 'Thomas Reilly', 'Diana Kowalski', 'Margaret', 'Margaret', 'Reilly', 'Margaret', 'Margaret', 'Firm A.']","['schoolteacher', 'teacher', 'retiree', 'retired']",[71],"['$620,000', '$80,000', '$155,000', '$51,200', '$80,000', '$28,800']"
leveraged_etf_unsuitable,adversarial,David,"['David Koroma', 'Sarah Whitfield', 'David', 'David', 'Whitfield', 'Whitfield', 'Whitfield', 'David', 'Whitfield', 'Whitfield', 'David', 'Whitfield']",['engineer'],[44],"['$195,000', '$1.4', '$70,000', '$850,000', '$18,200,', '$51,800']"
structured_products_unsuitable,adversarial,Derek,"['Derek Williamson', 'Miriam Choi', 'Miriam', 'Monte Carlo', 'Miriam', 'Derek', 'Miriam', 'Miriam', 'Derek']","['pharmacist', 'retired']",[58],"['$1.8', '$145,000', '$63,000', '$4,640']"
bond_duration_mismatch,adversarial,Susan,"['Susan Nakamura', 'Gerald Hoffman', 'Gerald', 'Susan', 'Gerald', 'Susan', 'Susan', 'Gerald', 'Gerald', 'Gerald', 'Susan', 'Gerald', 'Gerald']","['engineer', 'retired']","[71, 78]","['$920,000', '$187,000']"
options_unsuitable,adversarial,Margaret,"['Margaret Holloway', 'Margaret', 'Derek Fanning', 'Margaret', 'Derek', 'Margaret', 'Margaret', 'Margaret', 'Margaret', 'Margaret', 'Derek', 'Margaret']","['mechanic', 'retiree', 'retired']",[71],"['$38,000', '$410,000', '$220,000', '$30,000', '$50,000', '$31,400', '$268,000', '$111,000']"
mutual_fund_switching_churning,adversarial,Carlos,"['Carlos Medina', 'Theresa Burke', 'Carlos', 'Carlos', 'Cap Value', 'Morningstar', 'Carlos', 'Carlos']",['manager'],[55],"['$95,000', '$340,000', '$340,000', '$17,850', '$322,000', '$14,490', '$307,000', '$10,745', '$296,000', '$250', '$10,360', '$286,000', '$10,010', '$276,000', '$9,660', '$73,115', '$340,000', '$267,000', '$3,100']"
penny_stocks_unsuitable,adversarial,Margaret,"['Margaret Driscoll', 'Margaret', 'Carl Jennings', 'David Park', 'David', 'Margaret', 'Margaret', 'Tyler Driscoll', 'David', 'Margaret', 'Tyler', 'David', 'Margaret', 'David', 'Tyler', 'David', 'David', 'Margaret', 'David', 'Margaret', 'Tyler', 'David', 'Margaret', 'Margaret', 'Margaret', 'GreenLeaf Bioworks', 'Margaret']","['schoolteacher', 'teacher', 'attorney', 'retired']","[71, 34]","['$340,000', '$38,000', '$340,000', '$45,000', '$0.18', '$2.8', '$3.00', '$45,000', '$0.18', '$45,000']"
crypto_assets_unsuitable,adversarial,Raymond,"['Raymond Ochoa', 'Raymond', 'Raymond', 'Lisa Cheng', 'Raymond', 'Lisa', 'Bitcoin', 'Raymond', 'Raymond', 'Lisa', 'Bitcoin', 'Raymond', 'Raymond', 'Lisa', 'Lisa', 'Bitcoin']","['engineer', 'mechanic']",[52],"['$225,000', '$1.9', '$680,000', '$75,000', '$75,000', '$13,500']"
crypto_assets_unsuitable,adversarial,Margaret,"['Margaret Dawson', 'Kevin Tranh', 'Kevin', 'Margaret', 'Bitcoin', 'Kevin', 'Kevin', 'Margaret', 'Margaret', 'Kevin', 'Kevin']",['retired'],[72],"['$340,000', '$410,000', '$70,000', '$17,000', '$20,000', '$43,000,', '$381,000', '$19,000']"
overconcentration_single_stock,adversarial,Samuel,"['Samuel Okafor', 'Okafor', 'Rachel Simmons', 'Crestline', 'Rachel', 'Okafor', 'Okafor', 'Okafor', 'Rachel', 'Okafor', 'Rachel', 'Okafor', 'Okafor', 'Okafor']",['physician'],[54],"['$780,000', '$2.1', '$3.8', '$900,000', '$800,000', '$138', '$1,173,000', '$2.4', '$800,000', '$620,000', '$180,000', '$95,000', '$1,868,000', '$3.8', '$1,268,000,', '$50', '$800,000']"
annuity_unnecessary_switching,adversarial,Margaret,"['Margaret Thornton', 'Derek Huang', 'Derek a', 'Derek', 'Margaret', 'Derek', 'Margaret', 'Derek', 'Margaret', 'Margaret', 'Derek', 'Margaret', 'Margaret', 'Derek']",[],"[62, 67]","['$285,000', '$18,525', '$25,650', '$290,000', '$15,051', '$420,000', '$2,100', '$68,400']"
failure_to_know_customer,adversarial,Victor,"['Victor', 'Elena Petrov', 'Carla Simmons', 'Carla', 'Carla', 'Carla', 'Carla', 'Victor', 'Carla', 'Carla', 'Carla', 'Ron Delacroix', 'Victor']","['manager', 'business owner', 'contractor']","[54, 69]","['$310,000,', '$1.8', '$650,000', '$900,000', '$340,000', '$28,000,', '$90,000', '$220,000', '$160,000', '$520,000,', '$45,000', '$180,000', '$22,000']"
senior_investor_exploitation,adversarial,Margaret,"['Margaret Thornton', 'Daniel Reese', 'Karen Lipinski', 'Margaret', 'Daniel Reese', 'Margaret', 'Daniel', 'Margaret', 'Daniel', 'Karen Lipinski', 'Margaret', 'Margaret', 'Karen', 'Margaret', 'Margaret', 'Karen', 'Margaret', 'Margaret', 'Daniel']",['attorney'],[79],"['$1.2', '$400,000', '$9,000', '$150,000', '$400,000', '$95,000', '$150,000']"
excessive_churning,adversarial,Robert,"['Robert Castellano', 'Theresa Ngo', 'Robert', 'Theresa', 'Robert', 'Robert']","['pilot', 'retired']",[52],"['$2.8', '$2.6', '$94,000']"
mutual_fund_switching_churning,adversarial,Margaret,"['Margaret Chen', 'David Hartwell', 'Margaret', 'David', 'David', 'Margaret', 'David', 'David', 'Margaret', 'Morningstar', 'Margaret', 'David', 'Margaret', 'Morningstar', 'Margaret']",['retired'],[62],"['$340,000', '$17,850', '$410,000', '$23,575', '$9,430', '$395,000', '$22,712.50', '$8,100', '$46,287.50', '$58,000']"
concentration_risk,adversarial,Roberto,"['Roberto Vasquez', 'Sheila Dawson', 'Roberto', 'Roberto', 'Sheila', 'Sheila', 'Roberto', 'Sheila', 'Sheila', 'Roberto', 'Roberto', 'Roberto']","['engineer', 'manager']",[45],"['$285,000', '$1.8', '$2.2', '$600,000', '$500,000', '$4.6', '$200,000', '$300,000', '$500,000', '$500,000', '$810,000']"
illiquid_investments,adversarial,Margaret,"['Margaret Chen', 'David Halloran', 'Margaret', 'David', 'David', 'David', 'Margaret', 'Margaret', 'Margaret', 'David', 'David', 'lockup', 'Margaret']",[],"[58, 58]","['$95,000', '$420,000,', '$85,000', '$250,000', '$70,000', '$70,000']"
failure_to_know_customer,adversarial,Richard,"['Richard Dominguez', 'Priya Anand', 'Richard', 'Richard', 'Thomas Garrett', 'Thomas', 'Richard', 'Thomas', 'Thomas', 'Richard', 'Richard', 'Richard', 'Richard', 'Priya', 'Thomas', 'Thomas', 'Richard']","['widow', 'retired']",[72],"['$48,000', '$310,000,', '$48,000', '$310,000']"
market_timing_unsuitable,adversarial,Helen,"['Helen Kowalski', 'Marcus Chen', 'Diane Patel', 'Marcus Chen', 'Helen', 'Chen', 'Diane Patel', 'Helen', 'Helen', 'Marcus Chen', 'Chen']","['teacher', 'retired']",[71],"['$420,000', '$250,000', '$170,000', '$18,200', '$420,000']"
annuity_unnecessary_switching,adversarial,Robert,"['Robert Gunderson', 'James Whitfield', 'Whitfield', 'Gunderson', 'Whitfield', 'Whitfield', 'Gunderson', 'Whitfield', 'Gunderson']",[],[62],"['$185,000', '$210,000', '$221,500', '$11,100', '$9,450', '$174,000', '$22,000', '$40,000']"
options_unsuitable,adversarial,Margaret,"['Margaret Hollister', 'David Chen', 'Margaret', 'David', 'Margaret', 'Margaret', 'David', 'Margaret', 'Margaret', 'David', 'Margaret', 'Margaret', 'David', 'Margaret']",[],[58],"['$95,000,', '$320,000,', '$8,400', '$6,200', '$12', '$14,600', '$3,100', '$4,800']"
lack_of_diversification,adversarial,Raymond,"['Raymond Torres', 'Raymond', 'Raymond', 'Patricia Langford', 'Patricia', 'Raymond', 'Raymond', 'Patricia', 'Raymond', 'Raymond', 'Patricia', 'Patricia', 'Raymond']",['engineer'],[44],"['$285,000', '$410,000,', '$1.2', '$410,000', '$410,000', '$410,000', '$603,000', '$85,000', '$1.888', '$2.028']"
leveraged_etf_unsuitable,adversarial,Martin,"['Martin Caldwell', 'Derek Huang', 'Derek', 'Martin', 'Derek', 'Derek']","['engineer', 'mechanic', 'retired']",[58],"['$1.2', '$48,000', '$85,000', '$180,000', '$120,000', '$365,000', '$88,000', '$212,000', '$300,000']"
illiquid_real_estate_investment,adversarial,Sandra,"['Sandra Whitfield', 'Paul Regan', 'Paul', 'Paul', 'Sandra', 'Paul', 'Sandra', 'Paul', 'Sandra', 'Paul', 'Sandra', 'Sandra', 'Sandra']",[],[52],"['$112,000', '$730,000', '$540,000', '$190,000', '$280,000', '$350,000', '$140,000', '$145,000', '$1,010,000', '$730,000', '$145,000', '$1,010,000', '$730,000', '$280,000', '$145,000']"
illiquid_real_estate_investment,adversarial,Margaret,"['Margaret Kowalski', 'David Chen', 'David', 'Margaret', 'Margaret', 'Margaret', 'Margaret', 'Margaret', 'David Chen']",[],[52],"['$2.8', '$1.4', '$195,000', '$140,000']"
senior_investor_exploitation,adversarial,Helen,"['Helen Margolis', 'Richard Margolis', 'Helen', 'Richard', 'Richard', 'Helen', 'Sandra Whitfield', 'Richard', 'Richard', 'Richard', 'Sandra', 'Richard', 'Richard', 'Richard', 'Sandra', 'Helen', 'James Margolis']","['schoolteacher', 'teacher', 'attorney', 'retired']","[79, 54]","['$42,000', '$24,000', '$380,000,', '$210,000', '$285,000']"
illiquid_investments,adversarial,Margaret,"['Margaret Dunlop', 'Craig Pemberton', 'Margaret', 'Craig', 'Craig', 'Craig', 'Margaret', 'Margaret', 'Craig']","['schoolteacher', 'teacher', 'retired']",[62],"['$480,000', '$35,000', '$120,000', '$360,000', '$85,000', '$340,000']"
unsuitable_income_investor,adversarial,Harold,"['Harold', 'Diane Nakamura', 'Renee Castillo', 'Renee', 'Nakamuras', 'Renee', 'Nakamuras']",['retired'],[71],"['$52,000', '$620,000', '$2,500', '$30,000', '$620,000', '$310,000', '$155,000', '$155,000', '$40,300', '$30,000', '$491,000']"
bond_duration_mismatch,adversarial,Margaret,"['Margaret Ellison', 'Derek Huang', 'Margaret', 'Derek', 'Derek', 'Margaret', 'Margaret', 'Margaret']",['retired'],[71],"['$1.2', '$4,000', '$180,000', '$850,000', '$350,000', '$350,000', '$4,000', '$3,800']"
variable_annuity_unsuitable,adversarial,Robert,"['Robert Castellano', 'Patricia Novak', 'Robert', 'Patricia', 'Robert', 'Robert', 'Patricia', 'Robert', 'Robert', 'Robert', 'Patricia', 'Patricia', 'Robert']",['engineer'],"[58, 67]","['$195,000', '$620,000', '$85,000', '$40,000', '$500,000']"
junk_bonds_conservative_investor,adversarial,Margaret,"['Margaret Holloway', 'Craig Donovan', 'Margaret', 'Craig', 'Craig', 'B. Craig', 'Margaret', 'Margaret', 'Margaret', 'Margaret']","['schoolteacher', 'teacher', 'retiree', 'retired']","[71, 71]","['$430,000', '$480,000,', '$38,000', '$6,500', '$14,000', '$86,000']"
complex_products_unsophisticated_investor,adversarial,Roberto,"['Roberto Garza', 'Roberto', 'Lisa Cheng', 'Roberto', 'Lisa', 'Roberto', 'Roberto', 'Kevin Walsh', 'Kevin', 'Roberto', 'Kevin', 'Kevin', 'Roberto', 'Kevin', 'Lisa', 'Kevin', 'Kevin', 'Roberto', 'Roberto']",[],[44],"['$62,000', '$145,000', '$95,000', '$145,000', '$40,000', '$78,000', '$95,000', '$17,000']"
structured_products_unsuitable,adversarial,Derek,"['Derek Holcomb', 'Margaret Yuen', 'Margaret', 'Derek', 'Monte Carlo', 'Margaret', 'Margaret', 'Margaret', 'Margaret']",['retired'],[58],"['$1.4', '$140,000', '$84,000,', '$56,000', '$10,700']"
reverse_churning,adversarial,Carla,"['Carla Simms', 'Thomas Engel', 'Carla', 'Thomas', 'Thomas', 'Carla', 'Carla', 'Thomas', 'Thomas', 'Thomas']","['engineer', 'retired']",[67],"['$620,000', '$7,750', '$19,800', '$3,200']"
margin_unsuitable,adversarial,Gerald,"['Gerald Whitmore', 'Gerald', 'Gerald', 'Patricia Langston', 'Patricia', 'Gerald', 'Gerald', 'Gerald']","['attorney', 'pilot', 'retiree', 'retired']","[71, 71]","['$2.1', '$3.8', '$1.2', '$96,000', '$580,000', '$580,000', '$2.7', '$45,000,', '$400,000']"
annuity_unnecessary_switching,adversarial,Helen,"['Helen Drummond', 'Helen', 'Helen']",['retired'],[62],"['$340,000', '$385,000', '$340,000,', '$17,000', '$340,000', '$385,000', '$19,250', '$385,000', '$18,700', '$340,000', '$550', '$340']"
illiquid_real_estate_investment,adversarial,Margaret,"['Margaret Olsen', 'Derek Huang', 'Priya Ramirez', 'Margaret', 'Priya Ramirez', 'Margaret', 'Margaret', 'Margaret', 'Margaret', 'Margaret']",['retired'],[72],"['$680,000', '$380,000', '$300,000', '$38,000', '$18,000', '$145,000', '$25,000', '$145,000', '$155,000', '$45,000']"
bond_duration_mismatch,adversarial,Thomas,"['Thomas Whitfield', 'Carolyn Meeks', 'Thomas', 'Thomas', 'Carolyn', 'Carolyn', 'Thomas', 'Thomas', 'Thomas', 'Thomas', 'Carolyn', 'Monte Carlo', 'Thomas', 'Carolyn']",[],[63],"['$500,000', '$40,000', '$60,000', '$500,000', '$40,000']"
lack_of_diversification,adversarial,Margaret,"['Margaret Yuen', 'Margaret', 'Derek Solis', 'Margaret', 'Derek', 'Qualcomm', 'Margaret', 'Margaret']","['schoolteacher', 'teacher', 'retiree', 'retired']",[71],"['$1.2', '$38,000', '$251,000']"
excessive_load_funds,adversarial,Patricia,"['Patricia Reeves', 'Terrence Abbot', 'Patricia', 'Patricia', 'Patricia', 'Patricia', 'Morningstar']",['manager'],[],"['$245,000', '$140,000', '$80,000', '$65,000', '$50,000', '$50,000', '$250,000,', '$5,000', '$250,000', '$3,680', '$12,000', '$12,000', '$250,000', '$245,000', '$11,588']"
reverse_churning,adversarial,Margaret,"['Margaret Holloway', 'David Kessler', 'David', 'Margaret', 'Margaret', 'Margaret', 'David', 'David', 'David', 'Margaret', 'David', 'Margaret', 'Margaret', 'Margaret', 'Margaret', 'David', 'Margaret', 'David']","['schoolteacher', 'teacher', 'retired']",[72],"['$340,000', '$4,590', '$185', '$11,475', '$5,000,']"
annuity_unnecessary_switching,adversarial,Carlos,"['Carlos Medina', 'Rachel Fontaine', 'Rachel', 'Carlos', 'Rachel', 'Rachel', 'Carlos', 'Carlos', 'Carlos', 'Carlos', 'Rachel', 'Rachel', 'Carlos', 'Rachel']",['manager'],"[58, 65, 65]","['$125,000', '$210,000,', '$180,000,', '$225,000,', '$1,470', '$11,550', '$225,000', '$15,000', '$1,312', '$1,050']"
private_placements_unsuitable,adversarial,Derek,"['Derek Liang', 'Mariana Sousa', 'Mariana', 'Derek', 'Derek', 'Mariana', 'Mariana', 'Derek', 'Derek', 'Derek']","['physician', 'manager']",[44],"['$410,000', '$1.8', '$3.2', '$540,000', '$1.26']"
senior_investor_exploitation,adversarial,Harold,"['Harold Evanston', 'Carol Mendez', 'Harold', 'Patricia', 'Troy Whitfield', 'Harold', 'Harold', 'Carol', 'Patricia', 'Patricia', 'Harold', 'Patricia', 'Whitfield', ""Carol Mendez's"", 'Baxter Financial', 'Harold']",['retired'],[79],"['$320,000', '$195,000']"
unsuitable_income_investor,adversarial,Margaret,"['Margaret Dalton', 'Kevin Marsh', 'Kevin Marsh', 'Margaret', 'Margaret', 'Margaret', 'Margaret']","['schoolteacher', 'teacher', 'retired']",[71],"['$640,000', '$1,900', '$1,400', '$15,000,', '$39,600,', '$655,000', '$640,000', '$1,280', '$1,920', '$2,500', '$384,000', '$160,000', '$96,000', '$3,040', '$30,720', '$13,440']"
margin_unsuitable,adversarial,Samuel,"['Samuel Okonkwo', 'Okonkwo', 'Lisa Cheng', 'Lisa', 'COVID', 'Okonkwo', ""Lisa Cheng's"", 'Lisa', 'Okonkwo', 'Okonkwo', 'Okonkwo']",[],[45],"['$520,000', '$3.2', '$1.8', '$800,000', '$600,000', '$900,000', '$400,000', '$1.5', '$400,000', '$750,000', '$410,000']"
variable_annuity_unsuitable,adversarial,Margaret,"['Margaret Holloway', 'Derek Simmons', 'Margaret', 'Derek', 'Margaret', 'Margaret', 'Derek']","['schoolteacher', 'teacher', 'retired']","[71, 65]","['$340,000', '$2,400', '$180,000', '$180,000', '$30,000', '$2,100']"
illiquid_investments,adversarial,Victor,"['Victor Reyes', 'Karen Cho', 'Victor', 'Karen', 'Karen', 'Victor', 'Victor', 'Karen', 'Karen', 'Karen', 'Victor', 'Karen', 'Victor', 'Karen', 'Victor']",['engineer'],[58],"['$285,000', '$2.1', '$1.65', '$720,000', '$580,000', '$350,000', '$95,000', '$165,000', '$72,000', '$38,000', '$275,000', '$720,000', '$1.65', '$95,000', '$1.745', '$237,000', '$72,000', '$165,000', '$2.1', '$70,000', '$250,000']"
tax_deferred_unnecessary_annuity,adversarial,Margaret,"['Margaret Fielding', 'Derek Hollis', 'Margaret', 'Derek', 'Margaret', 'Derek']",['teacher'],"[58, 65]","['$410,000', '$72,000', '$35,000', '$22,550']"
overconcentration_single_stock,adversarial,Raymond,"['Raymond Xu', 'Raymond', 'Samantha Keyes', 'Raymond', 'Raymond', 'Raymond', 'Raymond', 'Samantha', 'Raymond', 'Raymond', 'Samantha']",['engineer'],[44],"['$290,000', '$1.8', '$1.1', '$700,000', '$200,000', '$300,000', '$200,000', '$1.3', '$2.05', '$150,000', '$150,000', '$550,000', '$1.45', '$2.05']"
complex_products_unsophisticated_investor,adversarial,Martha,"['Martha Kendrick', 'Derek Paulson', 'Martha', 'Martha', 'Martha', 'Martha']",['retired'],[71],"['$185,000', '$24,000', '$55,000', '$55,000']"
inappropriate_risk_profile,adversarial,James,"['James', 'Patricia Okonkwo', 'James', 'Patricia', 'Rachel Simmons', 'Rachel', 'James', 'Rachel', 'Rachel', 'Patricia']","['engineer', 'manager']",[58],"['$410,000,', '$2.8', '$750,000,', '$400,000', '$2.8', '$400,000', '$2.8', '$400,000']"
mutual_fund_switching_churning,adversarial,Margaret,"['Margaret Olsen', 'Kevin Draper', 'Franklin Templeton', 'Margaret', 'Margaret', 'Margaret', 'Margaret', 'Kevin']",['retired'],[58],"['$320,000', '$42,000,', '$15,200', '$320,000', '$1,800', '$298,400,', '$9,800']"
complex_products_unsophisticated_investor,adversarial,Roberto,"['Roberto Garza', 'Roberto', 'Roberto', 'Roberto', 'Danielle Chu', 'Roberto', 'Roberto', 'Roberto', 'Roberto', 'Roberto']",['mechanic'],[34],"['$36,000', '$55,000,', '$28,000', '$27,000', '$20,000']"
mutual_fund_switching_churning,adversarial,Margaret,"['Margaret Colwell', 'David Kensington', 'Margaret', 'Margaret', 'Margaret', 'Margaret', 'Margaret']",[],[58],"['$52,000', '$310,000', '$185,000', '$10,637.50', '$7,400', '$9,712.50', '$185,000', '$14,200', '$164,650', '$20,350', '$185,000,']"
leveraged_etf_unsuitable,adversarial,Carlos,"['Carlos Medina', 'Carlos', 'Carlos', 'Rachel Pham', 'Carlos', 'Rachel', 'Carlos', 'Carlos', 'Rachel', 'Carlos', 'Carlos', 'Rachel', 'Rachel', 'Carlos']","['engineer', 'mechanic', 'retired']",[71],"['$1.4', '$3,200', '$70,000', '$112,000,', '$42,000', '$150']"
variable_annuity_unsuitable,adversarial,Margaret,"['Margaret Holloway', 'David Kantor', 'Margaret', 'David', 'David', 'Margaret', 'Margaret', 'David', 'Margaret', 'David', 'Margaret']",['retired'],[71],"['$620,000', '$2,800', '$310,000', '$17,050', '$24,800', '$310,000', '$9,765']"
lack_of_diversification,adversarial,Robert,"['Robert', 'Diane Cheng', 'Patricia Navarro', 'Robert', 'Patricia', 'Patricia', 'Robert', 'Patricia', 'Patricia']",['engineer'],[54],"['$4.2', '$1.9', '$1,425,000', '$1.9', '$475,000', '$2.1']"
lack_of_diversification,adversarial,Margaret,"['Margaret Kowalski', 'Margaret', 'Daniel Huang', 'Margaret', 'Daniel', 'Margaret', 'Margaret', 'Daniel', 'Margaret', 'Margaret', 'Daniel']","['schoolteacher', 'teacher', 'manager', 'retired']",[71],"['$620,000', '$400,000', '$220,000', '$38,000', '$22,000', '$620,000', '$483,600']"
unsuitable_income_investor,adversarial,Harold,"['Harold Pemberton', 'Harold', 'Priya Nair', 'Morningstar', 'Priya', 'Harold', 'Harold']","['manager', 'retired']",[67],"['$810,000', '$95,000', '$5,200,', '$2,400', '$2,800', '$33,600', '$810,000', '$324,000', '$243,000', '$162,000', '$81,000', '$65,600', '$5,400', '$641,000', '$3,100']"
inappropriate_risk_profile,adversarial,Margaret,"['Margaret Chen', 'David Kowalski', 'Margaret', 'David', 'David', 'Margaret', 'COVID', 'David', 'Margaret', 'David', 'David', 'Margaret', 'Margaret', 'Margaret', 'David']",[],[62],"['$85,000', '$420,000,', '$168,000']"
overconcentration_single_stock,adversarial,Thomas,"['Thomas Reeves', 'Thomas', 'Lisa Pratt', 'Trident Brokerage', 'James Fong', 'Thomas', 'Thomas', 'Lisa', 'Thomas', 'Lisa', 'Lisa', 'Thomas', 'Lisa', 'Lisa', 'Thomas', 'James Fong', 'Thomas', 'Thomas', 'Lisa', 'Thomas', 'Thomas']","['engineer', 'contractor']",[45],"['$18', '$195,000', '$1.2', '$800,000', '$400,000', '$120,000', '$200,000', '$320,000', '$280,000', '$600,000', '$1.2']"
leveraged_etf_unsuitable,adversarial,Margaret,"['Margaret Holloway', 'Derek Sims', 'Derek', 'Monte Carlo', 'Margaret', 'Margaret', 'Margaret', 'Derek']",['retired'],"[58, 62, 62]","['$620,000', '$186,000']"
annuity_unnecessary_switching,adversarial,William,"['William Prescott', 'William', 'Tanya Reeves', 'William', 'William']",[],[67],"['$340,000,', '$295,000', '$6,800', '$500,000', '$2,800', '$2,400', '$58,000', '$18,700']"
inappropriate_risk_profile,adversarial,Daniel,"['Daniel Whitfield', 'Priya Anand', 'Daniel', 'Daniel', 'Priya', 'Daniel', 'Daniel', 'Daniel', 'Daniel', 'Priya']",['engineer'],"[41, 66]","['$285,000', '$1.8']"
senior_investor_exploitation,adversarial,Margaret,"['Margaret Henson', 'Margaret', 'Carl Bergstrom', 'Margaret', 'Margaret', 'Margaret', 'Tyler Henson', 'Margaret', 'Margaret', 'Margaret', 'Margaret', 'Tyler', 'Margaret', 'Margaret', 'Margaret', 'Margaret', 'Lisa Henson-Park', 'Lisa Henson-Park', 'Margaret', 'Lisa', 'Margaret']",['retired'],"[79, 32]","['$620,000', '$3,400,', '$2,100', '$200,000', '$200,000', '$200,000', '$45,000']"
illiquid_real_estate_investment,adversarial,Margaret,"['Margaret Kowalski', 'Daniel Frisch', 'Margaret', 'Margaret', 'COVID-19', 'Margaret', 'Margaret']",['retired'],[62],"['$1.2', '$85,000', '$400,000', '$120,000']"
overconcentration_single_stock,adversarial,Trevor,"['Trevor Nakamura', 'Trevor', 'Christine Delgado', 'Trevor', 'Christine', 'Trevor', 'Trevor']",['engineer'],[44],"['$18', '$310,000', '$3.8', '$2.6', '$600,000', '$200,000', '$400,000', '$150,000', '$200,000', '$200,000', '$1.56', '$2.76']"
annuity_unnecessary_switching,adversarial,Margaret,"['Margaret Donnelly', 'Ryan Chao', 'Ryan Chao', 'Margaret', 'Margaret', 'Ryan', 'Margaret', 'Margaret', 'Ryan', 'Margaret']",['retired'],[62],"['$480,000', '$3,200', '$28,800', '$502,000', '$422,400', '$341,000,', '$422,400', '$509,000']"
annuity_unnecessary_switching,adversarial,Dennis,"['Dennis Kowalski', 'Patricia Simms', 'Patricia', 'Dennis', 'Patricia', 'Dennis', 'Patricia', 'Bradley Nash']","['engineer', 'mechanic', 'consultant', 'retired']",[58],"['$95,000', '$1.8', '$620,000', '$43,400', '$43,400', '$576,600', '$46,128', '$43,400']"
options_unsuitable,adversarial,Margaret,"['Margaret Holloway', 'Derek Fenton', 'Margaret', 'Bridgewater', 'Derek', 'Margaret', 'Derek', 'Margaret', 'Margaret', 'Margaret', 'Margaret', 'Margaret']",['retired'],[71],"['$620,000', '$48,000', '$680,000', '$18,400', '$31,500', '$31,500', '$6,100']"
reverse_churning,adversarial,Thomas,"['Thomas', 'Linda Guerrero', 'Thomas', 'Patricia Kemp', 'Patricia', 'Patricia', 'Patricia', 'Patricia', 'Patricia', 'Guerreros', 'Patricia', 'Guerreros', 'Guerreros', 'Roth', 'Guerreros']",[],[58],"['$1,450,000', '$18,125', '$870,000', '$580,000', '$54,375', '$4,200', '$7.95', '$2,250', '$1.50', '$0', '$6,450']"
illiquid_investments,adversarial,Margaret,"['Margaret Hollis', 'David Crane', 'David', 'Margaret', 'Margaret', 'David', 'David', 'David']","['schoolteacher', 'teacher', 'retired']",[62],"['$420,000', '$84,000']"
margin_unsuitable,adversarial,Raymond,"['Raymond Soto', 'Linda Park', 'Raymond', 'Raymond', 'Linda', 'Linda', 'Raymond', 'Linda', 'Raymond', 'Linda']",['engineer'],[45],"['$195,000', '$1.2', '$400,000', '$800,000', '$800,000', '$800,000', '$1.6', '$320,000,', '$160,000']"
illiquid_real_estate_investment,adversarial,Margaret,"['Margaret Volkov', 'Dennis Pratt', 'Theresa Kwon', 'Margaret', 'Theresa Kwon', 'Margaret', 'Margaret', 'Margaret', 'Margaret', 'Margaret', 'Margaret', 'Dennis Pratt', 'Margaret', 'Theresa Kwon']","['schoolteacher', 'teacher', 'retired']",[71],"['$620,000', '$340,000', '$280,000', '$3,400', '$70,000', '$25,000', '$620,000', '$70,000', '$50,000']"
mutual_fund_switching_churning,adversarial,Carlos,"['Carlos Mendez', 'Brenda Tully', 'Brenda', 'Carlos', 'Carlos', 'Carlos', 'COVID', 'Carlos', 'Carlos', 'Brenda', 'Brenda', 'Carlos', 'Carlos']",['manager'],[54],"['$135,000', '$410,000', '$180,000', '$9,450', '$185,000', '$10,175', '$148,000', '$7,030', '$192,000', '$9,600', '$36,255']"
leveraged_etf_unsuitable,adversarial,Derek,"['Derek Holloway', 'Marguerite Stenson', 'Stenson', 'Stenson', 'Stenson']",['retired'],[58],"['$720,000', '$4,200', '$40,000', '$108,000']"
reverse_churning,adversarial,Patricia,"['Patricia Keene', 'Harold Vincenzo', 'COVID', 'Keene', 'Harold', 'Patricia']","['electrician', 'retired']",[71],"['$485,000', '$6,062.50', '$1,843', '$2,215', '$987', '$1,681.67', '$6,062.50']"
structured_products_unsuitable,adversarial,Margaret,"['Margaret Holloway', 'Daniel Reeves', 'Reeves', 'Margaret', 'Margaret', 'Margaret', 'Margaret', 'Margaret']","['schoolteacher', 'teacher', 'retired']",[72],"['$340,000', '$1,600', '$170,000', '$250,000', '$170,000', '$4,760', '$4,500', '$139,400', '$30,600', '$170,000']"
speculative_for_conservative_investor,adversarial,Robert,"['Robert', 'Linda Chen', 'Patricia Yun', 'Chens', 'Patricia', 'Robert', 'Linda', 'Robert', 'Patricia', 'Robert', 'Patricia', 'Linda', 'Patricia', 'Robert', 'Robert', 'Patricia', 'Robert', 'Linda', 'SynapseAI', 'Chens', 'Linda Chen', 'Patricia', 'Robert']",['engineer'],"[58, 65]","['$1.2', '$145,000', '$38,000', '$60,000', '$400,000', '$180', '$340', '$520', '$60,000,', '$60,000', '$60,000', '$340,000', '$800,000', '$60,000', '$1.2', '$41,000', '$60,000']"
tax_deferred_unnecessary_annuity,adversarial,Margaret,"['Margaret Olsen', 'Margaret', 'Derek Huang', 'Derek', 'Derek', 'Margaret', 'Derek', 'Margaret', 'Margaret']",['teacher'],"[58, 72]","['$410,000', '$185,000', '$185,000']"
bond_duration_mismatch,adversarial,Robert,"['Robert', 'Linda Castillo', 'Stuart Neville', 'Castillos', 'Castillos', 'Robert', 'Robert', 'Stuart', 'Castillos', 'Stuart', 'Robert']",[],[71],"['$1.2', '$750,000', '$450,000', '$48,000', '$750,000', '$500,000', '$250,000', '$548,000', '$202,000,']"
mutual_fund_switching_churning,adversarial,Margaret,"['Margaret Elkins', 'David Huang', 'Margaret', 'David', 'Margaret', 'Margaret', 'David', 'Margaret', 'David', 'Margaret', 'David', 'COVID', 'David', 'Margaret', 'David', 'Margaret', 'David']","['schoolteacher', 'teacher', 'retired']",[62],"['$340,000', '$180', '$120,000', '$95,000', '$3,562.50', '$125,000', '$6,562.50', '$12,400', '$328,000,', '$12,000']"
margin_unsuitable,adversarial,Carlos,"['Carlos Medina', 'Tanya Morrison', 'Carlos', 'Carlos', 'Carlos', 'Tanya', 'Tanya', 'Carlos', 'Carlos', 'Carlos', 'Carlos', 'Carlos']",['engineer'],[41],"['$195,000', '$1.2', '$650,000', '$280,000', '$410,000', '$200,000', '$200,000', '$610,000,', '$200,000']"
failure_to_know_customer,red_flag,Margaret,"['Margaret Holloway', 'Margaret', 'Kevin Stahl', 'Margaret', 'Stahl', 'Margaret', 'Margaret', 'Margaret', 'Margaret']","['teacher', 'retired']",[74],"['$2,800', '$1,650', '$410,000', '$295,000', '$115,000', '$126,850', '$13,800', '$269,350', '$35,000']"
annuity_unnecessary_switching,red_flag,Robert,"['Robert', 'Linda Chen', 'Robert', 'Linda', 'Daniel Ortiz', 'Chens', 'Ortiz', 'Ortiz', 'Chens', 'Ortiz', 'Chens', 'Chens', 'Robert Chen']","['engineer', 'mechanic', 'retired']",[],"['$7,200', '$820,000', '$500,000', '$32,500', '$500,000', '$42,500', '$35,000', '$67,500', '$375,500', '$124,000', '$500,000']"
leveraged_etf_unsuitable,red_flag,Margaret,"['Margaret Donnelly', 'Kevin Huang', 'Donnelly', 'Huang', 'Huang', 'Donnelly', 'Huang', 'Donnelly', 'Huang', 'Donnelly', 'Huang', 'Donnelly']",['retired'],[71],"['$340,000', '$1,800', '$21,600', '$265,000', '$191,000', '$149,000,', '$9,100']"
excessive_load_funds,red_flag,Samuel,"['Samuel Okoro', 'Danielle Prescott', 'Okoro', 'Prescott', 'Okoro', 'Prescott', 'Okoro', 'Prescott', 'Okoro']",[],[45],"['$1.2', '$1.05', '$54,600', '$1.05', '$10,500', '$44,100', '$27,300']"
lack_of_diversification,red_flag,Margaret,"['Margaret Hoffman', 'Derek Paulson', 'Hoffman', 'Paulson', 'Paulson', 'Hoffman', 'Hoffman', 'Hoffman']",['retired'],[72],"['$1.2', '$1,400', '$2,100', '$1.05', '$1,100', '$4,600,', '$31,000', '$409,000', '$340,000']"
bond_duration_mismatch,red_flag,Robert,"['Robert', 'Linda Chen', 'Jason Whitfield', 'Chens', 'Whitfield', 'Whitfield', 'Whitfield', 'Chens', 'Whitfield', 'Chens', 'Chens', 'Chens', 'Chens']","['attorney', 'retired']",[],"['$2.8', '$9,500', '$4,200', '$2.3', '$900,000', '$750,000', '$650,000', '$500,000', '$520,000,', '$9,500', '$76,000', '$190,000', '$2.05']"
illiquid_investments,red_flag,Margaret,"['Margaret Dawson', 'Derek Montoya', 'Dawson', 'Dawson', 'Dawson']","['schoolteacher', 'teacher', 'retired']",[74],"['$3,200', '$410,000,', '$275,000', '$30,000', '$6,500', '$275,000', '$188,000', '$135,000', '$30,250']"
private_placements_unsuitable,red_flag,Carlos,"['Carlos', 'Elena Reyes', 'Carlos', 'Carlos', 'Ryan Aldrich', 'Aldrich', 'Reyes', 'Carlos']",[],[],"['$72,000', '$28,000', '$100,000', '$340,000,', '$185,000', '$95,000', '$60,000', '$80,000', '$15,000', '$5,000', '$200,000', '$1', '$80,000', '$45,000', '$7,200']"
high_fees_unsuitable,red_flag,Margaret,"['Margaret Owens', 'Craig Belmont', 'Owens', 'Owens', 'Owens']","['manager', 'retired']",[72],"['$340,000', '$1,800', '$1,400', '$10,800', '$14,200', '$291,000', '$27,000']"
lack_of_diversification,red_flag,David,"['David', 'Irene Kowalski', 'David', 'Irene', 'Trent Hadley', 'Hadley', 'Hadley', 'Hadley', 'Kowalskis', 'Hadley', 'Kowalskis', 'Kowalskis']","['teacher', 'attorney']",[65],"['$128,000', '$215,000', '$195,000', '$385,000', '$25,000', '$385,000', '$150,000']"
annuity_unnecessary_switching,red_flag,Margaret,"['Margaret Holloway', 'Kevin Driscoll', 'Holloway', 'Holloway', 'Holloway', 'Holloway', 'Holloway']",['retired'],"[71, 44]","['$340,000', '$17,850', '$20,400', '$95,000', '$62,000']"
variable_annuity_unsuitable,red_flag,David,"['David', 'Patricia Emerson', 'Stephanie Raines']",[],[51],"['$112,000', '$28,000', '$41,000', '$189,000', '$34,000', '$22,000', '$1,430', '$4,800', '$1,760', '$22,000', '$6,200']"
annuity_unnecessary_switching,red_flag,Margaret,"['Margaret Dawson', 'Kevin Trujillo', 'Dawson', 'Dawson', 'Dawson', 'Dawson', 'Dawson']",['retired'],"[71, 38, 65]","['$285,000', '$17,100', '$198,000', '$34,000', '$22,000']"
reverse_churning,red_flag,David,"['David', 'Sharon Kowalski', 'Rachel Fontaine', 'Kowalskis']",[],"[58, 60, 62]","['$112,000', '$410,000', '$5,535', '$15,200', '$320', '$320', '$15,200', '$620,000,', '$28,000']"
crypto_assets_unsuitable,red_flag,Margaret,"['Margaret Ellison', 'Derek Montoya', 'Ellison', 'Ellison', 'Ellison', 'Ellison']","['schoolteacher', 'teacher', 'retired']","[74, 31]","['$2,800', '$340,000', '$185,000', '$185,000', '$98,000', '$32,000', '$87,000', '$7,400']"
options_unsuitable,red_flag,Robert,"['Robert', 'Linda Chen', 'Robert', 'Linda', 'Patricia Valdez', 'Chens', 'Chens', 'Chens', 'Chens', 'Chens', 'Robert', 'Linda']","['manager', 'retired']",[],"['$4,100', '$410,000,', '$138,000', '$41,200', '$167,000,', '$410,000', '$243,000', '$46,000']"
bond_duration_mismatch,red_flag,Margaret,"['Margaret Holloway', 'Holloway', 'Craig Denton', 'Holloway', 'Denton', 'Holloway', 'Holloway', 'Denton']",['retired'],[74],"['$2,100', '$1,400', '$410,000,', '$2,000', '$385,000', '$11,200', '$278,000,', '$107,000,', '$14,400', '$5,100', '$241,000']"
crypto_assets_unsuitable,red_flag,Donald,"['Donald', 'Patricia Eng', 'Ryan Samuels', 'Bitcoin', 'Patricia']",['retired'],[],"['$620,000,', '$4,800', '$190,000', '$95,000', '$55,000', '$40,000', '$15,200', '$0.10', '$190,000', '$52,700', '$137,300,']"
reverse_churning,red_flag,Margaret,"['Margaret Holloway', 'Derek Paulson', 'Margaret', 'Derek', 'Derek', 'Margaret', 'Derek', 'Derek', 'Margaret', 'Margaret', 'Margaret', 'Margaret', 'Margaret']",['retired'],[71],"['$3,200', '$410,000', '$6,765', '$16,900', '$120', '$200', '$5,900']"
complex_products_unsophisticated_investor,red_flag,Roberto,"['Roberto', 'Roberto', 'Candace Whitmore']",[],[],"['$62,000', '$18,000', '$80,000', '$47,000', '$225,000', '$138,000', '$95,000', '$65,000', '$40,000', '$25,000', '$6,650', '$1,950', '$9,400', '$40,000', '$31,200', '$15,000']"
high_fees_unsuitable,red_flag,Margaret,"['Margaret Dalton', 'Keith Brennan', 'Brennan', 'Brennan', 'Margaret', 'Margaret', 'Brennan', 'Margaret', 'Margaret', 'Brennan']","['schoolteacher', 'teacher', 'accountant', 'retired']",[71],"['$340,000', '$2,100', '$4,500', '$9,800', '$14,200']"
speculative_for_conservative_investor,red_flag,Harold,"['Harold', 'Ryan Castellano', 'Harold', 'Castellano', 'Castellano', 'Castellano']",[],[],"['$610,000', '$610,000', '$40,000', '$8,400', '$415,000', '$195,000', '$347,000', '$50,000', '$22,000']"
penny_stocks_unsuitable,red_flag,Margaret,"['Margaret Kowalski', 'Daniel Voss', 'Kowalski', 'Voss', 'Voss', 'Kowalski', 'Kowalski', 'Kowalski']","['retiree', 'retired']",[71],"['$340,000', '$38,000', '$370,000,', '$2.00', '$215,000', '$0.38', '$0.72', '$1.10', '$163,000', '$340,000', '$148,000', '$14,800']"
junk_bonds_conservative_investor,red_flag,Harold,"['Harold', 'Estelle Brennan', 'Patricia Mendes', 'Estelle', 'Patricia Mendes', 'Harold Brennan']","['nurse', 'engineer', 'mechanic', 'retired']",[],"['$1.2', '$3,500', '$4,200', '$890,000', '$120,000', '$95,000', '$3,200', '$5,100,', '$75,000', '$187,000', '$1.013', '$23,400', '$6,800']"
variable_annuity_unsuitable,red_flag,Margaret,"['Margaret Thornton', 'Thornton', 'Derek Rollins', 'Rollins', 'Thornton', 'Thornton', 'Rollins', 'Thornton']","['teacher', 'retired']","[79, 34]","['$2,400', '$310,000,', '$265,000', '$18,550', '$40,000', '$3,200', '$241,000', '$45,000']"
private_placements_unsuitable,red_flag,Carlos,"['Carlos', 'Elena Gutierrez', 'Carlos', 'Carlos', 'Patricia Cho', 'Gutierrez', 'Cho', 'Gutierrez', 'Carlos']","['manager', 'clerk']",[],"['$72,000', '$28,000', '$100,000', '$480,000,', '$190,000', '$85,000', '$40,000', '$165,000', '$55,000', '$50,000', '$60,000', '$165,000', '$14,200', '$165,000', '$22,000']"
alternative_investments_unsuitable,red_flag,Margaret,"['Margaret Dalton', 'Craig Pullman', 'Dalton', 'Dalton']","['attorney', 'retired']",[72],"['$340,000', '$2,100', '$1,400', '$95,000', '$60,000', '$45,000', '$200,000', '$18,400', '$800', '$7,500', '$140,000,']"
penny_stocks_unsuitable,red_flag,Robert,"['Robert', 'Linda Chen', 'Robert', 'Linda', 'Dennis Whitfield', 'Whitfield', 'Chens', 'Whitfield', 'Chens', 'Whitfield', 'Chens', 'Chens']","['electrician', 'retired']",[],"['$510,000', '$58,000', '$620,000', '$1', '$185,000,', '$112,000', '$9,400', '$32,000', '$510,000', '$371,000']"
excessive_load_funds,red_flag,Margaret,"['Margaret Holloway', 'Craig Denman', 'Kyle Fenton', 'Fenton', 'Fenton', 'Holloway']","['schoolteacher', 'teacher', 'retired']","[72, 31]","['$485,000', '$6,200', '$485,000', '$25,400', '$38,000', '$1,500', '$441,000', '$44,000']"
structured_products_unsuitable,red_flag,Robert,"['Robert', 'Linda Cheng', 'Robert', 'Linda', 'Robert', 'Linda', 'Diane Prescott', 'Prescott', 'Prescott', 'Robert']",['retired'],[],"['$1.1', '$620,000', '$480,000', '$700,000', '$300,000', '$250,000', '$150,000', '$18,200', '$191,000', '$109,000', '$4,200']"
unsuitable_income_investor,red_flag,Margaret,"['Margaret Donnelly', 'Ryan Pacheco', 'Donnelly']","['manager', 'retired']",[71],"['$38,000', '$410,000,', '$1,100', '$55,000', '$40,000', '$3,200', '$27,000', '$261,000,', '$149,000']"
alternative_investments_unsuitable,red_flag,Carlos,"['Carlos', 'Elena Fuentes', 'Carlos', 'Danielle Kramer', 'Fuentes', 'Kramer', 'Fuentes', 'Fuentes', 'Fuentes']",['manager'],[16],"['$87,000', '$62,000', '$620,000,', '$310,000', '$95,000', '$85,000', '$75,000', '$55,000', '$5', '$34,100', '$18,000', '$310,000', '$178,000,', '$132,000,']"
senior_investor_exploitation,red_flag,Margaret,"['Margaret Ellison', 'Kevin Darnell', 'Ellison', 'Ellison', 'Ellison', 'Darnell', 'Ellison', 'Ellison', 'Darnell']","['schoolteacher', 'teacher', 'attorney', 'retired']","[81, 34]","['$620,000', '$2,100', '$340,000', '$140,000', '$140,000', '$45,000', '$38,000']"
overconcentration_single_stock,red_flag,David,"['David', 'Laura Chen', 'David', 'Chens', 'Patricia Howell', 'Chens', 'David', 'Chens', 'David', 'Chens', 'Chens', 'David', 'Chens', 'Chens', 'David']",['engineer'],[52],"['$1.85', '$400,000', '$680,000', '$1.08', '$1.08', '$605,000,', '$475,000', '$1.85', '$1.37']"
excessive_churning,red_flag,Margaret,"['Margaret Kowalski', 'Derek Stanton', 'Kowalski', 'Stanton', 'Kowalski', 'Kowalski', 'Kowalski']","['schoolteacher', 'teacher', 'retired']",[71],"['$38,000', '$410,000', '$74,200', '$410,000', '$291,000', '$119,000,']"
crypto_assets_unsuitable,red_flag,Robert,"['Robert', 'Linda Espinoza', 'Robert', 'Linda', 'Robert', 'Chelsea Whitmore', 'Espinozas', 'Robert', 'Bitcoin', 'Robert']","['manager', 'clerk']",[64],"['$72,000', '$28,000', '$520,000,', '$285,000', '$120,000', '$95,000', '$70,000', '$285,000', '$97,000', '$95,000', '$520,000', '$332,000', '$50,000']"
crypto_assets_unsuitable,red_flag,Margaret,"['Margaret Kowalski', 'Derek Huang', 'Margaret', 'Huang', 'Huang', 'Margaret', 'Margaret', 'Huang']","['teacher', 'retired']","[71, 34]","['$2,400', '$1,850', '$340,000,', '$185,000', '$104,000', '$18,000']"
concentration_risk,red_flag,Raymond,"['Raymond', 'Dolores Chen', 'Raymond', 'Craig Liddell', 'Chens', 'Liddell', 'Chens', 'Chen']","['engineer', 'retired']",[],"['$1.2', '$22,000', '$5,800', '$1.07', '$1.07', '$567,000']"
overconcentration_single_stock,red_flag,Margaret,"['Margaret Kowalski', 'Derek Simmons', 'Margaret', 'Simmons', 'Margaret', 'Margaret', 'Simmons']","['schoolteacher', 'teacher', 'widow', 'retired']",[58],"['$1.2', '$1.2', '$1.14', '$60,000', '$493,000,', '$700,000']"
margin_unsuitable,red_flag,Robert,"['Robert', 'Linda Chen', 'Robert', 'Linda', 'Craig Whitfield', 'Whitfield', 'Chens', 'Whitfield', 'Chens', 'Chens', 'Whitfield', 'Chens', 'Chens']",['retired'],[],"['$2,800', '$1,400', '$340,000,', '$280,000', '$210,000', '$195,000,', '$1,350', '$78,000', '$185,000', '$112,000', '$340,000', '$193,000', '$8,400']"
tax_deferred_unnecessary_annuity,red_flag,Margaret,"['Margaret Holloway', 'Daniel Krueger', 'Margaret', 'Krueger', 'Margaret', 'Krueger', 'Margaret', 'Margaret']",['retired'],"[64, 38]","['$2,800', '$1,950', '$285,000', '$285,000', '$14,962', '$12,000', '$40,000', '$2,800']"
bond_duration_mismatch,red_flag,Robert,"['Robert', 'Linda Yamamoto', 'Robert', 'Linda', 'Christine Bellamy', 'Bellamy']","['engineer', 'mechanic', 'retired']",[],"['$7,200', '$620,000', '$150,000', '$200,000', '$180,000', '$140,000', '$100,000', '$158,000', '$462,000', '$121,000']"
variable_annuity_unsuitable,red_flag,Margaret,"['Margaret Holloway', 'Derek Stanton', 'Holloway', 'Holloway', 'Lisa', 'Holloway', 'Holloway']","['schoolteacher', 'teacher', 'manager', 'retired']",[79],"['$2,800', '$310,000,', '$275,000', '$60,000', '$4,800,', '$19,250']"
excessive_churning,red_flag,Robert,"['Robert', 'Angela Chen', 'Robert', 'Angela', 'Nathan Bridges', 'Bridges', 'Bridges', 'Robert Chen', 'Bridges', 'Chens', 'Chens']",['engineer'],[],"['$145,000', '$38,000', '$420,000', '$128,600,', '$291,000,', '$129,000', '$96,400']"
private_placements_unsuitable,red_flag,Margaret,"['Margaret Hollis', 'Derek Stanton', 'Hollis', 'Hollis', 'Hollis']",['retired'],"[71, 38]","['$340,000,', '$210,000', '$130,000', '$2,100', '$850', '$175,000', '$100,000', '$75,000', '$12,250', '$175,000']"
unsuitable_income_investor,red_flag,Robert,"['Robert', 'Elaine Krueger', 'Robert', 'Patricia Novak']",['retired'],[],"['$620,000', '$390,000', '$230,000', '$4,300', '$2,800', '$7,100,', '$1,400', '$185,000', '$140,000', '$95,000', '$80,000', '$65,000', '$55,000', '$14,800', '$461,000', '$159,000', '$800', '$2,400', '$2,800']"
private_placements_unsuitable,red_flag,Margaret,"['Margaret Thornton', 'Kevin Driscoll', 'Thornton', 'Thornton']","['schoolteacher', 'teacher', 'attorney', 'retired']",[71],"['$340,000,', '$280,000', '$60,000', '$2,100', '$800', '$210,000', '$80,000', '$70,000', '$60,000', '$21,000,', '$210,000', '$70,000']"
penny_stocks_unsuitable,red_flag,Robert,"['Robert', 'Diana Castellano', 'Robert', 'Diana', 'Jason Meacham', 'Castellanos', 'Meacham', 'Meacham', 'Castellanos', 'Diana']",['retired'],[],"['$175,000', '$45,000', '$28,000', '$4,200,', '$22,000', '$1', '$34,500,', '$220,000', '$71,000', '$149,000']"
penny_stocks_unsuitable,red_flag,Margaret,"['Margaret Holloway', 'Derek Simmons', 'Holloway', 'Holloway', 'Holloway', 'Holloway', 'Simmons', 'Holloway']","['schoolteacher', 'teacher', 'manager', 'retired']",[71],"['$340,000', '$1,800', '$1.00', '$265,000', '$75', '$3,525', '$340,000', '$94,000']"
high_fees_unsuitable,red_flag,Robert,"['Robert', 'Janet Chen', 'Robert', 'Janet', 'Craig Whitfield', 'Chens', 'Whitfield', 'Whitfield', 'Chens', 'Chens', 'Whitfield', 'Chens']",[],"[58, 65]","['$135,000', '$520,000', '$210,000', '$730,000', '$290,000', '$195,000', '$155,000', '$90,000', '$51,100', '$18,400', '$730,000', '$38,000', '$742,000', '$23,400']"
senior_investor_exploitation,borderline,Margaret,"['Margaret Ellison', 'Derek Huang', 'Derek', 'Derek', 'Derek', 'Margaret', 'Margaret', 'Derek', 'Margaret', 'Derek', 'Margaret', 'Derek', 'Margaret']","['widow', 'retired']","[74, 74]","['$1.2', '$180,000', '$4,800', '$840,000', '$180,000']"
leveraged_etf_unsuitable,borderline,Carlos,"['Carlos Medina', 'Lisa Cheng', 'Lisa', 'Carlos', 'Carlos', 'Lisa', 'Lisa', 'Lisa', 'Carlos', 'Carlos', 'Carlos', 'Lisa', 'Carlos', 'Lisa', 'Carlos', 'Carlos']","['engineer', 'mechanic']",[52],"['$145,000', '$900,000,', '$310,000', '$420,000', '$46,500']"
mutual_fund_switching_churning,borderline,Gloria,"['Gloria Whitfield', 'Derek Haines', 'Whitfield', 'Morningstar', 'Whitfield', 'Whitfield', 'Whitfield', 'Whitfield']",[],"[58, 65]","['$410,000,', '$574', '$107,000', '$390,000', '$430,000', '$53,500']"
market_timing_unsuitable,borderline,Raymond,"['Raymond Acosta', 'Acosta', 'Sheila Pratt', 'Pratt', 'Acosta', 'Pratt', 'Pratt', 'Pratt', 'Pratt', 'Pratt']",['physician'],[44],"['$480,000', '$1.2', '$620,000', '$124,000']"
illiquid_investments,borderline,Margaret,"['Margaret Holloway', 'Derek Simmons', 'Simmons', 'Simmons', 'Margaret', 'Margaret', 'Margaret', 'Margaret', 'Simmons']","['retiree', 'retired']","[58, 62]","['$1.4', '$62,000', '$1,800', '$18,000', '$4,200', '$280,000', '$40,000']"
leveraged_etf_unsuitable,borderline,Paul,"['Paul Nakamura', 'Christine Reeves', 'Paul', 'Paul', 'Reeves', 'Reeves', 'Paul', 'Paul', 'Paul', 'Reeves', 'Paul', 'Paul', 'Paul', 'Paul']","['engineer', 'manager']",[44],"['$195,000', '$1.1', '$420,000', '$63,000', '$122,000', '$60,000', '$60,000,', '$3,000']"
bond_duration_mismatch,borderline,Margaret,"['Margaret Ellison', 'Daniel Krauss', 'Margaret', 'Daniel', 'Margaret', 'Daniel', 'Daniel', 'Margaret', 'Margaret', 'Margaret', 'Daniel', 'Daniel']","['schoolteacher', 'teacher', 'retired']",[71],"['$340,000', '$2,800', '$1,950', '$5,200,', '$450', '$120,000', '$340,000', '$12,240', '$5,400', '$248,000', '$18,000', '$14,600']"
bond_duration_mismatch,borderline,Robert,"['Robert', 'Linda Chen', 'Patricia Voss', 'Chens', 'Patricia', 'Robert', 'Patricia', 'Patricia', 'Chens', 'Chens', 'Robert', 'Chens', 'Patricia', 'Chens', 'Chens']",[],"[58, 65, 60]","['$780,000', '$4,100', '$195,000', '$85,000', '$110,000', '$520,000', '$260,000', '$520,000', '$421,000', '$278,000', '$780,000', '$699,000']"
overconcentration_single_stock,borderline,Margaret,"['Margaret Chen', 'David Kowalski', 'Margaret', 'Margaret', 'David', 'Margaret', 'Margaret', 'David', 'David', 'David', 'Margaret', 'David', 'Margaret', 'Margaret', 'David']","['retiree', 'retired']",[58],"['$1.2', '$480,000', '$2,800', '$65,000', '$720,000', '$480,000', '$182,000,', '$902,000']"
penny_stocks_unsuitable,borderline,Robert,"['Robert Tran', 'Lisa Brennan', 'Robert', 'Robert', 'Lisa', 'Robert', 'Lisa', 'Lisa', 'Lisa', 'Robert', 'Robert', 'Lisa', 'Robert', 'Robert', 'Robert']",['engineer'],[44],"['$195,000', '$1.1', '$640,000', '$310,000', '$340,000', '$0.38', '$14', '$1.15', '$22', '$0.72', '$9', '$45,000', '$15,000', '$1.8', '$4.2', '$295,000', '$0.02', '$0.69', '$1.33', '$12,800']"
alternative_investments_unsuitable,borderline,Kevin,"['Kevin Orbach', 'Priya Chandrasekaran', 'Chandrasekaran', 'Chandrasekaran', 'Chandrasekaran', 'Chandrasekaran', 'Chandrasekaran']",[],"[52, 65]","['$175,000', '$485,000', '$2.8', '$1.4', '$320,000', '$175,000', '$10,062']"
margin_unsuitable,borderline,Sandra,"['Sandra Yuen', 'Thomas Reilly', 'Yuen', 'Yuen', 'Yuen', 'Reilly', 'Yuen', 'Reilly', 'Reilly', 'Yuen', 'Yuen', 'Reilly']","['mechanic', 'retiree', 'retired']","[61, 62, 61]","['$62,000', '$24,000', '$410,000,', '$290,000', '$70,000', '$50,000', '$380,000', '$35,000', '$80,000', '$80,000', '$490,000', '$80,000', '$22,000', '$35,000', '$28,000']"
inappropriate_risk_profile,borderline,Margaret,"['Margaret Holloway', 'Derek Simmons', 'Simmons', 'Simmons', 'Margaret', 'Margaret', 'Margaret', 'Margaret', 'Simmons', 'Margaret']","['engineer', 'manager']",[58],"['$145,000', '$1.2', '$780,000', '$190,000', '$95,000', '$45,600', '$8,000']"
tax_deferred_unnecessary_annuity,borderline,Robert,"['Robert', 'Linda Chen', 'Patricia Nguyen', 'Roth', 'Linda', 'Robert', 'Linda', 'Nguyen', 'Nguyen', 'Nguyen', 'Chens', 'Chens', 'Chens', 'Nguyen', 'Chens']",[],"[67, 67]","['$620,000', '$85,000', '$40,000', '$38,000', '$310,000', '$16,120', '$310,000', '$85,000']"
senior_investor_exploitation,borderline,Margaret,"['Margaret Ellison', 'David Huang', 'Ellison', 'David', 'Ellison', 'Ellison', 'David', 'David', 'Ellison', 'David', 'David', 'Ellison', 'Patricia', 'David', 'Patricia', 'David', 'Ellison']","['manager', 'retired']","[78, 38]","['$1.4', '$15,000', '$20,000', '$25,000', '$400,000', '$60,000']"
complex_products_unsophisticated_investor,borderline,Roberto,"['Roberto Garza', 'Christine Park', 'Roberto', 'Roberto', 'Roberto', 'Roberto', 'Roberto', 'Roberto', 'Roberto', 'Roberto']",[],"[44, 65]","['$72,000', '$210,000,', '$50,000', '$160,000']"
excessive_load_funds,borderline,Patricia,"['Patricia Kowalski', 'Greg Dawson', 'Dawson', 'Morningstar', 'Dawson', 'Patricia', 'Patricia', 'Patricia', 'Patricia']",['retired'],[58],"['$4,200', '$410,000', '$280,000', '$130,000', '$250,000', '$280,000', '$12,880', '$5,400']"
illiquid_real_estate_investment,borderline,Raymond,"['Raymond Chen', 'Sandra Fielding', 'Chen', 'Chen', 'Chen', 'Lisa Chen', 'Chen', 'Chen', 'Chen']","['physician', 'manager']",[47],"['$620,000', '$3.8', '$1.4', '$1.1', '$380,000', '$740,000', '$560,000', '$200,000', '$410,000,', '$500,000', '$700,000']"
alternative_investments_unsuitable,borderline,Marcus,['Marcus Webb'],['retired'],"[58, 62]","['$4.2', '$2.8', '$185,000', '$420,000']"
margin_unsuitable,borderline,Carla,"['Carla Dominguez', 'Ryan Hurst', 'Dominguez', 'Hurst', 'Dominguez', 'Hurst', 'Dominguez', 'Hurst', 'Dominguez']","['engineer', 'manager', 'mechanic']",[44],"['$210,000', '$1.1', '$680,000', '$290,000', '$140,000', '$310,000', '$680,000', '$87,000', '$40,000', '$65,000', '$124,000']"
illiquid_real_estate_investment,borderline,Margaret,"['Margaret Olsen', 'Brian Kessler', 'Kessler', 'Olsen', 'Olsen', 'Olsen', 'Kessler', 'Olsen', 'Kessler', 'Olsen']",['retired'],[61],"['$4,800', '$2,200', '$620,000,', '$95,000', '$95,000', '$48,000']"
high_fees_unsuitable,borderline,David,"['David', 'Cynthia Tranh', 'Rachel Whitford', 'Whitford', 'Whitford', 'Whitford', 'Whitford', 'Roth']",['engineer'],[44],"['$145,000', '$98,000', '$410,000', '$165,000', '$12,000']"
alternative_investments_unsuitable,borderline,Gerald,"['Gerald Hutchins', 'Gerald', 'Dana Whitfield', 'Gerald', 'Dana', 'Gerald', 'Dana', 'Gerald', 'Gerald', 'Gerald', 'Gerald', 'Dana', 'Dana', 'Gerald', 'Gerald']","['teacher', 'manager']",[58],"['$185,000', '$1.4', '$620,000', '$480,000', '$110,000', '$300,000', '$22,000', '$90,000', '$0.72']"
excessive_load_funds,borderline,Patricia,"['Patricia Yoon', 'Patricia', 'Keith Brannigan', 'Keith', 'Patricia', 'Keith', 'Keith', 'Patricia', 'Keith', 'Patricia', 'Morningstar', 'Patricia', 'Keith', 'Patricia', 'Patricia', 'Patricia', 'Keith']",['dentist'],"[44, 60, 9]","['$310,000', '$2.1', '$540,000', '$650,000', '$280,000', '$420,000', '$490,000', '$150,000', '$3,000', '$150,000', '$7,650', '$3,000', '$250,000', '$500,000', '$250,000', '$150,000', '$36,000', '$150,000', '$2,400', '$6,500', '$150,000', '$48,000,', '$41,000', '$7,000']"
high_fees_unsuitable,borderline,Margaret,"['Margaret Odom', 'Derek Huang', 'Derek', 'Derek', 'Margaret', 'Margaret', 'Margaret', 'Margaret', 'Margaret', 'Margaret']",['retired'],[61],"['$620,000', '$3,200', '$1,500', '$620,000', '$21,390', '$34,100']"
lack_of_diversification,borderline,Ryan,"['Ryan Callister', 'Ryan', 'Ryan', 'Ryan', 'Ryan', 'Ryan', 'Ryan', 'Ryan', 'Ryan', 'Ryan', 'Ryan', 'Ryan', 'Ryan']",['engineer'],[44],"['$245,000', '$1.1', '$480,000', '$390,000', '$1.4', '$868,000', '$390,000', '$480,000', '$2.27', '$1.26', '$532,000', '$45,000', '$280,000', '$868,000', '$365,000,']"
senior_investor_exploitation,borderline,Margaret,"['Margaret Kowalski', 'Dennis Pruitt', 'Margaret', 'Margaret', 'Pruitt', 'Karen', 'Pruitt', 'Pruitt', 'Margaret', 'Pruitt', 'Margaret', 'Pruitt', 'Karen', 'Margaret']",['doctor'],[78],"['$1.4', '$2,400', '$1,100', '$3,800', '$340,000', '$14,000', '$18,000,']"
variable_annuity_unsuitable,borderline,Robert,"['Robert', 'Diane Fontaine', 'Robert', 'Diane', 'Yeung', 'Robert', 'Yeung', 'Robert', 'Yeung']","['engineer', 'manager']","[65, 65]","['$165,000', '$52,000', '$620,000', '$185,000', '$45,000', '$410,000', '$150,000', '$10,070', '$150,000', '$850,000', '$45,000', '$35,000']"
lack_of_diversification,borderline,Margaret,"['Margaret Chen', 'David Holt', 'Margaret', 'Margaret', 'Margaret']",['retired'],"[58, 67]","['$1.4', '$728,000', '$3', '$180', '$215,000']"
mutual_fund_switching_churning,borderline,Robert,"['Robert Galloway', 'Karen Voss', 'Morningstar', 'Robert', 'Robert', 'Robert', 'Voss', 'Voss']",['manager'],[45],"['$135,000', '$340,000', '$14,200', '$9,800']"
structured_products_unsuitable,borderline,Margaret,"['Margaret Ellison', 'Derek Huang', 'Derek', 'Margaret', 'Margaret', 'Derek', 'Margaret', 'Derek', 'Margaret']",['retired'],[62],"['$1.2', '$48,000', '$180,000', '$30,000', '$16,560', '$1.02', '$35,000']"
structured_products_unsuitable,borderline,Thomas,"['Thomas', 'Linda Pereira', 'Carolyn Reeves', 'Carolyn', 'Pereiras', 'Thomas', 'Carolyn', 'Pereiras', 'Pereiras', 'Carolyn']","['engineer', 'manager', 'mechanic']",[],"['$195,000', '$165,000', '$2.8', '$420,000', '$140,000']"
excessive_churning,borderline,Margaret,"['Margaret Holloway', 'Derek Santana', 'Santana', 'Santana']",['retired'],[58],"['$620,000', '$31,400,', '$54,000', '$24,800']"
illiquid_investments,borderline,Carlos,"['Carlos', 'Elena Reyes', 'Priya Nandakumar', 'Nandakumar', 'Nandakumar', 'Carlos']","['pharmacist', 'engineer']",[44],"['$195,000', '$138,000', '$910,000,', '$685,000', '$290,000', '$85,000', '$200,000']"
penny_stocks_unsuitable,borderline,Rebecca,"['Rebecca Thornton', 'Gerald Fisk', 'Fisk', 'Thornton', 'Thornton', 'Thornton', 'Thornton']",['retired'],[58],"['$410,000', '$18,000', '$2.00', '$2,100']"
crypto_assets_unsuitable,borderline,David,"['David', 'Maria Chen', 'Kyle Pratt', 'Pratt', 'Pratt', 'Chens', 'Chens', 'Maria Chen', 'Pratt']",[],[],"['$285,000', '$1.2', '$95,000', '$180,000', '$62,000', '$150,000', '$30,000', '$12,000', '$10,000', '$8,000', '$188,000', '$150']"
annuity_unnecessary_switching,borderline,Margaret,"['Margaret Hollis', 'David Crenshaw', 'Margaret', 'Crenshaw', 'Margaret', 'Margaret', 'Crenshaw', 'Margaret', 'Margaret', 'Crenshaw']",['retired'],"[62, 65]","['$780,000', '$210,000', '$6,300', '$9,450', '$4,200', '$1,900', '$525']"
overconcentration_single_stock,borderline,Thomas,"['Thomas Keane', 'Rachel Fontaine', 'Keane', 'Keane', 'Keane', 'Keane', 'Keane', 'Keane', 'Keane', 'Keane', 'Keane']",['engineer'],[44],"['$3.2', '$1.85', '$620,000', '$380,000', '$210,000', '$140,000', '$400,000', '$45,000', '$900,000', '$575,000']"
variable_annuity_unsuitable,borderline,Margaret,"['Margaret Chen', 'David Russo', 'Margaret', 'David', 'David', 'David', 'Margaret', 'Margaret', 'Margaret', 'David', 'Margaret']",['manager'],"[58, 65]","['$145,000', '$620,000', '$85,000', '$40,000', '$85,000']"
variable_annuity_unsuitable,borderline,Robert,"['Robert', 'Linda Kaplan', 'Sarah Whitfield', 'Robert', 'Linda', 'Robert', 'Sarah', 'Linda', 'Sarah', 'Linda']",['retired'],[67],"['$1.4', '$520,000', '$380,000', '$310,000', '$190,000', '$4,800', '$6,200,', '$1,400', '$300,000', '$1,375', '$1,267', '$380,000', '$190,000']"
tax_deferred_unnecessary_annuity,borderline,Margaret,"['Margaret Holloway', 'Kevin Driscoll', 'Margaret', 'Margaret', 'Margaret', 'Margaret', 'Margaret']","['retiree', 'retired']","[62, 73, 62]","['$4,200', '$1,800', '$340,000', '$95,000', '$4,500,', '$1,500', '$240,000', '$13,200']"
annuity_unnecessary_switching,borderline,Robert,"['Robert Chung', 'Dana Whitfield', 'Whitfield', 'Robert', 'Whitfield', 'Whitfield', 'Robert', 'Robert', 'Robert', 'Robert', 'Robert']",['business owner'],"[58, 65]","['$185,000', '$310,000', '$365,000', '$310,000', '$14,000', '$16,300', '$2,170', '$14,000', '$365,000', '$310,000', '$55,000', '$310,000', '$365,000']"
overconcentration_single_stock,borderline,Margaret,"['Margaret Chen', 'David Hartwell', 'Margaret', 'Margaret', 'David', 'Margaret', 'David', 'David', 'Margaret', 'Margaret', 'David']",[],"[52, 62]","['$1.4', '$380,000', '$185,000', '$140,000', '$75,000', '$30,000', '$25,000', '$20,000', '$310,000']"
senior_investor_exploitation,borderline,Robert,"['Robert Dawson', 'Lisa Moreno', 'Robert', 'Robert', 'Eleanor', 'Robert', 'Lisa', 'Lisa', 'Lisa', 'Lisa', 'Lisa', 'Robert', 'Lisa', 'Robert', 'Karen', 'Robert', 'Lisa', 'Robert', 'Lisa', 'Robert']","['physician', 'engineer', 'retiree', 'retired']","[74, 80, 81]","['$820,000', '$2,800', '$1,600', '$52,800', '$3,900,', '$200,000', '$150,000', '$9,000']"
senior_investor_exploitation,borderline,Margaret,"['Margaret Holloway', 'Derek Simmons', 'Margaret', 'Margaret', 'Derek', 'Derek', 'lockup', 'Derek', 'Margaret', 'Margaret', 'Margaret', 'Derek']","['physician', 'widow', 'retired']","[78, 78]","['$1.4', '$600,000', '$2', '$200,000,']"
market_timing_unsuitable,borderline,Carlos,"['Carlos Medina', 'Carlos', 'Ryan Novak', 'Carlos', 'Ryan', 'Carlos', 'Ryan', 'Ryan', 'Carlos', 'Carlos', 'Carlos', 'Ryan', 'Carlos', 'Carlos', 'Ryan']",['engineer'],[44],"['$195,000', '$1.1', '$420,000', '$300,000', '$35,000', '$18,700,', '$25,000']"
illiquid_real_estate_investment,borderline,Margaret,"['Margaret Dunleavy', 'Kevin Marsh', 'Margaret', 'Kevin', 'Kevin', 'Margaret', 'Kevin', 'Margaret', 'Kevin', 'Margaret', 'Margaret', 'Margaret', 'Margaret', 'Kevin', 'Kevin']",['retired'],[62],"['$4,800', '$2,100', '$620,000,', '$5,200', '$35,000', '$150,000', '$150,000']"
structured_products_unsuitable,borderline,Rajesh,"['Rajesh Patel', 'Christine Novak', 'Christine']",['mechanic'],[51],"['$580,000', '$2.1', '$300,000', '$6,000']"
private_placements_unsuitable,borderline,Margaret,"['Margaret Holloway', 'Darren Fields', 'Darren', 'Margaret', 'Darren', 'Margaret', 'Margaret', 'Margaret', 'Darren', 'Margaret', 'Darren', 'Darren', 'Margaret', 'Darren', 'Margaret']",['retired'],[62],"['$1.4', '$900,000', '$350,000', '$150,000', '$48,000,', '$40,000', '$200,000', '$100,000,', '$200,000', '$14,000']"
alternative_investments_unsuitable,borderline,Victor,"['Victor', 'Elena Marchetti', 'Victor', 'Reiko Tanaka', 'Victor', 'Reiko', 'diligence webinar', 'Reiko', 'Reiko', 'Victor']",['manager'],[],"['$310,000', '$2.3', '$1.1', '$600,000', '$400,000', '$200,000', '$180,000', '$750,000', '$460,000', '$200,000', '$150,000', '$110,000', '$18,400']"
lack_of_diversification,borderline,Margaret,"['Margaret Ellison', 'Craig Denning', 'Denning', 'Margaret', 'Margaret']","['retiree', 'retired']","[58, 58]","['$1.2', '$400,000', '$5,200', '$85,000', '$4,000']"
annuity_unnecessary_switching,borderline,Dennis,"['Dennis Oakley', 'Patricia Sands', 'Patricia', 'Dennis', 'Dennis', 'Dennis', 'Patricia', 'Dennis', 'Dennis', 'Patricia']",[],"[64, 65, 65, 62, 71]","['$310,000,', '$275,000', '$310,000', '$9,300', '$3,720', '$310,000', '$35,000', '$3,100', '$340,000', '$295,000', '$180,000', '$60,000', '$2,400', '$55,000']"
speculative_for_conservative_investor,borderline,Margaret,"['Margaret Thornton', 'David Kessler', 'Kessler', 'Kessler', 'Kessler', 'Thornton', 'Thornton', 'Thornton', 'Kessler', 'Kessler']","['schoolteacher', 'teacher', 'retired']",[64],"['$52,000', '$410,000,', '$61,500', '$48,000']"
junk_bonds_conservative_investor,borderline,Robert,"['Robert', 'Linda Chen', 'Patricia Novak', 'Chens', 'Chens', 'Chens', 'Chens', 'Robert Chen', 'Chens']",['retiree'],[71],"['$88,000', '$620,000,', '$93,000']"
annuity_unnecessary_switching,borderline,Margaret,"['Margaret Ellison', 'Derek Huang', 'Margaret', 'Margaret', 'Margaret', 'Derek', 'Margaret']",['retired'],"[62, 66, 72, 72]","['$780,000', '$4,200', '$2,100', '$215,000,', '$3,870', '$16,800', '$13,200', '$95,000', '$248,000', '$10,750', '$1,200']"
illiquid_real_estate_investment,borderline,Carlos,"['Carlos Mendez', 'Patricia Knowles', 'Carlos', 'Carlos', 'Patricia', 'Carlos', 'Carlos', 'Patricia', 'Carlos', 'Carlos', 'Patricia']",['manager'],[49],"['$620,000', '$3.2', '$1.1', '$480,000', '$310,000', '$1.4', '$600,000', '$200,000', '$310,000', '$200,000', '$480,000', '$310,000', '$5']"
market_timing_unsuitable,borderline,Gerald,"['Gerald Hoffman', 'Patricia Chen', 'Hoffman', 'Chen', 'Chen', 'Hoffman', 'Chen', 'Chen', 'Hoffman', 'Hoffman']",[],[52],"['$285,000', '$1.9', '$720,000', '$14,200', '$6,800']"
excessive_load_funds,borderline,Diana,"['Diana Morales', 'Kevin Briggs', 'Briggs', 'Morningstar', 'Briggs', 'Briggs', 'Morales', 'Briggs', 'Morales', 'Morales', 'Briggs']",['nurse'],[44],"['$92,000', '$340,000', '$180,000', '$180,000', '$70,000', '$60,000', '$50,000', '$9,450', '$180,000', '$70,000', '$7,560']"
high_fees_unsuitable,borderline,Margaret,"['Margaret Ellison', 'Craig Denton', 'Denton', 'Denton', 'Margaret', 'Denton', 'Margaret', 'Margaret', 'Denton', 'Margaret', 'Margaret', 'retirement horizon']","['manager', 'retired']",[58],"['$72,000', '$620,000', '$11,470', '$180,000']"
illiquid_real_estate_investment,borderline,David,"['David', 'Karen Ohara', 'David', 'Karen', 'Renee Castillo', 'David']",[],[],"['$310,000', '$185,000', '$495,000', '$2.1', '$850,000', '$220,000', '$95,000', '$180,000', '$250,000', '$21,250', '$140,000']"
leveraged_etf_unsuitable,borderline,Marcus,"['Marcus Delgado', 'Rebecca Chen', 'Delgado', 'Chen', 'Chen', 'Chen', 'Chen', 'Chen']","['engineer', 'retired']",[58],"['$620,000', '$480,000', '$320,000', '$75,000', '$75,000', '$105,800']"
bond_duration_mismatch,borderline,Patricia,"['Patricia Yamamoto', 'David Kessler', 'Yamamoto', 'Kessler', 'Kessler', 'Kessler', 'Kessler']","['schoolteacher', 'teacher', 'retired']",[71],"['$2,400', '$1,800', '$540,000', '$2,000', '$3,000', '$459,000', '$81,000', '$310,000', '$149,000', '$540,000', '$428,000,', '$112,000', '$2,500', '$100,000']"
excessive_load_funds,borderline,Margaret,"['Margaret Donovan', 'Kevin Breslin', 'Margaret', 'Kevin', 'Kevin', 'Kevin', 'Margaret', 'Margaret', 'Kevin', 'Margaret', 'Margaret', 'Kevin', 'Kevin']",[],[58],"['$112,000', '$780,000,', '$185,000', '$210,000', '$185,000', '$9,713', '$185,000', '$100,000', '$8,325', '$5,800', '$900']"
structured_products_unsuitable,borderline,Raymond,"['Raymond Xu', 'Patricia Calloway', 'Patricia', 'Raymond', 'Raymond', 'Raymond', 'Raymond', 'Patricia', 'Raymond', 'Raymond', 'Patricia']",[],[52],"['$620,000', '$2.4', '$4.8', '$300,000', '$1.1', '$650,000', '$350,000', '$500,000', '$261,000']"
crypto_assets_unsuitable,borderline,Margaret,"['Margaret Hollis', 'Margaret', 'Kevin Pruitt', 'Margaret', 'Bitcoin', 'Kevin', 'Kevin', 'Margaret', 'Margaret', 'Margaret', 'Kevin', 'Margaret', 'Margaret']",[],[58],"['$82,000', '$410,000', '$195,000', '$41,000', '$41,000', '$27,900', '$369,000']"
complex_products_unsophisticated_investor,borderline,Dennis,"['Dennis Okafor', 'Dennis', 'Rachel Dominguez', 'Rachel', 'Dennis', 'Rachel', 'Dennis', 'Rachel', 'Dennis', 'Rachel']",[],[44],"['$67,000', '$230,000,', '$85,000', '$25,000']"
senior_investor_exploitation,borderline,Margaret,"['Margaret Holloway', 'David Chen', 'David', 'David', 'Margaret', 'David', 'Margaret', 'Patricia', 'Margaret', 'Patricia', 'David', 'David', 'Margaret', 'Margaret', 'Margaret', 'Margaret', 'David', 'David']",[],[78],"['$1.2', '$2,800', '$4,100,', '$1,300', '$360,000', '$18,720', '$1,560', '$840,000', '$19,800']"
complex_products_unsophisticated_investor,borderline,Roberto,"['Roberto Medina', 'Stephanie Park', 'Roberto', 'Stephanie', 'Stephanie', 'Roberto', 'Stephanie', 'Stephanie', 'Roberto', 'Stephanie', 'Stephanie', 'Roberto', 'Roberto', 'Roberto', 'Stephanie', 'Stephanie', 'Roberto']",[],[44],"['$67,000', '$85,000', '$43,000', '$15,000', '$43,000', '$2,250', '$28,000', '$8,000']"
leveraged_etf_unsuitable,borderline,Marcus,"['Marcus Webb', 'Dana Kowalski', 'Kowalski', 'Kowalski']","['engineer', 'retired']",[58],"['$1.4', '$520,000,', '$3,200', '$2.1', '$140,000']"
high_fees_unsuitable,borderline,Patricia,"['Patricia Hartwell', 'Craig Donovan', 'Donovan', 'Hartwell']","['schoolteacher', 'teacher', 'manager', 'retiree', 'retired']",[67],"['$680,000', '$2,800', '$1,900', '$480,000', '$6,816', '$5,780', '$10,596', '$6,450']"
structured_products_unsuitable,borderline,Derek,"['Derek Callahan', 'Margaret Yuen', 'Margaret', 'Margaret', 'Margaret', 'Margaret', 'Derek', 'Margaret', 'Derek', 'Margaret', 'Margaret', 'Derek', 'Margaret', 'Margaret', 'Derek']","['mechanic', 'retired']",[62],"['$180,000', '$1.4', '$310,000', '$620,000,', '$5,800', '$5,580', '$95,000', '$275,000,']"
inappropriate_risk_profile,borderline,Priya,"['Priya Nair', 'Thomas Brennan', 'Thomas', 'Thomas', 'Thomas', 'Thomas', 'Priya', 'Priya', 'Thomas', 'Thomas', 'Priya', 'Thomas', 'Thomas', 'Priya']","['engineer', 'manager']",[44],"['$195,000', '$40,000', '$70,000', '$520,000', '$85,000', '$280,000', '$240,000,', '$33,600', '$172,800']"
variable_annuity_unsuitable,borderline,Margaret,"['Margaret Dalton', 'Kevin Brandt', 'Margaret', 'Margaret', 'Margaret', 'Margaret']",['retired'],[61],"['$420,000', '$280,000', '$140,000', '$2,100', '$195,000', '$9,750', '$812.50', '$85,000', '$10,725', '$30,000']"
reverse_churning,borderline,David,"['David', 'Susan Okafor', 'Patricia Simms', 'Simms', 'Simms', 'COVID']",['manager'],[55],"['$1.2', '$12,000', '$600', '$900', '$200', '$400', '$2,000', '$3,000', '$36,000']"
structured_products_unsuitable,borderline,Margaret,"['Margaret Kowalski', 'Daniel Reeves', 'Margaret', 'Margaret', 'Margaret']","['retiree', 'retired']",[62],"['$4,800', '$2,400', '$620,000', '$5,500', '$95,000', '$185,000', '$100,000', '$85,000', '$435,000']"
tax_deferred_unnecessary_annuity,borderline,Richard,"['Richard', 'Anna Bergstrom', 'Patricia Linden', 'Richard', 'Richard', 'Anna', 'Linden', 'Linden']",['manager'],"[55, 65]","['$340,000', '$125,000', '$72,000', '$180,000', '$45,000', '$30,000', '$410,000', '$270,000', '$70,000', '$14,850', '$270,000', '$80,000', '$5,600', '$70,000']"
lack_of_diversification,borderline,Margaret,"['Margaret Cho', 'Dennis Hartwell', 'Margaret', 'Margaret', 'Margaret', 'Margaret', 'Hartwell']","['schoolteacher', 'teacher', 'retired']",[58],"['$620,000', '$180,000', '$2,000']"
leveraged_etf_unsuitable,borderline,Ryan,"['Ryan Delacroix', 'Pamela Ngo', 'Ryan', 'Ryan', 'Pamela', 'Pamela', 'Ryan', 'Ryan', 'Ryan', 'Ryan', 'Pamela']",['engineer'],[44],"['$245,000', '$1.9', '$740,000', '$148,000', '$148,000', '$193,880', '$14,120']"
unsuitable_income_investor,borderline,Margaret,"['Margaret Ellison', 'Derek Huang', 'Margaret', 'Derek', 'Margaret', 'Derek', 'Margaret', 'Derek']","['schoolteacher', 'teacher', 'retired']",[69],"['$620,000', '$3,200', '$1,900', '$5,800,', '$700', '$217,000', '$155,000', '$124,000', '$62,000', '$62,000', '$29,140', '$2,428', '$700', '$558,000,', '$62,000']"
mutual_fund_switching_churning,borderline,Carlos,"['Carlos Medina', 'Patricia Lansing', 'Patricia', 'Carlos', 'Carlos', 'Patricia', 'Carlos', 'Patricia', 'Carlos', 'Patricia']",['electrician'],[54],"['$145,000', '$340,000,', '$85,000', '$3,187', '$60,000', '$1,500', '$45,000', '$1,350', '$70,000', '$2,450', '$40,000', '$400', '$55,000', '$2,062', '$35,000', '$1,487', '$12,436', '$9,800']"
private_placements_unsuitable,borderline,Gerald,"['Gerald Whitfield', 'Danielle Kowalski', 'Gerald', 'Gerald', 'Gerald', 'Gerald', 'Gerald', 'Gerald', 'Gerald', 'Gerald']",['retired'],[58],"['$4.2', '$1.8', '$2.4', '$14,000', '$360,000']"
unsuitable_income_investor,borderline,Patricia,"['Patricia Navarro', 'Marcus Chen', 'Patricia', 'Patricia']","['teacher', 'retiree', 'retired']","[71, 71]","['$620,000', '$185,000', '$2,350', '$30,000', '$48,000', '$620,000', '$155,000', '$124,000', '$124,000', '$93,000', '$62,000', '$62,000', '$41,500', '$30,000', '$581,000']"
excessive_load_funds,borderline,Margaret,"['Margaret Dunleavy', 'Craig Paulson', 'Paulson', 'Paulson', 'Paulson', 'Paulson']",[],"[58, 65]","['$340,000', '$95,000,', '$410,000', '$340,000', '$17,850', '$100,000', '$12,495', '$3,400']"
unsuitable_income_investor,borderline,Jean,"['Jean Tepper', 'Sandra Michaud', 'Harold', 'Michaud', 'Michaud', 'Michaud', 'Teppers']",[],[71],"['$620,000', '$3,800', '$1,100', '$1,500', '$310,000', '$155,000', '$155,000', '$3,255', '$1,500', '$588,000']"
penny_stocks_unsuitable,borderline,Marcus,"['Marcus Delano', 'Keisha Rowland']",['manager'],[52],"['$115,000', '$480,000,', '$87,000', '$12,500', '$0.45', '$1.80', '$5,800']"
high_fees_unsuitable,borderline,Diane,"['Diane Yashiro', 'Tom Braddock', 'Diane', 'Diane', 'Diane']","['teacher', 'retired']",[67],"['$3,400', '$2,100', '$340,000,', '$1,500', '$340,000', '$5,610', '$7,990', '$1,360', '$2,550', '$13,090']"
illiquid_investments,borderline,Gerald,"['Gerald Whitmore', 'Gerald', 'Danielle Prescott', 'Gerald', 'Gerald', 'Gerald', 'Gerald', 'Gerald', 'Gerald', 'Gerald', 'Gerald']","['engineer', 'manager']","[58, 60]","['$195,000', '$2.4', '$1.1', '$380,000', '$210,000', '$710,000', '$175,000']"
crypto_assets_unsuitable,borderline,Rebecca,"['Rebecca Tran', 'Nathan Gelb', 'Nathan', 'Bitcoin', 'Bitcoin', 'Nathan', 'Bitcoin', 'Bitcoin', 'Bitcoin', 'Nathan']",[],[34],"['$145,000', '$320,000', '$180,000', '$95,000', '$45,000', '$8,000', '$22,000', '$14,000', '$8,000']"
speculative_for_conservative_investor,borderline,Margaret,"['Margaret Donnelly', 'Kevin Hauser', 'Margaret', 'Kevin', 'Kevin', 'Margaret', 'Kevin', 'Margaret', 'Margaret', 'Kevin', 'Kevin', 'Margaret', 'Kevin']","['schoolteacher', 'teacher', 'retired']",[68],"['$620,000', '$3,400', '$2,100', '$95,000', '$111,600', '$25,600']"
variable_annuity_unsuitable,borderline,Samuel,"['Samuel Okafor', 'Lisa Brennan', 'Samuel', 'Lisa', 'Lisa', 'Lisa', 'Lisa', 'Lisa', 'Samuel', 'Samuel', 'Lisa', 'Samuel']",[],"[57, 65]","['$575,000', '$1.8', '$2.3', '$400,000', '$320,000', '$500,000', '$32,500']"
market_timing_unsuitable,borderline,Gerald,"['Gerald Whitmore', 'Danielle Strauss', 'Gerald', 'Gerald', 'Gerald', 'Gerald', 'Gerald', 'Gerald']","['consultant', 'retired']",[58],"['$120,000', '$1.4', '$380,000', '$8,400']"
excessive_load_funds,borderline,Patricia,"['Patricia Velasquez', 'Marcus Chen', 'Patricia', 'Patricia', 'Patricia', 'Morningstar', 'Patricia', 'Patricia', 'Patricia']",['nurse'],[44],"['$97,000', '$210,000', '$35,000', '$60,000', '$60,000', '$3,100', '$25,000', '$15,000', '$20,000', '$2,400', '$600']"
complex_products_unsophisticated_investor,borderline,Margaret,"['Margaret Dawson', 'Rick Santelli', 'Rick', 'Rick', 'Margaret', 'Margaret', 'Rick', 'Margaret', 'Margaret', 'Margaret', 'Rick']",['manager'],[58],"['$42,000', '$285,000', '$95,000', '$190,000']"
unsuitable_income_investor,borderline,Thomas,"['Thomas', 'Carol Brennan', 'Thomas', 'Thomas', 'Dana Whitfield', 'Dana', 'Dana', 'Dana', 'Thomas', 'Dana']",['retired'],[71],"['$1.4', '$620,000', '$480,000', '$300,000', '$3,800', '$6,200,', '$2,400', '$28,800', '$220,000', '$80,000', '$75,000', '$65,000', '$90,000', '$49,500', '$68,400,', '$28,800']"
illiquid_real_estate_investment,borderline,Margaret,"['Margaret Holloway', 'David Kessler', 'Kessler', 'Kessler', 'Margaret', 'Margaret', 'Kessler']",['retired'],"[61, 62]","['$4,200', '$2,100', '$685,000', '$340,000', '$4,800', '$140,000']"
junk_bonds_conservative_investor,borderline,Gerald,"['Gerald', 'Patricia Whitfield', 'Gerald', 'Laura Brennan', 'Brennan', 'Whitfields', 'Brennan', 'Whitfields', 'Whitfields', 'Brennan']",['retired'],[68],"['$2.1', '$1.4', '$410,000', '$290,000', '$3,600', '$4,400', '$6,500', '$195,000']"
excessive_churning,borderline,Margaret,"['Margaret Dalton', 'Kevin Shultz', 'Margaret', 'Kevin', 'Kevin', 'Margaret', 'Kevin', 'Margaret', 'Margaret', 'Margaret', 'Kevin', 'Kevin', 'Margaret']","['accountant', 'retired']",[58],"['$1.2', '$340,000', '$47,300', '$1,540,000', '$1,695,000']"
overconcentration_single_stock,borderline,Rajesh,"['Rajesh Patel', 'Lisa Fontaine', 'Patel', 'Lisa', 'Lisa', 'Lisa', 'Patel', 'Lisa', 'Patel', 'Patel', 'Patel', 'Patel', 'Patel', 'Lisa']",[],[44],"['$620,000', '$850,000', '$1.1', '$38.42', '$710,800', '$139,200', '$54', '$999,000', '$1.14', '$17.28', '$319,700,', '$459,000', '$391,000']"
crypto_assets_unsuitable,borderline,Marcus,"['Marcus Webb', 'Diane Kowalski', 'Kowalski', 'Kowalski', 'Kowalski', 'Kowalski', 'Kowalski']",['engineer'],"[58, 65]","['$145,000', '$820,000', '$82,000', '$29,500,']"
penny_stocks_unsuitable,borderline,Sandra,"['Sandra Nguyen', 'Raymond Cortez', 'Nguyen', 'Nguyen', 'Nguyen']",['nurse'],[44],"['$98,000', '$175,000', '$210,000', '$15,000', '$0.85', '$4.2', '$1.8', '$15,000', '$0.18', '$3,176']"
reverse_churning,borderline,Margaret,"['Margaret Dunlap', 'Kevin Ostrowski', 'Kevin', 'Margaret', 'Margaret', 'Kevin', 'Margaret', 'Roth', 'Margaret', 'Kevin']","['attorney', 'manager', 'retired']",[62],"['$1.4', '$17,500', '$43,750', '$2,200', '$12,000']"
junk_bonds_conservative_investor,borderline,Patricia,"['Patricia Huang', 'Ryan Caldwell', 'Ryan', 'Patricia', 'Ryan', 'Ryan', 'Ryan', 'Patricia', 'Patricia', 'Patricia', 'Ryan', 'Patricia']",[],"[58, 67]","['$420,000', '$2.8', '$1.1', '$850,000', '$840,000', '$840,000', '$294,000', '$2.8', '$58,000']"
bond_duration_mismatch,borderline,Margaret,"['Margaret Kowalski', 'Daniel Reeves', 'Margaret', 'Margaret', 'Margaret', 'Margaret']",['retired'],[68],"['$1.4', '$55,000', '$980,000', '$608,000', '$115,000']"
lack_of_diversification,borderline,Thomas,"['Thomas', 'Rita Brennan', 'Keisha Walton', 'Walton', 'Walton', 'Walton', 'Walton', 'Walton']",[],[65],"['$310,000', '$840,000', '$380,000', '$550,000', '$487,000', '$136,000']"
variable_annuity_unsuitable,borderline,Patricia,"['Patricia Feldman', 'Roger Chen', 'Patricia', 'Patricia', 'Roger', 'Roger', 'Roger', 'Patricia', 'Patricia', 'Patricia', 'Patricia', 'Roger']",[],"[58, 65]","['$420,000', '$185,000', '$340,000', '$78,000', '$40,000', '$60,000', '$310,000', '$110,000', '$110,000', '$45,000', '$310,000', '$55,000', '$10,000', '$45,000', '$22,000']"
inappropriate_risk_profile,borderline,David,"['David', 'Maria Quintero', 'Stephanie Walsh', 'David', 'Stephanie', 'David', 'Maria', 'David', 'Stephanie', 'David', 'Maria', 'Stephanie', 'Maria']",[],[44],"['$145,000', '$210,000', '$390,000', '$95,000', '$30,000', '$280,000', '$42,000']"
leveraged_etf_unsuitable,borderline,Margaret,"['Margaret Dunlop', 'Kevin Brandt', 'Kevin', 'Kevin', 'Margaret', 'Kevin', 'Margaret', 'Margaret', 'Kevin', 'Margaret', 'Margaret', 'Kevin', 'Margaret', 'Kevin', 'Kevin']","['retiree', 'retired']","[58, 62, 58]","['$620,000', '$180,000', '$3,400', '$2,200', '$45,000']"
annuity_unnecessary_switching,borderline,Gerald,"['Gerald Whitfield', 'Gerald', 'Gerald', 'Diane Cho', 'Diane', 'Gerald', 'Gerald', 'Diane', 'Gerald', 'Gerald', 'Gerald', 'Diane', 'Gerald', 'Gerald', 'Diane']",[],"[67, 72]","['$285,000,', '$310,000', '$5,700', '$410,000', '$2,600', '$15,373', '$450', '$5,700']"
leveraged_etf_unsuitable,borderline,Margaret,"['Margaret Dunlap', 'Craig Bellamy', 'Dunlap', 'Dunlap', 'Dunlap']","['retiree', 'retired']",[58],"['$1.4', '$140,000']"
margin_unsuitable,borderline,David,"['David Okonkwo', 'Patricia Sandoval', 'Sandoval', 'Sandoval', 'Sandoval']",['engineer'],[44],"['$195,000', '$850,000,', '$310,000', '$380,000', '$160,000', '$90,000', '$310,000', '$35,000', '$400,000', '$90,000', '$295,000', '$370,000', '$10,000', '$15,000']"
excessive_load_funds,borderline,Margaret,"['Margaret Hollis', 'Derek Paulson', 'Paulson', 'Paulson', 'Paulson', 'Paulson', 'Paulson', 'Paulson', 'Paulson', 'Morningstar', 'Paulson']",['retired'],[58],"['$620,000', '$3,200', '$480,000', '$25,200', '$250,000', '$8,400', '$16,800', '$6,720']"
unsuitable_income_investor,borderline,Harold,"['Harold', 'Janet Bevins', ""Lisa Cheng's"", 'Harold', 'Janet', 'Cheng', 'Harold', 'Janet', 'Cheng', 'Harold']",['retired'],[],"['$840,000', '$540,000', '$300,000', '$18,000', '$4,100', '$2,500', '$210,000', '$120,000', '$132,000', '$168,000', '$90,000', '$120,000', '$38,640', '$3,220', '$2,500', '$720', '$45,000']"
penny_stocks_unsuitable,borderline,Gerald,"['Gerald Whitfield', 'Gerald', 'Ryan Matsuda', 'Ryan', 'Gerald', 'Ryan', 'Gerald', 'Gerald', 'Gerald', 'Gerald', 'Ryan', 'Gerald', 'Gerald']","['engineer', 'retired']",[58],"['$1.2', '$425,000,', '$4,800', '$115,000', '$95,000', '$0.45', '$1.80', '$48,000', '$10']"
excessive_load_funds,borderline,Patricia,"['Patricia', 'David Engstrom', 'Patricia', 'Sheila Dawson', 'Morningstar', 'Sheila', 'Sheila', 'Sheila', 'Sheila']",['dentist'],[],"['$210,000', '$95,000', '$340,000', '$160,000', '$500,000', '$500,000', '$25,500', '$500,000', '$250,000', '$12,750']"
leveraged_etf_unsuitable,borderline,Maria,"['Maria Gutierrez', 'Kevin Breckenridge', 'Maria', 'Maria', 'Maria', 'Maria']","['mechanic', 'consultant', 'retired']",[58],"['$85,000', '$620,000,', '$410,000', '$210,000', '$42,000', '$7,560']"
unsuitable_income_investor,borderline,Harold,"['Harold Fenwick', 'Denise Chowdhury', 'Harold', 'Denise', 'Denise', 'Harold', 'Harold', 'Harold', 'Denise', 'Denise', 'Harold', 'Harold']","['retiree', 'retired']","[72, 72]","['$2,400', '$1,800', '$340,000', '$280,000', '$60,000', '$112,000', '$84,000', '$56,000', '$28,000', '$15,680', '$1,307', '$5,507', '$46,200', '$233,800', '$980']"
mutual_fund_switching_churning,borderline,Rebecca,"['Rebecca Thornton', 'Kevin Marsh', 'Marsh', 'Thornton', 'Thornton', 'Morningstar', 'Thornton', 'Thornton', 'Kevin']",['manager'],[58],"['$95,000', '$340,000', '$14,200', '$9,800']"
leveraged_etf_unsuitable,borderline,Marcus,"['Marcus Chen', 'Diana Reeves', 'Chen', 'Chen', 'Chen', 'Chen', 'Reeves', 'Chen', 'Chen', 'Chen', 'Chen', 'Chen', 'Chen', 'Chen', 'Chen', 'Chen']",['engineer'],[44],"['$185,000', '$620,000', '$410,000', '$210,000', '$42,000', '$42,000', '$47,040,', '$46,200', '$840', '$8,400']"
margin_unsuitable,borderline,Gerald,"['Gerald Whitfield', 'Dana Perkins', 'Gerald', 'Gerald', 'Gerald', 'Gerald', 'Gerald', 'Gerald', 'Gerald']","['retiree', 'retired']","[58, 62]","['$620,000', '$2,800,', '$2,100', '$85,000', '$150,000', '$1,400', '$2,800', '$31,000', '$60,000', '$510,000']"
unsuitable_income_investor,borderline,Martha,"['Martha Colón', 'James Okafor', 'Okafor', 'Martha', 'Martha', 'Martha', 'Martha', 'Okafor']","['manager', 'retired']",[71],"['$480,000', '$1,900', '$1,500', '$3,400', '$4,200,', '$800', '$290,000', '$168,000', '$144,000', '$168,000', '$32,600', '$2,717', '$800', '$415,000', '$2,200']"
excessive_load_funds,borderline,Margaret,"['Margaret Holloway', 'Kevin Delacroix', 'Kevin', 'Kevin', 'Kevin', 'Kevin', 'Margaret', 'Margaret']",['retired'],[58],"['$620,000', '$180,000', '$4,200', '$540,000', '$27,400', '$100,000', '$80,000', '$180,000']"
options_unsuitable,borderline,Raj,"['Raj Patel', 'Lisa Montero', 'Lisa', 'Patel', 'Patel', 'Patel', 'Lisa', 'Lisa', 'Patel']",[],[44],"['$580,000', '$2.8', '$1.4', '$650,000', '$600,000', '$210,000', '$150,000', '$15,000', '$45,000', '$320,000,', '$67,000', '$112,000', '$45,000']"
illiquid_real_estate_investment,borderline,Margaret,"['Margaret Chen', 'David Kowalski', 'Kowalski', 'Kowalski', 'Margaret', 'Margaret', 'Margaret']",['retired'],"[58, 63]","['$72,000', '$1.4', '$620,000', '$310,000', '$180,000', '$290,000', '$3,800', '$150,000']"
illiquid_investments,borderline,Robert,"['Robert', 'Diane Alford', 'Patricia Navarro']","['nurse', 'engineer']",[51],"['$135,000', '$98,000', '$2.1', '$740,000', '$430,000', '$210,000', '$580,000', '$140,000', '$38,000', '$52,000', '$200,000', '$65,000,', '$10,000']"
annuity_unnecessary_switching,borderline,Margaret,"['Margaret Thornton', 'David Kessler', 'Kessler', 'Margaret', 'Margaret', 'Kessler', 'Margaret', 'Margaret', 'Kessler', 'Kessler']",[],"[58, 65, 65, 65]","['$412,000', '$12,360', '$145,000,', '$310,000', '$175,000', '$2,800', '$2,060', '$16,480', '$1,650']"
senior_investor_exploitation,borderline,Robert,"['Robert Hanley', 'Patricia Simmons', 'Robert', 'Eleanor', 'Robert', 'Karen', 'Karen', 'Simmons', 'Karen', 'Robert', 'Robert', 'Simmons', 'Robert', 'Eleanor', 'Robert', 'Robert', 'Robert', 'Robert', 'Karen', 'Simmons', 'Karen']","['physician', 'engineer', 'retired']","[79, 79]","['$6,200', '$3,100', '$1.4', '$280,000', '$2,400', '$218,400']"
complex_products_unsophisticated_investor,borderline,Margaret,"['Margaret Dudley', 'Kevin Tran', 'Margaret', 'Kevin', 'Kevin', 'Margaret', 'Kevin', 'Margaret', 'Margaret', 'Margaret', 'Margaret']",['manager'],[58],"['$42,000', '$285,000', '$115,000', '$170,000', '$85,000', '$85,000', '$19,550']"
unsuitable_income_investor,borderline,Ronald,"['Ronald', 'Patricia Westbrook', 'Danielle Chu', 'Ronald']",['retired'],[],"['$1.4', '$3,200', '$4,500', '$54,000', '$380,000,', '$45,000', '$43,400', '$10,600', '$88,200', '$54,000', '$7,100,', '$1.4', '$1.31', '$90,000', '$96,300']"
concentration_risk,borderline,Gerald,"['Gerald Whitmore', 'Danielle Friedman', 'Gerald', 'Gerald', 'Gerald', 'Gerald', 'Gerald', 'Gerald']",['engineer'],[58],"['$1.4', '$620,000,', '$620,000', '$620,000', '$1.4', '$530,000', '$620,000', '$620,000']"
junk_bonds_conservative_investor,borderline,Margaret,"['Margaret Chen', 'Ryan Prescott', 'Ryan', 'Margaret', 'Ryan', 'Margaret', 'Ryan', 'Ryan', 'Margaret', 'Margaret', 'Margaret', 'Margaret', 'Ryan', 'Ryan']",['retired'],[71],"['$485,000', '$2,800', '$1,100', '$3,900', '$3,400,', '$600', '$800', '$72,500', '$290,000', '$122,500', '$5,655', '$72,500', '$68,005']"
unsuitable_income_investor,borderline,Margaret,"['Margaret Caldwell', 'Derek Simmons', 'Derek', 'Margaret', 'Margaret', 'Derek', 'Margaret', 'Margaret']","['schoolteacher', 'teacher', 'retiree', 'retired']",[71],"['$620,000', '$30,000', '$22,800', '$48,000', '$279,000', '$34,500', '$567,000,', '$38,000']"
market_timing_unsuitable,borderline,Kevin,"['Kevin Okafor', 'Renee Castillo', 'Kevin', 'Renee', 'Renee', 'Kevin', 'Renee', 'Kevin', 'Kevin', 'Renee', 'Kevin']",['engineer'],[44],"['$195,000', '$410,000', '$2,500', '$6,840,']"
mutual_fund_switching_churning,borderline,Margaret,"['Margaret Holloway', 'Derek Sands', 'Morningstar', 'Morningstar', 'Sands', 'Sands']",['manager'],"[58, 65]","['$620,000', '$67,400', '$620,000', '$658,000', '$28,500']"
excessive_churning,borderline,Victor,"['Victor Nascimento', 'Elaine Chow', 'Chow']",['engineer'],[44],"['$285,000', '$410,000', '$58,300', '$410,000', '$497,000']"
alternative_investments_unsuitable,borderline,Margaret,"['Margaret Dawson', 'Kevin Reilly', 'Reilly', 'Dawson', 'Dawson', 'Dawson']","['retiree', 'retired']",[62],"['$1.4', '$68,000', '$28,000', '$210,000']"
private_placements_unsuitable,borderline,Samuel,"['Samuel Okafor', 'Lisa Trent', 'Okafor', 'Okafor', 'Okafor', 'Okafor']",[],[48],"['$620,000', '$3.8', '$2.1', '$300,000', '$250,000,', '$300,000']"
market_timing_unsuitable,borderline,Gerald,"['Gerald Hutchins', 'Gerald', 'Ryan Pasko', 'Gerald', 'Ryan', 'Ryan', 'Ryan', 'Ryan', 'Gerald', 'Gerald', 'Ryan', 'Gerald', 'Ryan']",['manager'],[58],"['$145,000', '$620,000', '$380,000', '$240,000', '$11,400', '$38,000']"
bond_duration_mismatch,borderline,Margaret,"['Margaret', 'Douglas Reinhart', 'Margaret', 'Cynthia Draper', 'retirement horizon', 'Cynthia', 'Cynthia', 'Reinharts', 'Douglas', 'Cynthia']","['retiree', 'retired']",[67],"['$1.85', '$4,200', '$1,100', '$3,500', '$1.33', '$890,000', '$440,000', '$520,000', '$45,000', '$249,000', '$1.52']"
senior_investor_exploitation,borderline,Margaret,"['Margaret Holloway', 'David Reinhart', 'Margaret', 'Margaret', 'David', 'David', 'Margaret', 'Margaret', 'David', 'Margaret', 'Margaret', 'Karen', 'David', 'Karen', 'Margaret', 'David', 'Margaret', 'Margaret', 'Margaret']",['retiree'],"[74, 74]","['$1.35', '$2,800', '$58,000', '$410,000', '$280,000', '$130,000', '$53,000', '$1.35']"
alternative_investments_unsuitable,borderline,Robert,"['Robert', 'Patricia Chen', 'Robert', 'Patricia', 'Robert', 'Patricia', 'Nicole Shapiro', 'Nicole', 'Chens', 'Nicole', 'Chens', 'Robert', 'Robert', 'Patricia', 'Chens', 'Chens', 'Nicole', 'Nicole', 'Chens', 'Chens', 'Chens']",['engineer'],[52],"['$340,000', '$1.9', '$720,000', '$390,000', '$480,000', '$310,000', '$850,000', '$290,000', '$175,000', '$175,000,']"
senior_investor_exploitation,borderline,Margaret,"['Margaret Dawson', 'Robert Henley', 'Henley', 'Margaret', 'Margaret', 'Henley', 'Henley', 'Margaret', 'Margaret', 'Henley', 'Margaret']","['attorney', 'retired']",[78],"['$4,200', '$620,000', '$285,000', '$905,000']"
junk_bonds_conservative_investor,borderline,David,"['David', 'Patricia Olsen', 'Stephanie Marsh', 'Marsh']",[],[63],"['$2.1', '$475,000,', '$310,000', '$1.3', '$195,000', '$5,400', '$2,925', '$1,560']"
reverse_churning,borderline,Margaret,"['Margaret Halpern', 'Dennis Caulfield', 'Margaret', 'Margaret', 'Margaret', 'Margaret', 'Margaret', 'Caulfield', 'Margaret']",['retired'],[62],"['$1.1', '$13,750', '$40,000', '$55,000', '$18,000', '$385', '$13,750', '$385', '$34,375']"
annuity_unnecessary_switching,borderline,Robert,"['Robert', 'Linda Voss', 'Karen Prescott', 'Robert', 'Linda', 'Robert']",['attorney'],"[70, 70, 70]","['$320,000', '$398,000,', '$412,000,', '$13,134', '$398,000', '$10,746', '$1,990', '$22,885', '$21,630', '$2,388', '$15,920', '$280,000', '$95,000', '$4,200', '$410,000', '$412,000', '$14,000', '$21,630', '$398,000']"
speculative_for_conservative_investor,borderline,Margaret,"['Margaret Kowalski', 'Thomas Brennan', 'Brennan', 'Kowalski', 'Kowalski']",['retired'],[71],"['$680,000', '$2,400', '$900', '$1,500', '$122,400']"
structured_products_unsuitable,borderline,David,"['David', 'Linda Chen', 'Rachel Simmons', 'Simmons', 'Chens', 'Chens', 'Simmons', 'Chens', 'Chens', 'Chens', 'David Chen', 'Chens', 'Simmons']",[],[58],"['$310,000', '$1.4', '$750,000', '$620,000', '$280,000', '$280,000', '$251,000']"
reverse_churning,borderline,Gerald,"['Gerald Whitfield', 'Tricia Bowman', 'Whitfield', 'Bowman', 'Whitfield', 'Bowman', 'Whitfield', 'Whitfield', 'Bowman', 'Bowman', 'Whitfield', 'Bowman', 'Whitfield', 'Whitfield', 'Bowman']",['retired'],[59],"['$620,000', '$7,750', '$310', '$24,437']"
reverse_churning,borderline,Sandra,"['Sandra Yuen', 'Marcus Delgado', 'Yuen', 'Delgado', 'Roth', 'Yuen', 'Yuen', 'Yuen', 'Yuen']",['engineer'],[44],"['$285,000', '$430,000', '$4,300', '$565,000,', '$51,200', '$2,800', '$18,000']"
failure_to_know_customer,borderline,Gerald,"['Gerald Whitfield', 'Diane Ostrowski', 'Diane', 'Gerald', 'Diane', 'Gerald', 'Diane', 'Gerald', 'Gerald', 'Diane', 'Gerald', 'Gerald', 'Diane', 'Gerald']",[],"[58, 47]","['$1.4', '$65,000', '$180,000', '$1.22', '$200,000']"
excessive_load_funds,borderline,Marissa,"['Marissa Chen', 'Thomas Brennan', 'Thomas', 'Marissa', 'Thomas', 'Marissa', 'Morningstar', 'Morningstar', 'Thomas', 'Marissa', 'Marissa', 'Marissa', 'Thomas', 'Thomas', 'Thomas']",['engineer'],[52],"['$145,000', '$620,000', '$620,000,', '$31,700', '$22,200', '$36,500', '$31,700']"
illiquid_investments,borderline,Margaret,"['Margaret Dawson', 'Ryan Purcell', 'Purcell', 'Margaret', 'Purcell', 'Margaret', 'Margaret', 'Margaret', 'Margaret', 'Margaret', 'Purcell', 'Margaret']",['retired'],[59],"['$95,000', '$2.1', '$450,000', '$1.2', '$450,000', '$38,000', '$200,000', '$600,000', '$350,000', '$250,000', '$700,000']"
lack_of_diversification,borderline,David,"['David Chen', 'David', 'David', 'Theresa Quinlan', 'Quinlan', 'David', 'David', 'Quinlan', 'Quinlan', 'David', 'Quinlan', 'David', 'David', 'David', 'David', 'Quinlan']",['engineer'],[44],"['$210,000', '$180,000', '$1.4', '$620,000,', '$180,000', '$2.6', '$500,000', '$280,000', '$1.1', '$300,000', '$180,000', '$480,000', '$1.1', '$418,000', '$2.1', '$898,000']"
bond_duration_mismatch,borderline,Margaret,"['Margaret Hollis', 'Craig Brennan', 'Brennan', 'Margaret', 'Brennan', 'Brennan', 'Margaret', 'Margaret', 'Margaret', 'Margaret', 'Brennan', 'Margaret']",['retired'],[68],"['$1.4', '$4,500', '$980,000', '$185,000,', '$220,000', '$41,000']"
reverse_churning,borderline,David,"['David Okafor', 'Lisa Cheng', 'David', 'Lisa', 'Lisa', 'Lisa', 'Lisa', 'David', 'David', 'David', 'David', 'David', 'Lisa']",['engineer'],[45],"['$210,000', '$620,000', '$7,130', '$385', '$14,260']"
failure_to_know_customer,borderline,Patricia,"['Patricia Deng', 'Deng', 'Deng', 'Deng', 'Deng', 'Deng', 'Deng', 'Deng', 'Deng', 'Deng']",['engineer'],"[58, 44, 55]","['$215,000', '$1.2', '$800,000', '$620,000', '$340,000', '$45,000', '$70,000', '$390,000']"
penny_stocks_unsuitable,borderline,Rebecca,"['Rebecca Stanton', 'David Munroe', 'Munroe', 'Munroe', 'Stanton', 'Munroe', 'Munroe', 'Munroe']","['firefighter', 'retiree', 'retired']",[51],"['$0.85', '$1.20', '$0.45', '$62,000', '$280,000,', '$35,000', '$35,000', '$0.12', '$2.80', '$14,000', '$35,000']"
structured_products_unsuitable,borderline,Margaret,"['Margaret Holloway', 'Craig Dalton', 'Dalton', 'Margaret', 'Dalton', 'Margaret', 'Margaret', 'Dalton', 'Dalton', 'Dalton', 'Margaret']",['retired'],[62],"['$1.4', '$320,000', '$55,000', '$28,000', '$280,000', '$11,200,', '$85,000']"
leveraged_etf_unsuitable,borderline,David,"['David Rosen', 'Sandra Fielding', 'Rosen', 'Rosen', 'Rosen', 'Rosen']","['mechanic', 'consultant']",[49],"['$310,000', '$2.1', '$780,000', '$117,000', '$172,000,', '$107,000']"
alternative_investments_unsuitable,borderline,Margaret,"['Margaret Ellison', 'Daniel Kwan', 'Kwan', 'Margaret', 'Margaret', 'Margaret', 'Margaret', 'Margaret']",['retired'],[62],"['$1.4', '$68,000', '$2,400', '$1.4', '$210,000', '$1.19', '$210,000']"
failure_to_know_customer,borderline,Robert,"['Robert', 'Linda Chao', 'Patricia Muñoz', 'Robert', 'Muñoz', 'Robert', 'COVID', 'Linda', 'Muñoz', 'Muñoz', 'Linda', 'Muñoz']",[],[],"['$280,000,', '$900,000,', '$2.1', '$600,000', '$350,000', '$220,000', '$900,000', '$648,000']"
illiquid_real_estate_investment,borderline,Margaret,"['Margaret Kowalski', 'Brian Novak', 'Margaret', 'Brian', 'Brian', 'Margaret', 'Margaret', 'Margaret', 'Margaret', 'Brian', 'Brian', 'Margaret']",[],"[58, 62]","['$112,000', '$67,000', '$485,000,', '$310,000', '$95,000', '$80,000', '$340,000', '$75,000', '$95,000', '$6,800']"
unsuitable_income_investor,borderline,Gerald,"['Gerald', 'Patricia Huffman', 'Gerald', 'Gerald', 'Patricia', 'Dennis Park', 'Dennis', 'Dennis']",['retired'],[],"['$3,400', '$1,200', '$55,200', '$620,000', '$410,000', '$210,000', '$45,000', '$12,000', '$1,800', '$21,600', '$35,340', '$620,000', '$21,600', '$69,400', '$70,000', '$21,600']"
complex_products_unsophisticated_investor,borderline,Margaret,"['Margaret Okonkwo', 'Derek Simmons', 'Simmons', 'Margaret', 'Margaret', 'Simmons', 'Margaret', 'Simmons', 'Margaret', 'Margaret']",['retired'],[58],"['$42,000', '$310,000', '$185,000', '$125,000', '$26,270']"
annuity_unnecessary_switching,borderline,Robert,"['Robert Christiansen', 'Patricia Huang', 'Patricia', 'Robert', 'Patricia', 'Robert', 'Robert', 'Patricia', 'Robert']",[],"[64, 67, 67, 67]","['$287,000', '$18,400', '$20,100', '$1,700', '$190,000', '$45,000', '$380,000', '$2,100', '$9,500', '$8,600', '$342,000', '$287,000']"
crypto_assets_unsuitable,borderline,Margaret,"['Margaret Hensley', 'Derek Rawlins', 'Margaret', 'Bitcoin', 'Margaret', 'Margaret', 'Margaret']",[],"[58, 62]","['$92,000', '$4,200', '$340,000', '$210,000', '$130,000', '$19,500', '$27,700,', '$16,200']"
complex_products_unsophisticated_investor,borderline,Carlos,"['Carlos Vega', 'Jenna Park', 'Park', 'Carlos', 'Carlos', 'Carlos', 'Carlos', 'Carlos', 'Carlos', 'Carlos']",[],[44],"['$68,000', '$115,000', '$25,000', '$12,000']"
private_placements_unsuitable,borderline,Priya,"['Priya Mehta', 'Mehta', 'Mehta', 'Mehta', 'Mehta', 'Mehta', 'Mehta']",['manager'],"[52, 62]","['$780,000', '$3.2', '$1.8', '$250,000', '$1.4', '$600,000', '$400,000', '$500,000', '$300,000', '$50,000']"
private_placements_unsuitable,borderline,Janet,"['Janet Kowalski', 'Tom Ruiz', 'Kowalski', 'Kowalski', 'Ruiz', 'Kowalski', 'Kowalski', 'Kowalski', 'Kowalski']","['manager', 'retiree', 'retired']",[67],"['$72,000', '$28,000', '$910,000,', '$480,000', '$230,000', '$200,000', '$150,000', '$150,000', '$4,000', '$6,000']"
illiquid_investments,borderline,Margaret,"['Margaret Ellison', 'Dale Kowalski', 'Margaret', 'Margaret', 'Margaret', 'Margaret', 'Margaret']",[],[58],"['$2.1', '$1.4', '$700,000', '$185,000', '$280,000', '$50,000', '$80,000', '$1.12', '$140,000']"
concentration_risk,borderline,Robert,"['Robert', 'Christine Yun', 'Robert', 'Priya Sandoval', 'Robert', 'Robert', 'Robert', 'Robert', 'Robert', 'Robert', 'Yuns', 'Robert']",['engineer'],[],"['$3.8', '$310,000', '$1.2', '$65,000', '$2.4', '$1.2', '$120,000', '$740,000']"
tax_deferred_unnecessary_annuity,borderline,Margaret,"['Margaret Chen', 'David Kowalski', 'Kowalski', 'Kowalski', 'Margaret', 'Kowalski', 'Margaret', 'Margaret', 'Margaret', 'Kowalski', 'Margaret', 'Margaret']",['retired'],"[62, 69]","['$410,000', '$185,000', '$120,000', '$2,800', '$185,000', '$1,430', '$9,712.50', '$1,050', '$617', '$30,000', '$12,600']"
market_timing_unsuitable,borderline,Robert,"['Robert Jankowski', 'Lisa Ferraro', 'Jankowski', 'Ferraro', 'Jankowski', 'Jankowski', 'Ferraro', 'Jankowski', 'Ferraro', 'Jankowski', 'Jankowski', 'Jankowski', 'Ferraro']","['engineer', 'mechanic']",[54],"['$195,000', '$1.4', '$680,000', '$310,000', '$240,000', '$170,000', '$11,400,', '$18,500', '$7,600']"
alternative_investments_unsuitable,borderline,Rebecca,"['Rebecca Torres', 'Kevin Marsh', 'Kevin', 'Kevin', 'Rebecca', 'Kevin']",['retired'],[58],"['$1.4', '$300,000', '$420,000', '$62,000,', '$210,000', '$12,600']"
variable_annuity_unsuitable,borderline,David,"['David', 'Linda Chen', 'Patricia Novak', 'David', 'David', 'Linda', 'David', 'Linda', 'Patricia', 'David', 'David', 'Patricia', 'Patricia', 'David', 'Linda', 'Chens', 'David', 'Linda', 'David', 'Chens']",[],"[64, 66, 65]","['$780,000', '$410,000', '$195,000', '$85,000', '$2,800', '$1,900', '$78,000', '$340,000', '$17,000', '$340,000', '$17,680', '$70,000', '$195,000', '$780,000', '$85,000', '$20,400']"
margin_unsuitable,borderline,Gerald,"['Gerald Whitfield', 'Dana Phelps', 'Gerald', 'Dana', 'Gerald', 'Gerald', 'Dana', 'Gerald', 'Gerald', 'Gerald', 'Gerald', 'Gerald', 'Gerald', 'Gerald', 'Gerald', 'Dana', 'Gerald', 'Gerald']",['manager'],[58],"['$165,000', '$1.4', '$380,000', '$520,000', '$285,000', '$399,000', '$285,000', '$38,000,', '$27,000,', '$61,000', '$19,000']"
excessive_churning,borderline,Patricia,"['Patricia Sorensen', 'Marcus Reilly', 'Patricia', 'Patricia', 'Patricia', 'Patricia', 'Patricia', 'Patricia', 'Patricia']",['attorney'],[52],"['$230,000', '$410,000,', '$48,400', '$55,000']"
alternative_investments_unsuitable,borderline,Margaret,"['Margaret Holloway', 'Derek Fulton', 'Margaret', 'Margaret', 'Margaret']",['retired'],[58],"['$4,200', '$620,000', '$93,000', '$38,000', '$11,600']"
excessive_load_funds,borderline,Carlos,"['Carlos', 'Diana Reyes', 'Pamela Ingram', 'Reyes', 'Carlos']",[],[],"['$195,000', '$275,000', '$140,000', '$140,000', '$45,000,', '$35,000,', '$35,000,', '$25,000,', '$7,035', '$15,000', '$20,000', '$250,000', '$50']"
failure_to_know_customer,borderline,Maria,"['Maria Delgado', 'Keith Branson', 'Branson']",['business owner'],[52],"['$180,000,', '$1.2', '$950,000', '$1.2', '$250,000', '$175,000']"
illiquid_real_estate_investment,borderline,James,"['James Okonkwo', 'Sandra Choi']",[],"[61, 65]","['$485,000', '$3.4', '$340,000', '$1.8']"
concentration_risk,borderline,Margaret,"['Margaret Kowalski', 'Daniel Prescott', 'Margaret', 'Daniel multiple times', 'Daniel', 'Daniel', 'Margaret', 'Margaret', 'Margaret', 'Daniel']","['schoolteacher', 'teacher', 'retired']","[58, 66, 41]","['$620,000', '$180,000', '$19,500', '$545,000']"
concentration_risk,borderline,James,"['James', 'Patricia Huang', 'James', 'Rachel Thornton', 'Rachel', 'Rachel', 'James']",['engineer'],[49],"['$285,000', '$195,000', '$1.9', '$340,000', '$750,000', '$210,000', '$95,000', '$420,000', '$290,000', '$3.15', '$180,000', '$110,000']"
penny_stocks_unsuitable,borderline,David,"['David Morel', 'Theresa Yun', 'Yun', 'Yun', 'Morel', 'Morel', 'Yun']",['engineer'],[52],"['$185,000', '$1.4', '$0.12', '$0.87', '$72,000', '$19,500']"
reverse_churning,borderline,Angela,"['Angela Simmons', 'Robert Kwan', 'Simmons', 'Kwan', 'Simmons', 'Simmons', 'Simmons']","['attorney', 'executive', 'retired']",[67],"['$2.3', '$26,450', '$2,200', '$52,900', '$52,900', '$2,200']"
high_fees_unsuitable,borderline,Margaret,"['Margaret Hollis', 'Kevin Driscoll', 'Margaret', 'Kevin', 'Kevin', 'Kevin', 'Margaret', 'Kevin', 'Kevin', 'Margaret', 'Margaret', 'Kevin']",['retired'],[62],"['$680,000', '$4,200', '$14,500', '$1,850', '$9,100', '$0']"
overconcentration_single_stock,borderline,David,"['David Nakamura', 'David', 'Rachel Simmons', 'David', 'Rachel', 'Rachel', 'Rachel', 'David', 'Monte Carlo', 'David', 'Rachel', 'David', 'David', 'David', 'David', 'Rachel']",['engineer'],[47],"['$2.1', '$870,000', '$1.23', '$620,000', '$410,000', '$200,000', '$184,500', '$490,000']"
illiquid_investments,borderline,Margaret,"['Margaret Holden', 'Kevin Pratt', 'Pratt', 'Pratt', 'Margaret', 'Margaret', 'Margaret', 'Margaret', 'Pratt', 'Margaret']",['retired'],[58],"['$1.2', '$350,000', '$4,200', '$240,000', '$350,000']"
excessive_load_funds,borderline,David,"['David Chen', 'Chen', 'Chen', 'Chen', 'Chen', 'Chen']",['engineer'],[44],"['$195,000', '$480,000', '$140,000', '$95,000', '$85,000', '$80,000', '$80,000', '$24,360']"
speculative_for_conservative_investor,borderline,Margaret,"['Margaret Thornton', 'David Reeves', 'Reeves', 'Margaret', 'Reeves', 'Margaret', 'Margaret', 'Margaret']",['retired'],[68],"['$42,000', '$310,000,', '$485,000', '$55,800', '$44,960', '$10,840']"
variable_annuity_unsuitable,borderline,Robert,"['Robert', 'Linda Chen', 'Patricia Navarro', 'Robert', 'Linda', 'Chens', 'Linda', 'Chens', 'Chens', 'Robert', 'Chens']","['engineer', 'manager']","[57, 65, 65]","['$145,000', '$78,000', '$680,000,', '$520,000', '$280,000', '$15,400', '$45,000', '$28,000', '$17,000', '$1,105']"
reverse_churning,borderline,Gerald,"['Gerald Whitmore', 'Patricia Dunn', 'Gerald', 'Patricia', 'Patricia', 'Gerald', 'Gerald', 'Patricia', 'Gerald', 'Gerald', 'Gerald', 'Gerald', 'Gerald', 'Patricia', 'Patricia', 'Gerald']","['engineer', 'retired']",[58],"['$1.4', '$17,500', '$4,200', '$1.4', '$1.58', '$43,750', '$10,500']"
market_timing_unsuitable,borderline,Dana,"['Dana Kowalski', 'Dana', 'Dana', 'Dana', 'Dana', 'Dana', 'Dana']",[],[44],"['$310,000', '$820,000', '$164,000', '$164,000', '$164,000', '$6,150', '$191,880', '$21,730']"
mutual_fund_switching_churning,borderline,Rebecca,"['Rebecca Thornton', 'Gerald', 'Doris McKenna', 'McKennas', 'McKennas', 'Thornton', 'Thornton', 'McKennas', 'Gerald McKenna', 'Thornton', 'Thornton', 'McKenna', 'Thornton', 'McKennas']",['retired'],[],"['$620,000', '$36,890', '$18,400']"
tax_deferred_unnecessary_annuity,borderline,Marcus,"['Marcus Whitfield', 'Priya Nagarajan', 'Roth', 'Whitfield', 'Whitfield', 'Whitfield', 'Whitfield', 'Monte Carlo']",[],"[52, 67, 95]","['$185,000', '$145,000', '$410,000', '$120,000', '$10,175', '$2,800', '$185,000']"
annuity_unnecessary_switching,borderline,Margaret,"['Margaret Delano', 'Ryan Kessler', 'Kessler', 'Delano', 'Delano', 'Kessler', 'Delano', 'Kessler']","['schoolteacher', 'teacher', 'retired']","[62, 67]","['$480,000', '$8,640', '$216,000', '$10,795', '$180,000', '$84,000', '$3,200']"
options_unsuitable,borderline,David,"['David Okonkwo', 'Christine Farrell', 'Farrell', 'Farrell', 'Farrell', 'Farrell', 'Farrell', 'Farrell']","['engineer', 'manager', 'mechanic']",[44],"['$195,000', '$1.1', '$620,000', '$340,000', '$180,000', '$95,000', '$45,000', '$8,400', '$12,600', '$47,500', '$34,200,', '$13,300,', '$3,800', '$9,500', '$40,000', '$65,000', '$95,000,', '$102,700']"
speculative_for_conservative_investor,borderline,Margaret,"['Margaret Olsen', 'Derek Huang', 'Derek', 'Derek', 'Margaret', 'Derek', 'Margaret', 'Margaret', 'Derek', 'Margaret']","['schoolteacher', 'teacher', 'retired']","[71, 71]","['$42,000', '$310,000,', '$520,000', '$62,000', '$3,800', '$8,870']"
private_placements_unsuitable,borderline,Steven,"['Steven', 'Linda Park', 'Linda', 'Rachel Dominguez', 'Rachel', 'Parks', 'Parks', 'Rachel', 'Parks', 'Parks', 'Parks', 'Parks', 'Parks', 'Rachel']",[],[],"['$485,000', '$1.8', '$650,000', '$1.1', '$280,000', '$190,000', '$200,000', '$100,000,', '$150,000', '$200,000', '$200,000', '$145,000']"
structured_products_unsuitable,borderline,Martin,"['Martin Reeves', 'Reeves', 'Reeves']",['retired'],[61],"['$2.1', '$3.4', '$680,000', '$17,000', '$200,000', '$47,600', '$2.7']"
unsuitable_income_investor,borderline,Grace,"['Grace Tanaka', 'Tanaka', 'Kevin Hargrove', 'Tanaka', 'Tanaka', 'Tanaka', 'Tanaka', 'Tanaka']","['teacher', 'retired']",[73],"['$840,000,', '$52,000,', '$3,800', '$420,000', '$210,000', '$130,000', '$80,000', '$27,400', '$3,400', '$52,000', '$34,000', '$18,000', '$420,000']"
leveraged_etf_unsuitable,borderline,Margaret,"['Margaret Ostrowski', 'Derek Huang', 'Derek', 'Margaret', 'Margaret', 'Margaret', 'Derek', 'Margaret', 'Margaret', 'Derek']","['mechanic', 'consultant', 'retired']",[58],"['$95,000', '$1.4', '$820,000', '$580,000', '$164,000', '$139,000', '$25,000']"
inappropriate_risk_profile,borderline,Carlos,"['Carlos', 'Elena Medina', 'Priya Shankar', 'Carlos', 'Priya', 'Medinas', 'Priya']","['nurse', 'engineer']",[44],"['$140,000', '$88,000', '$228,000', '$1.1', '$410,000', '$350,000', '$240,000', '$100,000', '$410,000', '$425,000', '$358,000']"
complex_products_unsophisticated_investor,borderline,Margaret,"['Margaret Dawson', 'Kevin Brandt', 'Margaret', 'Margaret', 'Margaret', 'Margaret', 'Margaret']",['retired'],[58],"['$3,200', '$410,000', '$120,000', '$2,460', '$98,000,', '$120,000', '$19,680']"
complex_products_unsophisticated_investor,borderline,Roberto,"['Roberto Garza', 'Diane Whitfield', 'Whitfield', 'Whitfield', 'Whitfield', 'Roberto', 'Whitfield', 'Roberto', 'Roberto', 'Roberto', 'Whitfield']",[],[44],"['$72,000', '$285,000', '$55,000', '$20,000', '$20,000', '$15,000', '$230,000', '$20,000', '$11,600', '$55,000', '$43,100', '$11,900']"
overconcentration_single_stock,borderline,Margaret,"['Margaret Chen', 'David Ruiz', 'Margaret', 'Margaret', 'Margaret', 'Margaret', 'Margaret', 'Margaret', 'Margaret', 'Margaret']","['executive', 'manager', 'retired']",[58],"['$1.2', '$78,000', '$1.45', '$940,000']"
speculative_for_conservative_investor,borderline,Harold,"['Harold', 'Patricia Novak', 'Karen Whitfield', 'Karen', 'Novaks', 'Novaks', 'Karen', 'Karen', 'Karen', 'Novaks', 'Novaks', 'Novaks']","['teacher', 'retired']",[],"['$96,000', '$680,000', '$19,000', '$102,000', '$68,000', '$19,000', '$30,500', '$14,200', '$8,900']"
structured_products_unsuitable,borderline,Margaret,"['Margaret Dawson', 'Kevin Phelps', 'Phelps', 'Dawson', 'Dawson']",['retired'],[62],"['$1.4', '$300,000', '$48,000', '$3,800', '$280,000', '$100,000,', '$100,000,', '$80,000,', '$280,000']"
high_fees_unsuitable,borderline,Samuel,"['Samuel Okafor', 'Rachel Stein', 'Stein', 'Okafor', 'Stein', 'Stein', 'Okafor', 'Stein', 'Okafor', 'Okafor']",[],"[45, 65]","['$620,000', '$2.1', '$38,000']"
excessive_churning,borderline,Gerald,"['Gerald Whitmore', 'Gerald', 'Danielle Strauss', 'Strauss', 'Gerald', 'Gerald', 'Gerald', 'Gerald', 'Gerald', 'Gerald', 'Gerald']","['executive', 'retired']",[58],"['$1.4', '$7,200', '$600,000', '$128,000', '$41,000,']"
reverse_churning,borderline,Priya,"['Priya Nandakumar', 'Tom Pellegrino', 'Pellegrino', 'Priya']",['physician'],[44],"['$420,000', '$780,000', '$9,750', '$24,375', '$1,100', '$6,800']"
tax_deferred_unnecessary_annuity,borderline,Margaret,"['Margaret Holloway', 'Daniel Fisk', 'Daniel', 'Margaret', 'Margaret', 'Margaret', 'Margaret', 'Daniel', 'Margaret', 'Daniel']",['retired'],"[64, 67]","['$410,000', '$185,000', '$62,000', '$48,000,', '$280,000', '$100,000', '$150,000,', '$15,120,', '$700']"
complex_products_unsophisticated_investor,borderline,Roberto,"['Roberto Medina', 'Roberto', 'Shannon Garrett', 'Shannon', 'Roberto', 'Roberto', 'Roberto', 'Roberto']",[],[52],"['$74,000', '$165,000', '$40,000', '$18,000', '$55,000', '$36,850', '$55,000', '$1,155', '$55,000']"
mutual_fund_switching_churning,borderline,Rebecca,"['Rebecca Thornton', 'Marcus Delgado']",['manager'],"[58, 65]","['$420,000', '$185,000', '$9,712.50', '$7,400', '$110,000', '$5,225', '$4,180', '$14,937.50']"
high_fees_unsuitable,borderline,Gerald,"['Gerald', 'Diane Kowalski', 'Priya Nair', 'Gerald', 'Priya', 'Priya', 'Kowalskis', 'Kowalskis', 'Morningstar', 'retirement horizon']","['manager', 'retired']",[66],"['$1.15', '$680,000', '$290,000', '$180,000', '$3,800', '$4,200', '$8,000', '$6,500', '$20,000', '$30,000', '$1.15', '$15,525', '$25,645', '$21,000', '$22,800', '$400,000', '$500,000']"
high_fees_unsuitable,borderline,Margaret,"['Margaret Voss', 'Derek Tan', 'Margaret', 'Derek', 'Derek', 'Derek', 'Derek', 'Margaret', 'Margaret', 'Margaret', 'Derek']",['retired'],[62],"['$4,800', '$720,000', '$720,000', '$8,496', '$17,500', '$7,850']"
reverse_churning,borderline,Paul,"['Paul Reinhardt', 'Camille Ortega', 'Camille', 'Paul', 'Paul', 'Paul', 'Camille', 'Paul', 'Camille', 'Paul', 'Paul', 'Paul', 'Camille']","['attorney', 'business owner']",[55],"['$3.2', '$1.4', '$4,200', '$15,400', '$1.4', '$18,000', '$40,250', '$12,500', '$27,750']"
speculative_for_conservative_investor,borderline,Margaret,"['Margaret Holloway', 'David Crane', 'Margaret', 'Crane', 'Margaret', 'Margaret', 'Margaret']","['schoolteacher', 'teacher', 'retired']",[62],"['$410,000,', '$3,200', '$1,900', '$35,000', '$61,500', '$41,000', '$13,500,', '$2,460']"
excessive_load_funds,borderline,Robert,"['Robert', 'Diane Kashani', 'Patricia Sung', 'Sung', 'Sung', 'Kashanis', 'Sung', 'Sung', 'Sung', 'Sung', 'Kashanis', 'Kashanis', 'Sung']",[],"[48, 65]","['$195,000', '$520,000', '$480,000,', '$25,200', '$500,000', '$6,000', '$520,000', '$40,000', '$100,000']"
reverse_churning,borderline,Margaret,"['Margaret Dalton', 'Kevin Pratt', 'Margaret', 'Kevin', 'Margaret', 'Margaret', 'Kevin', 'Margaret', 'Margaret', 'Margaret', 'Margaret', 'Kevin', 'Margaret']","['schoolteacher', 'teacher', 'manager', 'retired']",[61],"['$780,000', '$8,970', '$2,800', '$22,900', '$5,100']"
complex_products_unsophisticated_investor,borderline,Roberto,"['Roberto Fuentes', 'Stacey Ling', 'Roberto', 'Stacey', 'Stacey', 'Roberto', 'Stacey', 'Roberto', 'Stacey', 'Roberto', 'Roberto', 'Roberto', 'Stacey', 'Stacey', 'Roberto', 'Roberto', 'Roberto']",[],[54],"['$68,000', '$215,000', '$130,000', '$85,000', '$2,600,', '$650', '$23,920']"
tax_deferred_unnecessary_annuity,borderline,Margaret,"['Margaret Ellington', 'Derek Chalmers', 'Margaret', 'Derek', 'Margaret', 'Derek', 'Derek', 'Margaret', 'Margaret', 'Margaret']",['retired'],"[62, 67]","['$58,000', '$340,000', '$185,000', '$42,000', '$275,000', '$185,000', '$15,125', '$40,000', '$2,800']"
high_fees_unsuitable,borderline,Raymond,"['Raymond', 'Celeste Park', 'Nadia Kowalski', 'Parks', 'Parks', 'Parks', 'Parks', 'Parks', 'Parks', 'Parks', 'Morningstar']","['pharmacist', 'engineer', 'manager']",[65],"['$165,000', '$128,000', '$620,000', '$14,694', '$5,828', '$285,000']"
inappropriate_risk_profile,borderline,Margaret,"['Margaret Dunleavy', 'James Okafor', 'Margaret', 'Margaret', 'Margaret', 'Okafor', 'Margaret', 'Margaret']","['retiree', 'retired']","[71, 71]","['$1.4', '$52,000', '$2,800', '$4,800', '$1.4', '$266,000', '$1.52']"
reverse_churning,borderline,David,"['David Reinhardt', 'Carla Simmons', 'Reinhardt', 'Reinhardt', 'Reinhardt', 'Reinhardt', 'Reinhardt']","['engineer', 'contractor']",[58],"['$195,000', '$780,000', '$9,750', '$14,000', '$9,500', '$30,420', '$25', '$750', '$3,510', '$5,875']"
junk_bonds_conservative_investor,borderline,Margaret,"['Margaret Ellison', 'Kevin Draper', 'Margaret', 'Kevin', 'Kevin', 'Margaret', 'Margaret', 'Kevin', 'Kevin', 'Morningstar', 'Margaret', 'Kevin']",['retired'],[64],"['$410,000', '$38,000,', '$22,000,', '$16,000', '$73,800', '$18,860']"
alternative_investments_unsuitable,borderline,Richard,"['Richard', 'Sandra Yoo', 'Richard', 'Danielle Foss', 'Richard', 'Yoos', 'Yoos', 'Yoos', 'Yoos']",[],[],"['$485,000', '$1.85', '$780,000,', '$210,000', '$620,000', '$95,000', '$275,000', '$150,000', '$400,000', '$500,000', '$425,000']"
illiquid_investments,borderline,Margaret,"['Margaret Dalton', 'Craig Wesson', 'Margaret', 'Craig', 'Craig', 'Margaret', 'Craig', 'Margaret', 'Craig', 'Margaret', 'Margaret', 'Margaret', 'Margaret', 'Margaret', 'Craig']",['manager'],"[58, 63]","['$410,000', '$3.2', '$1.85', '$350,000', '$450,000', '$370,000', '$210,000', '$160,000', '$31,000', '$1.48', '$120,000']"
crypto_assets_unsuitable,borderline,David,"['David Kowalski', 'Heather Moreno', 'David', 'David', 'David', 'Heather', 'David', 'Bitcoin', 'David', 'Bitcoin', 'David', 'David']","['engineer', 'manager']",[44],"['$195,000', '$1.1', '$420,000', '$63,000', '$25,000', '$20,000', '$18,000', '$85,000', '$290,000', '$29,800,']"
penny_stocks_unsuitable,borderline,Marcus,"['Marcus Devereaux', 'Theresa Langford', 'Langford', 'Langford', 'Devereaux', 'Devereaux', 'Langford', 'Langford', 'Langford', 'Langford', 'Langford']",['retired'],[52],"['$410,000', '$85,000', '$48,000', '$520,000', '$38,000', '$0.45', '$2.10', '$18,200', '$5', '$15']"
excessive_churning,borderline,Denise,"['Denise Yamamoto', 'Craig Billings']","['accountant', 'retired']",[61],"['$620,000,', '$75,000', '$800,000', '$73,200']"
reverse_churning,borderline,Margaret,"['Margaret Holloway', 'David Kessler', 'Kessler', 'Kessler', 'Holloway', 'Kessler', 'Kessler', 'Kessler', 'Kessler']",['retired'],[58],"['$1.2', '$15,000', '$2,200', '$37,500', '$35,000']"
junk_bonds_conservative_investor,borderline,Richard,"['Richard', 'Elaine Yamamoto', 'Cynthia Reeves', 'Yamamotos']","['retiree', 'retired']",[],"['$850,000', '$38,000', '$127,500', '$38,000', '$127,500', '$113,200,', '$14,300']"
penny_stocks_unsuitable,borderline,Margaret,"['Margaret Hollis', 'Derek Nolan']","['retiree', 'retired']",[58],"['$620,000', '$18,500', '$0.82', '$18,500', '$2.10', '$47,000', '$23,500', '$0.35', '$7,900']"
speculative_for_conservative_investor,borderline,Walter,"['Walter Briggs', 'Pamela Chen', 'Chen', 'Chen', 'Briggs', 'Briggs', 'Briggs', 'Briggs', 'Chen']","['attorney', 'retired']",[71],"['$2,400', '$1,100', '$340,000,', '$85,000', '$3,000', '$50,000', '$3,200', '$35,000']"
illiquid_real_estate_investment,borderline,Margaret,"['Margaret Hollis', 'Ryan Dorsey', 'Dorsey', 'Dorsey', 'Margaret', 'Dorsey', 'Margaret', 'Margaret', 'Dorsey', 'Margaret']","['manager', 'retired']",[61],"['$1.2', '$340,000', '$2,800', '$425,000', '$4,100', '$180,000', '$1.02', '$3,500']"
private_placements_unsuitable,borderline,Kevin,"['Kevin Osei', 'Laura Brennan', 'Brennan', 'Brennan', 'Osei', 'Osei', 'Brennan', 'Osei', 'Brennan', 'Osei', 'Osei', 'Brennan']",[],[44],"['$680,000', '$3.8', '$1.4', '$900,000', '$600,000', '$550,000', '$280,000', '$350,000', '$200,000,', '$200,000']"
margin_unsuitable,borderline,Gerald,"['Gerald Whitfield', 'Dana Kirkland', 'Gerald', 'Gerald', 'Gerald', 'Gerald', 'Gerald', 'Gerald']","['engineer', 'consultant', 'retired']",[58],"['$120,000', '$485,000', '$610,000,', '$390,000', '$145,000', '$52,000']"
lack_of_diversification,borderline,Priya,"['Priya Anand', 'Colin Brewer', 'Brewer', 'Brewer', 'Brewer']",['engineer'],[44],"['$340,000', '$200,000', '$1.8', '$900,000', '$900,000', '$280,000', '$95,000', '$2.175', '$250', '$50,000', '$900,000']"
crypto_assets_unsuitable,borderline,Derek,"['Derek Huang', 'Patricia Norwood', 'Bitcoin', 'Patricia', 'Patricia', 'Derek', 'Patricia', 'Patricia', 'Patricia', 'Derek', 'Derek', 'Bitcoin']",['executive'],[58],"['$840,000', '$195,000', '$60,000', '$425,000', '$63,500']"
alternative_investments_unsuitable,borderline,Monica,"['Monica Reeves', 'George', 'Linda Whitfield', 'Whitfields', 'Monica', 'Whitfields', 'Whitfields', 'Whitfields', 'Whitfields', 'Monica']","['manager', 'retiree', 'retired']",[64],"['$175,000', '$960,000', '$98,000', '$42,000', '$140,000', '$115,000,', '$25,000', '$45,000', '$175,000']"
speculative_for_conservative_investor,borderline,Margaret,"['Margaret Dawson', 'Kevin Pratt', 'Kevin', 'Kevin', 'Kevin', 'Margaret', 'Margaret', 'Kevin', 'Margaret']","['teacher', 'retired']",[64],"['$52,000', '$410,000', '$310,000', '$82,000', '$5,100', '$9,400']"
leveraged_etf_unsuitable,borderline,Thomas,"['Thomas Rinaldi', 'Susan Chao', 'Thomas', 'Susan', 'Susan', 'Thomas', 'Thomas', 'Thomas', 'Thomas', 'Susan', 'Thomas', 'Thomas', 'Susan', 'Thomas', 'Thomas', 'Susan']",['electrician'],"[57, 57]","['$275,000', '$55,000', '$70,000', '$6,800']"
high_fees_unsuitable,borderline,Margaret,"['Margaret Chen', 'David Kowalski', 'Kowalski', 'Kowalski', 'Kowalski', 'Kowalski', 'Margaret', 'Kowalski', 'Margaret', 'Margaret', 'Margaret', 'Margaret']",['retired'],[58],"['$1.2', '$180,000', '$1,400', '$500,000', '$78,000']"
illiquid_investments,borderline,Robert,"['Robert', 'Denise Alvarez', 'Nicole Tran', 'Robert', 'Denise', 'Nicole']",['manager'],"[51, 60]","['$310,000', '$2.8', '$1.1', '$650,000', '$180,000', '$420,000', '$630,000', '$340,000', '$290,000']"
market_timing_unsuitable,borderline,Rebecca,"['Rebecca Thornton', 'Marcus Webb', 'Thornton', 'Thornton', 'Thornton', 'Thornton']",['executive'],[58],"['$185,000', '$340,000', '$6,800', '$2,100', '$8,900']"
unsuitable_income_investor,borderline,Gerald,"['Gerald', 'Patricia Novak', 'Daniel Prescott', 'Novaks', 'Prescott', 'Prescott', 'Novaks', 'Prescott', 'Novaks', 'Novaks']",['retired'],[],"['$4,200', '$1,600', '$7,800', '$620,000,', '$2,200', '$3,100,', '$529,000,', '$91,000', '$34,000', '$2,950']"
variable_annuity_unsuitable,borderline,Margaret,"['Margaret Ostrowski', 'Daniel Kline', 'Margaret', 'Daniel', 'Daniel', 'Margaret', 'Daniel', 'Margaret', 'Margaret', 'Daniel']",[],"[58, 65, 65]","['$340,000', '$280,000', '$195,000', '$112,000,', '$40,000', '$290,000', '$17,400']"
excessive_churning,borderline,Robert,"['Robert Whitfield', 'Patricia Engel', 'Robert', 'Patricia', 'Patricia', 'Patricia', 'Robert', 'Patricia', 'Robert', 'Robert', 'Patricia', 'Robert', 'Robert']",['business owner'],[],"['$225,000', '$410,000', '$48,500', '$600,000', '$150,000']"
bond_duration_mismatch,borderline,Margaret,"['Margaret Ellison', 'Brian Knowles', 'Ellison', 'Ellison', 'Ellison', 'Ellison', 'Ellison', 'Ellison']","['retiree', 'retired']",[68],"['$1.4', '$4,200', '$900,000', '$900,000,', '$585,000', '$315,000', '$128,700', '$22,050', '$900,000', '$749,250', '$2,500', '$1,600']"
excessive_churning,borderline,David,"['David Okonkwo', 'Lisa Cheng', 'Cheng', 'Cheng', 'Cheng', 'Cheng', 'Cheng', 'Cheng', 'Cheng']",[],[52],"['$320,000', '$480,000', '$145,000', '$71,700', '$38,400', '$33,300,', '$286,700', '$43,000']"
structured_products_unsuitable,standard,Margaret,"['Margaret Olin', 'Kevin Driscoll', 'Margaret', 'Margaret', 'Margaret', 'Margaret', 'Margaret', 'Margaret']","['teacher', 'retired']",[78],"['$310,000,', '$34,000', '$210,000', '$175,000', '$8,750', '$131,000']"
margin_unsuitable,standard,David,"['David Hernandez', 'David', 'Lisa Wen', 'David', 'Lisa', 'David', 'David', 'Lisa', 'Lisa', 'David', 'David', 'David', 'Lisa']",[],[29],"['$42,000', '$18,000', '$6,500', '$14,000', '$22,000', '$36,000', '$18,000', '$7,200', '$5,400', '$12,600,', '$380', '$540']"
failure_to_know_customer,standard,Brian,"['Brian Colwell', 'Rajan Mehta', 'Colwell', 'Colwell', 'Colwell', 'Colwell', 'Colwell', 'Colwell']","['pharmacist', 'retired']",[],"['$55,000', '$820,000', '$385,000', '$90,000', '$120,000', '$340,000', '$11,200', '$127,000']"
speculative_for_conservative_investor,standard,Carol,"['Carol Whitfield', 'Nathan Osei', 'Nathan', 'Nathan', 'Carol']",['attorney'],[55],"['$285,000', '$2.1', '$950,000', '$680,000', '$290,000', '$180,000', '$750,000', '$68,000', '$68,000']"
mutual_fund_switching_churning,standard,Robert,"['Robert', 'Diane Kowalski', 'Robert', 'Diane', 'Robert', 'Jennifer Pruitt', 'Kowalskis', 'Kowalskis', 'Kowalskis', 'Pruitt', 'Kowalskis', 'Pruitt']",['retired'],[],"['$2,800', '$1,400', '$50,400', '$415,000', '$19,300', '$9,200', '$388,000', '$27,000', '$19,300']"
penny_stocks_unsuitable,standard,Margaret,"['Margaret Hoffman', 'Derek Pham', 'Margaret', 'Derek', 'Margaret', 'Margaret', 'Margaret']","['schoolteacher', 'teacher', 'retired']",[72],"['$2,800', '$1,650', '$185,000,', '$0.12', '$0.04', '$0.08', '$141,000', '$185,000', '$7,755', '$18,400,', '$122,600']"
variable_annuity_unsuitable,standard,Thomas,"['Thomas Greenwald', 'Thomas', 'Carla Mendez', 'Thomas', 'Carla', 'Carla', 'Thomas', 'Thomas']","['physician', 'attorney', 'widow', 'widower', 'retired']",[81],"['$620,000,', '$430,000', '$190,000', '$2,200', '$900', '$6,500,', '$3,400', '$430,000', '$14,835', '$27,950']"
mutual_fund_switching_churning,standard,Helen,"['Helen Yamaguchi', 'Raymond Lister', 'Raymond', 'Helen', 'Raymond', 'Raymond']",['retired'],[74],"['$310,000,', '$38,000', '$38,200', '$694,000', '$34,100', '$310,000', '$267,500', '$42,500']"
excessive_load_funds,standard,Priya,"['Priya Nair', 'Nathan Boyle', 'Nathan', 'Nathan', 'Morningstar']",['engineer'],[42],"['$195,000', '$85,000', '$22,000', '$150,000', '$150,000', '$60,000', '$50,000', '$40,000', '$6,938', '$6,200']"
variable_annuity_unsuitable,standard,James,"['James', 'Darlene Crawford', 'James', 'Darlene', 'James', 'Darlene', 'Stephanie Russo', 'Stephanie', 'James', 'Darlene', 'James', 'Darlene', 'Stephanie']","['manager', 'retired']",[],"['$4,800', '$520,000', '$280,000', '$140,000', '$100,000', '$210,000', '$45,000', '$2,000', '$280,000', '$140,000', '$16,170', '$29,400', '$42,000', '$3,500']"
annuity_unnecessary_switching,standard,Margaret,"['Margaret Thornton', 'Kevin Driscoll', 'Margaret', 'Margaret', 'Margaret']","['schoolteacher', 'teacher', 'retired']",[72],"['$2,800', '$340,000', '$14,200', '$17,000', '$23,000', '$20,400']"
options_unsuitable,standard,David,"['David Reyes', 'Patrick Nolan', 'David', 'David', 'David', 'David', 'David', 'David', 'David']",['manager'],[44],"['$67,000', '$125,000', '$52,000', '$125,000', '$41,000,', '$84,000', '$18,000']"
speculative_for_conservative_investor,standard,Eleanor,"['Eleanor Vasquez', 'Rachel Simmons', 'Simmons', 'Simmons', 'Eleanor']",['widow'],[78],"['$1,950', '$410,000', '$12,000', '$4,200', '$287,000', '$287,000', '$129,000', '$252,000,', '$158,000']"
structured_products_unsuitable,standard,James,"['James Whitfield', 'Carolyn Park', 'James', 'Carolyn', 'James', 'James']",['attorney'],[52],"['$475,000', '$3.8', '$1.6', '$900,000', '$800,000', '$500,000', '$200,000', '$200,000']"
margin_unsuitable,standard,Robert,"['Robert', 'Linda Chen', 'Robert', 'Linda', 'Grant Holloway', 'Chens', 'Holloway', 'Chens', 'Chens']","['teacher', 'retired']",[66],"['$6,400', '$3,100', '$520,000,', '$35,000', '$480,000', '$260,000', '$87,000', '$195,000', '$520,000', '$298,000', '$222,000', '$9,100']"
variable_annuity_unsuitable,standard,Margaret,"['Margaret Donovan', 'Kevin Pratt', 'Kevin', 'Kevin', 'Margaret']","['schoolteacher', 'teacher', 'retired']",[78],"['$2,100', '$800', '$135,000,', '$110,000', '$6,050', '$18,700', '$15,000', '$900']"
penny_stocks_unsuitable,standard,David,"['David', 'Susan Hernandez', 'David', 'Susan', 'David', 'Susan', 'Rachel Simmons', 'Rachel', 'Rachel', 'Rachel', 'David', 'Rachel']",[],[52],"['$58,000', '$24,000', '$82,000', '$210,000', '$47,000', '$1.00', '$4,890,', '$47,000', '$19,200']"
mutual_fund_switching_churning,standard,Robert,"['Robert Chung', 'Patricia', 'Robert', 'Patricia', 'Thomas Whitfield', 'Thomas', 'Thomas', 'Thomas', 'Thomas', 'Thomas']","['nurse', 'engineer', 'retired']","[67, 65]","['$98,000', '$720,000', '$480,000', '$240,000', '$160,000', '$95,000', '$38,400', '$29,500']"
senior_investor_exploitation,standard,Eleanor,"['Eleanor Voss', 'Eleanor', 'Eleanor', 'Lisa Nakamura', 'Lisa', 'Eleanor', 'Lisa', 'Lisa', 'Eleanor']","['attorney', 'widow']",[81],"['$3,400', '$390,000', '$250,000', '$140,000', '$425,000', '$16,000']"
annuity_unnecessary_switching,standard,Frank,"['Frank Petrocelli', 'Frank', 'Frank', 'Frank', 'Dennis Rosario', 'Frank', 'Dennis', 'Frank', 'Frank', 'Dennis', 'Contract C.', 'Frank', 'Frank']","['plumber', 'retired']",[71],"['$2,600', '$1,100', '$285,000', '$165,000,', '$9,200', '$120,000,', '$130,000', '$9,200', '$3,600', '$120,000', '$130,000', '$17,100', '$12,825', '$15,200']"
unsuitable_income_investor,standard,Margaret,"['Margaret Townsend', 'Derek Hollins', 'Margaret', 'Derek', 'Derek', 'Margaret', 'Derek', 'Margaret']","['teacher', 'retired']",[72],"['$2,800', '$1,650', '$185,000,', '$40,000', '$160,000', '$131,200,', '$28,800']"
reverse_churning,standard,Samuel,"['Samuel Okafor', 'Leah Drummond', 'Samuel', 'Samuel', 'Samuel', 'Samuel']",['engineer'],[44],"['$195,000', '$410,000', '$95,000', '$5,125', '$9,427', '$200']"
lack_of_diversification,standard,Patricia,"['Patricia Navarro', 'Ryan Kessler', 'Patricia', 'Ryan', 'Patricia', 'Ryan', 'Ryan', 'Patricia', 'Patricia']",['retired'],[67],"['$1,900', '$290,000', '$230,000', '$60,000', '$38,000', '$210,000', '$230,000', '$13,650', '$27,000', '$21,000', '$6,000', '$510']"
mutual_fund_switching_churning,standard,Howard,"['Howard', 'Diane Prescott', 'Howard', 'Diane', 'Howard', 'Craig Meyers', 'Prescotts', 'Craig', 'Prescotts', 'Craig', 'Prescotts', 'Prescotts', 'Craig', 'Prescotts', 'Craig', 'Morningstar', 'Prescotts']",[],[],"['$72,000', '$34,000', '$320,000,', '$195,000', '$125,000', '$125,000', '$125,000', '$14,300']"
failure_to_know_customer,standard,Jordan,"['Jordan Whitfield', 'Jordan', 'Natalie Ibarra', 'Natalie', 'Natalie', 'Natalie', 'Natalie', 'Jordan', 'Natalie']",['manager'],[31],"['$88,000', '$45,000', '$18,000', '$12,000', '$15,000', '$3,000', '$6.30', '$1,000']"
mutual_fund_switching_churning,standard,Margaret,"['Margaret Collins', 'Derek Paulson', 'Margaret', 'Margaret', 'Margaret', 'Derek', 'Margaret', 'Margaret', 'Derek', 'Margaret']","['schoolteacher', 'teacher', 'retired']",[72],"['$3,200', '$285,000', '$2,850', '$39,900', '$19,950', '$285,000', '$238,400']"
inappropriate_risk_profile,standard,Howard,"['Howard', 'Linda Nakamura', 'Christine Barlow', 'Howard', 'Linda', 'Nakamuras', 'Nakamuras', 'Nakamuras']","['engineer', 'retired']",[],"['$24,000', '$410,000', '$380,000', '$18,000', '$3,400', '$410,000', '$78,000']"
high_fees_unsuitable,standard,Patricia,"['Patricia Weaver', 'Patricia', 'Ryan Kendrick', 'Ryan', 'Patricia', 'Ryan', 'Patricia', 'Patricia', 'Patricia', 'Patricia']",['widow'],[78],"['$2,900', '$175,000', '$140,000', '$50,000', '$50,000', '$40,000', '$35,000', '$140,000', '$101,500', '$38,500', '$8,000']"
junk_bonds_conservative_investor,standard,Thomas,"['Thomas Brennan', 'Thomas', 'Sarah Liu', 'Sarah', 'Thomas', 'Sarah', 'Sarah', 'Thomas', 'Thomas']","['engineer', 'manager']",[58],"['$145,000', '$620,000', '$380,000', '$85,000', '$110,000', '$620,000', '$74,400']"
speculative_for_conservative_investor,standard,Eleanor,"['Eleanor Moss', 'Greg Thornton', 'Greg', 'Greg', 'Greg', 'Eleanor', 'Eleanor']","['nurse', 'retired']",[74],"['$2,100', '$850', '$195,000', '$12,000', '$30,000', '$120,000', '$75,000', '$120,000', '$52,000', '$68,000', '$195,000', '$132,000']"
crypto_assets_unsuitable,standard,Margaret,"['Margaret Olsen', 'Craig Donnelly', 'Margaret', 'Solana', 'Avalanche', 'Margaret']","['teacher', 'retired']",[74],"['$2,800', '$1,450', '$185,000,', '$110,000', '$46,000,', '$64,000', '$110,000']"
private_placements_unsuitable,standard,David,"['David', 'Elaine Foster', 'David', 'Elaine', 'David', 'Paul Navarro', 'David']",[],[],"['$61,000', '$44,000', '$105,000', '$230,000', '$38,000', '$22,000', '$142,000', '$28,000', '$95,000', '$55,000', '$40,000', '$290,000', '$13,200', '$82,000', '$95,000']"
illiquid_real_estate_investment,standard,Jonathan,"['Jonathan Park', 'Rachel Underwood', 'Jonathan', 'Rachel', 'Jonathan', 'Jonathan', 'Jonathan']",[],[41],"['$620,000,', '$280,000', '$900,000', '$2.1', '$740,000,', '$1.3', '$420,000', '$310,000', '$1.8', '$4.03', '$150,000', '$200,000']"
tax_deferred_unnecessary_annuity,standard,Sandra,"['Sandra Whitfield', 'Roth', 'Derek Loomis', 'Sandra', 'Sandra']","['nurse', 'retired']",[67],"['$410,000,', '$85,000,', '$3,200', '$2,100', '$52,000', '$4,100,', '$340,000', '$11,560', '$23,800', '$408']"
junk_bonds_conservative_investor,standard,Harold,"['Harold Jennings', 'Harold', 'Harold', 'Tom Burgess', 'Harold', 'Harold']","['widow', 'widower']",[78],"['$6,800', '$2,400', '$1,100', '$3,500', '$3,300', '$385,000', '$220,000,', '$605,000', '$39,600', '$480,000', '$14,400', '$127,000']"
penny_stocks_unsuitable,standard,Margaret,"['Margaret Ellison', 'Kevin Marsh', 'Kevin Marsh', 'Margaret', 'Marsh', 'Margaret', 'Margaret']","['teacher', 'retired']",[74],"['$2,400', '$1,100', '$185,000,', '$1.00', '$112,000,', '$18,600,', '$93,400', '$6,700']"
illiquid_investments,standard,David,"['David Chen', 'David', 'Lisa Tran', 'David', 'Lisa', 'David', 'Lisa', 'David']",['plumber'],"[58, 65]","['$72,000', '$230,000', '$45,000', '$800', '$15,000', '$9,000', '$190,000', '$230,000', '$13,300', '$22,000', '$19,000', '$3,000', '$396']"
mutual_fund_switching_churning,standard,Robert,"['Robert', 'Helen Kowalski', 'Robert', 'Helen', 'Brian Salazar', 'Brian', 'Morningstar', 'Brian', 'Morningstar', 'Morningstar', 'Brian', 'Kowalskis', 'Kowalskis', 'Brian']",['retired'],[71],"['$3,800', '$340,000', '$165,000', '$38,400', '$85,000', '$4,037.50', '$16,500']"
unsuitable_income_investor,standard,Patricia,"['Patricia Langford', 'Patricia', 'Mark DeSilva', 'Patricia', 'Mark', 'Mark', 'Mark', 'Patricia', 'Patricia']","['manager', 'retired']",[67],"['$2,200', '$410,000', '$280,000,', '$55,000', '$410,000', '$164,000', '$102,500', '$82,000', '$61,500', '$15,170', '$1,264', '$3,485']"
illiquid_real_estate_investment,standard,Angela,"['Angela', 'Thomas Price', 'Angela', 'Thomas', 'Roth', 'Nicole Trent', 'Nicole']",[],[],"['$68,000', '$56,000', '$124,000', '$175,000', '$95,000', '$215,000', '$18,000', '$120,000', '$14,400', '$120,000', '$120,000']"
penny_stocks_unsuitable,standard,Margaret,"['Margaret Dolan', 'Kevin Brandt', 'Margaret', 'Brandt']",['retired'],[72],"['$2,400', '$185,000', '$0.04', '$0.85', '$127,000', '$7,600', '$18,400,', '$108,000']"
penny_stocks_unsuitable,standard,David,"['David Chung', 'Rachel Simms', 'Simms', 'David', 'Simms', 'David', 'Simms']",['engineer'],[45],"['$195,000', '$1.1', '$150,000', '$80,000', '$0.10', '$1.50', '$95,000', '$5,800', '$22,000']"
reverse_churning,standard,Patricia,"['Patricia Engel', 'Thomas Mercer', 'Patricia', 'Patricia', 'Mercer', 'Mercer', 'Patricia', 'Patricia']","['nurse', 'retired']",[67],"['$620,000', '$420,000', '$16,170', '$420,000', '$280']"
speculative_for_conservative_investor,standard,Alan,"['Alan Woodford', 'Natalie Greer', 'Alan', 'Alan', 'Alan']","['consultant', 'retired']",[58],"['$120,000', '$2.8', '$1.9', '$650,000,', '$250,000', '$30,000', '$8.50', '$4.25']"
excessive_load_funds,standard,Derek,['Derek Fontaine'],['teacher'],[34],"['$56,000', '$40,000', '$25,000', '$25,000', '$1,437.50', '$23,562.50', '$25,000']"
crypto_assets_unsuitable,standard,Margaret,"['Margaret Olsen', 'Kevin Braithwaite', 'Margaret', 'Avalanche', 'Chainlink', 'Margaret']","['teacher', 'retired']",[74],"['$2,400', '$1,650', '$185,000,', '$92,500', '$2,312.50', '$51,000,', '$41,500,']"
variable_annuity_unsuitable,standard,Ronald,"['Ronald', 'Ronald', 'Diane', 'Patricia Ng', 'Patricia', 'Patricia']",['retired'],[],"['$620,000', '$1,800', '$1,200', '$4,500,', '$1,500', '$620,000', '$22,630', '$18,000', '$1,440', '$22,630', '$3,410', '$601,340']"
illiquid_investments,standard,David,"['David', 'Karen Sato', 'David', 'Karen', 'Marcus Redmond', 'Satos', 'Karen', 'Satos']","['engineer', 'manager', 'mechanic', 'retired']",[],"['$58,000', '$410,000', '$275,000', '$135,000', '$80,000', '$65,000', '$45,000', '$30,000', '$220,000', '$15,400', '$40,000', '$1,800', '$6,500', '$1,500', '$190,000']"
leveraged_etf_unsuitable,standard,Nathan,"['Nathan', 'Christine Lam', 'Nathan', 'Nathan', 'Nathan']",['engineer'],[34],"['$195,000', '$520,000', '$180,000', '$90,000', '$250,000', '$50,000', '$200,000', '$7,200']"
market_timing_unsuitable,standard,Helen,"['Helen Kowalski', 'Patriot Brokerage', 'Brian Costello', 'Brian', 'Helen', 'Brian', 'Brian', 'Brian']",['retired'],[62],"['$2,100', '$310,000', '$28,000', '$25,200', '$19,800', '$3,200', '$4,100', '$28,500,', '$23,000', '$11,880']"
excessive_load_funds,standard,Margaret,"['Margaret Dawson', 'Margaret', 'Craig Ellison', 'Margaret', 'Craig', 'Craig', 'Margaret', 'Craig', 'Margaret', 'Craig', 'Margaret', 'Craig', 'Margaret']","['schoolteacher', 'teacher', 'retired']",[72],"['$2,800', '$185,000', '$185,000', '$140,000', '$9,800', '$7,350', '$45,000']"
excessive_churning,standard,David,"['David Nakamura', 'David', 'David', 'David', 'David', 'David', 'David', 'David']","['engineer', 'retired']","[58, 65]","['$2.1', '$750,000', '$138,000', '$47,000']"
speculative_for_conservative_investor,standard,Helen,"['Helen Kowalski', 'Helen', 'Marcus Webb']",['widow'],[81],"['$36,000', '$120,000', '$95,000', '$38,950', '$81,050', '$2,850']"
illiquid_real_estate_investment,standard,Robert,"['Robert Stein', 'Robert', 'Linda Chao', 'Robert', 'Linda', 'Linda', 'Robert', 'Robert', 'Robert', 'Robert']",[],[47],"['$620,000', '$4.8', '$1.9', '$1.2', '$400,000', '$950,000', '$310,000', '$100,000']"
mutual_fund_switching_churning,standard,Patricia,"['Patricia Gomez', 'Steven Hartley', 'Patricia', 'Steven', 'Patricia', 'Steven', 'Patricia', 'Steven', 'Patricia', 'Steven', 'Patricia']",['retired'],[63],"['$48,000', '$340,000', '$17,850', '$16,950', '$15,800', '$50,600', '$37,950', '$340,000,', '$296,000']"
illiquid_real_estate_investment,standard,Margaret,"['Margaret Olsen', 'Dennis Warrick', 'Margaret', 'Dennis', 'Margaret', 'Margaret', 'Margaret']","['schoolteacher', 'teacher', 'retired']",[74],"['$38,000', '$22,000', '$310,000,', '$185,000', '$12,950', '$40,000']"
crypto_assets_unsuitable,standard,Harold,"['Harold Jennings', 'Harold', 'Tanya Melo', 'Bitcoin', 'Harold', 'Bitcoin', 'Harold', 'Harold']","['widow', 'widower']",[81],"['$26,400', '$800', '$145,000,', '$50,000', '$25,000', '$75,000', '$48,750']"
margin_unsuitable,standard,Priya,"['Priya Anand', 'Kevin Stoll', 'Kevin', 'Kevin', 'Priya', 'Kevin']",['engineer'],[34],"['$135,000', '$210,000', '$45,000', '$22,000', '$95,000', '$18,000', '$150,000', '$210,000', '$360,000', '$215,000', '$52,000', '$9,500,', '$58,000', '$150,000', '$210,000']"
reverse_churning,standard,Robert,"['Robert Tran', 'Lisa Crowe', 'Robert', 'Lisa', 'Robert', 'Lisa', 'Lisa', 'Robert', 'Lisa', 'Robert', 'Robert', 'Robert', 'Lisa']",['electrician'],[52],"['$78,000', '$240,000', '$3,000', '$7,000', '$0', '$50', '$6,950', '$5,000']"
inappropriate_risk_profile,standard,Danielle,"['Danielle Foster', 'Marcus Webb']",['manager'],"[29, 55]","['$155,000', '$40,000', '$85,000', '$62,000', '$30,000', '$1,200']"
alternative_investments_unsuitable,standard,Margaret,"['Margaret Dawson', 'Craig Emerson', 'Margaret']",['retired'],[74],"['$410,000', '$1,650', '$24,000', '$225,000', '$215,000,', '$130,000']"
bond_duration_mismatch,standard,Harold,"['Harold Yuen', 'Harold', 'Natalie Rios', 'Harold', 'Harold']","['engineer', 'retired']",[68],"['$620,000', '$3,200,', '$2,400', '$3,000', '$620,000', '$350,000', '$270,000', '$388,000', '$232,000']"
leveraged_etf_unsuitable,standard,Dylan,"['Dylan Marchetti', 'Dylan', 'Dylan', 'Priya Kapoor', 'Dylan', 'Dylan', 'Dylan', 'Dylan', 'Dylan']",['mechanic'],[34],"['$425,000', '$1.8', '$950,000', '$500,000', '$95,000']"
illiquid_real_estate_investment,standard,Sandra,"['Sandra', 'Michael Brennan', 'Michael', 'Sandra', 'Michael', 'Derek Fontaine', 'Michael', 'Michael', 'Michael']",['teacher'],[64],"['$88,000', '$32,000', '$340,000,', '$190,000', '$150,000', '$95,000', '$2,800', '$120,000']"
crypto_assets_unsuitable,standard,Patricia,"['Patricia Okonkwo', 'Ryan Gallagher', 'Patricia', 'Gallagher', 'Gallagher', 'Cancun', 'Gallagher', 'Patricia', 'Bitcoin', 'Patricia']",['retired'],[72],"['$2,100', '$1,800', '$185,000,', '$130,000', '$28,000', '$102,000', '$83,000,']"
complex_products_unsophisticated_investor,standard,Gloria,"['Gloria Tennyson', 'Gloria', 'Kevin Draper', 'Gloria']",['retired'],[72],"['$1,480', '$620', '$185,000', '$12,000', '$140,000', '$60,000', '$45,000', '$35,000', '$30,000', '$15,000', '$67,000']"
junk_bonds_conservative_investor,standard,Robert,"['Robert Chung', 'Robert', 'Diana Salcedo', 'Robert', 'Robert']","['pharmacist', 'retired']",[78],"['$520,000', '$2,650', '$900', '$390,000', '$6,825', '$95,000']"
inappropriate_risk_profile,standard,Mei-Ling,"['Mei-Ling Park', 'Mei-Ling', 'Craig Hollowell', 'Hollowell', 'Mei-Ling', 'Hollowell', 'Hollowell', 'Hollowell', 'Hollowell']",['nurse'],[44],"['$82,000', '$145,000', '$38,000', '$22,000', '$145,000', '$55,000', '$40,000', '$30,000', '$20,000', '$4,200', '$11,000,', '$48,000,']"
unsuitable_income_investor,standard,Harold,"['Harold Benton', 'Harold', 'Stephanie Novak', 'Harold', 'Harold', 'Harold']","['engineer', 'mechanic', 'retired']",[66],"['$54,000', '$2,400', '$780,000', '$120,000', '$95,000', '$4,800', '$780,000', '$310,000', '$195,000', '$117,000', '$78,000', '$80,000', '$32,000', '$2,670']"
illiquid_real_estate_investment,standard,Dennis,"['Dennis', 'Patricia Kowalski', 'Patricia', 'Dennis', 'Patricia', 'Kowalskis']",['retired'],[],"['$3,100', '$1,350', '$4,450,', '$4,100', '$310,000', '$45,000', '$275,000', '$220,000', '$193,600', '$220,000', '$15,400', '$0.62', '$83,600']"
market_timing_unsuitable,standard,Gerald,"['Gerald', 'Patricia Hoffman', 'Kevin Tran', 'Kevin', 'Gerald', 'Patricia', 'Kevin', 'Kevin']",[],[],"['$420,000', '$78,000', '$310,000', '$420,000', '$21,700', '$95,000', '$42,000', '$310,000']"
illiquid_real_estate_investment,standard,Marcus,['Marcus Bledsoe'],"['schoolteacher', 'teacher', 'manager', 'retired']",[81],"['$2,800', '$185,000,', '$140,000', '$11,200', '$20,000', '$1,400', '$25,000']"
lack_of_diversification,standard,Nathan,"['Nathan Reeves', 'Cynthia Park', 'Cynthia', 'Cynthia', 'Cynthia']",['manager'],[44],"['$115,000', '$230,000', '$230,000', '$5,405', '$13,800', '$14,800']"
lack_of_diversification,standard,Samantha,"['Samantha Aldridge', 'Derek Flynn', 'Derek', 'Derek']",['engineer'],[37],"['$210,000', '$1.1', '$400,000', '$180,000', '$220,000', '$300,000', '$220,000', '$220,000', '$1.1', '$300,000', '$440,']"
unsuitable_income_investor,standard,Margaret,"['Margaret Cho', 'Margaret', 'James Fontana', 'James', 'Margaret', 'Margaret', 'James', 'Margaret', 'Margaret', 'James']","['nurse', 'accountant', 'retired']",[72],"['$26,400', '$12,000', '$38,400', '$175,000', '$8,500', '$41,300', '$175,000', '$118,400', '$56,600', '$56,600', '$41,300']"
options_unsuitable,standard,Maria,"['Maria Gutierrez', 'Gutierrez', 'Kevin Dorsey', 'Gutierrez', 'Dorsey', 'Dorsey', 'Gutierrez', 'Dorsey']",[],"[42, 14]","['$34,000', '$28,000', '$95,000', '$14,200', '$31,400', '$63,600']"
concentration_risk,standard,Dorothy,"['Dorothy Simmons', 'Simmons', 'Frank Bellamy', 'Bellamy', 'Simmons', 'Simmons']","['schoolteacher', 'teacher', 'retired']",[74],"['$1,800', '$1,400', '$340,000', '$22,000', '$290,000', '$340,000', '$20,300', '$290,000', '$203,000,']"
concentration_risk,standard,James,"['James Whitfield', 'Whitfield', 'Whitfield', 'Sandra Choi', 'Whitfield', 'Whitfield', 'Whitfield', 'Whitfield']",['manager'],[52],"['$18', '$6', '$2', '$900,000', '$2.4', '$6', '$3.6', '$2']"
leveraged_etf_unsuitable,standard,Harold,"['Harold', 'Beatrice Chen', 'Harold', 'Tyler Rourke', 'Chens', 'Chens']","['electrician', 'retired']",[],"['$410,000', '$260,000', '$150,000', '$3,200', '$4,500,', '$1,300', '$180,000', '$120,000', '$300,000,', '$1,500', '$300,000', '$258,000,', '$42,000']"
mutual_fund_switching_churning,standard,Patricia,"['Patricia Alvarado', 'Craig Denning', 'Alvarado', 'Alvarado', 'Alvarado']",[],[58],"['$52,000', '$185,000', '$40,000', '$65,000', '$19,400', '$11,640', '$4,200', '$19,400']"
private_placements_unsuitable,standard,Gerald,"['Gerald Thompson', 'Gerald', 'Kevin Marsh', 'Gerald', 'Kevin', 'Gerald', 'Kevin', 'Gerald', 'Kevin', 'Gerald', 'Gerald']",[],[58],"['$42,000', '$135,000,', '$100,000', '$10,000', '$100,000', '$35,000', '$70,000']"
senior_investor_exploitation,standard,Dorothy,"['Dorothy Winslow', 'Dorothy', 'Richard', 'Dorothy', 'Dorothy', 'Dorothy', 'Richard', 'Dorothy', 'Dorothy', 'Dorothy', 'Dorothy']","['teacher', 'attorney', 'retired']","[83, 29]","['$2,100', '$1,400', '$410,000', '$175,000', '$120,000', '$115,000', '$28,000']"
complex_products_unsophisticated_investor,standard,Priya,"['Priya Kapoor', 'Danielle Reeves']","['engineer', 'mechanic']",[34],"['$145,000', '$620,000,', '$280,000', '$340,000', '$25,000', '$3,500', '$75']"
market_timing_unsuitable,standard,Robert,"['Robert Hensley', 'Robert', 'Craig Fulton', 'Craig', 'Craig', 'Robert', 'Robert', 'Craig', 'Robert', 'Craig', 'Robert', 'Craig']",['manager'],[52],"['$88,000', '$210,000', '$47,000', '$210,000', '$158,000', '$52,000', '$47,000', '$8,000', '$34,000']"
alternative_investments_unsuitable,standard,Elena,"['Elena Reyes', 'Tomás', 'Nathan Bridges', 'Nathan']",[],[],"['$54,000', '$22,000', '$76,000', '$290,000,', '$180,000', '$65,000', '$45,000', '$95,000', '$80,000', '$60,000', '$50,000', '$25,000', '$215,000', '$290,000', '$19,500', '$128,000', '$215,000', '$87,000', '$45,000', '$15,000']"
private_placements_unsuitable,standard,Margaret,"['Margaret Collins', 'Derek Hanson', 'Margaret', 'Hanson', 'Margaret', 'Margaret']","['teacher', 'retired']",[71],"['$38,000,', '$210,000', '$125,000', '$125,000']"
inappropriate_risk_profile,standard,Leonard,"['Leonard Park', 'Stacy Renner', 'Leonard', 'Leonard', 'Leonard', 'Leonard', 'Leonard']","['accountant', 'retired']",[64],"['$95,000', '$620,000,', '$410,000', '$210,000', '$527,000', '$15,000', '$500,000', '$174,000']"
complex_products_unsophisticated_investor,standard,Dorothy,"['Dorothy Nguyen', 'Dorothy', 'Craig Billings', 'Dorothy', 'Euro Stoxx', 'Dorothy', 'Dorothy', 'Dorothy']",['widow'],[81],"['$1,650', '$800', '$29,400', '$185,000', '$160,000']"
speculative_for_conservative_investor,standard,James,"['James Whitford', 'James', 'Patricia Holmes', 'Patricia', 'James', 'James']",['engineer'],[42],"['$175,000', '$520,000', '$310,000', '$85,000', '$125,000']"
illiquid_investments,standard,Helen,"['Helen Rosario', 'Victor Marsh', 'Helen', 'Helen']","['nurse', 'retired']",[76],"['$22,800', '$14,400', '$37,200', '$240,000,', '$18,000', '$130,000,', '$175,000', '$100,000', '$75,000', '$17,500', '$35,000']"
junk_bonds_conservative_investor,standard,Margaret,"['Margaret Ellison', 'David Kowalski', 'Kowalski', 'Margaret', 'Kowalski', 'Margaret', 'Margaret']","['teacher', 'retired']",[74],"['$2,800', '$1,900', '$340,000,', '$210,000', '$58,000', '$282,000']"
tax_deferred_unnecessary_annuity,standard,Robert,"['Robert Chen', 'Robert', 'Lisa Marchand', 'Robert', 'Robert', 'Robert', 'Robert', 'Robert', 'Robert']",['engineer'],"[52, 65]","['$185,000', '$620,000', '$95,000', '$95,000', '$5,225']"
lack_of_diversification,standard,Priya,"['Priya Nair', 'James Whitfield', 'Whitfield', 'Whitfield', 'Whitfield', 'cloud computing', 'Whitfield']",['manager'],[38],"['$290,000', '$150,000', '$2.8', '$1.1', '$400,000', '$300,000', '$1.0', '$350,000']"
reverse_churning,standard,William,"['William', 'Sandra Burke', 'Thomas Greer', 'Burkes', 'Greer', 'Burkes', 'Burkes', 'Burkes']",['retired'],[67],"['$7,200', '$480,000', '$6,000', '$17,400']"
structured_products_unsuitable,standard,Eleanor,"['Eleanor Vasquez', 'Maria', 'Eleanor', 'Craig Donovan', 'Donovan', 'Eleanor', 'Donovan', 'Eleanor', 'Maria']",['widow'],[79],"['$3,100', '$210,000,', '$140,000', '$75,000', '$65,000', '$3,850', '$43,500', '$75,000', '$31,500', '$35,000']"
complex_products_unsophisticated_investor,standard,Margaret,"['Margaret Dawson', 'Kevin Holloway', 'Margaret', 'Holloway', 'Margaret', 'Margaret']","['teacher', 'retired']",[72],"['$2,400', '$185,000', '$150,000', '$74,000', '$150,000', '$76,000']"
excessive_churning,standard,David,"['David Kim', 'Rachel Stein', 'Stein', 'Stein', 'Stein', 'David', 'Stein', 'David']",['engineer'],"[45, 65]","['$175,000', '$900,000,', '$280,000', '$79,520', '$241,600', '$38,400', '$79,520']"
margin_unsuitable,standard,Eleanor,"['Eleanor Voss', 'Frank DeLuca', 'DeLuca', 'Eleanor', 'Eleanor']",['widow'],[81],"['$1,850', '$600', '$92,000', '$14,000', '$45,000', '$22,000,', '$38,500', '$53,500']"
tax_deferred_unnecessary_annuity,standard,Harold,"['Harold Jennings', 'Denise Marlow', 'Harold', 'Harold']",['retired'],[74],"['$310,000,', '$45,000,', '$2,100', '$3,200', '$3,800,', '$20,150']"
variable_annuity_unsuitable,standard,Sylvia,"['Sylvia Nakamura', 'James Whitfield', 'Whitfield', 'Sylvia', 'Sylvia', 'Whitfield']",['attorney'],"[52, 65]","['$285,000', '$1.8', '$420,000', '$95,000', '$180,000', '$150,000', '$150,000', '$6,000']"
bond_duration_mismatch,standard,Margaret,"['Margaret Ellison', 'Derek Hamlin', 'Derek', 'Derek', 'Margaret', 'Margaret', 'Margaret']","['teacher', 'retired']",[74],"['$420,000', '$2,100', '$1,400', '$4,800,', '$1,300', '$340,000', '$80,000', '$78,000', '$1,300', '$4,200']"
failure_to_know_customer,standard,Carlos,"['Carlos Medina', 'Tanya Blevins', 'Carlos', 'Tanya', 'Carlos', 'Carlos', 'Carlos', 'Tanya']",['manager'],[38],"['$115,000', '$95,000', '$40,000', '$42,000', '$12,000', '$40,000', '$2,100']"
market_timing_unsuitable,standard,Robert,"['Robert', 'Diane Kowalski', 'Robert', 'Diane', 'Robert', 'Diane', 'Neil Frasier', 'Neil', 'Kowalskis', 'Neil', 'Kowalskis', 'Neil', 'Neil', 'Neil', 'Kowalskis', 'Neil']",['retired'],[],"['$35,000', '$48,000', '$610,000,', '$310,000', '$180,000', '$120,000', '$260,000', '$120,000', '$8,200', '$11,400', '$14,800']"
reverse_churning,standard,Priya,"['Priya Anand', 'Glenn Harwick', 'Glenn', 'Priya', 'Glenn', 'Priya', 'Glenn', 'Priya', 'Glenn', 'Glenn', 'Glenn', 'Priya', 'Glenn']",['physician'],[45],"['$380,000', '$1.4', '$17,500', '$18,000', '$44,625', '$800']"
annuity_unnecessary_switching,standard,Helen,"['Helen Travers', 'Mark Diallo', 'Mark', 'Mark', 'Mark', 'Mark']","['nurse', 'retired']","[68, 70, 70]","['$520,000', '$200,000', '$228,000', '$225,000', '$6,840']"
reverse_churning,standard,Margaret,"['Margaret Dalton', 'Brian Kessler', 'Kessler', 'Margaret', 'Kessler', 'Margaret', 'Kessler', 'Margaret', 'Margaret', 'Margaret', 'Margaret', 'Kessler']","['schoolteacher', 'teacher', 'retired']",[72],"['$38,000', '$410,000', '$5,945', '$14,860', '$280']"
illiquid_real_estate_investment,standard,Carlos,"['Carlos Medina', 'Carlos', 'Denise Watkins', 'Carlos', 'Watkins', 'Carlos', 'Carlos', 'Carlos']",['manager'],[55],"['$95,000', '$220,000,', '$160,000', '$60,000', '$140,000', '$1,800', '$75,000', '$51,000']"
crypto_assets_unsuitable,standard,Kyle,"['Kyle Braddock', 'Braddock', 'Helen']",['widow'],"[78, 29]","['$340,000', '$2,200', '$3,800', '$85,000', '$29,000,', '$56,000']"
variable_annuity_unsuitable,standard,James,"['James', 'Patricia Owens', 'James', 'Patricia', 'Rachel Simmons']",[],"[62, 65, 65]","['$125,000', '$65,000', '$780,000', '$150,000', '$45,000', '$420,000', '$4,800', '$200,000', '$45,000', '$200,000']"
variable_annuity_unsuitable,standard,Robert,"['Robert Tillman', 'Robert', 'Robert', 'Todd Granger', 'Robert', 'Granner', 'Granger', 'Robert', 'Robert', 'Granger', 'Robert']","['physician', 'retired']",[82],"['$32,000', '$195,000', '$40,000', '$6,000', '$8,000', '$170,000', '$11,050']"
high_fees_unsuitable,standard,Margaret,"['Margaret Dawson', 'Kevin Briscoe', 'Margaret', 'Kevin', 'Kevin', 'Kevin', 'Kevin', 'Margaret', 'Margaret']",['retired'],[72],"['$285,000,', '$2,100', '$1,400', '$285,000', '$19,950', '$285,000,']"
alternative_investments_unsuitable,standard,David,"['David', 'Susan Park', 'David', 'Susan', 'Parks', 'Rachel Mendez', 'Rachel', 'Rachel', 'Parks', 'Parks']",['manager'],[58],"['$95,000', '$62,000', '$410,000,', '$180,000', '$205,000', '$85,000', '$70,000', '$50,000', '$12,750,', '$6,200']"
crypto_assets_unsuitable,standard,Aiden,"['Aiden Torres', 'Danielle Cho', 'Bitcoin']",['engineer'],"[31, 22]","['$185,000', '$320,000', '$95,000', '$1,200', '$40,000', '$32,000', '$20,000', '$12,000']"
excessive_load_funds,standard,Priya,"['Priya Ramachandran', 'Marcus Hull']",[],[44],"['$240,000', '$575,000', '$300,000', '$275,000', '$575,000', '$33,062.50', '$500,000', '$12,937.50', '$39,675,', '$13,225']"
margin_unsuitable,standard,Harold,"['Harold Jennings', 'Harold', 'Tyler Graham', 'Harold', 'Tyler', 'Harold', 'Tyler', 'Harold', 'Harold']","['mechanic', 'retired']",[76],"['$2,400', '$1,850', '$190,000,', '$210,000', '$95,000', '$95,000', '$285,000', '$190,000', '$38,000', '$120,000', '$67,000', '$123,000,']"
junk_bonds_conservative_investor,standard,Margaret,"['Margaret Ellison', 'Kevin Draper', 'Ellison', 'Ellison', 'Ellison']","['teacher', 'retired']",[74],"['$38,000,', '$160,000', '$107,000', '$34,500', '$27,000']"
reverse_churning,standard,David,"['David Nakamura', 'Rachel Simmons', 'Simmons', 'Simmons', 'Nakamura', 'Nakamura', 'Nakamura', 'Nakamura', 'Nakamura']",['engineer'],[45],"['$195,000', '$1.2', '$400,000', '$5,400', '$3,000', '$12,600', '$450']"
private_placements_unsuitable,standard,Carlos,"['Carlos', 'Elena Reyes', 'Carlos', 'Brendan Walsh', 'Carlos', 'Walsh']",['manager'],[],"['$72,000', '$28,000', '$310,000,', '$230,000', '$80,000', '$95,000', '$175,000', '$100,000', '$75,000', '$21,000', '$15,000', '$98,000', '$77,000', '$175,000', '$21,000']"
mutual_fund_switching_churning,standard,Patricia,"['Patricia Dunleavy', 'Thomas Greer', 'Dunleavy', 'Greer', 'Dunleavy', 'Dunleavy', 'Greer']","['nurse', 'retired']",[68],"['$44,000', '$22,000', '$280,000', '$38,200', '$22,900', '$251,000', '$47,000']"
inappropriate_risk_profile,standard,Lisa,"['Lisa Corrigan', 'Corrigan']",[],[29],"['$145,000', '$85,000', '$30,000']"
illiquid_real_estate_investment,standard,Margaret,"['Margaret Dawson', 'Margaret', 'Kevin Pratt', 'Kevin', 'Margaret', 'Kevin', 'Margaret', 'Margaret', 'Kevin', 'Margaret']",['retired'],[74],"['$310,000,', '$230,000', '$80,000', '$1,850', '$400', '$175,000', '$40,000']"
margin_unsuitable,standard,Daniel,"['Daniel Okafor', 'Daniel', 'Lisa Cheng', 'Lisa', 'Daniel', 'Lisa', 'Daniel', 'Daniel', 'Daniel']",[],[29],"['$28,000', '$12,000', '$6,500', '$18,000', '$24,000', '$4,200,', '$1,800', '$310', '$12,000']"
speculative_for_conservative_investor,standard,Helen,"['Helen Vasquez', 'Robert Tran', 'Robert', 'Helen', 'Robert', 'Robert', 'Robert', 'Robert', 'Helen']","['nurse', 'retired']",[68],"['$185,000', '$22,000', '$2,100', '$1,400', '$5,000', '$12,000', '$140,000', '$15,000', '$900', '$14,100']"
high_fees_unsuitable,standard,Priya,"['Priya Mehta', 'Samantha Liu', 'Priya']","['engineer', 'manager']",[45],"['$210,000', '$620,000', '$185,000', '$95,000', '$40,000', '$750,000', '$280,000', '$185,000']"
unsuitable_income_investor,standard,Arthur,"['Arthur Brennan', 'Arthur', 'Craig Morrison', 'Arthur', 'Craig', 'Arthur', 'Craig', 'Arthur', 'Craig', 'Arthur', 'Arthur', 'Arthur', 'Arthur']","['electrician', 'retiree', 'retired']",[71],"['$145,000', '$165,000', '$1,950', '$1,200', '$130,000', '$130,000', '$118,950', '$1,200']"
failure_to_know_customer,standard,Margaret,"['Margaret Simmons', 'Daniel Voss', 'Margaret', 'Daniel', 'Daniel', 'Margaret', 'Daniel', 'Margaret', 'Margaret', 'Margaret', 'Margaret', 'Daniel']","['teacher', 'retired']",[64],"['$185,000', '$140,000', '$150,000', '$131,550', '$126,200', '$24,000']"
excessive_load_funds,standard,Kevin,"['Kevin', 'Stacy Okafor', 'Kevin', 'Lisa Trent', 'Lisa', 'Lisa', 'Lisa', 'Kevin', 'Stacy', 'Lisa', 'Okafor', 'Lisa', 'Okafor']",['engineer'],[37],"['$145,000', '$78,000', '$95,000', '$95,000', '$30,000', '$25,000', '$20,000', '$20,000', '$5,462.50', '$89,537.50', '$95,000', '$100,000', '$5,000', '$4,100']"
mutual_fund_switching_churning,standard,Howard,"['Howard Bledsoe', 'Howard', 'Raymond Schultz', 'Raymond', 'Raymond', 'Howard', 'Franklin Income', 'Howard', 'Raymond', 'Howard', 'Raymond']",['retired'],[71],"['$2,800', '$310,000', '$310,000', '$13,175', '$296,825', '$11,131', '$12,142', '$150,000', '$8,625', '$8,138', '$87,400', '$310,000', '$222,600', '$65,500']"
junk_bonds_conservative_investor,standard,Marcus,"['Marcus Engel', 'CCC+']",['retired'],[82],"['$1,950', '$1,100', '$420,000', '$280,000', '$70,000', '$60,000', '$55,000', '$50,000', '$45,000', '$55,000', '$41,400', '$24,750', '$280,000', '$164,000,', '$116,000']"
tax_deferred_unnecessary_annuity,standard,Renee,"['Renee Sato', 'Patricia Dolan', 'Renee', 'Patricia', 'Patricia', 'Renee', 'Patricia', 'Patricia', 'Renee', 'Renee', 'Patricia']",[],"[54, 67]","['$165,000', '$480,000', '$85,000', '$60,000', '$40,000', '$50,000', '$50,000', '$500']"
unsuitable_income_investor,standard,Margaret,"['Margaret Holloway', 'Derek Stanton', 'Margaret', 'Margaret', 'Margaret']",['retired'],[74],"['$2,100', '$1,450', '$310,000,', '$265,000', '$47,000', '$3,200', '$12,000', '$7,400']"
tax_deferred_unnecessary_annuity,standard,Linda,"['Linda Fujimoto', 'Ryan Billings', 'Billings', 'Linda', 'Linda', 'Linda', 'Linda']","['teacher', 'retired']",[67],"['$485,000,', '$62,000', '$3,800', '$52,000,', '$29,100', '$40,000', '$2,400', '$14,000']"
leveraged_etf_unsuitable,standard,James,"['James Whitfield', 'James', 'James', 'bull ETF', 'James', 'James', 'James', 'James', 'James']",[],[56],"['$58,000', '$195,000', '$110,000', '$130,000', '$55,000', '$45,000', '$30,000', '$38,000', '$1,950']"
structured_products_unsuitable,standard,Priya,"['Priya Chandra', 'Marcus Webb', 'Priya']",[],"[43, 55]","['$420,000', '$1.8', '$600,000', '$750,000', '$200,000', '$200,000', '$175,000', '$175,000', '$22,500', '$136,000', '$200,000', '$64,000', '$28,000', '$36,000']"
reverse_churning,standard,Thomas,"['Thomas Greer', 'Caroline Marsh', 'Thomas', 'Caroline', 'Thomas', 'Thomas', 'Thomas', 'Thomas', 'Thomas']","['engineer', 'attorney']",[38],"['$165,000', '$340,000', '$3,400', '$340,000', '$402,000,', '$7,200']"
senior_investor_exploitation,standard,Margaret,"['Margaret Dunlap', 'Kevin Marsden', 'Dunlap', 'Marsden', 'Marsden']","['schoolteacher', 'teacher', 'manager', 'retired']",[81],"['$2,400', '$165,000', '$47,000', '$91,000,', '$74,000', '$31,000']"
overconcentration_single_stock,standard,David,"['David Chen', 'Chen', 'Stacey Truman', 'Truman', 'Chen', 'Truman', 'Chen', 'Chen', 'Nexara', 'Chen']",['engineer'],[52],"['$185,000', '$320,000', '$410,000', '$290,000', '$290,000', '$104,000,', '$186,000', '$224,000', '$5,800']"
junk_bonds_conservative_investor,standard,Patricia,"['Patricia Okafor', 'Brian Lattimore', 'Lattimore', 'Okafor']","['nurse', 'widow', 'retired']",[67],"['$520,000', '$180,000', '$2,100', '$1,800', '$340,000', '$180,000', '$78,000', '$31,000', '$231,000,', '$109,000', '$340,000', '$184,000,', '$12,600', '$10,200', '$9,900']"
penny_stocks_unsuitable,standard,Angela,"['Angela Reeves', 'Marcus Holliday', 'Reeves']",['teacher'],[34],"['$48,000', '$25,000', '$22,000', '$25,000', '$0.50', '$4,700,', '$20,300', '$3,100']"
inappropriate_risk_profile,standard,James,"['James Whitford', 'Danielle Royce', 'Whitford', 'Royce', 'Royce', 'Whitford']",[],[29],"['$135,000', '$15,000', '$42,000', '$60,000', '$60,000', '$30,000', '$12,000', '$9,000', '$9,000']"
inappropriate_risk_profile,standard,Maria,"['Maria Gonzalez', 'Kevin Pratt', 'Maria', 'Pratt', 'Maria', 'Pratt']","['teacher', 'retired']",[62],"['$3,200', '$340,000', '$118,000,', '$156,000']"
bond_duration_mismatch,standard,Robert,"['Robert Chen', 'Danielle Foster', 'Robert', 'Foster', 'Robert', 'Robert', 'Robert']",['manager'],"[58, 60, 67]","['$105,000', '$520,000', '$4,000', '$442,000', '$115,000', '$88,000']"
junk_bonds_conservative_investor,standard,Patricia,"['Patricia Whitfield', 'Thomas Reid', 'Patricia', 'Reid', 'Reid', 'Reid', 'Patricia', 'Patricia', 'Patricia']",['attorney'],[55],"['$285,000', '$2.8', '$1.4', '$112,000']"
senior_investor_exploitation,standard,Susan,"['Susan', 'Eleanor', 'Susan', 'Marcus Webb', 'Eleanor', 'Susan', 'Eleanor', 'Susan', 'Eleanor']",['widow'],[83],"['$890,000', '$2,100', '$800', '$14,200', '$780,000', '$62,000', '$35,000', '$5,600']"
illiquid_real_estate_investment,standard,James,"['James', 'Karen Novak', 'Ryan Schultz', 'Schultz', 'Schultz', 'Novaks']",[],[44],"['$165,000', '$310,000', '$95,000', '$12,000', '$95,000', '$95,000', '$11,400', '$95,000', '$71,000']"
structured_products_unsuitable,standard,Margaret,"['Margaret Tillman', 'Dale Rosenfeld', 'Rosenfeld', 'Margaret', 'Margaret', 'Margaret']","['schoolteacher', 'teacher', 'retired']",[74],"['$2,800', '$185,000,', '$1,200', '$31,000', '$140,000', '$22,000']"
unsuitable_income_investor,standard,Harold,"['Harold Jensen', 'Priya Nair', 'Harold', 'Harold', 'Harold']",['retired'],[69],"['$320,000', '$2,400', '$320,000', '$4,100', '$12,000', '$320,000', '$110,000', '$95,000', '$70,000', '$45,000', '$228,000,', '$92,000']"
private_placements_unsuitable,standard,Kevin,"['Kevin Stahl', 'Dolores Whitfield', 'Stahl', 'Eugene Park', 'Whitfield', 'Park', 'Stahl']","['manager', 'widow', 'retiree', 'retired']","[66, 79, 71]","['$50,000,', '$290,000', '$3,100', '$150,000', '$180,000', '$2,200', '$100,000', '$1.4', '$900,000']"
bond_duration_mismatch,standard,Christine,"['Christine Alvarez', 'Marcus Dyer', 'Dyer']",['executive'],"[52, 65]","['$195,000', '$1.2', '$360,000', '$120,000', '$100,000', '$80,000', '$60,000']"
high_fees_unsuitable,standard,Robert,"['Robert Chung', 'Lisa Fontaine', 'Robert', 'Robert']",['engineer'],[34],"['$125,000', '$85,000', '$4,461', '$3,400']"
illiquid_real_estate_investment,standard,Margaret,"['Margaret Henson', 'Craig Bellamy', 'Bellamy', 'Margaret', 'Margaret', 'Margaret', 'Margaret']","['schoolteacher', 'teacher', 'retired']",[74],"['$2,800', '$1,900', '$310,000,', '$185,000', '$185,000', '$125,000']"
illiquid_investments,standard,Robert,"['Robert', 'Diane Kowalski', 'Robert', 'Diane', 'Steven Farrell', 'Farrell', 'Kowalskis', 'Diane', 'Diane', 'Kowalskis']",['retired'],[],"['$4,200', '$420,000,', '$260,000', '$100,000', '$90,000', '$70,000', '$19,500', '$160,000', '$6,500']"
options_unsuitable,standard,Patricia,"['Patricia Nguyen', 'Daniel Marsh', 'Patricia', 'Patricia', 'Patricia', 'Patricia']","['nurse', 'widow', 'retired']",[69],"['$475,000', '$120,000', '$40,000', '$2,600', '$87,000', '$475,000', '$198,000', '$277,000']"
crypto_assets_unsuitable,standard,Angela,"['Angela Foster', 'Kyle Bennett', 'Bennett', 'Angela', 'Bennett', 'Bennett', 'Angela', 'Bitcoin', 'Angela']",[],[44],"['$58,000', '$95,000', '$22,000', '$18,000', '$18,000', '$8,000', '$5,000', '$5,000', '$9,200', '$8,800,', '$4,000']"
failure_to_know_customer,standard,James,"['James Whitfield', 'Sarah Morin', 'James', 'James', 'James', 'Roth', 'James', 'James']",['engineer'],[35],"['$145,000', '$210,000', '$85,000', '$30,000', '$1,200']"
senior_investor_exploitation,standard,Margaret,"['Margaret Dalton', 'Margaret', 'Susan', 'Margaret', 'Kyle Brennan', 'Brennan', 'Margaret', 'Brennan', 'Margaret', 'Susan Dalton']","['teacher', 'retired']","[79, 34]","['$2,400', '$1,850', '$485,000,', '$485,000', '$25,462', '$250,000', '$1,212', '$361,000,', '$124,000']"
variable_annuity_unsuitable,standard,Robert,"['Robert', 'Nancy Chen', 'Robert', 'Nancy', 'Robert', 'Nancy', 'Denise Whitmore', 'Robert', 'Nancy', 'Chens', 'Robert', 'Robert']","['engineer', 'retired']",[],"['$6,200', '$28,000', '$2.1', '$740,000', '$320,000', '$410,000', '$380,000', '$250,000', '$195,000,', '$7,800', '$145,000,', '$4,350', '$327,850', '$12,150', '$11,639', '$21,310', '$22,950']"
unsuitable_income_investor,standard,Margaret,"['Margaret Olsen', 'Margaret', 'Kevin Dillard', 'Kevin Dillard', 'Margaret', 'Kevin', 'Margaret', 'Margaret']",['retired'],[72],"['$34,000', '$285,000,', '$160,000', '$210,000', '$285,000', '$70,000', '$75,000', '$6,300', '$8,925', '$210,000', '$111,300', '$68,250', '$179,550,', '$105,000']"
options_unsuitable,standard,Daniel,"['Daniel Whitfield', 'Daniel', 'Patricia Huang', 'Daniel', 'Patricia', 'Patricia', 'Patricia', 'Daniel', 'Daniel', 'Patricia', 'Patricia']",[],[44],"['$125,000', '$390,000,', '$210,000,', '$45,000', '$900,000,', '$200,000', '$38,000', '$14,500', '$187,000', '$149,000', '$390,000', '$241,000']"
options_unsuitable,standard,Margaret,"['Margaret Holloway', 'Derek Rinaldi', 'Rinaldi', 'Margaret', 'Margaret', 'Rinaldi', 'Margaret', 'Margaret']","['schoolteacher', 'teacher', 'retired']",[71],"['$2,400', '$1,850', '$310,000,', '$185,000', '$7,500', '$15,000', '$18,200', '$94,000']"
annuity_unnecessary_switching,standard,Ronald,"['Ronald', 'Patricia Vega', 'Ronald', 'Patricia', 'Christine Dao', 'Christine', 'Vegas', 'Ronald']",['manager'],[],"['$95,000', '$52,000', '$780,000,', '$480,000', '$612,000', '$480,000', '$31,200', '$132,000']"
private_placements_unsuitable,standard,Margaret,"['Margaret Dawson', 'Craig Linden', 'Margaret', 'Craig', 'Margaret', 'Craig', 'Margaret', 'Margaret']",['teacher'],[58],"['$52,000', '$310,000', '$240,000', '$310,000', '$185,000', '$100,000', '$85,000', '$12,950', '$185,000']"
lack_of_diversification,standard,Harold,"['Harold', 'Sylvia Bergman', 'Harold', 'Sylvia', 'Dennis Yeung', 'Dennis', 'Sylvia', 'Dennis', 'Dennis']","['manager', 'retired']",[],"['$3,200', '$1,100', '$51,600', '$415,000', '$440,000', '$25,000', '$1,500', '$140,000', '$120,000', '$85,000', '$50,000', '$20,000', '$267,000', '$148,000', '$1,500', '$6,800']"
illiquid_investments,standard,Margaret,"['Margaret Chen', 'Margaret', 'David Kowalski', 'David', 'Margaret', 'Margaret', 'Margaret', 'Margaret']","['teacher', 'retired']","[74, 72]","['$42,000', '$22,800', '$385,000,', '$230,000', '$90,000', '$75,000', '$65,000', '$16,100', '$50,000']"
excessive_churning,standard,Robert,"['Robert Dawson', 'Robert', 'Amanda Voss', 'Robert', 'Robert']",['manager'],[52],"['$95,000', '$175,000,', '$62,400', '$27,300']"
illiquid_real_estate_investment,standard,Margaret,"['Margaret Dolan', 'Margaret', 'Craig Webber', 'Webber', 'Margaret', 'Webber', 'Margaret', 'Margaret', 'Margaret']","['schoolteacher', 'teacher', 'doctor', 'retired']",[74],"['$38,000', '$210,000,', '$145,000', '$80,000']"
bond_duration_mismatch,standard,David,"['David', 'Christine Alvarez', 'David', 'Roth', 'Nora Kim', 'Nora', 'Nora', 'David', 'Christine', 'Nora']","['physician', 'engineer', 'manager']",[],"['$340,000', '$1.8', '$360,000,']"
crypto_assets_unsuitable,standard,Margaret,"['Margaret Kowalski', 'Daniel Reeves', 'Kowalski', 'Chainlink', 'Kowalski', 'Kowalski']","['schoolteacher', 'teacher', 'retired']","[74, 38]","['$2,800', '$185,000,', '$92,500', '$37,925']"
alternative_investments_unsuitable,standard,Richard,"['Richard Anand', 'Anand', 'Sarah Whitfield', 'Anand', 'Whitfield', 'Anand', 'Whitfield', 'Anand', 'Anand', 'Anand']",[],[52],"['$875,000', '$6.2', '$1.8', '$620,000', '$50,000,']"
reverse_churning,standard,Margaret,"['Margaret Olsen', 'Margaret', 'Derek Flanagan', 'Derek', 'Margaret', 'Derek', 'Margaret', 'Margaret', 'Margaret', 'Margaret', 'Margaret']","['schoolteacher', 'teacher', 'accountant', 'retired']",[72],"['$410,000', '$58,000,', '$12,812']"
mutual_fund_switching_churning,standard,Carlos,"['Carlos Reyes', 'Tanya Birch', 'Carlos', 'Shares', 'Carlos', 'Carlos', 'Carlos', 'Tanya', 'Carlos', 'Carlos', 'Carlos']",['manager'],[45],"['$105,000', '$175,000', '$175,000', '$10,063', '$9,484', '$164,937', '$7,000', '$26,547', '$175,000,', '$148,000']"
margin_unsuitable,standard,Rebecca,"['Rebecca Thornton', 'Derek Pullman', 'Rebecca']",['retired'],[58],"['$3,200', '$1,100', '$185,000', '$90,000', '$34,000', '$185,000', '$107,000', '$4,600']"
senior_investor_exploitation,standard,Hector,"['Hector Dominguez', 'Lucia', 'Hector', 'Hector', 'Lucia', 'Hector', 'Marcus Dwyer', 'Dwyer', 'Hector', 'Dwyer', 'Dwyer', 'Dwyer', 'Dwyer', 'Lucia', 'Hector', 'Dwyer', 'Dwyer', 'Hector', 'Lucia', 'Lucia']",['retired'],"[79, 76]","['$2,800', '$2,100', '$650', '$2,750', '$230,000,', '$195,000', '$195,000', '$230,000', '$85,000', '$65,000', '$45,000', '$19,500', '$5,600', '$5,800']"
overconcentration_single_stock,standard,Margaret,"['Margaret Kowalski', 'Derek Lund', 'Margaret', 'Derek', 'Derek', 'Margaret', 'Margaret', 'Margaret', 'Margaret', 'Derek']",['retired'],[63],"['$485,000', '$2,500', '$800', '$410,000', '$75,000', '$410,000', '$217,300', '$292,300,', '$193,000']"
excessive_load_funds,standard,Carlos,"['Carlos Medina', 'Tanya Birch', 'Carlos', 'Carlos', 'Carlos', 'Carlos']",['engineer'],[34],"['$145,000', '$120,000', '$120,000', '$6,900', '$113,100', '$4,200']"
concentration_risk,standard,Margaret,"['Margaret Donnelly', 'Derek Hamlin', 'Margaret', 'Hamlin', 'Margaret', 'Margaret', 'Margaret', 'Hamlin']","['teacher', 'manager', 'retired']",[81],"['$2,400', '$800', '$340,000,', '$310,000', '$15,500']"
options_unsuitable,standard,Roberto,"['Roberto Medina', 'Roberto', 'Roberto', 'Karen Prescott', 'Roberto', 'Prescott', 'Prescott', 'Roberto', 'Roberto', 'Roberto', 'Roberto', 'Roberto', 'Roberto', 'Roberto', 'Roberto']",[],"[52, 62]","['$67,000', '$485,000', '$390,000', '$115,000', '$115,000', '$8,200', '$31,000', '$270,000']"
mutual_fund_switching_churning,standard,Margaret,"['Margaret Chen', 'Daniel Pratt', 'Margaret', 'Margaret', 'Margaret', 'Margaret', 'Pratt']","['teacher', 'manager', 'retired']",[67],"['$42,000', '$310,000', '$38,400', '$22,000', '$310,000,', '$261,000']"
failure_to_know_customer,standard,Kevin,"['Kevin Okafor', 'Lisa Brennan', 'Kevin', 'Lisa', 'Kevin', 'Kevin', 'Lisa', 'Kevin', 'Lisa', 'Kevin', 'Kevin', 'Kevin']",['consultant'],[34],"['$475,000', '$95,000,', '$600,000,', '$500,000,', '$475,000', '$285,000', '$118,750', '$71,250', '$201,000,', '$274,000', '$40,000']"
reverse_churning,standard,Margaret,"['Margaret Holloway', 'Margaret', 'Derek Simmons', 'Derek', 'Margaret', 'Margaret', 'Derek', 'Margaret', 'Derek', 'Margaret', 'Margaret', 'Margaret', 'Margaret']","['schoolteacher', 'teacher', 'accountant', 'retired']",[72],"['$340,000', '$52,000,', '$4,250', '$10,625', '$150', '$10,000']"
illiquid_investments,standard,Carlos,"['Carlos', 'Elena Reyes', 'Carlos', 'Tanya Beckett', 'Tanya', 'Carlos']",['manager'],"[44, 14, 57]","['$95,000', '$78,000', '$125,000', '$210,000', '$40,000', '$285,000', '$22,000', '$90,000', '$125,000', '$5,850', '$35,000']"
speculative_for_conservative_investor,standard,Margaret,"['Margaret Owens', 'Margaret', 'Derek Sloan', 'Margaret', 'Derek', 'Derek', 'Margaret', 'Derek', 'Margaret', 'Margaret', 'Derek', 'Margaret']","['teacher', 'retired']",[74],"['$2,400', '$1,850', '$310,000,', '$265,000', '$95,000', '$85,000', '$85,000', '$141,000', '$124,000,']"
tax_deferred_unnecessary_annuity,standard,Rajesh,"['Rajesh Patel', 'Roth', 'Patel', 'Patel', 'Cassandra Mitchell', 'Cassandra', 'Patel', 'Cassandra', 'Cassandra', 'Patel', 'Patel', 'Cassandra', 'Patel', 'Roth', 'Patel']",[],"[52, 65, 65]","['$540,000', '$1.8', '$650,000', '$420,000', '$280,000', '$1.1', '$650,000', '$22,425', '$35,750', '$6.2', '$180,000']"
mutual_fund_switching_churning,standard,Margaret,"['Margaret Chen', 'David Kowalski', 'Kowalski', 'Margaret', 'Margaret', 'Morningstar', 'Kowalski', 'Margaret', 'Margaret', 'Kowalski', 'Margaret']","['teacher', 'retired']",[71],"['$38,000', '$285,000,', '$19,400', '$9,700', '$285,000', '$251,200']"
structured_products_unsuitable,standard,Robert,"['Robert', 'Diane Nakamura', 'Robert', 'Diane', 'Pamela Rhodes', 'Nakamuras', 'Nakamuras', 'Nakamuras', 'Nakamuras']","['mechanic', 'retired']",[],"['$52,000', '$420,000,', '$310,000', '$110,000', '$100,000', '$100,000', '$12,400', '$52,800', '$110,000', '$57,200', '$48,000']"
annuity_unnecessary_switching,standard,Margaret,"['Margaret Holloway', 'Dennis Pryor', 'Margaret', 'Margaret', 'Margaret', 'Dennis Pryor', 'Margaret', 'Margaret']","['schoolteacher', 'teacher', 'retired']",[68],"['$42,000', '$22,800', '$310,000,', '$11,200', '$249,000', '$50', '$14,940']"
lack_of_diversification,standard,Victor,"['Victor Samuels', 'Victor', 'Karen Liu', 'Karen', 'Victor', 'Karen', 'Karen', 'Victor', 'Victor']",[],[52],"['$385,000', '$4.8', '$1.9', '$1.2', '$620,000', '$310,000', '$770,000', '$620,000']"
excessive_load_funds,standard,Margaret,"['Margaret Chen', 'Derek Paulson', 'Margaret', 'Margaret', 'Paulson', 'Margaret', 'Margaret']","['manager', 'retired']",[62],"['$285,000,', '$22,800', '$240,000', '$12,960', '$193,000']"
unsuitable_income_investor,standard,Harold,"['Harold Briggs', 'Harold', 'Lisa Yamamoto', 'Yamamoto', 'Harold']","['electrician', 'retired']",[71],"['$520,000', '$2,400', '$1,100', '$260,000', '$104,000', '$78,000', '$78,000', '$17,500']"
market_timing_unsuitable,standard,Gerald,"['Gerald Hoffman', 'Derek Sloane', 'Gerald', 'Sloane', 'Gerald', 'Gerald', 'Gerald', 'Gerald', 'Gerald', 'Gerald', 'Gerald']",['retired'],[71],"['$38,000', '$310,000', '$2,400', '$185,000,', '$12,025', '$173,900', '$11,100', '$11,303.50', '$12,173', '$161,727', '$10,512.26', '$185,000', '$161,727', '$23,273,', '$33,840.76']"
high_fees_unsuitable,standard,Priya,"['Priya Ramanathan', 'Priya', 'Marcus Jennings', 'Jennings', 'Priya', 'Jennings']","['engineer', 'manager']",[44],"['$195,000', '$420,000', '$150,000', '$50,000', '$420,000', '$160,000', '$120,000', '$80,000', '$60,000', '$30,850', '$420,000', '$150,000', '$280,000', '$8,000', '$16,000', '$28,200']"
private_placements_unsuitable,standard,Margaret,"['Margaret Dawson', 'Kevin Brandt', 'Margaret', 'Brandt', 'Margaret', 'Margaret']","['schoolteacher', 'teacher', 'retired']",[72],"['$2,800', '$185,000,', '$110,000', '$60,000', '$50,000']"
structured_products_unsuitable,standard,Nguyen,"['Nguyen', 'Tran Nguyen', 'Linh', 'Craig Ellison', 'Tran', 'Ellison', 'Ellison', 'Ellison', 'Ellison', 'Nguyen']",[],"[44, 41]","['$78,000', '$240,000', '$195,000', '$75,000', '$65,000', '$55,000', '$195,000', '$54,000,', '$141,000']"
crypto_assets_unsuitable,standard,Margaret,"['Margaret Chen', 'Margaret', 'Derek Rawlins', 'Margaret', 'Margaret', 'Margaret', 'Margaret']","['teacher', 'retired']",[71],"['$2,400', '$1,800', '$185,000,', '$55,500', '$29,000,', '$26,500,', '$12,000']"
overconcentration_single_stock,standard,Ronald,"['Ronald Bates', 'Ronald', 'Sandra Holloway', 'Ronald', 'Ronald', 'Ronald', 'Ronald', 'Ronald', 'Ronald']",['manager'],"[58, 65]","['$74,000', '$1,200', '$9,000', '$310,000,', '$230,000', '$80,000', '$248,000', '$248,000', '$94,200', '$310,000', '$156,200', '$15,000']"
penny_stocks_unsuitable,standard,Margaret,"['Margaret Dawson', 'Kevin Marsh', 'Margaret', 'Margaret', 'Margaret', 'Margaret', 'Marsh']","['teacher', 'retired']","[74, 34]","['$38,000', '$210,000,', '$0.08', '$0.45', '$87,000,', '$4,785', '$11,400,', '$75,000']"
complex_products_unsophisticated_investor,standard,David,"['David Reyes', 'David', 'Rachel Thornton', 'David', 'David', 'David', 'David', 'Thornton', 'David', 'Thornton', 'David', 'David']",[],[52],"['$67,000', '$340,000', '$45,000', '$40,800', '$612', '$5,712', '$40,800']"
excessive_load_funds,standard,Margaret,"['Margaret Delaney', 'Margaret', 'Derek Hollings', 'Margaret', 'Margaret', 'Margaret', 'Margaret']","['teacher', 'retired']",[68],"['$2,400', '$1,850', '$340,000', '$340,000', '$115,000', '$115,000', '$110,000', '$18,700', '$14,200', '$263,000', '$77,000,', '$30,000']"
excessive_load_funds,standard,Carlos,"['Carlos Medina', 'Carlos', 'Carlos', 'Lisa Frankel', 'Carlos', 'Carlos', 'Carlos']",[],[42],"['$58,000', '$72,000', '$45,000', '$45,000', '$2,587.50', '$42,412.50', '$2,000']"
penny_stocks_unsuitable,standard,Margaret,"['Margaret Kowalski', 'Derek Simmons', 'Simmons', 'Margaret', 'Margaret', 'Margaret', 'Margaret']","['teacher', 'retired']",[71],"['$2,400', '$1,850', '$185,000,', '$160,000', '$74,000', '$0.12', '$0.87', '$5,920', '$11,400,', '$62,600']"
complex_products_unsophisticated_investor,standard,Carlos,"['Carlos Espinoza', 'Tanya Morrison', 'Morrison', 'Carlos', 'Carlos', 'Morrison', 'Carlos', 'Carlos', 'Morrison', 'Carlos', 'Carlos']",[],[34],"['$52,000', '$38,000', '$43,000', '$38,000', '$30,000', '$38,000', '$750', '$30,000', '$18,300,', '$11,700', '$3,750', '$7,950']"
lack_of_diversification,standard,Margaret,"['Margaret Holloway', 'Kevin Brandt', 'Margaret', 'Margaret']","['teacher', 'retired']",[72],"['$2,400', '$1,800', '$410,000,', '$365,000', '$241,000,', '$124,000', '$258,000,', '$107,000']"
alternative_investments_unsuitable,standard,David,"['David', 'Elaine Nakamura', 'David', 'Elaine', 'Rachel Simmons', 'Nakamuras', 'Simmons', 'Nakamuras', 'Nakamuras']",['manager'],[],"['$135,000', '$52,000', '$90,000', '$285,000', '$40,000', '$210,000', '$120,000,', '$18,000', '$75,000', '$90,000', '$5,250', '$75,000', '$38,000', '$45,000']"
structured_products_unsuitable,standard,Margaret,"['Margaret Chen', 'David Rourke', 'Margaret', 'Margaret', 'Margaret', 'Margaret']","['schoolteacher', 'teacher', 'retired']",[74],"['$42,000', '$385,000,', '$385,000', '$210,000', '$58,000']"
options_unsuitable,standard,Tyler,"['Tyler Brooks', 'Tyler', 'Shannon Patel', 'Patel', 'Patel', 'Tyler', 'Patel']",[],[28],"['$48,000', '$23,000', '$6,000', '$14,000', '$11,200,', '$23,000', '$11,200']"
illiquid_real_estate_investment,standard,Maria,"['Maria', 'Carlos Gutierrez', 'Maria', 'Carlos', 'Kevin Platt', 'Gutierrez', 'Platt', 'Gutierrez', 'Maria']",[],[],"['$38,000', '$47,000', '$85,000', '$120,000', '$95,000', '$11,400']"
bond_duration_mismatch,standard,Helen,"['Helen Nakamura', 'Rachel Drummond', 'Drummond', 'Drummond', 'Helen', 'Drummond', 'Helen']","['engineer', 'retired']","[58, 65, 65]","['$210,000', '$150,000', '$2.8', '$700,000', '$200,000', '$250,000', '$250,000', '$2,100']"
mutual_fund_switching_churning,standard,Margaret,"['Margaret Chen', 'Derek Rawlings', 'Margaret', 'Margaret']","['schoolteacher', 'teacher', 'retired']",[64],"['$3,200', '$1,800', '$285,000', '$185,000', '$9,620', '$9,157', '$8,700', '$58,400', '$285,000', '$219,300,', '$34,000']"
annuity_unnecessary_switching,standard,Robert,"['Robert Dalton', 'Robert', 'Robert', 'Tammy Livingston', 'Robert', 'Livingston', 'Robert', 'Robert', 'Robert']","['electrician', 'retired']",[72],"['$2,100', '$140,000', '$9,800', '$140,000', '$15,000', '$1,275']"
private_placements_unsuitable,standard,Margaret,"['Margaret Olsen', 'Derek Huang', 'Margaret', 'Margaret']",['retired'],[72],"['$2,800', '$185,000,', '$110,000', '$11,000']"
structured_products_unsuitable,standard,Carlos,"['Carlos Medina', 'Carlos', 'Lisa Tran', 'Carlos', 'Lisa', 'Carlos', 'Carlos', 'Lisa', 'Carlos', 'Carlos']",['manager'],"[58, 65]","['$95,000', '$340,000,', '$210,000,', '$75,000', '$180,000', '$210,000', '$7,200', '$148,000', '$32,000', '$180,000']"
variable_annuity_unsuitable,standard,Margaret,"['Margaret Kessler', 'Margaret', 'Derek Blanton', 'Margaret', 'Margaret']","['schoolteacher', 'teacher', 'retired']",[79],"['$2,400', '$185,000,', '$140,000', '$7,700', '$30,000', '$1,890,', '$6,200']"
complex_products_unsophisticated_investor,standard,Carlos,"['Carlos Dominguez', 'Priya Nair', 'Carlos', 'Carlos', 'Nair', 'Carlos', 'Carlos']",['mechanic'],[34],"['$52,000', '$40,000,', '$12,000', '$10,000', '$8,000', '$2,100', '$5,800', '$10,000', '$30,000', '$14,200', '$15,800,', '$10,000']"
reverse_churning,standard,Margaret,"['Margaret Holloway', 'Derek Simmons', 'Margaret', 'Margaret', 'Simmons', 'Margaret', 'Margaret', 'Margaret', 'Margaret', 'Margaret', 'Margaret']","['schoolteacher', 'teacher', 'retired']",[72],"['$38,000', '$22,000', '$410,000', '$5,945', '$14,800', '$225']"
excessive_churning,standard,Anthony,"['Anthony Reeves', 'Anthony', 'Cynthia Park', 'Anthony', 'Anthony', 'Anthony', 'Park', 'Anthony']",['manager'],[44],"['$82,000', '$95,000', '$31,400,', '$61,200', '$33,800', '$95,000', '$10,450', '$24,600']"
margin_unsuitable,standard,Patricia,"['Patricia Hawkins', 'Patricia', 'Gerald Stanton', 'Patricia', 'Gerald', 'Patricia', 'Patricia']",['retired'],[71],"['$2,800', '$185,000,', '$210,000', '$95,000', '$280,000', '$185,000', '$38,000,', '$72,000', '$108,000,', '$77,000,']"
excessive_load_funds,standard,David,"['David', 'Karen Chen', 'David', 'Monica Reeves', 'Monica', 'Monica', 'Monica', 'Chens', 'Monica']",[],[44],"['$195,000', '$420,000', '$420,000', '$22,680', '$100,000', '$11,300']"
illiquid_investments,standard,Margaret,"['Margaret Holloway', 'Margaret', 'Dale Brennan', 'Margaret', 'Dale', 'Margaret', 'Margaret', 'Margaret']",['retired'],[74],"['$2,800', '$185,000,', '$4,200', '$95,000', '$8,075', '$6,650', '$30,000']"
excessive_churning,standard,Ryan,"['Ryan Delacroix', 'Ryan', 'Sandra Kimball', 'Ryan', 'Sandra', 'Ryan', 'Ryan', 'Sandra', 'Ryan', 'Ryan']",['manager'],"[42, 60]","['$105,000', '$120,000', '$48,200', '$120,000,', '$107,400', '$12,600']"
margin_unsuitable,standard,Patricia,"['Patricia Dunn', 'Patricia', 'Craig Melton', 'Craig', 'Patricia', 'Craig', 'Patricia', 'Craig', 'Patricia', 'Craig', 'Patricia', 'Patricia', 'Patricia', 'Craig']","['teacher', 'retired']",[72],"['$2,400', '$1,650', '$185,000,', '$210,000', '$1,200', '$27,000', '$140,000', '$9,800', '$18,000', '$1,620,', '$16,380', '$12,000,', '$960']"
market_timing_unsuitable,standard,Robert,"['Robert Ling', 'Robert', 'Robert', 'Robert', 'Diane Sheppard', 'Robert', 'Diane', 'Helen', 'Diane', 'Robert', 'Robert', 'Robert', 'Karen', 'Robert', 'Diane', 'Diane', 'Robert', 'Robert', 'Diane', 'Diane']","['widow', 'widower', 'retired']",[78],"['$620,000', '$150,000', '$95,000', '$2,800', '$865,000', '$33,600', '$1,500', '$74,200', '$865,000', '$697,000', '$168,000,', '$74,200', '$93,800', '$74,200']"
private_placements_unsuitable,standard,Margaret,"['Margaret Dawson', 'Kevin Pratt', 'Pratt', 'Margaret', 'Pratt', 'Margaret', 'Margaret', 'Pratt', 'Margaret']","['teacher', 'retired']",[71],"['$3,200', '$285,000,', '$210,000', '$90,000', '$8,100', '$75,000', '$6,375', '$165,000']"
junk_bonds_conservative_investor,standard,Robert,"['Robert Chen', 'Robert', 'Lisa Yamamoto', 'Robert', 'Morningstar', 'Lisa', 'Robert', 'Robert', 'Lisa', 'Robert', 'Robert']","['engineer', 'retired']","[58, 65]","['$95,000', '$2.4', '$850,000', '$120,000', '$120,000', '$2.4']"
variable_annuity_unsuitable,standard,Derek,"['Derek Simmons', 'Martha Colvin', 'Colvin', 'Simmons', 'Colvin']",['retired'],[82],"['$185,000', '$120,000', '$65,000', '$1,850', '$600', '$140,000', '$8,400', '$30,000', '$2,100', '$6,200', '$131,700']"
illiquid_real_estate_investment,standard,Natalie,"['Natalie Tran', 'Jordan Eckhart', 'Eckhart', 'Eckhart', 'Tran', 'Eckhart', 'Eckhart', 'Eckhart', 'Tran']",[],[44],"['$620,000', '$150,000', '$4.8', '$2.1', '$1.4', '$800,000', '$500,000', '$150,000', '$650,000', '$650,000']"
tax_deferred_unnecessary_annuity,standard,Margaret,"['Margaret Holloway', 'Derek Fontaine', 'Margaret', 'Margaret', 'Margaret', 'Margaret', 'Margaret']","['schoolteacher', 'teacher', 'retired']",[71],"['$2,800', '$1,950', '$185,000', '$160,000', '$10,400', '$22,000', '$16,000', '$6,000', '$390', '$25,000']"
overconcentration_single_stock,standard,Raymond,"['Raymond Soto', 'Natalie Crenshaw', 'Raymond', 'Crenshaw', 'Crenshaw', 'Raymond', 'Raymond', 'Crenshaw', 'Raymond', 'Raymond', 'Raymond', 'Raymond', 'Crenshaw', 'Crenshaw']",['manager'],"[58, 65]","['$112,000', '$410,000,', '$230,000', '$180,000', '$38,000', '$180,000', '$152,000,', '$47', '$17.80', '$152,000', '$57,760,', '$94,240', '$85,760', '$4,200']"
inappropriate_risk_profile,standard,Martha,"['Martha Delgado', 'Tyler Brennan', 'Delgado', 'Brennan']","['teacher', 'retired']",[74],"['$2,800', '$1,400', '$310,000,', '$15,000', '$20,000', '$310,000', '$207,000']"
private_placements_unsuitable,standard,Gerald,"['Gerald', 'Donna Whitfield', 'Gerald', 'Donna', 'Gerald', 'Gerald', 'Gerald', 'Rebecca Sloan', 'Sloan', 'Sloan', 'Whitfields', 'Whitfields', 'Whitfields', 'Gerald']",['retired'],[],"['$4,100,', '$1,900', '$2,200', '$420,000,', '$180,000', '$240,000', '$165,000', '$195,000', '$75,000', '$70,000', '$50,000', '$15,000', '$19,000']"
excessive_churning,standard,Margaret,"['Margaret Dawson', 'Kevin Brandt', 'Margaret', 'Margaret', 'Margaret', 'Margaret']","['teacher', 'retired']",[72],"['$38,000', '$210,000,', '$12,000', '$41,600', '$210,000', '$163,400', '$46,600', '$41,600']"
crypto_assets_unsuitable,standard,Robert,"['Robert', 'Linda Chen', 'Robert', 'Linda', 'Robert', 'Robert', 'Linda', 'Jason Wyatt', 'Wyatt', 'Chens', 'Linda', 'Avalanche', 'Chainlink', 'Wyatt', 'Chens', 'Chens']",['manager'],[],"['$105,000', '$28,000', '$480,000', '$155,000', '$92,000', '$520,000', '$155,000', '$60,000', '$45,000', '$25,000', '$25,000', '$118,000', '$37,000,']"
illiquid_real_estate_investment,standard,Margaret,"['Margaret Olsen', 'Margaret', 'Derek Paulson', 'Margaret', 'Derek', 'Margaret', 'Margaret']",['retired'],[74],"['$2,800', '$185,000,', '$210,000', '$120,000', '$120,000']"
lack_of_diversification,standard,Ryan,"['Ryan Choi', 'Lisa Brennan', 'Lisa', 'Ryan', 'Lisa', 'Ryan']",[],[29],"['$105,000', '$50,000', '$50,000', '$29,000']"
excessive_churning,standard,Margaret,"['Margaret Collins', 'Brian Torrance', 'Margaret', 'Brian', 'Margaret', 'Margaret', 'Brian', 'Margaret', 'Brian', 'Margaret', 'Margaret', 'Margaret', 'Brian', 'Margaret']","['teacher', 'retired']",[72],"['$42,000', '$620,000', '$620,000', '$14,100', '$9,800', '$571,000']"
bond_duration_mismatch,standard,David,"['David', 'Susan Park', 'David', 'Susan', 'Claire Whitfield', 'Parks', 'Claire', 'Claire', 'Claire', 'Claire', 'Parks', 'Parks', 'Parks', 'Claire']",['engineer'],[58],"['$185,000', '$140,000', '$1.8', '$750,000', '$300,000', '$300,000', '$450,000', '$300,000', '$750,000', '$300,000', '$540,000', '$210,000', '$635,000', '$300,000']"
market_timing_unsuitable,standard,Robert,"['Robert Kessler', 'Derek Mullins', 'Robert', 'Mullins', 'Robert', 'Robert', 'Mullins', 'Robert', 'Robert', 'Mullins', 'Mullins']",[],"[58, 65]","['$105,000', '$420,000', '$47,800', '$420,000', '$351,000', '$28,500']"
unsuitable_income_investor,standard,Pamela,['Pamela Sturgess'],['retired'],[74],"['$2,800', '$185,000,', '$140,000', '$800', '$155,000']"
junk_bonds_conservative_investor,standard,Margaret,"['Margaret Dawson', 'Craig Fontaine', 'Margaret', 'Margaret', 'Margaret']","['teacher', 'retired']",[74],"['$2,800', '$1,600', '$310,000,', '$215,000', '$58,000,']"
illiquid_investments,standard,David,"['David Nakamura', 'David', 'Rachel Simmons', 'Simmons', 'David', 'David', 'David', 'David', 'David', 'David', 'David']",['executive'],[52],"['$620,000', '$7.2', '$2.1', '$1.5', '$1.8', '$400,000', '$1.4', '$320,000', '$200,000', '$400,000']"
bond_duration_mismatch,standard,Margaret,"['Margaret Thornton', 'Thornton', 'Dale Kershaw', 'Kershaw', 'Thornton', 'Kershaw', 'Thornton', 'Thornton', 'Kershaw', 'Thornton']",['retired'],[74],"['$2,800', '$340,000,', '$340,000', '$280,000', '$3,360', '$58,000,']"
illiquid_real_estate_investment,standard,Priya,"['Priya Anand', 'Rohan', 'Connor Bledsoe', 'Anand']",['engineer'],"[39, 41]","['$410,000', '$185,000', '$1.2', '$850,000', '$420,000', '$680,000', '$38,000', '$500,000', '$35,000', '$500,000', '$381,700']"
bond_duration_mismatch,standard,Margaret,"['Margaret Holloway', 'Margaret', 'Derek Simmons', 'Derek', 'Derek', 'Margaret', 'Margaret', 'Margaret', 'Margaret']",['retired'],[74],"['$36,000', '$410,000,', '$2,500', '$340,000', '$88,000,', '$6,200']"
reverse_churning,standard,James,"['James Whitfield', 'Carolyn Reese', 'James', 'Carolyn', 'James', 'James', 'Carolyn', 'James', 'James', 'James', 'Carolyn', 'James', 'James']",[],[52],"['$475,000', '$1.8', '$24,300', '$62,000', '$48,000', '$75,600', '$1,950']"
leveraged_etf_unsuitable,standard,Margaret,"['Margaret Dawson', 'Craig Muller', 'Muller', 'Dawson', 'Dawson', 'Dawson', 'Dawson']","['teacher', 'retired']",[78],"['$1,850', '$1,100', '$310,000,', '$245,000', '$245,000', '$87,000', '$104,000', '$4,900']"
leveraged_etf_unsuitable,standard,Derek,"['Derek Yoon', 'Derek', 'Samantha Lee', 'Derek', 'Samantha', 'Derek', 'Samantha']","['engineer', 'mechanic']",[34],"['$425,000', '$2.1', '$1.4', '$60,000', '$10,800', '$49.95']"
junk_bonds_conservative_investor,standard,Margaret,"['Margaret Ellison', 'Kevin Driscoll', 'Margaret', 'Margaret', 'Margaret']","['teacher', 'retired']",[74],"['$2,400', '$1,850', '$310,000,', '$220,000', '$118,000', '$7,800']"
crypto_assets_unsuitable,standard,Dorothy,"['Dorothy Nguyen', 'Brian Colter', 'Dorothy', 'Colter', 'Dorothy', 'Dorothy', 'Dorothy', 'Dorothy', 'Dorothy', 'Dorothy', 'Dorothy', 'Dorothy']",['widow'],[72],"['$485,000', '$190,000,', '$675,000', '$2,100', '$800', '$95,000', '$60,000', '$120,000', '$410,000', '$675,000', '$87,200', '$341,000', '$334,000', '$675,000', '$87,200', '$246,800']"
leveraged_etf_unsuitable,standard,Margaret,"['Margaret Hensley', 'Derek Fuentes', 'Hensley', 'Fuentes', 'Hensley', 'Hensley', 'Hensley']","['teacher', 'retired']",[71],"['$2,800', '$1,900', '$340,000,', '$85,000', '$50,000', '$32,300', '$14,500,', '$46,800']"
inappropriate_risk_profile,standard,Carlos,"['Carlos Medina', 'Janine Whitford', 'Whitford', 'Whitford']",[],[58],"['$62,000', '$195,000', '$120,000', '$120,000', '$110,400', '$74,800,', '$45,200']"
annuity_unnecessary_switching,standard,Margaret,"['Margaret Dawson', 'Bradley Kemp', 'Kemp', 'Kemp', 'Margaret', 'Margaret', 'Kemp', 'Margaret']","['teacher', 'retired']",[64],"['$48,000', '$22,000', '$310,000', '$1,550', '$1,085', '$6,200', '$18,600']"
illiquid_real_estate_investment,standard,Carlos,"['Carlos', 'Diana Medina', 'Carlos', 'Diana', 'Diana', 'Nathan Holloway', 'Holloway']",['engineer'],"[42, 8]","['$165,000', '$55,000', '$220,000', '$95,000', '$180,000', '$40,000', '$30,000', '$290,000', '$70,000', '$8,400', '$25,000,', '$30,000', '$55,000', '$70,000']"
reverse_churning,standard,Margaret,"['Margaret Dalton', 'Margaret', 'Kevin Royce', 'Kevin', 'Margaret', 'Kevin', 'Margaret', 'Kevin', 'Margaret', 'Margaret', 'Kevin']",['retired'],[72],"['$2,100', '$800', '$185,000,', '$3,000', '$5,000', '$140,000', '$1,890', '$22,000', '$2,835']"
structured_products_unsuitable,standard,Dennis,"['Dennis Huang', 'Dennis', 'Patricia Mendes', 'Patricia', 'Patricia', 'Patricia', 'Dennis']",['engineer'],[34],"['$145,000', '$60,000', '$40,000', '$35,000', '$40,000', '$96.20', '$100', '$1,330']"
margin_unsuitable,standard,Dorothy,"['Dorothy Kessler', 'Marcus Pratt', 'Dorothy', 'Dorothy', 'Pratt', 'Dorothy', 'Dorothy', 'Pratt']","['teacher', 'retiree', 'retired']",[74],"['$2,400', '$1,800', '$310,000,', '$185,000', '$495,000', '$185,000', '$140,000', '$198,000', '$112,000', '$310,000']"
mutual_fund_switching_churning,standard,James,"['James', 'Patricia Yeung', 'James', 'Patricia', 'Renee Blackwood', 'Blackwood', 'Patricia']","['engineer', 'manager', 'mechanic']",[],"['$135,000', '$62,000', '$620,000,', '$180,000', '$47,200']"
options_unsuitable,standard,Margaret,"['Margaret Donovan', 'Kevin Pratt', 'Margaret', 'Pratt', 'Margaret', 'Margaret', 'Margaret', 'Margaret', 'Pratt']","['teacher', 'retiree', 'retired']","[71, 71]","['$2,400', '$1,800', '$185,000,', '$8,200', '$41,000,', '$152,000', '$6,800']"
tax_deferred_unnecessary_annuity,standard,David,"['David Nakamura', 'David', 'Lisa Hartwell', 'David', 'David', 'David', 'David']",['engineer'],"[58, 65]","['$195,000', '$87,000', '$310,000', '$120,000', '$120,000']"
mutual_fund_switching_churning,standard,Margaret,"['Margaret Hollis', 'Margaret', 'Derek Stanton', 'Derek', 'Margaret', 'Margaret', 'Margaret', 'Derek']","['schoolteacher', 'teacher', 'widow', 'retired']",[64],"['$410,000', '$185,000', '$3,200,', '$1,400', '$350,000', '$130,000', '$120,000', '$100,000', '$23,000', '$16,100', '$200,000', '$16,000', '$24,000']"
tax_deferred_unnecessary_annuity,standard,Raymond,"['Raymond Chen', 'Raymond', 'Raymond', 'Lisa Moreno', 'Lisa', 'Raymond', 'Raymond', 'Lisa', 'Raymond', 'Raymond', 'Raymond', 'Lisa', 'Raymond', 'Raymond']",['engineer'],"[52, 65]","['$245,000', '$1.4', '$380,000', '$95,000', '$210,000', '$380,000', '$22,800', '$380,000', '$22,800']"
tax_deferred_unnecessary_annuity,standard,Margaret,"['Margaret Donnelly', 'Kevin Brandt', 'Margaret', 'Margaret']",['retired'],"[62, 67]","['$68,000', '$340,000', '$18,700', '$25,000', '$1,500']"
speculative_for_conservative_investor,standard,Harold,"['Harold Chin', 'Harold', 'Danielle Russo']","['widow', 'retiree']",[74],"['$3,200', '$185,000,', '$55,000', '$40,000', '$30,000', '$60,000', '$185,000', '$121,000,', '$64,000', '$4,800']"
market_timing_unsuitable,standard,Margaret,"['Margaret Russo', 'Margaret', 'Kevin Dalton', 'Dalton', 'Margaret', 'Margaret', 'Margaret', 'Dalton', 'Margaret', 'Margaret', 'Dalton']","['teacher', 'retired']",[71],"['$2,800', '$1,650', '$210,000,', '$180,000', '$5,500', '$8,200', '$210,000', '$178,400,', '$31,600']"
failure_to_know_customer,standard,Luis,"['Luis Medina', 'Luis', 'Brianna Foster', 'Luis', 'Foster', 'Foster', 'Luis', 'Foster', 'Luis', 'Foster', 'Foster', 'Foster', 'Foster', 'Luis', 'Luis', 'Foster', 'Luis']",['plumber'],[44],"['$72,000', '$18,000,', '$14,000', '$165,000', '$100,000', '$150,000,', '$250,000', '$500,000,', '$41,000', '$165,000', '$87,300,', '$77,700']"
failure_to_know_customer,standard,Margaret,"['Margaret Kowalski', 'Derek Pratt', 'Kowalski', 'Derek Pratt', 'Kowalski', 'Pratt', 'Kowalski', 'Pratt']","['teacher', 'retired']",[71],"['$2,800', '$340,000', '$50,000', '$340,000', '$247,000', '$93,000,', '$17,850', '$5,100']"
bond_duration_mismatch,standard,Samuel,"['Samuel', 'Patricia Engstrom', 'Connie Hsu', 'Samuel', 'Samuel', 'Patricia', 'Connie Hsu', 'Hsu', 'Hsu', 'Engstroms', 'Samuel', 'Connie Hsu']","['manager', 'retired']",[],"['$1.2', '$800,000', '$400,000', '$145,000', '$18,000', '$55,000', '$40,000', '$840,000', '$640,000', '$300,000', '$200,000', '$140,000', '$200,000', '$165,000', '$640,000', '$148,000', '$6,200']"
private_placements_unsuitable,standard,Margaret,"['Margaret Olsen', 'Dale Perkins', 'Dale', 'Margaret', 'Margaret']","['teacher', 'retired']",[72],"['$340,000,', '$280,000', '$60,000', '$2,400', '$1,800', '$125,000', '$50,000', '$8,750', '$70,000']"
reverse_churning,standard,Samuel,"['Samuel Reeves', 'Theresa Lang', 'Samuel', 'Samuel', 'Samuel', 'Samuel', 'Samuel']","['engineer', 'attorney']",[45],"['$225,000', '$1.2', '$750,000', '$9,375', '$3,200', '$750,000', '$920,000', '$27,500', '$800']"
alternative_investments_unsuitable,standard,Margaret,"['Margaret Olsen', 'Derek Hannon', 'Margaret', 'Hannon', 'Margaret', 'Margaret']","['teacher', 'attorney', 'retired']",[71],"['$2,400', '$1,850', '$340,000', '$45,000', '$210,000', '$125,000', '$85,000']"
unsuitable_income_investor,standard,Robert,"['Robert Chung', 'Robert', 'Linda Vargas', 'Linda', 'Robert', 'Linda', 'Robert', 'Robert', 'Robert']","['engineer', 'mechanic', 'retired']",[64],"['$1.2', '$180,000', '$60,000', '$4,100', '$2,500', '$1.2', '$3,500']"
illiquid_real_estate_investment,standard,Margaret,"['Margaret Hoffman', 'Margaret', 'Dennis Crane', 'Dennis', 'Margaret', 'Margaret', 'Dennis', 'Margaret', 'Margaret']","['teacher', 'manager', 'retired']",[71],"['$385,000,', '$310,000', '$75,000', '$2,400', '$1,850', '$800', '$280,000', '$33,600', '$19,600', '$182,000']"
variable_annuity_unsuitable,standard,Carlos,"['Carlos', 'Maria Delgado', 'Carlos', 'Carlos', 'Carlos', 'Maria', 'Patricia Ingram', 'Patricia', 'Patricia', 'Patricia', 'Patricia', 'Patricia', 'Maria', 'Carlos', 'Patricia', 'Carlos', 'Maria']",[],[],"['$52,000', '$18,000', '$70,000', '$62,000', '$38,000', '$24,000', '$30,000', '$1,950', '$8,000', '$480', '$8,000']"
failure_to_know_customer,standard,Derek,"['Derek Hollis', 'Maria Gonzalez', 'Maria', 'Maria', 'Maria', 'Maria']","['teacher', 'manager']",[41],"['$52,000', '$100,000', '$150,000,', '$500,000', '$38,000', '$38,000', '$11,200']"
senior_investor_exploitation,standard,Craig,"['Craig Bellingham', 'Walter Dempsey', 'Walter', 'Walter', 'Walter', 'Bellingham', 'Walter', 'Walter', 'Bellingham', 'Bellingham', 'Walter', 'Walter', 'Bellingham', 'Walter', 'Bellingham', 'Bellingham', 'Bellingham']","['attorney', 'military', 'retired']",[79],"['$1.8', '$4,200', '$600,000', '$400,000', '$200,000', '$1.2', '$350,000', '$32,000', '$67,000']"
crypto_assets_unsuitable,standard,Margaret,"['Margaret Hoffman', 'Margaret', 'Derek Sinclair', 'Derek', 'Margaret', 'Derek', 'Margaret', 'Margaret', 'Derek', 'Margaret', 'Margaret', 'Derek']","['teacher', 'retired']",[71],"['$3,200', '$1,800', '$410,000,', '$330,000', '$330,000', '$158,400', '$171,600']"
junk_bonds_conservative_investor,standard,Ronald,"['Ronald', 'Patricia Chen', 'Ronald', 'Patricia', 'Ronald', 'Lisa Pratt', 'Lisa', 'Chens', 'CCC+', 'Lisa', 'Chens', 'Chens', 'Lisa', 'Chens', 'Chens']","['engineer', 'retired']",[],"['$24,000', '$620,000', '$185,000', '$4,100', '$475,000', '$14,250', '$4,750', '$475,000', '$312,000,', '$163,000']"
private_placements_unsuitable,standard,Margaret,"['Margaret Dawson', 'Margaret', 'Kevin Barlow', 'Kevin', 'Kevin', 'Kevin', 'Margaret', 'Margaret']",['retired'],[71],"['$2,400', '$900', '$310,000,', '$185,000', '$245,000', '$150,000', '$95,000', '$22,000,', '$175,000,']"
inappropriate_risk_profile,standard,Daniel,"['Daniel Okafor', 'Daniel', 'Daniel', 'Rachel Simmons', 'Rachel', 'Daniel', 'Rachel', 'Rachel', 'Daniel', 'Daniel', 'Rachel', 'Rachel']",['engineer'],[34],"['$215,000', '$80,000', '$620,000', '$1,800', '$45,000']"
inappropriate_risk_profile,standard,Margaret,"['Margaret Henson', 'Margaret', 'Margaret', 'Dale Kirkpatrick', 'Margaret', 'Dale', 'Dale', 'Margaret', 'Margaret', 'Margaret', 'Margaret', 'Dale', 'Margaret']","['schoolteacher', 'teacher', 'retired']",[74],"['$2,400', '$1,100', '$310,000,', '$185,000', '$310,000', '$125,000', '$95,000', '$50,000', '$40,000', '$178,000', '$132,000']"
private_placements_unsuitable,standard,Roberto,"['Roberto Delgado', 'Roberto', 'Roberto', 'Candace Rowell', 'Roberto', 'Roberto', 'Roberto', 'Roberto', 'Roberto']",['manager'],[52],"['$87,000', '$210,000,', '$140,000', '$70,000', '$1,800', '$1,200', '$600', '$45,000', '$40,000', '$35,000', '$30,000', '$150,000', '$11,250', '$60,000', '$18,500', '$60,000', '$38,200,', '$21,800', '$25,000', '$29,750']"
overconcentration_single_stock,standard,Margaret,"['Margaret Dunlap', 'Todd Reinhardt', 'Margaret', 'Margaret', 'Margaret', 'Reinhardt', 'Margaret', 'Margaret', 'Margaret', 'Margaret', 'Reinhardt']","['schoolteacher', 'teacher', 'retired']",[72],"['$410,000', '$34,000', '$318,000', '$146,000', '$410,000', '$238,000']"
excessive_churning,standard,David,"['David Nakamura', 'Karen Loomis', 'David', 'David', 'David', 'David', 'David']",['engineer'],[45],"['$185,000', '$1.2', '$620,000', '$146,900', '$102,000']"
lack_of_diversification,standard,Margaret,"['Margaret Olsen', 'Kevin Brandt', 'Kevin', 'Margaret', 'Kevin', 'Margaret', 'Margaret', 'Margaret', 'Kevin']","['teacher', 'retired']",[72],"['$38,000', '$22,000', '$410,000,', '$345,000', '$130,000', '$115,000', '$100,000', '$8,625', '$345,000', '$197,000,', '$148,000', '$139,000']"
bond_duration_mismatch,standard,David,"['David Nakamura', 'David', 'Rachel Simmons', 'David', 'Rachel', 'David', 'Rachel', 'David', 'David', 'David']",[],[45],"['$285,000', '$2.8', '$1.4', '$200,000', '$200,000', '$180,000', '$70,000', '$65,000', '$60,000', '$2,500']"
alternative_investments_unsuitable,standard,Derek,"['Derek Huang', 'Margaret Olsen', 'Olsen', 'Huang', 'Huang', 'Huang', 'Olsen', 'Huang']",['retired'],[72],"['$340,000', '$2,100,', '$1,400', '$210,000', '$80,000', '$70,000', '$60,000', '$18,200', '$130,000']"
unsuitable_income_investor,standard,Robert,"['Robert Tanner', 'Linda', ""Linda Tanner's""]","['teacher', 'retired']","[67, 65]","['$410,000', '$55,000', '$180,000', '$38,000,', '$22,800', '$410,000', '$410,000', '$32,800', '$19,680', '$410,000', '$4,500']"
failure_to_know_customer,standard,Derek,"['Derek Hollins', 'Margaret Cho', 'Margaret', 'Derek', 'Derek', 'Margaret', 'Margaret', 'Derek', 'Derek', 'Margaret', 'Margaret', 'Margaret', 'Derek', 'Derek', 'Margaret']","['teacher', 'manager', 'retired']",[74],"['$410,000', '$410,000', '$58,000', '$2,200']"
illiquid_real_estate_investment,standard,Priya,"['Priya Deshmukh', 'Howard Brennan', 'Howard', 'Howard', 'Howard', 'Priya', 'Howard', 'Howard', 'Howard', 'Howard', 'Howard', 'Howard']","['manager', 'widow']",[65],"['$175,000', '$620,000', '$140,000', '$285,000,', '$2,400', '$154,000', '$175,000', '$12,250', '$175,000', '$118,000', '$380,000', '$175,000', '$620,000']"
alternative_investments_unsuitable,standard,Margaret,"['Margaret Olsen', 'Margaret', 'Craig Donovan', 'Craig', 'Craig', 'Margaret', 'Margaret', 'Margaret', 'Margaret', 'Craig']","['teacher', 'retired']",[72],"['$34,000', '$185,000,', '$80,000', '$4,500', '$120,000', '$70,000', '$50,000', '$8,400', '$6,200', '$120,000', '$8,400']"
complex_products_unsophisticated_investor,standard,Darnell,"['Darnell Washington', 'Kevin Lam', 'Darnell', 'Kevin', 'Kevin', 'Darnell', 'Kevin', 'Kevin', 'Kevin', 'Kevin', 'Kevin', 'Darnell', 'Darnell', 'Darnell']",[],[29],"['$38,000', '$42,000', '$2.1', '$31,400,', '$42,000', '$8,300,', '$33,700']"
tax_deferred_unnecessary_annuity,standard,Derek,"['Derek Hollis', 'Margaret Sweeney', 'Margaret', 'Derek', 'Margaret', 'Margaret']",['retired'],[67],"['$4,200', '$2,100', '$310,000', '$85,000', '$275,000', '$15,125', '$30,000', '$1,950']"
complex_products_unsophisticated_investor,standard,Trent,"['Trent Nakamura', 'Luis', 'Carmen', 'Luis', 'Luis']",[],[34],"['$52,000', '$18,000', '$70,000', '$42,000', '$11,000', '$42,000', '$35,000', '$700', '$25,000', '$31,200', '$3,800', '$35,000']"
overconcentration_single_stock,standard,Margaret,"['Margaret Collins', 'Derek Huang', 'Derek', 'Margaret', 'Derek', 'Margaret', 'Margaret', 'Margaret', 'Derek', 'Derek', 'Margaret']","['schoolteacher', 'teacher', 'retired']",[67],"['$420,000,', '$1,800', '$2,100', '$310,000', '$110,000', '$310,000', '$179,800,', '$130,000', '$4,650']"
failure_to_know_customer,standard,Rachel,"['Rachel Simmons', 'Dmitri Volkov', 'Dmitri', 'Anton', 'Rachel', 'Anton', 'Dmitri', 'Rachel', 'Anton', 'Dmitri', 'Dmitri', 'Dmitri', 'Anton', 'Dmitri', 'Anton', 'Rachel', 'Dmitri', 'Dmitri', 'Dmitri']",[],[52],"['$350,000,', '$2.1', '$45,000', '$185,000', '$95,000', '$11,200', '$185,000', '$2.1', '$127,000,', '$58,000']"
failure_to_know_customer,standard,Gerald,"['Gerald Okafor', 'Gerald', 'Marcus Tremblay', 'Gerald', 'Gerald', 'Gerald', 'Gerald', 'Gerald', 'Gerald', 'Gerald', 'Gerald', 'Gerald']",['retired'],[71],"['$185,000', '$2,100', '$850', '$250,000', '$500,000,', '$185,000', '$5,823', '$153,000']"
speculative_for_conservative_investor,standard,Dorothy,"['Dorothy Whitfield', 'Dorothy', 'Christine Ng', 'Dorothy', 'Dorothy', 'Dorothy', 'Paula', 'Dorothy', 'Dorothy', 'Dorothy', 'Paula', 'Dorothy', 'Dorothy', 'Dorothy', 'Paula', 'Dorothy']","['teacher', 'manager', 'retired']",[78],"['$620,000,', '$410,000', '$210,000', '$28,800', '$14,400', '$43,200', '$3,800', '$410,000', '$340', '$61,400', '$94,000,', '$237,000']"
reverse_churning,standard,Marcus,"['Marcus Delano', 'Theresa Huang']",['engineer'],[52],"['$185,000', '$410,000', '$14,900', '$120']"
private_placements_unsuitable,standard,Dawn,"['Dawn Kessler', 'Harold Brenton', 'Harold', 'Harold', 'Harold', 'Dawn', 'Dawn', 'Dawn', 'Harold', 'Dawn', 'Dawn', 'Harold']",['retired'],[79],"['$275,000', '$2,100', '$1,400', '$340,000,', '$6,000', '$9,000', '$275,000']"
leveraged_etf_unsuitable,standard,Margaret,"['Margaret Dawson', 'Kevin Brashear', 'Margaret']","['schoolteacher', 'teacher', 'retired']","[74, 38]","['$2,800', '$210,000,', '$1,200', '$85,000', '$30,000', '$28,900', '$8,400', '$210,000', '$168,500,', '$41,500,']"
margin_unsuitable,standard,David,"['David Chen', 'David', 'Rachel Simmons', 'David', 'Rachel', 'David', 'Rachel', 'David', 'David', 'David', 'David']","['engineer', 'mechanic']",[42],"['$345,000', '$200,000', '$1.9', '$1.2', '$380,000', '$120,000', '$850,000', '$170,000']"
high_fees_unsuitable,standard,Margaret,"['Margaret Thornton', 'Derek Paulson', 'Margaret', 'Paulson', 'Paulson', 'Margaret', 'Paulson', 'Margaret']",[],"[58, 62]","['$52,000', '$285,000', '$210,000', '$14,175', '$11,500', '$210,000', '$75,000']"
margin_unsuitable,standard,Harold,"['Harold', 'Doris Kemper', 'Harold', 'Doris', 'Anthony Rizzo', 'Kempers', 'Rizzo', 'Kempers', 'Rizzo', 'Rizzo', 'Kempers', 'Kempers', 'Kempers', 'Rizzo', 'Kempers']","['manager', 'electrician', 'retired']",[],"['$38,400', '$7,200', '$45,600', '$340,000,', '$85,000', '$240,000', '$155,000', '$85,000', '$148,000', '$85,000', '$5,900', '$57,100', '$155,000', '$97,900,', '$340,000', '$242,100', '$4,800']"
concentration_risk,standard,Margaret,"['Margaret Holloway', 'Derek Fanning', 'Margaret', 'Margaret', 'Margaret', 'Margaret']","['schoolteacher', 'teacher', 'retired']",[72],"['$38,000', '$22,000', '$410,000,', '$330,000', '$80,000', '$410,000', '$255,000,', '$155,000']"
complex_products_unsophisticated_investor,standard,Samuel,"['Samuel Ortiz', 'Samuel', 'Patricia Yuen', 'Samuel', 'Patricia', 'Samuel', 'Samuel', 'Samuel', 'Patricia', 'Patricia', 'Samuel']",[],"[55, 65]","['$67,000', '$185,000', '$40,000', '$55,000', '$100,000', '$30,000', '$40,000']"
high_fees_unsuitable,standard,Margaret,"['Margaret Olsen', 'Derek Tompkins', 'Tompkins', 'Margaret']","['schoolteacher', 'teacher', 'retired']",[74],"['$1,850', '$1,420', '$215,000', '$215,000', '$5,590', '$11,825', '$183,400', '$18,000,', '$10,906', '$7,094', '$18,000']"
mutual_fund_switching_churning,standard,Carlos,"['Carlos Mendez', 'Rachel Nguyen', 'Carlos', 'Nguyen', 'Nguyen', 'Carlos', 'Morningstar', 'Carlos', 'Carlos', 'Carlos', 'Nguyen', 'Carlos', 'Nguyen', 'Carlos']",['manager'],"[52, 65]","['$105,000', '$340,000', '$175,000', '$175,000', '$175,000', '$9,187.50', '$168,000', '$7,980', '$162,500', '$8,937.50', '$67,340', '$175,000,', '$134,200', '$209,000']"
speculative_for_conservative_investor,standard,Margaret,"['Margaret Holloway', 'David Kessler', 'Holloway', 'Kessler', 'Kessler', 'Holloway', 'Kessler', 'Holloway', 'Kessler', 'Kessler', 'Holloway']","['schoolteacher', 'teacher', 'retired']",[74],"['$620,000', '$2,400', '$1,850', '$128,000', '$620,000', '$219,000', '$401,000']"
illiquid_real_estate_investment,standard,Carlos,"['Carlos', 'Maria Espinoza', 'Carlos', 'Maria', 'Rachel Underwood', 'Espinozas', 'Espinozas']",['engineer'],[],"['$115,000', '$72,000', '$187,000', '$340,000', '$85,000', '$28,000', '$52,000', '$150,000', '$85,000', '$65,000', '$150,000', '$10,500', '$150,000', '$81,600,']"
market_timing_unsuitable,standard,Gloria,"['Gloria Reeves', 'Gloria', 'Daniel Fitch', 'Fitch', 'Fitch', 'Gloria', 'Gloria', 'Fitch', 'Gloria', 'Gloria', 'Gloria', 'Fitch', 'Gloria']",['retired'],[71],"['$2,400', '$185,000,', '$140,000', '$18,400', '$140,000', '$104,600', '$35,400', '$9,200', '$45,000']"
failure_to_know_customer,standard,Marcus,"['Marcus Webb', 'Claire Donovan', 'Donovan', 'Donovan', 'Donovan']",['manager'],[34],"['$320,000,', '$280,000', '$14.50', '$5.51', '$173,600', '$8,400', '$165,200', '$4,800', '$1,900']"
illiquid_real_estate_investment,standard,Margaret,"['Margaret Owens', 'Margaret', 'Margaret', 'Darren', 'Margaret', 'Margaret', 'Margaret']","['schoolteacher', 'teacher', 'retired']",[74],"['$2,800', '$185,000,', '$140,000', '$120,000', '$14,400']"
margin_unsuitable,standard,Kevin,"['Kevin Park', 'Kevin', 'Tanya Reeves', 'Kevin', 'Tanya', 'Kevin', 'Kevin', 'Kevin', 'Kevin']",[],[29],"['$42,000', '$3,200', '$15,000', '$30,000', '$15,000', '$15,000', '$13,500', '$5,250', '$700', '$15,000']"
reverse_churning,standard,Margaret,"['Margaret Holloway', 'Daniel Prescott', 'Margaret', 'Daniel', 'Daniel', 'Daniel', 'Margaret', 'Margaret', 'Margaret', 'Margaret', 'Margaret', 'Margaret']","['teacher', 'retired']",[68],"['$3,200', '$1,800', '$485,000', '$8,002.50', '$1,500', '$485,000', '$250,000', '$0.38', '$184,300', '$12,000', '$22,000']"
excessive_churning,standard,Roberto,"['Roberto Medina', 'Roberto', 'Allison Tran', 'Roberto', 'Allison', 'Allison', 'Roberto', 'Roberto', 'Roberto', 'Roberto', 'Roberto', 'Allison']",['engineer'],[44],"['$145,000', '$210,000', '$120,000', '$44,880', '$97,400', '$22,600', '$120,000', '$146,400', '$26,900']"
mutual_fund_switching_churning,standard,Margaret,"['Margaret Holloway', 'Kevin Drummond', 'Margaret', 'Drummond', 'Margaret', 'Drummond', 'Margaret', 'Drummond', 'Margaret', 'Margaret', 'Margaret', 'Margaret']",['retired'],[72],"['$2,800', '$185,000', '$12,000', '$40,000', '$60,000', '$185,000', '$9,713', '$9,200', '$8,600', '$27,500', '$141,000']"
illiquid_real_estate_investment,standard,David,"['David', 'Carolyn Espinoza', 'David', 'Carolyn', 'Brian Slocum', 'David', 'David', 'Carolyn', 'David', 'David']","['engineer', 'retired']",[],"['$18,000', '$78,000', '$620,000', '$410,000', '$210,000', '$340,000,', '$95,000', '$335,000', '$90,000,', '$85,000,', '$80,000,', '$80,000,', '$25,000', '$33,500', '$285,000', '$1.5']"
mutual_fund_switching_churning,standard,Margaret,"['Margaret Delson', 'Brian Kessler', 'Kessler', 'Kessler', 'Kessler', 'Margaret']","['schoolteacher', 'teacher', 'retired']",[62],"['$3,800', '$285,000', '$1.4', '$285,000', '$48,000', '$285,000', '$241,000,', '$44,000,']"
structured_products_unsuitable,standard,Harold,"['Harold', 'Diane Prescott', 'Harold', 'Diane', 'Craig Mooreland', 'Harold', 'Diane', 'Harold', 'Diane']",['retired'],[],"['$4,200', '$410,000', '$320,000', '$90,000', '$245,000', '$95,000', '$85,000', '$65,000', '$51,000', '$44,000']"
senior_investor_exploitation,standard,Margaret,"['Margaret Dunlap', 'Craig Ventura', 'Dunlap', 'Dunlap']","['attorney', 'manager', 'retired']","[81, 34, 75]","['$2,100', '$185,000,', '$140,000', '$67,000', '$3,800']"
reverse_churning,standard,David,"['David Kominsky', 'Elena Marchetti', 'Kominsky', 'Marchetti', 'Kominsky', 'Marchetti', 'Marchetti', 'Kominsky', 'Marchetti']",[],"[52, 67]","['$780,000', '$3.2', '$2.4', '$30,000', '$18,000']"
junk_bonds_conservative_investor,standard,Margaret,"['Margaret Olsen', 'Olsen', 'Kevin Marsh', 'Olsen', 'CCC+', 'Olsen', 'Olsen']","['teacher', 'retired']",[74],"['$2,400', '$1,800', '$340,000,', '$280,000', '$8,400', '$94,000,']"
inappropriate_risk_profile,standard,Daniel,"['Daniel', 'Susan Whitaker', 'Daniel', 'Susan', 'Rachel Nguyen', 'Daniel', 'Nguyen', 'Nguyen', 'Nguyen']",['manager'],[52],"['$88,000', '$32,000', '$120,000', '$210,000,', '$95,000,', '$40,000', '$1,900', '$650', '$14,000', '$6,200', '$210,000', '$118,000,']"
annuity_unnecessary_switching,standard,Margaret,"['Margaret Dawson', 'Kevin Brandt', 'Margaret', 'Margaret', 'Brandt', 'Margaret', 'Margaret', 'Margaret', 'Margaret', 'Margaret', 'Margaret', 'Margaret']","['schoolteacher', 'teacher', 'retired']","[71, 65]","['$2,800', '$185,000,', '$6,200', '$9,600', '$10,920', '$10,200', '$185,000,', '$152,300', '$135,000', '$32,000']"
private_placements_unsuitable,standard,Jean,"['Jean Petersen', 'Harold', 'Jean', 'Dennis Huang', 'Huang', 'Petersens', 'Huang', 'Petersens', 'Harold', 'Petersens']","['accountant', 'manager', 'retired']",[],"['$5,100', '$410,000,', '$245,000', '$70,000', '$65,000', '$55,000', '$55,000', '$55,000', '$55,000', '$245,000', '$98,000,', '$58,500', '$140,000']"
reverse_churning,standard,Margaret,"['Margaret Dawson', 'Margaret', 'Kevin Hartwell', 'Kevin', 'Kevin', 'Margaret', 'Margaret', 'Kevin', 'Margaret']","['teacher', 'retired']",[68],"['$3,400', '$1,800', '$410,000,', '$410,000', '$5,535', '$10,147']"
inappropriate_risk_profile,standard,Daniel,"['Daniel Reeves', 'Daniel', 'Lisa Cheng', 'Daniel', 'Lisa', 'Lisa', 'Daniel', 'Lisa']",['retired'],[74],"['$2,100', '$900', '$185,000,', '$129,500', '$55,500', '$98,000', '$87,000,']"
concentration_risk,standard,Margaret,"['Margaret Chen', 'Margaret', 'Daniel Russo', 'Margaret', 'Daniel', 'Margaret', 'Margaret', 'Margaret']","['teacher', 'retired']",[72],"['$2,800', '$1,400', '$410,000,', '$185,000,', '$330,000', '$80,000', '$80,000']"
tax_deferred_unnecessary_annuity,standard,Rajesh,"['Rajesh Patel', 'Roth', 'Patel', 'Laura Simmons', 'Laura', 'Laura', 'Patel', 'Laura', 'Patel', 'Patel', 'Laura', 'Patel', 'Patel']",[],"[58, 67, 67]","['$620,000', '$3.2', '$1.8', '$950,000', '$450,000', '$800,000', '$1.1', '$900,000', '$3,800', '$49,500', '$280,000']"
margin_unsuitable,standard,Dorothy,"['Dorothy Haines', 'Craig Perlman', 'Haines', 'Haines', 'Perlman', 'Haines', 'Haines']","['schoolteacher', 'teacher', 'retired']",[74],"['$2,800', '$1,650', '$310,000,', '$485,000', '$310,000', '$175,000', '$260,000,', '$140,000', '$7,400,', '$195,000', '$115,000,']"
options_unsuitable,standard,Marcus,"['Marcus Delgado', 'Natalie Rourke', 'Delgado']",['engineer'],[42],"['$185,000', '$420,000,', '$95,000,', '$150,000', '$665,000', '$18,200', '$87,000', '$63,000', '$112,000', '$47,000,']"
alternative_investments_unsuitable,standard,Margaret,"['Margaret Owens', 'Margaret', 'Derek Stanton', 'Derek', 'Derek', 'Margaret', 'Margaret', 'Margaret', 'Margaret']","['schoolteacher', 'teacher', 'retired']",[72],"['$2,800', '$1,450', '$285,000,', '$180,000', '$150,000', '$120,000', '$40,000', '$160,000', '$35,000']"
annuity_unnecessary_switching,standard,Ronald,"['Ronald Baker', 'Ronald', 'Ronald', 'Ronald', 'Lisa Tran', 'Lisa', 'Ronald', 'Ronald', 'Lisa', 'Ronald']",['manager'],"[58, 65]","['$78,000', '$200,000', '$228,000', '$6,840', '$221,160', '$13,270']"
private_placements_unsuitable,standard,Margaret,"['Margaret Chen', 'Margaret', 'Daniel Farris', 'Margaret', 'Margaret', 'Margaret', 'Margaret']","['schoolteacher', 'teacher', 'manager', 'retired']",[72],"['$42,000', '$22,800', '$310,000,', '$385,000', '$175,000', '$100,000', '$75,000', '$14,000', '$175,000']"
variable_annuity_unsuitable,standard,Robert,"['Robert', 'Sandra Whitfield', 'Robert', 'Sandra', 'Robert', 'Sandra', 'Kevin Park', 'Whitfields', 'Robert', 'Park', 'Whitfields', 'Park', 'Park', 'Whitfields', 'Whitfields', 'Park', 'Sandra', 'Park', 'Whitfields']",['manager'],[],"['$135,000', '$48,000', '$620,000,', '$380,000', '$95,000', '$145,000', '$28,000', '$120,000', '$140,000', '$140,000', '$9,100', '$9,800', '$140,000']"
illiquid_investments,standard,Margaret,"['Margaret Dawson', 'Derek Simmons', 'Simmons', 'Margaret', 'Margaret', 'Margaret']","['teacher', 'retired']",[74],"['$2,800', '$1,650', '$53,400', '$410,000', '$185,000,', '$290,000', '$20,300', '$6,500']"
inappropriate_risk_profile,standard,Ronald,"['Ronald', 'Patricia Chen', 'Ronald', 'Patricia', 'Chens', 'Chens', 'Ronald', 'Chens', 'Chens', 'Chens', 'Chens', 'Chens']","['engineer', 'manager', 'retired']",[],"['$45,000', '$58,000', '$780,000', '$95,000', '$40,000', '$620,000', '$110,000', '$95,000', '$320,000', '$415,000,', '$415,000', '$220,000,', '$195,000']"
tax_deferred_unnecessary_annuity,standard,Margaret,"['Margaret Shelton', 'Derek Quinlan', 'Quinlan', 'Margaret', 'Margaret', 'Quinlan', 'Quinlan', 'Margaret', 'Margaret']",['teacher'],[58],"['$62,000', '$410,000', '$13,735', '$24,600', '$18,000', '$27,000', '$415,000', '$490,000']"
speculative_for_conservative_investor,standard,Dorothy,"['Dorothy Ennis', 'Dorothy', 'Craig Noonan', 'Dorothy', 'Noonan', 'Dorothy', 'Dorothy', 'Dorothy', 'Dorothy', 'Dorothy']",['widow'],[74],"['$685,000', '$120,000', '$2,350', '$4,200,', '$805,000', '$87,400', '$14,200', '$685,000', '$298,000', '$387,000,']"
market_timing_unsuitable,standard,Gerald,"['Gerald Whitfield', 'Gerald', 'Derek Nunez', 'Gerald', 'Gerald', 'Gerald', 'Gerald', 'Gerald', 'Gerald', 'Derek', 'Gerald']",['retired'],[71],"['$38,000', '$22,000', '$310,000,', '$41,200', '$310,000', '$243,500', '$66,500', '$29,000']"
market_timing_unsuitable,standard,Samantha,"['Samantha Okoye', 'Craig Ellison', 'Craig', 'Craig', 'Craig', 'Craig', 'Craig']",['engineer'],[34],"['$195,000', '$1.2', '$420,000', '$420,000']"
failure_to_know_customer,standard,Gerald,"['Gerald Whitfield', 'Danielle Kramer', 'Kramer', 'Whitfield', 'Kramer', 'Whitfield', 'Kramer', 'Whitfield', 'Kramer', 'Whitfield', 'Whitfield']",['retired'],[74],"['$285,000', '$285,000', '$38,000', '$1,400']"
bond_duration_mismatch,standard,Patricia,"['Patricia', 'Robert Sandoval', 'Marcus Henley', 'Robert', 'Patricia', 'Henley', 'Robert', 'Henley', 'Henley', 'Henley']",['retired'],[],"['$1.8', '$420,000', '$7,500', '$4,200', '$150,000', '$420,000', '$900,000', '$1.32', '$480,000', '$390,000', '$280,000', '$170,000', '$900,000', '$1.32', '$830,000', '$490,000', '$150,000', '$68,000']"
senior_investor_exploitation,standard,Margaret,"['Margaret Dawson', 'Kevin Barlow', 'Barlow', 'Dawson', 'Dawson', 'Dawson']",['retired'],[79],"['$2,100', '$385,000', '$250,000', '$340,000', '$23,800', '$5,100', '$28,000']"
leveraged_etf_unsuitable,standard,Derek,"['Derek Simmons', 'Lisa Tran', 'Tran', 'Simmons', 'Tran', 'Simmons']",['engineer'],[44],"['$135,000', '$210,000', '$190,000', '$95,000', '$40,000', '$36,100']"
bond_duration_mismatch,standard,Margaret,"['Margaret Fielding', 'Margaret', 'Derek Montoya', 'Derek', 'Margaret', 'Margaret', 'Margaret', 'Margaret', 'Margaret']","['teacher', 'retired']",[72],"['$38,000', '$22,800', '$620,000,', '$3,000', '$480,000', '$7,200', '$86,000', '$3,000', '$367,000', '$113,000', '$480,000']"
variable_annuity_unsuitable,standard,Sandra,"['Sandra Kowalski', 'Sandra', 'Ryan Pittman', 'Ryan', 'Ryan', 'Ryan', 'Ryan']","['widow', 'retired']","[78, 78]","['$29,000', '$410,000', '$12,000', '$375,000', '$13,200', '$26,250', '$338,000', '$37,000']"
high_fees_unsuitable,standard,Margaret,"['Margaret Dawson', 'Kevin Barnett', 'Barnett', 'Margaret', 'Margaret', 'Barnett', 'Margaret']",['widow'],"[62, 65]","['$52,000', '$175,000', '$175,000', '$118,000,', '$57,000', '$38,500', '$31,000']"
high_fees_unsuitable,standard,Daniel,"['Daniel Okafor', 'Patricia Langston', 'Daniel', 'Patricia', 'Patricia', 'Patricia', 'Patricia']",['engineer'],[44],"['$135,000', '$410,000', '$185,000', '$155,000', '$185,000', '$30,000', '$1,575', '$1,200', '$401,000', '$595,000', '$152,000']"
private_placements_unsuitable,standard,Margaret,"['Margaret Kowalski', 'Daniel Farris', 'Margaret', 'Margaret', 'Margaret', 'Margaret']",['retired'],[74],"['$2,100', '$900', '$185,000,', '$90,000', '$250,000', '$7,200', '$52,000']"
alternative_investments_unsuitable,standard,Victor,"['Victor Sandoval', 'Victor', 'Rebecca Cho', 'Victor', 'Victor', 'Victor', 'Victor']",[],[52],"['$625,000', '$4.2', '$1.1', '$420,000', '$250,000,', '$3.5']"
high_fees_unsuitable,standard,Margaret,"['Margaret Donovan', 'Margaret', 'Kevin Briggs', 'Margaret', 'Kevin', 'Kevin', 'Kevin', 'Kevin', 'Margaret']","['teacher', 'retiree', 'retired']","[72, 72]","['$38,000', '$210,000', '$185,000', '$5,365', '$15,000', '$9,250', '$862.50']"
failure_to_know_customer,standard,Danielle,"['Danielle Reese', 'Samuel Okafor', 'Samuel', 'Samuel', 'Samuel']","['engineer', 'mechanic']",[34],"['$145,000', '$50,000', '$200', '$19,000']"
unsuitable_income_investor,standard,Margaret,"['Margaret Holloway', 'Derek Sanchez', 'Sanchez', 'Margaret', 'Margaret', 'Margaret']","['schoolteacher', 'teacher', 'retired']",[74],"['$2,100', '$800', '$310,000,', '$34,800', '$120,000', '$95,000', '$95,000', '$207,000,']"
illiquid_real_estate_investment,standard,Carlos,"['Carlos Mendez', 'Carlos', 'Lisa Tremaine', 'Carlos', 'Carlos', 'Carlos', 'Carlos', 'Carlos']",['manager'],[52],"['$115,000', '$240,000,', '$175,000,', '$30,000', '$28,000', '$150,000', '$132,000', '$150,000', '$500,000', '$430,000', '$150,000']"
concentration_risk,standard,Margaret,"['Margaret Chen', 'Margaret', 'David Kowalski', 'Kowalski', 'Margaret', 'Kowalski', 'Margaret', 'Margaret']","['teacher', 'retired']",[72],"['$410,000,', '$340,000', '$70,000', '$32,000,', '$1,500', '$305,000', '$340,000']"
unsuitable_income_investor,standard,Robert,"['Robert', 'Linda Dawson', 'Robert', 'Linda', 'Robert', 'Linda', 'Robert', 'Karen Suarez', 'Suarez', 'Suarez']",['retired'],[95],"['$1.8', '$900,000', '$500,000', '$400,000', '$4,200', '$1,100', '$650,000,', '$3,000', '$3,000']"
inappropriate_risk_profile,standard,Margaret,"['Margaret Olsen', 'Craig Delaney', 'Margaret', 'Margaret', 'Margaret']","['teacher', 'retired']",[61],"['$3,200', '$185,000', '$42,600', '$185,000', '$118,400,', '$66,600']"
private_placements_unsuitable,standard,Harold,"['Harold Briggs', 'Dana Prescott', 'Prescott', 'Prescott', 'Harold', 'Harold', 'Prescott']","['widow', 'retired']",[82],"['$340,000', '$22,000', '$2,100', '$280,000', '$19,600']"
illiquid_investments,standard,Margaret,"['Margaret Dawson', 'Margaret', 'Kevin Pruitt', 'Pruitt', 'Margaret', 'Pruitt', 'Margaret', 'Margaret']",['retired'],[71],"['$2,100', '$800', '$185,000,', '$140,000', '$30,000', '$1,890', '$7,700']"
concentration_risk,standard,David,"['David Nakamura', 'David', 'David', 'Rachel Simmons', 'David', 'Rachel', 'David', 'David', 'Rachel', 'David', 'David', 'David', 'Rachel']",[],"[52, 65]","['$420,000', '$6.2', '$2.8', '$1.9', '$800,000', '$700,000', '$350,000', '$150,000', '$350,000']"
concentration_risk,standard,Margaret,"['Margaret Holliday', 'Kevin Brandt', 'Brandt', 'Margaret', 'Margaret']",['retired'],[64],"['$410,000,', '$340,000', '$70,000', '$32,000,', '$1,800', '$305,000', '$189,000,', '$116,000']"
market_timing_unsuitable,standard,Harold,"['Harold Nguyen', 'Danielle Voss', 'Harold', 'Harold', 'Voss', 'Voss', 'Harold']","['mechanic', 'retired']","[81, 81]","['$525,000,', '$2,100', '$950', '$475,000', '$16,625']"
illiquid_investments,standard,Margaret,"['Margaret Townsend', 'Derek Hollis', 'Margaret', 'Margaret', 'Margaret']",['retired'],[74],"['$2,400', '$185,000,', '$130,000', '$50,000', '$45,000', '$35,000', '$9,100', '$60,000', '$55,000']"
options_unsuitable,standard,William,"['William', 'Dorothy Chen', 'William', 'Craig Delaney', 'Chens', 'Chens', 'Chens', 'Chens', 'Dorothy Chen']","['mechanic', 'retired']",[71],"['$4,800', '$410,000,', '$220,000', '$175,000', '$38,000', '$112,000', '$410,000', '$148,000', '$262,000,']"
high_fees_unsuitable,standard,Margaret,"['Margaret Dawson', 'Kevin Blanchard', 'Kevin', 'Margaret', 'Margaret']","['teacher', 'retired']",[72],"['$2,400', '$1,800', '$340,000,', '$280,000', '$280,000', '$11,480', '$11,200', '$31,000', '$15,000']"
junk_bonds_conservative_investor,standard,David,"['David', 'Ellen Kowalski', 'David', 'Ellen', 'Rachel Simmons', 'Rachel', 'Rachel', 'Kowalskis']","['nurse', 'engineer']","[58, 70]","['$195,000', '$115,000', '$310,000', '$1.9', '$720,000', '$480,000', '$350,000', '$350,000', '$120,000', '$650,000', '$95,000']"
options_unsuitable,standard,Margaret,"['Margaret Donnelly', 'Kevin Mallory', 'Margaret', 'Margaret', 'Margaret', 'Margaret']","['teacher', 'retired']",[72],"['$38,000', '$210,000,', '$14,200', '$61,500', '$9,400', '$210,000', '$153,300,']"
margin_unsuitable,standard,David,"['David Chen', 'David', 'Rachel Simmons', 'David', 'David', 'Rachel', 'Rachel', 'David', 'David', 'Rachel', 'David', 'Rachel', 'David', 'David']",['engineer'],[45],"['$285,000', '$150,000', '$1.8', '$1.1', '$320,000', '$270,000', '$1.8', '$270,000,', '$2.15']"
overconcentration_single_stock,standard,Margaret,"['Margaret Dawson', 'Kevin Marsh', 'Kevin', 'Margaret', 'Kevin', 'Margaret', 'Margaret', 'Kevin', 'Margaret', 'Margaret', 'Kevin']","['teacher', 'retired']",[72],"['$410,000,', '$310,000', '$100,000', '$32,000', '$275,000', '$170,500', '$104,000']"
illiquid_investments,standard,Carlos,"['Carlos Reyes', 'Carlos', 'Pamela Whitfield', 'Carlos', 'Pamela', 'Pamela', 'Carlos', 'Pamela', 'Pamela', 'Carlos', 'Carlos', 'Carlos', 'Carlos', 'Carlos']",['plumber'],[58],"['$78,000', '$230,000', '$145,000', '$85,000', '$1,200', '$12,000', '$8,500', '$120,000', '$8,400', '$120,000', '$25,000', '$12,000', '$120,000']"
variable_annuity_unsuitable,standard,Margaret,"['Margaret Olsen', 'Olsen', 'Kevin Driscoll', 'Olsen', 'Olsen']","['teacher', 'retired']",[81],"['$24,000', '$16,000', '$285,000,', '$230,000', '$16,100', '$35,000', '$2,975']"
excessive_load_funds,standard,Daniel,"['Daniel', 'Patricia Hwang', 'Daniel', 'Patricia', 'Ross Pennington', 'Pennington', 'Patricia']",['attorney'],[],"['$410,000', '$285,000', '$2.8', '$600,000', '$1.9', '$95,400', '$1', '$1.9', '$95,400', '$21,850', '$8,550', '$290,000', '$47,700']"
alternative_investments_unsuitable,standard,Margaret,"['Margaret Dawson', 'Margaret', 'Derek Halloran', 'Margaret', 'Margaret', 'Margaret', 'Margaret', 'Margaret']","['schoolteacher', 'teacher', 'retired']",[74],"['$620,000', '$2,100', '$1,400', '$1,800', '$385,000,', '$140,000', '$120,000', '$125,000', '$80,000', '$95,000,', '$52,000']"
overconcentration_single_stock,standard,Ryan,"['Ryan Cheng', 'Ryan', 'Ryan', 'Lisa Moretti', 'Ryan', 'Ryan', 'Ryan', 'Ryan', 'Ryan', 'Ryan']",['engineer'],[42],"['$4.8', '$2.2', '$1.1', '$600,000', '$520,000', '$380,000', '$340,000', '$150,000', '$200,000', '$2.6']"
senior_investor_exploitation,standard,Margaret,"['Margaret Dunlap', 'Margaret', 'Brian Kessler', 'Kessler', 'Margaret', 'Kessler', 'Margaret', 'Margaret']","['schoolteacher', 'teacher', 'retired']",[84],"['$1,870', '$620', '$215,000', '$95,000', '$70,000', '$50,000', '$6,650', '$48,300', '$38,000']"
private_placements_unsuitable,standard,Raymond,"['Raymond Ochoa', 'Raymond', 'Denise Farrow', 'Raymond', 'Raymond', 'Raymond', 'Raymond']","['engineer', 'widow', 'widower', 'retired']",[78],"['$1.4', '$620,000', '$310,000', '$290,000', '$180,000', '$67,000', '$400,000', '$280,000', '$120,000', '$28,000', '$312,000', '$88,000']"
speculative_for_conservative_investor,standard,Margaret,"['Margaret Dalton', 'Dalton', 'Kevin Marsh', 'Kevin Marsh', 'Dalton', 'bull', 'Marsh', 'Dalton', 'Dalton']","['teacher', 'manager', 'retired']",[74],"['$2,800', '$1,950', '$215,000,', '$160,000', '$68,000,']"
illiquid_real_estate_investment,standard,David,"['David Chen', 'David', 'Rachel Simmons', 'David', 'David', 'David', 'Rachel', 'David', 'David', 'David']",[],[52],"['$410,000', '$180,000', '$4.8', '$1.9', '$620,000', '$450,000', '$1.2', '$630,000', '$150,000', '$150,000', '$150,000']"
alternative_investments_unsuitable,standard,Margaret,"['Margaret Donovan', 'Margaret', 'Kyle Stanton', 'Stanton', 'Margaret', 'Stanton', 'Margaret', 'Margaret']",['retired'],[74],"['$36,000', '$185,000,', '$120,000', '$95,000']"
alternative_investments_unsuitable,standard,David,"['David Nakamura', 'David', 'Priya Malhotra', 'David', 'David', 'David', 'David', 'David', 'David']",[],[52],"['$1.4', '$6.8', '$2.2', '$3.1', '$400,000', '$500,000']"
excessive_churning,standard,Margaret,"['Margaret', 'Donald Pruitt', 'Kevin Holbrook', 'Holbrook', 'Margaret Pruitt']","['schoolteacher', 'teacher', 'retired']",[],"['$54,000', '$320,000', '$185,000', '$47,600', '$320,000', '$198,000,', '$122,000,']"
structured_products_unsuitable,standard,Ananya,"['Ananya Mehta', 'Mehta', 'Ross Dellinger', 'Mehta', 'Mehta', 'Mehta']",[],[43],"['$485,000', '$1.9', '$600,000', '$900,000', '$400,000', '$650,000', '$16,250', '$650,000', '$371,000', '$279,000']"
unsuitable_income_investor,standard,Margaret,"['Margaret Dawson', 'Dawson', 'Craig Pemberton', 'Dawson', 'Dawson', 'Pemberton']","['teacher', 'retired']",[71],"['$2,400', '$1,100', '$285,000,', '$800', '$171,000', '$71,250', '$42,750', '$231,000', '$54,000,']"
penny_stocks_unsuitable,standard,David,"['David', 'Susan Reilly', 'David', 'Susan', 'David', 'Nathan Suarez', 'David', 'Suarez', 'Suarez', 'Suarez', 'Reillys', 'Suarez', 'Suarez', 'Reillys', 'Reillys']",[],[54],"['$67,000', '$24,000', '$138,000', '$95,000', '$43,000', '$38,000', '$0.15', '$2.80', '$11,800', '$95,000', '$34,500', '$60,500,']"
junk_bonds_conservative_investor,standard,Margaret,"['Margaret Holloway', 'Derek Sims', 'Holloway', 'Derek Sims', 'Holloway', 'Holloway']","['teacher', 'retiree', 'retired']",[74],"['$2,400', '$1,850', '$310,000,', '$51,000', '$230,000', '$9,200', '$158,000,', '$72,000', '$18,000']"
illiquid_real_estate_investment,standard,Jonathan,"['Jonathan Reeves', 'Patricia Nguyen', 'Reeves', 'Patricia', 'Patricia', 'Reeves', 'Patricia', 'Reeves', 'Patricia', 'Reeves', 'Reeves', 'Reeves', 'Patricia', 'Reeves']",[],[52],"['$875,000', '$6.8', '$3.2', '$1.4', '$1.5', '$700,000', '$400,000', '$320,000', '$320,000', '$2.88', '$400,000']"
inappropriate_risk_profile,standard,Margaret,"['Margaret Holloway', 'Derek Nash', 'Margaret', 'Derek', 'Derek', 'Margaret', 'Derek', 'Derek', 'Margaret', 'Margaret', 'Derek', 'Margaret']","['teacher', 'manager', 'retired']",[74],"['$2,800', '$210,000,', '$115,500', '$42,000', '$52,500', '$139,000', '$71,000,']"
speculative_for_conservative_investor,standard,Raymond,"['Raymond', 'Susan Cho', 'Raymond', 'Susan', 'Raymond', 'Paul Hennessey', 'Chos', 'Paul', 'Raymond', 'Paul', 'Paul', 'Paul', 'Chos', 'Raymond', 'Paul']","['engineer', 'mechanic', 'retired']",[],"['$45,000', '$52,000', '$430,000', '$285,000', '$6,500', '$3,400', '$180,000', '$130,000', '$120,000', '$200,000', '$85,000', '$715,000', '$568,000', '$147,000', '$18,700']"
excessive_churning,standard,Margaret,"['Margaret Dawson', 'Kevin Ruiz', 'Margaret', 'Margaret', 'Margaret', 'Ruiz', 'Margaret']",['retired'],[72],"['$340,000,', '$1,850', '$2,400', '$50,320', '$340,000', '$271,400', '$68,600']"
illiquid_real_estate_investment,standard,David,"['David Chen', 'David', 'Lisa Fontaine', 'Lisa', 'David', 'David', 'Lisa', 'David', 'Lisa', 'David']",['engineer'],[48],"['$425,000', '$3.2', '$1.4', '$900,000', '$900,000', '$1.1', '$200,000']"
junk_bonds_conservative_investor,standard,Margaret,"['Margaret Dawson', 'Kevin Driscoll', 'Margaret', 'CCC+', 'Margaret', ""D. Margaret's""]","['teacher', 'retired']",[74],"['$38,000,', '$22,000', '$16,000', '$310,000,', '$195,000', '$74,000', '$31,000']"
complex_products_unsophisticated_investor,standard,Carlos,"['Carlos Medina', 'Danielle Pryor', 'Carlos', 'Pryor', 'Pryor', 'Carlos', 'Pryor', 'Carlos', 'Carlos', 'Carlos', 'Carlos', 'Pryor', 'Carlos', 'Carlos', 'Carlos']",[],[29],"['$47,000', '$120,000', '$120,000', '$45,000', '$35,000', '$40,000', '$40,000', '$2,600', '$79,400,', '$40,600']"
market_timing_unsuitable,standard,Margaret,"['Margaret Olsen', 'Margaret', 'Daniel Kowalski', 'Margaret', 'Kowalski', 'Margaret', 'Kowalski', 'Margaret', 'Margaret', 'Kowalski']","['teacher', 'retired']",[71],"['$2,800', '$1,950', '$385,000,', '$31,400', '$2,890', '$385,000', '$341,200,', '$43,800,']"
crypto_assets_unsuitable,standard,Jason,"['Jason', 'Priya Mehta', 'Jason', 'Rebecca Tran', 'Tran', 'Bitcoin', 'Avalanche', 'Tran', 'Bitcoin', 'Tran', 'Bitcoin']","['pharmacist', 'manager']",[44],"['$165,000', '$128,000', '$620,000,', '$290,000', '$255,000', '$75,000', '$340,000', '$100,000', '$95,000', '$40,000', '$25,000', '$50', '$160,000', '$24,000,', '$78,500']"
variable_annuity_unsuitable,standard,Margaret,"['Margaret Holloway', 'Margaret', 'Keith Drummond', 'Keith', 'Keith', 'Margaret', 'Margaret']",['retired'],[78],"['$2,100', '$650', '$185,000,', '$210,000', '$155,000', '$9,300', '$18,600', '$12,000']"
options_unsuitable,standard,David,"['David Yuen', 'David', 'Patricia Salazar', 'David', 'Patricia', 'David', 'David', 'David', 'David']",[],[52],"['$340,000', '$1.8', '$920,000,', '$280,000,', '$650,000', '$520,000', '$4,200,']"
private_placements_unsuitable,standard,Margaret,"['Margaret Holloway', 'Margaret', 'Derek Simmons', 'Margaret', 'Derek', 'Margaret', 'Margaret']","['teacher', 'retired']",[71],"['$340,000,', '$280,000', '$60,000', '$2,400', '$140,000', '$140,000']"
unsuitable_income_investor,standard,Robert,"['Robert Chen', 'Robert', 'Lisa Nakamura', 'Lisa', 'Robert', 'Robert']",['retired'],[66],"['$2.8', '$650,000,', '$3,200', '$2.8', '$95,000', '$85,000,']"
inappropriate_risk_profile,standard,Margaret,"['Margaret Holloway', 'Margaret', 'Derek Simmons', 'Derek', 'Derek', 'Margaret', 'Margaret', 'Morningstar', 'Derek', 'Margaret', 'Margaret', 'Margaret', 'Margaret', 'Derek', 'Margaret']","['teacher', 'retired']",[74],"['$2,400', '$1,850', '$310,000,', '$4,800', '$217,000', '$198,000,', '$112,000']"
crypto_assets_unsuitable,standard,Ryan,"['Ryan Kowalski', 'Ryan', 'Ryan', 'Patricia Nolan', 'Patricia', 'Ryan', 'Patricia', 'Bitcoin', 'Patricia', 'Ryan', 'Bitcoin', 'Ryan', 'Ryan', 'Bitcoin', 'Ryan', 'Patricia', 'Ryan']",['engineer'],"[34, 22]","['$195,000', '$120,000', '$680,000,', '$420,000', '$260,000', '$2,800', '$85,000', '$45,000', '$35,000']"
failure_to_know_customer,standard,Marcus,"['Marcus Tremblay', 'Denise Kowalski', 'Denise', 'Denise', 'Denise', 'Denise']","['manager', 'retired']",[74],"['$410,000', '$1,650', '$85,000,', '$1.2', '$410,000', '$238,000', '$172,000,']"
excessive_churning,standard,Helen,"['Helen Novotny', 'Gerald', 'Gerald', 'Gerald', 'Gerald', 'Gerald', 'Craig Summerlin', 'Gerald', 'Craig', 'Craig', 'Craig', 'Gerald', 'Craig', 'Helen', 'Craig', 'Helen']",[],[78],"['$2,200', '$800', '$620,000', '$187,000', '$620,000', '$341,000,', '$279,000']"
lack_of_diversification,standard,Margaret,"['Margaret Chen', 'Kevin Russo', 'Margaret', 'Margaret', 'Margaret', 'Margaret']","['schoolteacher', 'teacher', 'retired']",[72],"['$410,000,', '$340,000', '$1,800', '$950', '$290,000', '$340,000', '$290,000', '$133,400', '$340,000', '$183,400']"
margin_unsuitable,standard,David,"['David Okafor', 'David', 'Patricia Hale', 'David', 'David', 'David', 'David', 'Patricia Hale', 'David']",['teacher'],[38],"['$52,000', '$8,000,', '$41,000,', '$25,000', '$33,000', '$50,000', '$25,000', '$25,000', '$32,500', '$6,200', '$5,800', '$25,000', '$19,200', '$1,400']"
inappropriate_risk_profile,standard,Margaret,"['Margaret Chen', 'Margaret', 'Derek Hollins', 'Margaret', 'Derek', 'Derek', 'Margaret', 'Margaret', 'Derek', 'Margaret', 'Margaret', 'Derek']",['retired'],[72],"['$2,400', '$185,000', '$111,000', '$46,250', '$27,750', '$147,000,', '$38,000', '$12,000,']"
variable_annuity_unsuitable,standard,Robert,"['Robert', 'Linda Grasso', 'Robert', 'Robert', 'Pamela Reeves', 'Robert', 'Pamela', 'Grassos', 'Robert']",['retired'],[],"['$4,800', '$3,200', '$8,000', '$520,000', '$310,000', '$140,000', '$70,000', '$385,000', '$310,000', '$20,150', '$289,000', '$25,000', '$1,875']"
bond_duration_mismatch,standard,Martha,"['Martha Collings', 'Martha', 'Derek Huang', 'Derek', 'Derek', 'Martha', 'Martha', 'Martha', 'Derek', 'Derek', 'Martha']","['teacher', 'retired']",[72],"['$2,400', '$1,800', '$410,000,', '$150,000', '$340,000', '$70,000', '$78,000,', '$50,000']"
inappropriate_risk_profile,standard,Sofia,"['Sofia Mendes', 'Natalie Beecham', 'Natalie', 'Natalie', 'Natalie', 'Natalie', 'Natalie']",['mechanic'],[],"['$58,000', '$26,000', '$47,000', '$12,000', '$19,000', '$14,000', '$47,000', '$8,000', '$47,000', '$21,400', '$16,800']"
mutual_fund_switching_churning,standard,Martha,"['Martha Collings', 'Brian Prescott', 'Martha', 'Martha', 'Morningstar', 'Martha', 'Martha', 'Prescott', 'Martha']","['schoolteacher', 'teacher', 'retired']",[67],"['$42,000', '$310,000', '$38,600', '$310,000,', '$274,000', '$29,000']"
excessive_load_funds,standard,Derek,"['Derek', 'Samantha Huang', 'Lance Dobbins']",[],[],"['$285,000', '$820,000', '$1.4', '$820,000', '$42,500', '$250,000', '$33,800']"
lack_of_diversification,standard,Margaret,"['Margaret Olsen', 'David Huang', 'Huang', 'Huang', 'Margaret', 'Huang', 'Huang', 'Margaret', 'Margaret']","['schoolteacher', 'teacher', 'retired']",[71],"['$38,000', '$1,850', '$285,000', '$210,000,', '$1,200', '$8,500', '$4,200', '$240,000', '$16,800', '$15,000', '$1,500', '$45,000']"
mutual_fund_switching_churning,standard,Robert,"['Robert Tran', 'Robert', 'Carla Messina', 'Robert', 'Robert', 'Robert', 'Robert', 'Messina', 'Robert', 'Messina']","['widow', 'retired']",[78],"['$620,000', '$3,100', '$2,200', '$3,800', '$87,400', '$6,200', '$620,000', '$491,000', '$129,000,', '$52,000']"
speculative_for_conservative_investor,standard,Margaret,"['Margaret Olsen', 'Margaret', 'Derek Swanson', 'Margaret', 'Swanson', 'Margaret', 'Margaret', 'Margaret']","['teacher', 'retiree', 'retired']",[74],"['$2,400', '$1,800', '$310,000,', '$185,000', '$245,000', '$65,000', '$55,000', '$50,000', '$40,000', '$35,000', '$500', '$118,000,', '$192,000,']"
leveraged_etf_unsuitable,standard,Thomas,"['Thomas', 'Thomas', 'Thomas', 'Rachel Dominguez', 'Dominguez', 'Dominguez', 'Parks', 'Parks', 'Parks', 'Thomas', 'Parks', 'Parks']","['engineer', 'manager', 'retired']",[],"['$45,000', '$52,000', '$870,000,', '$540,000', '$330,000', '$390,000', '$230,000', '$155,000', '$130,000', '$110,000', '$95,000', '$130,000', '$620,000', '$620,000', '$383,000,', '$237,000']"
overconcentration_single_stock,standard,Margaret,"['Margaret Liu', 'Derek Robbins', 'Robbins', 'Margaret', 'Robbins', 'Margaret', 'Margaret', 'Margaret', 'Robbins']",['retired'],[72],"['$340,000,', '$280,000', '$60,000', '$38,000', '$230,000', '$230,000', '$105,800,', '$124,200', '$4,600']"
margin_unsuitable,standard,Carlos,"['Carlos Medina', 'Pamela Whitfield', 'Carlos', 'Whitfield', 'Carlos', 'Carlos', 'Whitfield', 'Carlos', 'Carlos', 'Carlos']",['plumber'],[45],"['$85,000', '$210,000,', '$55,000', '$110,000', '$55,000', '$55,000', '$3,850', '$38,600', '$20,250', '$55,000', '$38,600', '$34,750', '$20,000']"
complex_products_unsophisticated_investor,standard,Margaret,"['Margaret Holloway', 'Kevin Pratt', 'Kevin', 'Margaret', 'Margaret', 'Kevin', 'Margaret', 'Kevin', 'Margaret', 'Margaret']","['teacher', 'retired']",[67],"['$3,200', '$1,800', '$410,000', '$1,200', '$410,000', '$102,500', '$18,400', '$410,000', '$250,000', '$359,000', '$51,000']"
private_placements_unsuitable,standard,Derek,"['Derek', 'Susan Yamamoto', 'Derek', 'Susan', 'Rachel Dominguez', 'Rachel', 'Rachel']",['engineer'],[44],"['$145,000', '$78,000', '$223,000', '$780,000,', '$320,000', '$290,000', '$95,000', '$75,000', '$80,000', '$5,600', '$80,000', '$2,400']"
margin_unsuitable,standard,Gloria,"['Gloria Hernandez', 'Gloria', 'Derek Simms', 'Derek', 'Derek', 'Gloria', 'Gloria', 'Gloria', 'Derek']",['mechanic'],[61],"['$285,000', '$92,000', '$54,000,', '$210,000', '$377,000', '$565,000', '$340,000', '$118,000', '$119,000', '$258,000,']"
leveraged_etf_unsuitable,standard,Martin,"['Martin Okafor', 'Paige Whitfield', 'Paige', 'Paige', 'Martin', 'Martin']",['retired'],[74],"['$2,100', '$1,400', '$215,000', '$155,000', '$65,000', '$50,000', '$40,000', '$60,000', '$155,000', '$139,400', '$15,600,', '$4,200']"
speculative_for_conservative_investor,standard,Margaret,"['Margaret Townsend', 'Derek Paulson', 'Margaret', 'Paulson', 'Margaret', 'Margaret']","['teacher', 'retired']","[74, 34]","['$2,400', '$1,800', '$310,000,', '$245,000', '$85,000', '$80,000', '$80,000', '$7,350', '$94,000,', '$151,000']"
concentration_risk,standard,Vincent,"['Vincent Zhao', 'Vincent', 'Rachel Kim', 'Vincent', 'Rachel', 'Rachel', 'Vincent', 'Rachel', 'Vincent', 'Rachel', 'Vincent', 'Vincent', 'Rachel']",[],[42],"['$425,000', '$200,000', '$2.8', '$1.4', '$900,000,', '$5.1', '$850,000', '$200,000', '$125,000', '$1.95', '$4,250']"
illiquid_real_estate_investment,standard,Margaret,"['Margaret Dawson', 'Margaret', 'Craig Heller', 'Craig', 'Margaret', 'Craig', 'Margaret', 'Margaret']","['schoolteacher', 'teacher', 'retired']",[74],"['$38,000', '$22,000', '$310,000,', '$185,000', '$6,500']"
market_timing_unsuitable,standard,Daniel,"['Daniel', 'Susan Park', 'Daniel', 'Susan', 'Renée Whitfield', 'Parks', 'Parks', 'Renée', 'Parks', 'Renée']",['manager'],[],"['$72,000', '$28,000', '$420,000,', '$340,000', '$80,000', '$38,200', '$340,000', '$289,000', '$51,000', '$19,500']"
lack_of_diversification,standard,Rebecca,"['Rebecca Thornton', 'Craig Pullman', 'Rebecca']",['widow'],"[58, 67]","['$52,000', '$475,000', '$310,000', '$785,000', '$290,000', '$260,000', '$235,000', '$542,000,', '$243,000']"
excessive_load_funds,standard,Martin,"['Martin Delacruz', 'Yolanda Kim', 'Martin', 'Martin']","['engineer', 'manager']",[34],"['$185,000', '$60,000', '$220,000', '$30,000,', '$3,150', '$60,000', '$60,000', '$100,000']"
excessive_load_funds,standard,Derek,"['Derek Hollins', 'Patricia Gorman', 'Patricia', 'Derek', 'Derek', 'Patricia', 'Patricia', 'Derek', 'Patricia', 'Patricia']",[],[58],"['$52,000', '$135,000', '$90,000', '$28,000', '$160,000', '$135,000', '$6,413', '$114,200', '$90,000', '$20,000', '$4,050']"
structured_products_unsuitable,standard,Renata,"['Renata Solis', 'James', 'Deborah Chen', 'James', 'Deborah', 'James', 'James', 'Chens', 'Chens', 'Chens', 'Chens', 'Chens', 'Chens', 'James']","['engineer', 'retired']","[74, 70]","['$78,000,', '$410,000,', '$175,000', '$4,375', '$17,500', '$15,925', '$138,250', '$36,750']"
senior_investor_exploitation,standard,Margaret,"['Margaret Holloway', 'Holloway', 'Holloway', 'Gerald Tatum', 'Holloway', 'Holloway', 'Holloway']","['physician', 'attorney', 'retired']",[81],"['$2,100', '$650', '$185,000', '$2,800', '$1,200', '$27,000', '$140,000', '$185,000', '$9,800', '$22,000', '$1,980']"
annuity_unnecessary_switching,standard,David,"['David Kirkpatrick', 'Susan Pratt', 'Pratt', 'Kirkpatrick', 'Pratt']",['manager'],"[58, 67]","['$135,000', '$410,000', '$95,000', '$230,000', '$200,000', '$192,000', '$8,000', '$11,520', '$8,000']"
alternative_investments_unsuitable,standard,Harold,"['Harold Jennings', 'Harold', 'Craig Delmonico', 'Harold', 'Craig', 'Craig', 'Craig', 'Harold', 'Harold']",['retired'],[72],"['$38,000', '$22,000', '$310,000,', '$185,000', '$155,000', '$45,000', '$13,750', '$27,000']"
complex_products_unsophisticated_investor,standard,Maria,"['Maria Sandoval', 'Tanya Reeves', 'Maria', 'Maria', 'Maria', 'Maria', 'Maria', 'Maria']","['teacher', 'mechanic']",[44],"['$68,000', '$140,000,', '$55,000,', '$125,000', '$30,000', '$100', '$49.95', '$0.65', '$25,000', '$2,800', '$1,050']"
structured_products_unsuitable,standard,Margaret,"['Margaret Dawson', 'Margaret', 'Derek Nguyen', 'Margaret', 'Derek', 'Margaret', 'Margaret']","['teacher', 'retired']",[74],"['$2,800', '$1,600', '$310,000,', '$310,000', '$185,000', '$180,000', '$180,000', '$112,000,', '$68,000']"
excessive_churning,standard,Raj,"['Raj Mehta', 'Stephanie', 'Stephanie', 'Raj', 'Stephanie']",[],[52],"['$420,000', '$1.2', '$189,000', '$47,000,', '$168,000']"
options_unsuitable,standard,Margaret,"['Margaret Kessler', 'Margaret', 'David Russo', 'David', 'Margaret', 'David', 'Margaret', 'Margaret', 'David', 'David', 'Margaret']","['schoolteacher', 'teacher', 'retired']",[74],"['$620,000', '$2,800', '$1,900', '$87,000', '$620,000', '$195,000', '$425,000', '$15,000']"
illiquid_investments,standard,Carlos,"['Carlos', 'Elena Reyes', 'Carlos', 'Tanya Whitfield', 'Carlos', 'Carlos']",['retired'],[],"['$1.1', '$340,000', '$150,000,', '$1.59', '$2,200', '$6,500,', '$4,300', '$3,100', '$950,000', '$600,000', '$350,000', '$640,000', '$200,000', '$440,000', '$59,500', '$14,000', '$275,000', '$68,000', '$870,000']"
market_timing_unsuitable,standard,Gerald,"['Gerald Whitman', 'Gerald', 'Craig Denning', 'Gerald', 'Denning', 'Gerald', 'Gerald', 'Gerald', 'Gerald']",['retired'],[71],"['$38,000', '$215,000,', '$180,000', '$11,200', '$34,500']"
market_timing_unsuitable,standard,Priya,"['Priya Chandrasekaran', 'Denise Kowalski', 'Kowalski', 'Kowalski', 'Kowalski', 'Kowalski']",[],[42],"['$310,000', '$1.8', '$400,000', '$85']"
excessive_load_funds,standard,Margaret,"['Margaret Ellison', 'Derek Paulson', 'Margaret', 'Margaret', 'Paulson', 'Margaret', 'Margaret']","['teacher', 'retired']",[62],"['$3,200', '$410,000', '$410,000', '$20,910', '$10,200', '$371,000']"
inappropriate_risk_profile,standard,Carlos,"['Carlos', 'Elena Reyes', 'Carlos', 'Jason Whitfield', 'Whitfield', 'Whitfield', 'Whitfield', 'Carlos', 'Whitfield', 'Whitfield']",[],[],"['$52,000', '$22,000', '$65,000', '$4,000', '$48,000', '$2', '$17,000', '$21,400', '$43,600']"
excessive_load_funds,standard,Margaret,"['Margaret Holloway', 'Derek Langston', 'Margaret', 'Derek', 'Derek', 'Margaret', 'Margaret', 'Derek', 'Margaret', 'Margaret', 'Margaret']","['schoolteacher', 'teacher', 'retired']",[71],"['$2,800', '$185,000', '$185,000', '$10,638,', '$174,362', '$149,950', '$158,000']"
leveraged_etf_unsuitable,standard,Carlos,"['Carlos Medina', 'Carlos', 'Jenna Whitfield', 'Jenna', 'Carlos', 'Jenna', 'Carlos', 'Jenna', 'Carlos', 'Carlos', 'Carlos', 'Carlos', 'Jenna']","['engineer', 'mechanic', 'retired']",[63],"['$45,000', '$520,000,', '$110,000', '$260,000', '$130,000', '$130,000', '$390,000', '$262,000,', '$128,000', '$132,000', '$394,000,', '$520,000']"
mutual_fund_switching_churning,standard,Margaret,"['Margaret Holloway', 'Derek Simmons', 'Shares', 'Holloway', 'Holloway', 'Holloway', 'Holloway']","['schoolteacher', 'teacher', 'retired']",[71],"['$42,000', '$1,800', '$310,000,', '$310,000,', '$17,825', '$285,000', '$10,688', '$270,000', '$10,125', '$38,638', '$310,000', '$258,000,', '$52,000,', '$38,638', '$15,000']"
leveraged_etf_unsuitable,standard,David,"['David', 'Karen Chen', 'David', 'Karen', 'David', 'Ryan Prescott', 'Chens', 'Prescott', 'Chens', 'Chens', 'Prescott', 'Chens', 'Chens', 'Prescott']",[],[58],"['$68,000', '$32,000', '$100,000', '$475,000', '$180,000', '$40,000', '$190,000', '$95,000', '$95,000', '$95,000', '$62,000', '$161,000,', '$29,000', '$190,000', '$190,000', '$215,000']"
excessive_load_funds,standard,Margaret,"['Margaret Olsen', 'Brian Kessler', 'Kessler', 'Margaret', 'Kessler', 'Kessler', 'Margaret', 'Margaret', 'Margaret']","['schoolteacher', 'teacher', 'retired']",[72],"['$38,000', '$22,000', '$410,000,', '$340,000', '$17,850', '$13,600', '$340,000', '$5,950', '$28,000']"
tax_deferred_unnecessary_annuity,standard,Rajiv,"['Rajiv Mehta', 'Mehta', 'Carla Denton', 'Mehta', 'Denton', 'Mehta', 'Denton', 'Mehta', 'Denton', 'Mehta']",[],"[54, 65]","['$580,000', '$1.2', '$800,000', '$27,600', '$800,000', '$56,000', '$960', '$200,000']"
high_fees_unsuitable,standard,Margaret,"['Margaret Olson', 'Margaret', 'Craig Dennison', 'Margaret', 'Margaret', 'Margaret', 'Margaret']","['teacher', 'retired']",[74],"['$2,800', '$1,900', '$210,000,', '$185,000', '$210,000', '$7,875', '$8,400', '$45,000', '$2,700', '$3,100', '$159,200']"
high_fees_unsuitable,standard,Anand,"['Anand Mehta', 'Mehta', 'Linda Vasquez', 'Mehta', 'Mehta', 'Mehta', 'Mehta', 'Mehta']",[],[52],"['$780,000', '$6.2', '$2.1', '$1.8', '$1.5', '$800,000', '$300,000', '$1.8']"
penny_stocks_unsuitable,standard,Margaret,"['Margaret Holloway', 'Derek Rollins', 'Margaret', 'Rollins', 'Margaret', 'Margaret']","['schoolteacher', 'teacher', 'retired']",[72],"['$2,400', '$185,000', '$0.14', '$0.08', '$0.22', '$97,000', '$6,800', '$0.02', '$0.05', '$97,000', '$11,400,', '$85,600']"
tax_deferred_unnecessary_annuity,standard,Carlos,"['Carlos', 'Elena Reyes', 'Carlos', 'Carlos', 'Carlos', 'Brenda Kessler', 'Kessler', 'Kessler', 'Kessler']",['mechanic'],[],"['$58,000', '$22,000', '$80,000', '$62,000', '$14,000', '$55,000', '$62,000', '$3,025']"
mutual_fund_switching_churning,standard,Margaret,"['Margaret Kowalski', 'Daniel Pratt', 'Margaret', 'Pratt', 'Margaret', 'Pratt']",['retired'],[72],"['$34,000', '$185,000', '$12,000', '$9,650', '$5,200', '$185,000', '$168,400', '$9,650', '$40,000']"
leveraged_etf_unsuitable,standard,Robert,"['Robert', 'Sandra Chen', 'Robert', 'Sandra', 'Kevin Burgess', 'Robert', 'Sandra', 'Robert', 'Chens', 'Chens', 'Chens', 'Chens']",[],"[58, 65]","['$62,000', '$24,000', '$290,000', '$145,000', '$50,000', '$145,000', '$109,000', '$50,000', '$28,500', '$290,000', '$232,500,', '$57,500']"
unsuitable_income_investor,standard,Maria,"['Maria Gonzalez', 'Derek Stanton', 'Maria']",[],"[44, 14]","['$34,000', '$38,000,', '$87,000', '$62,000', '$0.38', '$0.12', '$50', '$4,340', '$25,000', '$11,400,', '$50,600']"
crypto_assets_unsuitable,standard,Howard,"['Howard Ling', 'Howard', 'Carla Webb', 'Webb', 'Howard', 'Howard', 'Howard']","['engineer', 'retired']","[72, 69]","['$3,200', '$1,800', '$410,000', '$55,000', '$190,000', '$85,000', '$55,000', '$30,000', '$20,000', '$90', '$4,750', '$20,000', '$1,200', '$148,000,', '$42,000', '$8,500']"
excessive_churning,standard,Robert,"['Robert Kline', 'Daniel Prescott', 'Prescott']",[],[42],"['$95,000', '$340,000', '$58,600', '$340,000', '$291,000,', '$49,000,']"
senior_investor_exploitation,standard,Margaret,"['Margaret Holloway', 'Christine Dao', 'Dao']","['attorney', 'retired']",[78],"['$4.2', '$2.8', '$62,000', '$48,000']"
illiquid_investments,standard,Eduardo,"['Eduardo Reyes', 'Maria', 'Craig Winslow', 'Craig']",[],[],"['$58,000', '$52,000', '$145,000', '$8,000', '$105,000', '$1', '$200,000', '$35,000', '$105,000']"
variable_annuity_unsuitable,standard,Dorothy,"['Dorothy Hamblin', 'Susan', 'Dorothy', 'Kevin Briggs', 'Dorothy', 'Kevin', 'Kevin', 'Dorothy', 'Dorothy', 'Dorothy']","['schoolteacher', 'teacher', 'retired']",[79],"['$2,400', '$1,850', '$51,000', '$320,000', '$45,000', '$275,000', '$15,125', '$40,000', '$2,520']"
variable_annuity_unsuitable,standard,Margaret,"['Margaret Holloway', 'Margaret', 'Kevin Pratt', 'Kevin', 'Margaret', 'Kevin', 'Margaret', 'Margaret', 'Margaret', 'Kevin']","['schoolteacher', 'teacher', 'retired']",[78],"['$2,400', '$800', '$185,000,', '$210,000', '$155,000', '$40,000', '$2,380', '$148,200']"
private_placements_unsuitable,standard,David,"['David', 'Clara Nguyen', 'David', 'Clara', 'Nguyens', 'Renee Whitfield', 'Renee', 'Nguyens', 'Nguyens', 'Nguyens']",['manager'],[52],"['$95,000', '$62,000', '$157,000', '$620,000,', '$285,000', '$140,000', '$45,000', '$150,000', '$24,000', '$105,000', '$60,000', '$45,000', '$54,000', '$11,700', '$9,000', '$140,000,', '$35,000']"
illiquid_real_estate_investment,standard,Margaret,"['Margaret Hollis', 'Derek Faulkner', 'Faulkner', 'Margaret', 'Faulkner', 'Margaret', 'Margaret', 'Margaret', 'Margaret']","['teacher', 'retired']",[74],"['$410,000,', '$230,000', '$95,000', '$60,000', '$125,000', '$2,800', '$175,000', '$175,000']"
illiquid_real_estate_investment,standard,Cameron,"['Cameron Rios', 'Priya Nair']",[],"[48, 65]","['$310,000', '$1.9', '$400,000', '$750,000', '$150,000']"
options_unsuitable,standard,Margaret,"['Margaret Dawson', 'Keith Brennan', 'Dawson', 'Brennan', 'Brennan', 'Dawson', 'Brennan', 'Dawson', 'Dawson', 'Brennan']","['teacher', 'retired']",[72],"['$2,800', '$185,000,', '$185,000', '$91,400', '$93,600,', '$11,200']"
leveraged_etf_unsuitable,standard,David,"['David Kowalski', 'Kowalski', 'Ryan Metcalf', 'Kowalski', 'Metcalf', 'Metcalf', 'Kowalski', 'Metcalf', 'Kowalski', 'Metcalf', 'Kowalski', 'Kowalski', 'Metcalf', 'Kowalski', 'Metcalf', 'Kowalski', 'Metcalf']",[],"[58, 65]","['$74,000', '$210,000', '$340,000', '$340,000', '$2', '$265,200', '$340,000', '$148,600', '$191,400', '$2.4']"
unsuitable_income_investor,standard,Margaret,"['Margaret Dawson', 'Craig Linden', 'Linden', 'Margaret', 'Margaret']",['retired'],[72],"['$2,400', '$185,000', '$185,000', '$120,000', '$65,000', '$72,400,', '$112,000']"
high_fees_unsuitable,standard,David,"['David Yoon', 'Patricia Stokes', 'Yoon', 'Yoon']","['engineer', 'mechanic']",[45],"['$115,000', '$620,000,', '$410,000', '$210,000', '$210,000', '$4,800', '$11,025', '$210,000', '$14,700', '$945', '$46,200']"
annuity_unnecessary_switching,standard,Margaret,"['Margaret Olsen', 'Derek Haines', 'Margaret', 'Margaret', 'Margaret']","['schoolteacher', 'teacher', 'retired']","[71, 75, 75, 85]","['$2,800,', '$1,950', '$310,000', '$185,000', '$5,550', '$11,667,']"
mutual_fund_switching_churning,standard,Rajesh,"['Rajesh Patel', 'Cynthia Morales', 'Morales', 'Morningstar', 'Morales', 'Rajesh', 'Morales']",['business owner'],[52],"['$175,000', '$420,000', '$88,200', '$1.68', '$35,280']"
private_placements_unsuitable,standard,Margaret,"['Margaret Dunlap', 'Craig Bellweather', 'Margaret', 'Craig', 'Margaret', 'Margaret']","['schoolteacher', 'teacher', 'retired']",[74],"['$38,000', '$215,000,', '$120,000', '$70,000', '$50,000']"
lack_of_diversification,standard,Daniel,"['Daniel Yoo', 'Daniel', 'Patricia Nolan', 'Patricia', 'Patricia', 'Daniel', 'Patricia', 'Daniel', 'Daniel']",['engineer'],"[42, 60]","['$340,000', '$200,000', '$1.8', '$2.1', '$85,000', '$120,000', '$1.8']"
illiquid_investments,standard,Margaret,"['Margaret Dawson', 'Kevin Bartlett', 'Bartlett', 'Bartlett', 'Margaret', 'Bartlett']","['schoolteacher', 'teacher', 'retired']",[72],"['$410,000,', '$285,000', '$75,000', '$50,000', '$2,100', '$850', '$200,000', '$80,000']"
alternative_investments_unsuitable,standard,David,"['David Chen', 'David', 'Patricia Morales', 'David', 'Patricia', 'David', 'David', 'Patricia', 'David']",['engineer'],[48],"['$425,000', '$300,000', '$4.8', '$2.1', '$1.4', '$800,000', '$500,000', '$1.2', '$320,000', '$350,000']"
market_timing_unsuitable,standard,Helen,"['Helen Kowalski', 'Derek Paulson', 'Kowalski', 'Paulson', 'Kowalski', 'Kowalski', 'Kowalski']","['schoolteacher', 'teacher', 'retired']",[71],"['$42,000', '$22,800', '$385,000,', '$175,000', '$38,600', '$51,200,', '$385,000', '$333,800']"
crypto_assets_unsuitable,standard,Marcus,"['Marcus Delgado', 'Roth', 'Tanya Bridges', 'Tanya Bridges', 'Roth', 'Bridges', 'Bridges']",['manager'],"[58, 65]","['$94,000', '$520,000', '$410,000', '$110,000', '$45,000', '$18,000', '$1,200', '$55,000', '$500', '$55,000', '$34,100']"
penny_stocks_unsuitable,standard,Margaret,"['Margaret Holloway', 'Derek Stanton', 'Margaret', 'Margaret', 'Stanton', 'Margaret', 'Margaret', 'Stanton']","['teacher', 'retired']","[72, 38]","['$2,400', '$1,600', '$185,000,', '$210,000', '$48,000', '$0.12', '$2.85', '$142,000,', '$8,900', '$97,000', '$88,000,']"
private_placements_unsuitable,standard,Thomas,"['Thomas', 'Linda Brennan', 'Thomas', 'Linda', 'Cynthia Park', 'Thomas', 'Park', 'Park']",['manager'],[45],"['$115,000', '$38,000', '$153,000', '$620,000', '$95,000,', '$40,000,', '$385,000', '$140,000', '$45,000', '$200,000', '$95,000', '$105,000', '$120,000', '$50,000', '$80,000', '$200,000', '$22,400', '$110,000,', '$90,000,']"
overconcentration_single_stock,standard,Margaret,"['Margaret Chen', 'Derek Sullivan', 'Sullivan', 'Margaret', 'Sullivan', 'Margaret', 'Margaret', 'Margaret', 'Margaret']",['retired'],[72],"['$620,000,', '$485,000', '$1,850', '$900', '$340,000', '$340,000', '$108,800,', '$231,000', '$148,000', '$485,000', '$256,800']"
illiquid_investments,standard,Jonathan,"['Jonathan Reeves', 'Jonathan', 'Patricia Lam', 'Patricia', 'Jonathan', 'Patricia', 'Jonathan', 'Jonathan', 'Jonathan']",[],[48],"['$1.2', '$8.5', '$3.1', '$2.8', '$2.6', '$400,000', '$34,000', '$400,000']"
complex_products_unsophisticated_investor,standard,Margaret,"['Margaret Olsen', 'Derek Hanlon', 'Margaret', 'Hanlon', 'Hanlon', 'Margaret', 'Margaret', 'Margaret', 'Atlas', 'Margaret']","['teacher', 'retired']",[72],"['$2,800', '$1,600', '$310,000', '$45,000', '$85,000', '$220,000', '$120,000', '$100,000', '$15,400', '$14,800', '$30,000']"
concentration_risk,standard,Robert,"['Robert', 'Linda Chen', 'Robert', 'Linda', 'Robert', 'Patricia Navarro', 'Chens', 'Robert', 'Linda', 'Chens', 'Chens']",['manager'],[],"['$95,000', '$32,000', '$480,000,', '$60,000', '$25,000', '$22,000', '$480,000', '$50,000', '$60,000', '$530,000', '$254,400', '$275,600']"
junk_bonds_conservative_investor,standard,Margaret,"['Margaret Holloway', 'Margaret', 'Margaret', 'Brian Kessler', 'Brian', 'Margaret', 'Brian', 'Margaret', 'Margaret', 'Margaret']","['teacher', 'retired']",[74],"['$2,400', '$1,850', '$310,000,', '$310,000', '$215,000', '$5,375', '$68,000']"
margin_unsuitable,standard,David,"['David Nakamura', 'David', 'Lisa Tran', 'David', 'Lisa', 'David', 'David', 'Lisa', 'David', 'David', 'David']",['plumber'],[58],"['$72,000', '$185,000', '$95,000', '$12,000', '$1,200', '$23,000', '$31,000', '$197,000', '$90,000', '$2,700', '$74,000', '$3,500,', '$185,000', '$98,000', '$87,000,', '$11,200']"
bond_duration_mismatch,standard,Margaret,"['Margaret Holloway', 'Derek Simmons', 'Simmons', 'Margaret', 'Margaret', 'Margaret', 'Margaret']","['schoolteacher', 'teacher', 'retired']",[74],"['$620,000', '$2,400', '$1,800', '$5,500', '$480,000', '$107,000,', '$373,000', '$140,000', '$9,600']"
reverse_churning,standard,Carlos,"['Carlos', 'Elena Reyes', 'Carlos', 'Ryan Prescott', 'Prescott', 'Prescott']",[],[],"['$95,000', '$185,000', '$185,000', '$5,365', '$2,682', '$2,683', '$150', '$192,000', '$186,600']"
leveraged_etf_unsuitable,standard,Margaret,"['Margaret Olson', 'Derek Fontaine', 'Olson', 'Olson', 'Olson']",['retired'],[72],"['$310,000,', '$185,000', '$125,000', '$28,000,', '$800', '$90,000', '$12,600']"
mutual_fund_switching_churning,standard,Raymond,"['Raymond Chu', 'Lisa Tran', 'Chu', 'Tran', 'Chu', 'Chu', 'Chu', 'Morningstar', 'Tran']",['manager'],[55],"['$142,000', '$620,000', '$280,000', '$95,000', '$87,400', '$52,000', '$108,000']"
unsuitable_income_investor,standard,Margaret,"['Margaret Downey', 'Craig Hollister', 'Margaret', 'Hollister', 'Margaret', 'Hollister', 'Margaret']",['retired'],[72],"['$2,100', '$800', '$340,000,', '$2,900', '$245,000', '$95,000', '$95,000', '$30,000', '$9,500']"
inappropriate_risk_profile,standard,David,"['David Park', 'David', 'Priya Mehta', 'David', 'Mehta', 'David', 'David', 'David']",['engineer'],[34],"['$185,000', '$60,000', '$420,000', '$85,000', '$150,000', '$2,800', '$45,000', '$150,000']"
excessive_load_funds,standard,Margaret,"['Margaret Holloway', 'Derek Stanton', 'Margaret', 'Margaret', 'Margaret', 'Margaret', 'Margaret', 'Margaret', 'Margaret']","['schoolteacher', 'teacher', 'retired']",[72],"['$3,200', '$1,800', '$210,000', '$210,000', '$11,340', '$9,870', '$178,500', '$31,500', '$21,210,']"
inappropriate_risk_profile,standard,Samuel,"['Samuel Ngata', 'Priya Deshmukh', 'Samuel', 'Samuel', 'Samuel', 'Samuel', 'Samuel', 'Samuel', 'Samuel', 'Samuel']",['engineer'],[34],"['$145,000', '$85,000', '$58,900', '$26,100,', '$2,400']"
lack_of_diversification,standard,Margaret,"['Margaret Hilston', 'Derek Paulson', 'Margaret', 'Derek', 'Margaret', 'Margaret', 'Margaret']","['schoolteacher', 'teacher', 'retired']",[72],"['$2,800', '$340,000', '$295,000', '$45,000', '$41,300']"
concentration_risk,standard,Carlos,"['Carlos', 'Maria Delgado', 'Brenda Marsh', 'Brenda', 'Brenda', 'Carlos']",[],[],"['$78,000', '$95,000', '$110,000', '$82,000', '$95,000', '$3.00', '$13,000', '$4,200', '$82,000', '$11,400,', '$70,600']"
senior_investor_exploitation,standard,Margaret,"['Margaret Holloway', 'Margaret', 'Derek Simmons', 'Derek', 'Derek', 'Margaret', 'Derek', 'Derek', 'Margaret', 'Margaret', 'Derek', 'Derek', 'Margaret', 'Margaret', 'Margaret', 'Derek', 'Margaret', 'Margaret', 'Derek']","['schoolteacher', 'teacher', 'retired']",[79],"['$34,000', '$18,000', '$410,000,', '$300,000', '$19,500', '$16,500', '$283,500', '$19,845', '$19,845', '$300,000', '$260,000', '$39,345']"
variable_annuity_unsuitable,standard,David,"['David Kowalski', 'David', 'David', 'David', 'Rachel Stein', 'David', 'Rachel', 'David', 'Rachel', 'David', 'David', 'David']",['manager'],"[52, 65]","['$115,000', '$340,000,', '$185,000', '$45,000', '$120,000', '$185,000', '$462', '$10,175', '$5,365']"
structured_products_unsuitable,standard,Margaret,"['Margaret Thornton', 'Derek Hollis', 'Margaret', 'Margaret']","['retiree', 'retired']",[74],"['$2,800', '$310,000,', '$185,000', '$9,250', '$185,000', '$98,050,', '$86,950', '$19,700', '$67,250,']"
excessive_churning,standard,Robert,"['Robert Kimura', 'Allison Garrett', 'Robert', 'Allison', 'Allison', 'Robert', 'Robert', 'Robert', 'Allison']",['dentist'],[52],"['$230,000', '$680,000,', '$520,000', '$78,400', '$41,000,', '$78,400', '$37,400', '$62,400', '$520,000']"
margin_unsuitable,standard,Dorothy,"['Dorothy Kessler', 'Dorothy', 'Marcus Fielding', 'Dorothy', 'Dorothy', 'Dorothy', 'Dorothy', 'Dorothy', 'Dorothy', 'Dorothy']","['teacher', 'retired']",[74],"['$410,000', '$2,800', '$1,950', '$215,000', '$35,000', '$180,000,', '$23,400', '$47,600', '$189,000', '$221,000']"
overconcentration_single_stock,standard,Nathan,"['Nathan Cho', 'Nathan', 'Priya Venkatesh', 'Priya', 'Priya', 'Priya']",['engineer'],[38],"['$245,000', '$300,000', '$3.2', '$1.4', '$900,000', '$600,000', '$300,000', '$1.1', '$400,000', '$900,000', '$900,000', '$900,000']"
options_unsuitable,standard,Margaret,"['Margaret Kowalski', 'Margaret', 'Dale Prescott', 'Margaret', 'Prescott', 'Margaret', 'Margaret', 'Margaret', 'Margaret', 'Margaret', 'Prescott']","['teacher', 'retired']",[71],"['$2,800', '$1,950', '$340,000', '$12,000', '$87,500', '$340,000', '$228,400,', '$111,600', '$14,200']"
inappropriate_risk_profile,standard,Daniel,"['Daniel Reeves', 'Daniel', 'Linda', 'Daniel', 'Linda', 'Craig Emerson', 'Daniel', 'Daniel', 'Linda', 'Daniel', 'Daniel', 'Daniel']",['mechanic'],"[58, 56, 62]","['$612,000', '$28,000', '$45,000', '$118,000', '$4,200', '$3,000', '$612,000', '$245,000', '$185,000', '$122,000', '$60,000', '$321,700,', '$290,300']"
senior_investor_exploitation,borderline,Margaret,"['Margaret Dalton', 'Daniel Kershaw', 'Kershaw', 'Margaret', 'Margaret', 'Kershaw', 'Margaret', 'Margaret', 'Daniel', 'Kershaw', 'Margaret', 'Kershaw', 'Margaret']","['executive', 'retired']","[74, 38]","['$3.8', '$1.4', '$1.6', '$650,000', '$150,000', '$135,000', '$210,000', '$280,000', '$47,000', '$31,000', '$16,000', '$5,800', '$1.42', '$1.4']"
options_unsuitable,borderline,Margaret,"['Margaret Ellison', 'Derek Haynes', 'Derek', 'Margaret', 'Margaret', 'Margaret', 'Derek', 'Margaret', 'Derek', 'Margaret', 'Margaret', 'Margaret']",['retired'],[62],"['$1.4', '$48,000', '$22,000', '$70,000,', '$1.6', '$400,000', '$2,500', '$4,000', '$41,000', '$27,000', '$5,400', '$1,100', '$41,000', '$27,000', '$180,000']"
excessive_churning,borderline,Margaret,"['Margaret Kowalski', 'Kevin Bartlett', 'Bartlett', 'Margaret', 'Bartlett', 'Margaret', 'Margaret', 'Bartlett', 'Margaret', 'Margaret', 'Bartlett', 'Margaret', 'Bartlett', 'Bartlett', 'Margaret', 'Margaret', 'Bartlett', 'Margaret', 'Margaret']",['retired'],"[58, 34]","['$620,000', '$180,000', '$2,000', '$3,000', '$41,200', '$19,750,', '$6,400', '$15,050,', '$26,150', '$2,250', '$13,100']"
failure_to_know_customer,borderline,Marcus,"['Marcus Webb', 'Diane Kowalski', 'Diane', 'Greeks', 'Diane', 'Diane', 'Diane', 'Diane', 'Diane', 'Diane', 'Diane', 'max', 'Diane']",['engineer'],[34],"['$185,000', '$320,000,', '$610,000', '$100,000', '$4,500', '$12,000,', '$25,000', '$45,000', '$67,000', '$800,', '$6,200']"
senior_investor_exploitation,borderline,Margaret,"['Margaret Holloway', 'Margaret', 'Kevin Marsh', 'Margaret', 'Kevin', 'Margaret', 'Kevin', 'Margaret', 'Margaret', 'Margaret', 'Margaret', 'Linda', 'Linda', 'Linda', 'Margaret', 'Margaret', 'Margaret', 'Kevin Marsh', 'Margaret', 'Margaret', 'Margaret']","['engineer', 'contractor', 'retired']","[74, 31]","['$2.8', '$4,200', '$3,100', '$180,000', '$87,600', '$3,000', '$18,000', '$41,000', '$23,500,', '$17,500', '$2,100', '$4,800', '$2.8', '$3.04']"
inappropriate_risk_profile,borderline,Marcus,"['Marcus Ellison', 'Ellison', 'Janet Cormier', 'Ridgepoint', 'Cormier', 'Ellison', 'Greeks', 'Ellison', 'Ellison', 'Ellison', 'Ellison', 'Ellison', 'Ellison', 'Ellison', 'Ellison', 'Ellison', 'Ellison']","['engineer', 'mechanic']",[34],"['$185,000', '$620,000,', '$410,000', '$210,000', '$210,000', '$3,500', '$5,000', '$31,400', '$12,600', '$31,400', '$25,000']"
complex_products_unsophisticated_investor,borderline,Marcus,"['Marcus Whitfield', 'Whitfield', 'Dana Reeves', 'Whitfield', 'Whitfield', 'Whitfield', 'Whitfield', 'Whitfield', 'Whitfield', 'Whitfield', 'Whitfield']","['manager', 'mechanic']",[34],"['$62,000', '$47,000', '$3,800', '$18,000', '$6,200', '$25,000']"
excessive_churning,borderline,Marcus,"['Marcus Aldridge', 'Danielle Kovac', 'Kovac', 'Kovac']","['engineer', 'manager', 'veteran']",[42],"['$285,000', '$1.8', '$175,000,', '$41,200', '$0.50', '$0.65', '$175,000', '$138,000', '$37,000']"
options_unsuitable,borderline,Marcus,"['Marcus Trenton', 'Diana Chowdhury', 'Diana', 'Diana', 'Diana', 'Diana']","['engineer', 'mechanic']",[34],"['$185,000', '$620,000,', '$410,000', '$210,000', '$210,000', '$38,000', '$87,000,', '$52,000,', '$100,000']"
complex_products_unsophisticated_investor,borderline,Danielle,['Danielle Reeves'],[],[34],"['$72,000', '$185,000,', '$41,000', '$800', '$1,500', '$41,000', '$29,200', '$11,800,']"
complex_products_unsophisticated_investor,borderline,Marcus,['Marcus Redfield'],"['manager', 'mechanic']",[34],"['$72,000', '$145,000,', '$18,400', '$6,200', '$12,200', '$145,000', '$128,500', '$9,800', '$5,100']"
inappropriate_risk_profile,borderline,Marcus,"['Marcus Delgado', 'Sandra Chen', 'Chen', 'Delgado', 'Chen', 'Delgado']","['engineer', 'mechanic']",[34],"['$185,000', '$620,000,', '$290,000', '$95,000', '$235,000', '$8,200', '$41,000']"
inappropriate_risk_profile,borderline,Margaret,"['Margaret Holloway', 'Derek Paulson', 'Paulson', 'Holloway', 'Holloway', 'Paulson', 'Paulson']","['mechanic', 'retired']",[58],"['$62,000', '$1.1', '$38,500', '$14,200', '$11,800', '$3,100']"
excessive_churning,borderline,Danielle,['Danielle Foss'],['engineer'],[44],"['$310,000', '$2.1', '$680,000', '$213,600', '$680,000', '$491,000', '$189,000,']"
complex_products_unsophisticated_investor,borderline,Marcus,"['Marcus Webb', 'Derek Hollis', 'Derek', 'max', 'Derek']",[],[34],"['$52,000', '$41,000', '$200', '$1,500', '$6,800,', '$3,000', '$11,200', '$18,000']"
options_unsuitable,borderline,Marcus,"['Marcus Delgado', 'Janet Liu', 'Janet Liu']","['engineer', 'manager']",[34],"['$195,000', '$410,000,', '$4,500', '$18,000', '$27,000', '$11,200', '$8,000', '$12,000', '$55,000', '$65,000', '$43,800']"
senior_investor_exploitation,borderline,Margaret,"['Margaret Holloway', 'Derek Campos', 'Margaret', 'Derek', 'Margaret', 'Margaret', 'Derek', 'Margaret', 'Margaret', 'Margaret', 'Margaret', 'Derek', 'Margaret', 'Margaret', 'Margaret', 'Margaret', 'Derek', 'Derek', 'Margaret']","['engineer', 'attorney', 'mechanic', 'retired']","[74, 38]","['$2.1', '$1.4', '$700,000', '$4,200', '$3,800', '$72,000,', '$18,000', '$40,000', '$55,000', '$38,200', '$22,400', '$15,800,', '$6,100', '$1.4', '$1.52', '$8,200', '$7,100']"
senior_investor_exploitation,borderline,Margaret,"['Margaret Ellison', 'Margaret', 'Kevin Royce', 'Kevin', 'Margaret', 'Margaret', 'Craig', 'Craig', 'Kevin', 'Craig', 'Margaret', 'Margaret', 'Margaret', 'Kevin', 'Kevin', 'Margaret', 'Kevin']","['physician', 'engineer', 'manager', 'retiree', 'retired']","[74, 38, 74]","['$2.1', '$4,200', '$3,100', '$38,400', '$87,000', '$180,000', '$4,100', '$11,000']"
complex_products_unsophisticated_investor,borderline,Marcus,"['Marcus Webb', 'Denise Calvert', 'Denise', 'Denise', 'Denise', 'Denise', 'Denise']",['veteran'],[34],"['$72,000', '$185,000,', '$28,000', '$19,400', '$28,000', '$14,200']"
inappropriate_risk_profile,borderline,Marcus,"['Marcus Whitfield', 'Dana Pelletier', 'Dana', 'Dana', 'Roy Hutchins', 'Dana', 'Dana', 'Dana']","['engineer', 'manager', 'mechanic', 'retired']",[58],"['$7,200', '$1.4', '$130,000', '$1.4', '$800', '$1,500', '$3,500', '$5,000', '$12,000', '$15,000', '$23,000', '$9,400,', '$14,600,']"
complex_products_unsophisticated_investor,borderline,Marcus,"['Marcus Tremblay', 'Danielle Reeves']",['mechanic'],[34],"['$62,000', '$47,000', '$300', '$500', '$22,000', '$7,000', '$12,000', '$1,800', '$8,400']"
complex_products_unsophisticated_investor,borderline,Marcus,"['Marcus Webb', 'Danielle Pratt']",['mechanic'],[34],"['$62,000', '$47,000,', '$4,200', '$31,000', '$3,400', '$2,800']"
senior_investor_exploitation,borderline,Margaret,"['Margaret Ellison', 'Kevin Draper', 'Ellison', 'Ellison', 'Ellison', 'Ellison', 'Ellison', 'Ellison', 'Ellison']","['attorney', 'retiree', 'retired']","[74, 38, 74]","['$3.2', '$1.8', '$4,200', '$3,100', '$78,000', '$142,000', '$31,000']"
inappropriate_risk_profile,borderline,Marcus,"['Marcus Whitfield', 'Diana Chou', 'Diana', 'Diana', 'Diana', 'Diana', 'Diana', 'Diana', 'Baxter-Leeds', ""Baxter-Leeds's""]","['engineer', 'manager', 'mechanic']",[34],"['$185,000', '$620,000,', '$290,000', '$210,000', '$4,200', '$95,000', '$47,000', '$290,000', '$228,000']"
complex_products_unsophisticated_investor,borderline,Marcus,"['Marcus Delgado', 'Tier 2', 'Sandra Choi', 'Sandra', 'Sandra']",['mechanic'],[34],"['$62,000', '$85,000', '$140,000', '$75,000', '$150,000', '$1,200', '$8,400', '$5,100,', '$3,300', '$2,900', '$3,500,', '$14,000', '$9,800', '$13,100,']"
complex_products_unsophisticated_investor,borderline,Marcus,"['Marcus Delgado', 'Heather Yamamoto', 'Heather']",['mechanic'],[34],"['$62,000', '$47,000', '$15,000', '$3,800,']"
senior_investor_exploitation,borderline,Margaret,"['Margaret Hollis', 'Derek Fanning', 'Karen', 'Karen', 'Fanning', 'Karen', 'Hollis', 'Hollis', 'Hollis']","['physician', 'retiree', 'retired']","[74, 41]","['$1.85', '$1.2', '$650,000', '$6,200', '$2,800', '$78,000,', '$2.1', '$127,000', '$410,000', '$38,000,', '$52,000', '$14,200', '$74,800', '$200,000', '$350,000']"
excessive_churning,borderline,Marcus,"['Marcus Delgado', 'Angela Chen', 'Chen', 'Chen', 'Chen', 'Chen', 'Chen', 'Chen', 'Chen', 'Chen', 'Chen']","['engineer', 'manager']",[41],"['$185,000', '$1.2', '$140,000', '$38,000', '$25,000', '$43,500', '$220,000,']"
inappropriate_risk_profile,borderline,Marcus,"['Marcus Ellison', 'Ellison', 'Dana Whitfield', 'Whitfield', 'Ellison', 'Whitfield', 'Ellison', 'Whitfield', 'Ellison', 'Ellison', 'Ellison', 'Ellison', 'Whitfield', 'Whitfield', 'Whitfield', 'Ellison', 'Ellison', 'Whitfield', 'Ellison']","['manager', 'mechanic']",[58],"['$145,000', '$1.2', '$410,000', '$18,500', '$6,200', '$14,800']"
senior_investor_exploitation,borderline,Margaret,"['Margaret Dawson', 'Margaret', 'Kevin Purcell', 'Margaret', 'Kevin', 'Kevin', 'Margaret', 'Kevin', 'Margaret', 'Margaret', 'Kevin', 'Margaret', 'Margaret', 'Margaret', 'Lisa', 'Lisa', 'Kevin', 'Kevin', 'Lisa', 'Margaret', 'Kevin', 'Kevin', 'Margaret', 'Margaret', 'Kevin', 'Margaret', 'Kevin']","['engineer', 'attorney', 'retired']",[74],"['$3.2', '$1.8', '$900,000', '$4,200', '$3,100', '$135,000', '$47,000', '$62,000', '$4,800', '$400,000', '$6,400', '$0.65']"
failure_to_know_customer,borderline,Marcus,"['Marcus Ellison', 'Sandra Chu', 'Sandra Chu', 'Sandra']","['attorney', 'mechanic']",[24],"['$62,000', '$45,000,', '$52,000', '$38,000', '$40', '$48', '$19', '$40', '$60,000', '$38,000', '$27,400']"
options_unsuitable,borderline,Marcus,"['Marcus Whitfield', 'Dana Okafor', 'Dana', 'Dana', 'Dana Okafor']","['engineer', 'manager']",[34],"['$185,000', '$410,000', '$290,000', '$440,000', '$185,000,', '$18,200', '$47,000', '$290,000', '$243,000', '$11,000']"
options_unsuitable,borderline,Marcus,"['Marcus Webb', 'Dana Choi', 'Dana Choi', 'Dana Choi', 'Dana Choi']",['engineer'],[34],"['$185,000', '$620,000,', '$340,000', '$18,400', '$290,000', '$74,000']"
complex_products_unsophisticated_investor,borderline,Marcus,"['Marcus Delgado', 'Priya Narayan', 'Delgado']",['mechanic'],[34],"['$52,000', '$47,000', '$38,000', '$55,000', '$51,000,', '$52,000', '$3,200', '$800', '$1,200', '$4,100', '$6,800,']"
failure_to_know_customer,borderline,Dana,"['Dana Whitfield', 'Dana', 'Dana', 'Greeks', 'Dana', 'Dana', 'Dana', 'Dana', 'Dana', 'Dana', 'Dana', 'Apex']",['engineer'],[29],"['$185,000,', '$320,000,', '$590,000', '$280,000', '$350,000', '$74,000', '$218,000', '$100,000,', '$200,000']"
failure_to_know_customer,borderline,Marcus,"['Marcus Delgado', 'Jennifer Kowalski', 'Jennifer', 'Jennifer', 'Jennifer', 'Jennifer']",['engineer'],[34],"['$185,000,', '$420,000,', '$780,000', '$310,000', '$14,200', '$87,400', '$346,000', '$258,600']"
complex_products_unsophisticated_investor,borderline,Margaret,"['Margaret Hollis', 'Derek Pham', 'Pham', 'Pham', 'Pham', 'Pham']",['retired'],[58],"['$52,000', '$410,000', '$85,000', '$195,000', '$2,800', '$26,500', '$11,000', '$4,200', '$11,300']"
options_unsuitable,borderline,Marcus,"['Marcus Reilly', 'Christine Dao', 'Reilly', 'Reilly', 'Dao', 'Reilly', 'Reilly', 'Dao', 'Dao']",['engineer'],[34],"['$215,000', '$180,000', '$95,000', '$40,000', '$320,000', '$8,200', '$31,000', '$4,100', '$1,800', '$5,000']"
excessive_churning,borderline,Gerald,"['Gerald Hoffman', 'Gerald', 'Gerald', 'Gerald', 'Gerald', 'Gerald', 'Gerald', 'Gerald', 'Gerald', 'Gerald', 'Greeks', 'Gerald', 'Gerald', 'Gerald', 'Gerald']","['engineer', 'manager', 'contractor', 'retired']",[58],"['$1.4', '$380,000', '$78,000', '$380,000', '$41,200', '$354,000', '$26,000', '$41,200', '$0.65', '$6.95']"
complex_products_unsophisticated_investor,borderline,Marcus,"['Marcus Delgado', 'Danielle Frye', 'Frye', 'Frye', 'Frye', 'Frye', 'Frye', 'Frye', 'max']",['mechanic'],"[34, 29]","['$62,000', '$85,000,', '$18,500', '$85', '$17,000', '$320', '$2,400', '$800', '$1,200', '$1,100', '$650', '$19,800', '$1,300']"
excessive_churning,borderline,Marcus,"['Marcus Webb', 'Lena Okafor', 'Okafor', 'Okafor', 'Okafor', 'Webb']",['accountant'],[52],"['$780,000', '$3.2', '$410,000', '$128,600,', '$34,200,']"
failure_to_know_customer,borderline,Marcus,"['Marcus Thornton', 'Thornton', 'Diana Kowalski', 'Kowalski', 'Thornton', 'Thornton', 'Kowalski', 'Greeks', 'Kowalski', 'Thornton', 'Thornton', 'Kowalski', 'Thornton', 'Thornton', 'Kowalski']","['engineer', 'manager', 'mechanic']",[34],"['$145,000', '$210,000,', '$480,000', '$38,000', '$14,200', '$162,000']"
complex_products_unsophisticated_investor,borderline,Marcus,"['Marcus Whitfield', 'Janet Simmons', 'Janet', 'Janet', 'max', 'max', 'Janet', 'Janet', 'Janet']",['mechanic'],[34],"['$62,000', '$47,000', '$47,000', '$62,000', '$11,000', '$15,000', '$47,000', '$2,000', '$3,100,', '$2,000', '$14,500']"
senior_investor_exploitation,borderline,Margaret,"['Margaret Thornton', 'Daniel Huang', 'Thornton', 'Thornton', 'Huang', 'Thornton', 'Thornton', 'Thornton', 'Huang', 'Huang', 'Huang', 'Thornton']","['engineer', 'manager', 'retired']","[74, 38]","['$3.8', '$2.1', '$900,000', '$500,000', '$300,000', '$112,000,', '$78,000', '$80,000', '$150,000,', '$8,000', '$12,000', '$47,000', '$3,200']"
failure_to_know_customer,borderline,Marcus,"['Marcus Whitfield', 'Janet Chen', 'Janet', 'Janet', 'Janet', 'Janet', 'Janet', 'Janet']","['engineer', 'mechanic']","[34, 34]","['$185,000', '$410,000', '$220,000', '$38,000', '$410,000']"
excessive_churning,borderline,Marcus,"['Marcus Webb', 'Derek Liang', 'Liang', 'Liang', 'Liang', 'Liang', 'Liang', 'Liang', 'Liang', 'Webb']",['engineer'],[34],"['$185,000', '$620,000,', '$140,000', '$41,600', '$22,400,', '$11,800,']"
options_unsuitable,borderline,Margaret,"['Margaret Hollings', 'Margaret', 'David Parrish', 'Margaret', 'Margaret', 'Margaret', 'Margaret', 'Parrish', 'Parrish', 'Margaret', 'max', 'Margaret']","['mechanic', 'consultant', 'retired']",[58],"['$95,000', '$1.4', '$820,000', '$390,000', '$174,000', '$29', '$1,500', '$4,500', '$18,000', '$2,100', '$11,200', '$6,400', '$1,120']"
excessive_churning,borderline,Margaret,"['Margaret Pellegrini', 'David Huang', 'Margaret', 'Huang', 'Margaret', 'Margaret', 'Huang', 'Margaret', 'Margaret', 'Margaret', 'Huang', 'Huang', 'Margaret', 'Huang', 'Margaret', 'Margaret']","['manager', 'retired']",[58],"['$1.4', '$95,000', '$900,000,', '$74,000', '$412,000', '$385,000', '$27,000', '$25,000']"
excessive_churning,borderline,Margaret,"['Margaret Huang', 'Greg Whitfield', 'Whitfield', 'Huang', 'Huang', 'Whitfield', 'Huang', 'Huang', 'Whitfield', 'Whitfield', 'Whitfield', 'Huang', 'Whitfield', 'Huang', 'Huang', 'Huang', 'Whitfield']","['executive', 'retired']",[58],"['$2.1', '$187,000', '$1.87', '$230,000,', '$187,000', '$43,000', '$94,000']"
failure_to_know_customer,borderline,Jessica,"['Jessica Palumbo', 'Jessica', 'Jessica', 'Jessica Palumbo']",['engineer'],[28],"['$145,000', '$210,000,', '$280,000,', '$75,000', '$100,000', '$95,000', '$74,000', '$136,000', '$3,000']"
failure_to_know_customer,borderline,Marcus,"['Marcus Delgado', 'Delgado', 'Kara Thornton', 'Delgado', 'Thornton', 'Thornton', 'Thornton', 'Thornton', 'Thornton', 'Delgado']",['engineer'],[34],"['$185,000', '$620,000,', '$95,000', '$4,200', '$38,000']"
failure_to_know_customer,borderline,Marcus,"['Marcus Delgado', 'Heather Norris', 'Heather', 'Heather', 'Heather']",['engineer'],[29],"['$95,000,', '$140,000,', '$210,000', '$70,000', '$47,000', '$580', '$60,000', '$23,400']"
senior_investor_exploitation,borderline,Margaret,"['Margaret Ellison', 'Derek Huang', 'Margaret', 'Derek', 'Margaret', 'Margaret', 'Rachel', 'Derek', 'Rachel', 'Derek', 'Margaret', 'Rachel', 'Margaret', 'Margaret']","['engineer', 'manager', 'retiree', 'retired']","[74, 74, 70]","['$2.1', '$1.4', '$680,000,', '$4,200', '$3,800', '$72,000', '$3,000', '$4,000', '$5,000', '$3.5', '$96,000', '$28,400', '$4,800,', '$5,000']"
options_unsuitable,borderline,Janet,"['Janet Reeves', 'Janet', 'Janet', 'Janet', 'David Garza', 'Janet']","['engineer', 'mechanic']",[34],"['$185,000', '$620,000,', '$280,000', '$190,000', '$150,000', '$3,000', '$5,000', '$47,000']"
senior_investor_exploitation,borderline,Margaret,"['Margaret Kowalski', 'Kevin Barlow', 'Margaret', 'Margaret', 'Kevin', 'Margaret', 'Margaret', 'Margaret', 'Kevin', 'Kevin', 'Margaret', 'Kevin', 'Margaret', 'Margaret', 'Margaret', 'Margaret', 'Margaret', 'Margaret']","['physician', 'engineer', 'attorney', 'widow', 'retired']","[74, 38, 74]","['$2.8', '$4,200', '$3,100', '$87,000,', '$2.6', '$8,000', '$15,000', '$31,000,', '$150,000', '$62,000', '$28,000']"
excessive_churning,borderline,Marcus,"['Marcus Boyle', 'Tina Rourke', 'Tina', 'Tina', 'Tina', 'Tina', 'Tina', 'Tina', 'Tina']","['engineer', 'manager']",[34],"['$185,000', '$620,000', '$95,000', '$31,400,', '$94,800', '$6,200,']"
options_unsuitable,borderline,Dana,"['Dana Whitfield', 'Dana', 'Dana', 'Dana', 'Dana', 'Dana', 'Dana']","['engineer', 'manager', 'mechanic', 'retired']",[58],"['$2.4', '$1.85', '$400,000', '$78,000', '$2.3', '$100,000,', '$3,500', '$12,000,', '$5,000', '$8,000', '$85,000', '$41,000', '$19,200', '$21,800', '$11,400']"
inappropriate_risk_profile,borderline,Marcus,"['Marcus Whitfield', 'Danielle Reeves', 'Greeks']",['engineer'],[34],"['$215,000', '$380,000,', '$67,000,', '$41,000']"
excessive_churning,borderline,Margaret,"['Margaret Colvin', 'Derek Huang', 'Derek', 'Derek', 'Margaret', 'Derek', 'Margaret', 'Margaret', 'Margaret', 'Derek']",['retired'],[58],"['$620,000', '$72,000', '$41,000']"
options_unsuitable,borderline,Marcus,"['Marcus Reilly', 'Dana Whitfield', 'Dana', 'Dana', 'Dana', 'Dana']",['engineer'],[34],"['$185,000', '$620,000,', '$390,000', '$230,000', '$230,000', '$14,000', '$80,000', '$52,000', '$52,000']"
inappropriate_risk_profile,borderline,Margaret,"['Margaret Kowalski', 'Margaret', 'David Yoon', 'David', 'David', 'Margaret', 'Margaret', 'David', 'Margaret', 'Margaret', 'David', 'Margaret', 'David', 'Margaret', 'Margaret']","['manager', 'retiree', 'retired']",[58],"['$1.4', '$900,000', '$500,000', '$4,200', '$1,100', '$2,000', '$3,000', '$31,400', '$175,000', '$80,000', '$150,000']"
options_unsuitable,borderline,Marcus,"['Marcus Webb', 'Dana Castillo', 'Dana', 'Clearpoint', 'Dana', 'max', 'Dana', 'Clearpoint']",[],[34],"['$95,000,', '$140,000,', '$310,000', '$62,000', '$23,000', '$9,400', '$250,000', '$14,200']"
options_unsuitable,borderline,Marcus,"['Marcus Webb', 'Danielle Cho', 'Cho', 'Cho', 'Cho', 'Cho', 'Cho', 'Cho']",['engineer'],[34],"['$185,000', '$620,000,', '$290,000', '$14,000', '$67,000', '$19,000', '$86,000']"
excessive_churning,borderline,Marcus,"['Marcus Ridley', 'Dana Cho', 'Cho', 'Cho', 'Ridley', 'Ridley', 'Cho', 'Cho', 'Cho', 'Cho', 'Cho', 'Cho', 'Cho']","['engineer', 'manager']",[44],"['$285,000', '$1.9', '$640,000', '$114,000', '$590,000,', '$167,000,', '$114,000', '$53,000,', '$38,000']"
complex_products_unsophisticated_investor,borderline,Maria,"['Maria Delgado', 'Kevin Braxton', 'Maria', 'Maria', 'Maria']",['mechanic'],[34],"['$72,000', '$185,000,', '$28,000', '$4,800', '$25,000', '$11,200', '$6,400', '$9,600']"
failure_to_know_customer,borderline,Christine,"['Christine Falk', 'Falk', 'Falk', 'David Yoon']","['engineer', 'mechanic']",[29],"['$145,000', '$410,000,', '$85,000', '$9,200', '$62,000']"
inappropriate_risk_profile,borderline,Marcus,"['Marcus Webb', 'Dana Pham', 'Pham', 'Pham']",['engineer'],[34],"['$185,000', '$410,000', '$290,000', '$650,000', '$38,000', '$50,000', '$80,000', '$195,000', '$310,000', '$178,000']"
complex_products_unsophisticated_investor,borderline,Marcus,"['Marcus Webb', 'Dana Caruso', 'Dana', 'max', 'Dana', 'Dana', 'Dana', 'Dana']",['mechanic'],[34],"['$72,000', '$185,000,', '$28,000', '$1,800,', '$4,200', '$11,400,', '$16,100']"
excessive_churning,borderline,Marcus,"['Marcus Heller', 'Diane Tsao', 'Tsao', 'Heller', 'Heller', 'Tsao', 'Tsao', 'Tsao', 'Heller', 'Heller', 'Heller', 'Heller', 'Tsao']","['executive', 'retired']",[52],"['$4.2', '$1.8', '$380,000', '$47,200', '$0.65', '$4.95', '$61,400,', '$2,000', '$5,000']"
senior_investor_exploitation,borderline,Margaret,"['Margaret Ellison', 'Margaret', 'Margaret', 'Derek Huang', 'Margaret', 'Derek', 'Margaret', 'Margaret', 'Margaret', 'Margaret', 'Margaret', 'Margaret', 'Margaret', 'Patricia', 'Derek', 'Patricia', 'Margaret', 'Margaret', 'Derek', 'Derek', 'Margaret', 'Margaret']","['physician', 'engineer', 'manager', 'mechanic', 'retired']","[74, 36, 70]","['$2.8', '$1.6', '$4,200', '$3,100', '$1.9', '$3,500,', '$1,500', '$2,500', '$14,200', '$9,800', '$1,880']"
inappropriate_risk_profile,borderline,Marcus,"['Marcus Whitfield', 'Janet Cahill', 'Janet', 'Janet', 'Janet', 'Janet', 'Janet', 'Janet']",['engineer'],[34],"['$185,000', '$620,000,', '$290,000', '$18,000', '$340,000', '$105,000', '$167,000']"
failure_to_know_customer,borderline,Marcus,"['Marcus Delgado', 'Dana Whitfield', 'Greeks', 'Dana', 'Dana', 'Dana', 'Dana', 'Dana']",['engineer'],[34],"['$195,000', '$620,000', '$340,000,', '$8,000', '$12,000', '$74,000', '$285,000', '$211,000', '$500', '$1,000']"
failure_to_know_customer,borderline,Gerald,"['Gerald Vasquez', 'Gerald', 'Gerald', 'Danielle Huang', 'Gerald', 'Gerald', 'Gerald', 'Gerald', 'Gerald', 'Gerald', 'Gerald', 'Gerald', 'Gerald', 'Gerald', 'Gerald']","['engineer', 'mechanic', 'retired']",[58],"['$95,000', '$1.4', '$620,000', '$87,000', '$1.4']"
excessive_churning,borderline,Marcus,"['Marcus Ellison', 'Danielle Kowalski', 'Kowalski', 'Kowalski', 'Kowalski', 'Kowalski', 'Kowalski']",['engineer'],[34],"['$185,000', '$620,000,', '$140,000,', '$75,000', '$31,400', '$18,000', '$75,000', '$57,000', '$14,200']"
excessive_churning,borderline,Marcus,"['Marcus Devlin', 'Trent Hubbard']",['engineer'],[44],"['$285,000', '$1.9', '$620,000', '$41,600', '$14,200', '$36,400']"
failure_to_know_customer,borderline,Marcus,"['Marcus Webb', 'Redline', 'Redline']",['engineer'],[24],"['$95,000,', '$140,000,', '$155,000', '$6,200', '$28,000', '$112,000', '$140,000', '$38,000']"
senior_investor_exploitation,borderline,Margaret,"['Margaret Hollings', 'Margaret', 'Kyle Brennan', 'Margaret', 'Kyle', 'Kyle', 'Kyle', 'Margaret', 'Margaret', 'Margaret', 'Margaret', 'David', 'David', 'Margaret', 'Kyle', 'David', 'Margaret', 'Kyle', 'Kyle', 'Margaret', 'David']","['engineer', 'attorney', 'retired']","[74, 32]","['$2.8', '$6,200', '$3,100', '$3.1', '$34,200']"
options_unsuitable,borderline,Cheryl,"['Cheryl Nowak', 'Cheryl', 'Cheryl', 'Cheryl', 'Cheryl']","['engineer', 'mechanic']",[34],"['$185,000', '$620,000,', '$410,000', '$380', '$1,200', '$8,400', '$31,000', '$28,700']"
complex_products_unsophisticated_investor,borderline,Marcus,"['Marcus Delgado', 'Lisa Tran', 'Lisa', 'Lisa', 'Lisa', 'Lisa']",['mechanic'],[34],"['$62,000', '$140,000,', '$18,000', '$18,000', '$9,400', '$3,100']"
complex_products_unsophisticated_investor,borderline,Marcus,"['Marcus Deleon', 'Charlene Wu', 'Charlene', 'Charlene', 'Charlene']",['mechanic'],[34],"['$62,000', '$47,000', '$15,000,', '$11,000', '$3,400', '$29,000', '$6,800', '$47,000']"
complex_products_unsophisticated_investor,borderline,Marcus,"['Marcus Reilly', 'Diane Chow', 'Diane', 'Diane', 'Diane', 'Diane', 'Diane', 'Diane']",['mechanic'],[34],"['$62,000', '$47,000', '$4,700', '$11,200', '$6,800', '$18,000']"
excessive_churning,borderline,Marcus,"['Marcus Henley', 'Henley', 'Henley', 'Derek Swanson', 'Swanson', 'Henley', 'Swanson', 'Swanson', 'Swanson', 'Swanson', 'Henley', 'Swanson', 'Henley']","['engineer', 'manager']",[34],"['$185,000', '$620,000', '$95,000', '$41,200', '$78,500', '$16,500', '$57,700']"
options_unsuitable,borderline,Diana,"['Diana Chu', 'Diana', 'Diana', 'Diana', 'Diana', 'Diana', 'Diana', 'Diana', 'Diana']","['engineer', 'mechanic']",[34],"['$185,000', '$620,000,', '$290,000', '$14,000', '$18,000', '$200', '$500', '$2,000', '$3,000', '$240,000', '$290,000', '$12,000', '$38,000', '$44,000']"
failure_to_know_customer,borderline,Denise,"['Denise Liu', 'Denise', 'Denise', 'Denise', 'Denise']","['engineer', 'manager', 'mechanic']",[34],"['$185,000', '$620,000,', '$800', '$3,200', '$11,400']"
failure_to_know_customer,borderline,Marcus,"['Marcus Webb', 'Denise Kowalski', 'Denise', 'Denise', 'Denise', 'Denise', 'Denise', 'Denise', 'Denise']",['engineer'],[24],"['$115,000', '$180,000', '$95,000', '$2', '$15', '$25', '$34,000']"
options_unsuitable,borderline,Marcus,"['Marcus Webb', 'Diana Castillo', 'Diana', 'Diana', 'Greeks', 'Diana', 'Diana', 'Diana']","['engineer', 'manager', 'mechanic']",[34],"['$215,000', '$1.1', '$400,000', '$3,000', '$8,000', '$18,000', '$120,000', '$74,000', '$385,000', '$311,000']"
senior_investor_exploitation,borderline,Margaret,"['Margaret Dalton', 'Margaret', 'Kevin Briggs', 'Kevin', 'Kevin', 'Kevin', 'Margaret', 'Kevin', 'Margaret', 'Margaret', 'Margaret', 'Kevin', 'Margaret', 'Margaret', 'Kevin', 'Kevin', 'Kevin', 'Margaret', 'Margaret', 'Kevin']","['engineer', 'attorney', 'retiree', 'retired']","[74, 74]","['$3.2', '$1.8', '$600,000', '$4,200', '$3,100', '$38,000', '$90,000', '$52,000', '$11,400,', '$3,200', '$8,700', '$52,000']"
inappropriate_risk_profile,borderline,Marcus,"['Marcus Whitfield', 'Whitfield', 'Denise Carver', 'Whitfield', 'Whitfield', 'Carver', 'Whitfield', 'Whitfield', 'Whitfield', 'Whitfield', 'Whitfield', 'Whitfield', 'Whitfield', 'Whitfield', 'Whitfield']",['engineer'],[34],"['$185,000', '$620,000,', '$210,000', '$195,000', '$215,000', '$405,000', '$75,000', '$800', '$3,200', '$4,700,', '$11,400']"
failure_to_know_customer,borderline,Janet,"['Janet Pryor', 'Janet Pryor', ""Janet Pryor's"", 'Janet']","['engineer', 'mechanic']",[24],"['$115,000,', '$85,000,', '$140,000', '$8,200', '$52,000', '$55,000']"
excessive_churning,borderline,Margaret,"['Margaret Hollins', 'Ryan Decker', 'Margaret', 'Decker', 'Decker', 'Margaret', 'Margaret', 'Margaret']","['manager', 'retired']",[58],"['$620,000', '$4,200', '$2,000', '$3,000', '$31,400', '$18,700,', '$6,200,', '$24,900', '$620,000', '$641,000']"
complex_products_unsophisticated_investor,standard,Margaret,"['Margaret Dolan', 'Craig Bellamy', 'Margaret', 'Bellamy', 'Margaret', 'Margaret', 'Margaret', 'Margaret']","['teacher', 'manager', 'retired']","[63, 34]","['$3,200', '$1,800', '$45,000,', '$310,000', '$355,000', '$14,200', '$61,500', '$8,900', '$310,000', '$253,800,']"
excessive_churning,standard,Margaret,"['Margaret Hensley', 'Darren Cofield', 'Hensley', 'Hensley', 'Hensley', 'Hensley', 'Hensley', 'Hensley', 'Hensley', 'Hensley']","['teacher', 'retired']",[71],"['$42,000', '$310,000,', '$64,200,', '$119,500', '$310,000', '$126,300', '$180,000']"
failure_to_know_customer,standard,Gerald,"['Gerald Novak', 'Gerald', 'Gerald', 'Darren Cho', 'Darren', 'Gerald', 'Darren', 'Gerald', 'Gerald', 'Gerald', 'Darren', 'Gerald', 'Gerald', 'Gerald', 'Gerald', 'Darren', 'Gerald', 'Gerald', 'Gerald', 'Darren']","['mechanic', 'retired']",[62],"['$2,400', '$1,100', '$42,000', '$285,000', '$18,000', '$100,000', '$150,000,', '$750,000', '$800', '$1,200', '$47,300', '$22,600', '$285,000', '$197,400', '$87,600,']"
complex_products_unsophisticated_investor,standard,Margaret,"['Margaret Dawson', 'Kevin Brasch', 'Dawson', 'Dawson', 'Dawson', 'Tesla', 'Dawson', 'Dawson', 'Greenleaf', 'Dawson']",['retired'],[62],"['$38,000', '$210,000,', '$1,500', '$2,500', '$180', '$230', '$250', '$320', '$14,200', '$210', '$290', '$41,000', '$210,000', '$158,000']"
excessive_churning,standard,Marcus,"['Marcus Daley', 'Tanya Reeves', 'Moderna', 'Reeves']","['manager', 'retired']","[58, 63]","['$52,000', '$310,000', '$89,400', '$310,000', '$141,000,', '$169,000,', '$89,400', '$62,500']"
excessive_churning,standard,Margaret,"['Margaret Holloway', 'Craig Dennehy', 'Dennehy', 'Margaret', 'Dennehy', 'Margaret', 'Coinbase Global', 'Margaret', 'Dennehy', 'Margaret', 'Margaret', 'Dennehy', 'Dennehy', 'Dennehy', 'Tina Lowell', 'Margaret']","['manager', 'retired']",[71],"['$38,000', '$185,000', '$210,000', '$61,400', '$185,000', '$67,300', '$117,700,', '$42,800', '$140,000']"
complex_products_unsophisticated_investor,standard,Margaret,"['Margaret Hensley', 'Kevin Pratt', 'Pratt', 'Pratt', 'Margaret', 'Margaret', 'Margaret', 'Margaret', 'Margaret', 'Margaret', 'Pratt']","['teacher', 'manager', 'retired']",[63],"['$42,000', '$185,000', '$90,000,', '$400,000', '$185,000', '$61,000', '$124,000,']"
inappropriate_risk_profile,standard,Margaret,"['Margaret Tisdale', 'Margaret', 'Kyle Devereaux', 'Kyle', 'Margaret', 'Margaret', 'Kyle', 'Margaret', 'Kyle', 'Margaret', 'Margaret', 'Margaret', 'Kyle', 'Kyle', 'Margaret']","['teacher', 'manager', 'retired']","[67, 34]","['$42,000', '$310,000', '$85,000', '$75,000,', '$600,000', '$18,400', '$74,000', '$310,000', '$237,000', '$6,200']"
excessive_churning,standard,Margaret,"['Margaret Yoon', 'Craig Bowden', 'Margaret', 'Margaret', 'Margaret', 'Margaret', 'Bowden', 'Margaret']","['attorney', 'manager', 'retired']",[58],"['$42,000', '$310,000', '$275,000', '$47,600', '$310,000', '$189,000,', '$121,000,']"
inappropriate_risk_profile,standard,Margaret,"['Margaret Dunleavy', 'Margaret', 'Derek Hollis', 'Margaret', 'Derek', 'Margaret', 'Margaret', 'Margaret', 'Sandra Voss', 'Sandra', 'Margaret', 'Derek', 'Margaret', 'Rivian Automotive', 'Margaret', 'Margaret', 'Margaret']","['teacher', 'retired']",[71],"['$38,000', '$215,000', '$12,000', '$300', '$500', '$40,000', '$215,000', '$127,400', '$87,600,', '$6,280']"
options_unsuitable,standard,David,"['David Nguyen', 'Nguyen', 'David Nguyen']",['manager'],"[23, 34, 25]","['$31,000', '$4,200,', '$2,800,', '$18,000', '$7,000', '$150,000', '$37,400', '$6,500', '$30,900', '$10,000']"
complex_products_unsophisticated_investor,standard,Gerald,"['Gerald Hoffman', 'Derek Slattery', 'Gerald', 'Gerald', 'Derek', 'Derek', 'Gerald', 'Derek approved Gerald', 'Gerald', 'Gerald', 'Derek', 'Gerald', 'Gerald', 'Derek', 'Gerald', 'Gerald', 'Gerald', 'Derek', 'Gerald', 'Derek']",[],[58],"['$52,000,', '$38,000,', '$127,000', '$41,000,']"
senior_investor_exploitation,standard,Margaret,"['Margaret Hollis', 'Craig Dempsey', 'Dempsey', 'Margaret', 'Margaret', 'Margaret', 'Margaret', 'Margaret', 'Margaret', 'Dempsey', 'Margaret', 'Margaret']","['teacher', 'manager', 'retired']","[78, 36]","['$34,000', '$185,000,', '$1,800', '$1,200', '$1,500', '$400,000', '$4,100', '$112,000', '$185,000', '$61,000', '$124,000,']"
options_unsuitable,standard,Marcus,"['Marcus Ellison', 'Ellison', 'Ellison', 'Ellison Level', 'Ellison', 'Ellison', 'Ellison', 'Kevin Orozco', 'Ellison', 'Ellison', 'Ellison', 'Ellison', 'Ellison', 'Ellison', 'Ellison']",[],[24],"['$31,000', '$8,200,', '$14,000', '$31,000,', '$8,200,', '$45', '$40', '$50,', '$3,400', '$11', '$46,', '$55,200', '$38,600', '$34,100', '$4,500']"
excessive_churning,standard,Margaret,"['Margaret Coburn', 'Margaret', 'Daniel Voss', 'Margaret', 'Voss', 'Margaret', 'Margaret', 'Voss', 'Margaret', 'Margaret', 'Voss', 'Voss', 'Margaret', 'Margaret']","['teacher', 'manager', 'retired']","[71, 34]","['$38,000', '$185,000', '$60,000', '$41,200', '$185,000', '$97,400,', '$87,600']"
complex_products_unsophisticated_investor,standard,Marcus,"['Marcus Webb', 'Darren']",['manager'],"[22, 34]","['$4,800', '$19,000', '$11,300', '$6,500']"
options_unsuitable,standard,Marcus,"['Marcus Delgado', 'Jennifer Pruitt', 'Jennifer', 'Jennifer Pruitt']",[],"[23, 30, 25]","['$31,000', '$8,200', '$14,000', '$31,000,', '$8,200,', '$85', '$27,400', '$19,800']"
senior_investor_exploitation,standard,Margaret,"['Margaret Dalton', 'Dalton', 'Kyle Brunner', 'Dalton', 'Dalton', 'Dalton', 'Dalton', 'Dalton', 'Dalton', 'Dalton', 'Dalton']","['teacher', 'manager', 'retired']","[79, 31]","['$2,100', '$1,850', '$410,000,', '$85,000,', '$750,000', '$300', '$180,000', '$410,000', '$191,000', '$219,000,', '$34,600']"
inappropriate_risk_profile,standard,Margaret,"['Margaret Holloway', 'Margaret', 'Kevin Dandridge', 'Margaret', 'Kevin', 'Margaret', 'Kevin', 'Margaret', 'Kevin', 'Margaret', 'Kevin', 'Margaret', 'Margaret', 'Margaret', 'Kevin']","['teacher', 'manager', 'retiree', 'retired']","[68, 34]","['$42,000', '$285,000,', '$2', '$74,000', '$31,000,']"
excessive_churning,standard,Margaret,"['Margaret Dawson', 'Kevin Hurley', 'Dawson', 'Dawson', 'Dawson', 'Dawson', 'Dawson', 'Dawson', 'Dawson']","['manager', 'retired']",[71],"['$42,000,', '$280,000', '$65,000', '$61,400', '$280,000', '$149,000', '$131,000,', '$61,400', '$30,000']"
complex_products_unsophisticated_investor,standard,Marcus,"['Marcus Whitfield', 'Todd Brennan', 'Todd', 'Todd', 'Todd']",[],[22],"['$41,000', '$8,200', '$50,000,', '$55,000,', '$6,500', '$8,200', '$4,800', '$3,000', '$8,200', '$1,740,', '$3,000', '$1,180']"
options_unsuitable,standard,Margaret,"['Margaret Tillman', 'Margaret', 'Kyle Brunner', 'Margaret', 'Margaret', 'Margaret', 'Margaret', 'Margaret', 'Margaret']","['manager', 'retired']","[63, 29]","['$38,000', '$210,000,', '$47,000', '$6,800,', '$29,400', '$2,100', '$47,000', '$22,300']"
complex_products_unsophisticated_investor,standard,Margaret,"['Margaret Kowalski', 'Derek Halloran', 'Margaret', 'Margaret', 'Margaret', 'Margaret', 'Margaret']","['teacher', 'retired']",[63],"['$3,200', '$1,850', '$45,000,', '$310,000', '$18,400', '$67,000', '$310,000', '$224,000,', '$11,200']"
options_unsuitable,standard,Margaret,"['Margaret Oleska', 'Margaret', 'Derek Pallone', 'Margaret', 'Margaret', 'Derek', 'Margaret', 'Derek', 'Margaret', 'Derek', 'Margaret', 'Margaret', 'Margaret', 'Derek', 'Margaret', 'Derek']","['mechanic', 'retired']","[71, 34]","['$2,800', '$185,000,', '$47,000,', '$61,200', '$3,400', '$8,900']"
failure_to_know_customer,standard,Marcus,"['Marcus Brennan', 'Vega', 'Brennan', 'Brennan', 'Vega', 'Vega', 'Brennan', 'Brennan', 'Vega', 'Brennan', 'Vega', 'Vega', 'Vega', 'Vega', 'Vega']","['manager', 'retiree', 'retired']",[71],"['$34,000', '$185,000', '$185,000', '$97,400,', '$87,600']"
inappropriate_risk_profile,standard,Margaret,"['Margaret Colvin', 'Margaret', 'Kevin Hartwell', 'Kevin', 'Margaret', 'Margaret', 'Kevin', 'Margaret', 'Kevin', 'Margaret', 'Margaret', 'Margaret', 'Margaret', 'Kevin']","['teacher', 'retired']","[71, 34]","['$38,000', '$185,000', '$310,000', '$127,000', '$52,000', '$310,000', '$244,000']"
excessive_churning,standard,Gerald,"['Gerald Whitfield', 'Gerald', 'Marcus Daly', 'Gerald', 'Gerald', 'Gerald', 'Gerald', 'Gerald', 'Gerald', 'Gerald', 'Gerald', 'Gerald']","['engineer', 'attorney', 'mechanic', 'retired']",[58],"['$95,000,', '$340,000,', '$620,000,', '$475,000', '$47,200,', '$61,400']"
inappropriate_risk_profile,standard,Margaret,"['Margaret Kowalski', 'Kowalski', 'Kevin Braddock', 'Braddock', 'Kowalski', 'Kowalski', 'Kowalski', 'Kowalski']","['teacher', 'manager', 'retired']",[71],"['$3,200', '$185,000,', '$800', '$1,200', '$65,000', '$400,000', '$4,600', '$87,500', '$185,000', '$23,400', '$185,000', '$146,200,', '$38,800,']"
senior_investor_exploitation,standard,Margaret,"['Margaret Halloran', 'Derek Simmons', 'Margaret', 'Margaret', 'Patricia Yuen', 'Margaret', 'Margaret', 'Margaret', 'Margaret', 'Margaret', 'Margaret', 'Simmons', 'Margaret']","['teacher', 'manager', 'retired']","[79, 34]","['$2,800', '$340,000,', '$185,000', '$204,000', '$136,000,', '$14,200']"
options_unsuitable,standard,Margaret,"['Margaret Kowalski', 'Kowalski', 'Derek Simmons', 'Simmons', 'Kowalski', 'Simmons', 'Kowalski', 'Kowalski', 'Kowalski', 'Kowalski', 'Simmons']","['teacher', 'manager', 'retired']",[67],"['$3,200', '$1,900', '$410,000', '$12,000', '$4,500', '$800', '$1,200', '$2', '$85', '$32.30', '$26,350', '$410,000', '$298,000,', '$112,000', '$6,400']"
senior_investor_exploitation,standard,Margaret,"['Margaret Dunleavy', 'Margaret', 'Kevin Braddock', 'Margaret', 'Margaret', 'Margaret', 'Margaret', 'Margaret', 'Margaret', 'Margaret']","['teacher', 'widow', 'retired']","[79, 54, 36]","['$34,000', '$410,000,', '$85,000', '$47,200', '$138,000', '$11,400', '$410,000', '$262,000', '$85,000']"
senior_investor_exploitation,standard,Margaret,"['Margaret Dawson', 'Margaret', 'Margaret', 'Kevin Briscoe', 'Kevin', 'Kevin', 'Margaret', 'Kevin', 'Margaret', 'Margaret', 'Kevin', 'Margaret', 'Margaret', 'Kevin', 'Margaret', 'Margaret']","['mechanic', 'retired']","[78, 34]","['$34,000', '$185,000,', '$3,200', '$8,400', '$61,300', '$25,000', '$25,000,', '$17,500', '$78,800']"
inappropriate_risk_profile,standard,Gerald,"['Gerald Whitfield', 'Gerald', 'Gerald', 'Gerald', 'Marcus Tran', 'Gerald', 'Gerald', 'Gerald', 'Gerald', 'Gerald', 'Gerald', 'Gerald', 'Gerald', 'Gerald', 'Gerald', 'Gerald']","['manager', 'retired']",[71],"['$2,800', '$42,000,', '$185,000', '$300', '$400', '$1,200', '$31,500', '$18,700', '$50,200']"
senior_investor_exploitation,standard,Margaret,"['Margaret Delvecchio', 'Keith Branford', 'Delvecchio', 'Delvecchio', 'Delvecchio', 'Delvecchio', 'Delvecchio']","['teacher', 'manager', 'retired']","[79, 34]","['$38,000', '$410,000,', '$137,000', '$22,000', '$18,600']"
senior_investor_exploitation,standard,Margaret,"['Margaret Holloway', 'Derek Simmons', 'Simmons', 'Holloway', 'Simmons', 'Holloway', 'Holloway', 'Holloway', 'Holloway']","['teacher', 'retired']","[78, 34]","['$2,400', '$185,000', '$28,800', '$190,000', '$75,000', '$450,000', '$61,000', '$4,200']"
failure_to_know_customer,standard,Gerald,"['Gerald Whitfield', 'Gerald', 'Kevin Sorrell', 'Gerald', 'Kevin', 'Gerald', 'Gerald', 'Gerald', 'Kevin', 'Gerald', 'Kevin', 'Gerald', 'Gerald', 'Kevin', 'Kevin', 'Gerald', 'Dana Chen', 'Gerald', 'Kevin', 'Gerald', 'Gerald', 'Gerald', 'Gerald', 'Gerald', 'Kevin', 'Gerald', 'Kevin']",['retired'],[71],"['$38,000', '$62,000,', '$185,000', '$165,000', '$85,000', '$14,200', '$93,400', '$185,000', '$91,600']"
complex_products_unsophisticated_investor,standard,Margaret,"['Margaret Kowolski', 'Margaret', 'Derek Holcomb', 'Margaret', 'Derek', 'Margaret', 'Derek', 'Margaret', 'Margaret', 'Margaret', 'Derek', 'Lisa Fontaine', 'Margaret', 'Derek', 'Margaret', 'Margaret', 'Derek', 'Margaret', 'Margaret', 'Derek', 'Margaret']","['teacher', 'manager', 'retired']","[63, 34]","['$48,000', '$310,000,', '$310,000', '$187,000', '$123,000,', '$8,400']"
senior_investor_exploitation,standard,Margaret,"['Margaret Ostrowski', 'Margaret', 'Margaret', 'Derek Pallone', 'Derek', 'Derek', 'Margaret', 'Derek', 'Margaret', 'Margaret', 'Derek', 'Margaret', 'Margaret', 'Margaret', 'Margaret', 'Margaret', 'Derek', 'Margaret']","['teacher', 'retired']","[78, 31]","['$34,000', '$215,000,', '$11,400', '$215,000', '$119,000,', '$96,000,']"
excessive_churning,standard,Margaret,"['Margaret Kowalski', 'Derek Hollis', 'Margaret', 'Margaret', 'Margaret', 'Margaret', 'Moderna', 'Palantir', 'Margaret', 'Margaret', 'Margaret', 'Margaret']","['schoolteacher', 'teacher', 'manager', 'retired']",[71],"['$38,000', '$410,000', '$95,000', '$505,000', '$6,200', '$2,100', '$61,400', '$410,000', '$289,000', '$121,000', '$63,500']"
excessive_churning,standard,Margaret,"['Margaret Dalton', 'Kevin Briggs', 'Briggs', 'Margaret', 'Margaret', 'Briggs', 'Margaret', 'Margaret', 'Margaret', 'Briggs', 'Margaret', 'Margaret', 'Briggs']","['teacher', 'manager', 'retired']",[71],"['$38,000', '$310,000,', '$48,700', '$310,000', '$187,000,', '$123,000,']"
inappropriate_risk_profile,standard,Marcus,['Marcus Webb'],[],[24],"['$8,500,', '$31,000', '$9,200', '$34,600', '$26,100,']"
complex_products_unsophisticated_investor,standard,Gerald,"['Gerald Huang', 'Gerald', 'Dana Whitfield', 'Gerald', 'Gerald', 'Dana', 'Dana', 'Gerald', 'Gerald', 'Gerald', 'Gerald', 'Gerald', 'Gerald']","['manager', 'mechanic']","[24, 38]","['$32,000', '$11,500', '$3,200', '$32,000,', '$14,700,', '$2,400', '$19,300', '$14,800']"
inappropriate_risk_profile,standard,Margaret,"['Margaret Kowalski', 'Craig Dempsey', 'Margaret', 'Dempsey', 'Margaret', 'Margaret', 'Dempsey', 'Dempsey', 'Margaret', 'Dempsey', 'Margaret', 'Margaret', 'Margaret', 'Margaret', 'Margaret']","['teacher', 'manager', 'retired']",[71],"['$38,000,', '$215,000,', '$42', '$18', '$36,000', '$8,400', '$2,100', '$5,200', '$47,500']"
excessive_churning,standard,Margaret,"['Margaret Olsen', 'Derek Hale', 'Hale', 'Margaret', 'Margaret', 'Margaret', 'Margaret', 'Margaret', 'Margaret', 'Ridgepoint', 'Margaret']","['manager', 'retired']","[71, 34]","['$2,800', '$340,000,', '$400', '$600', '$47,600', '$340,000', '$218,000,', '$122,000', '$39,200', '$220,000']"
senior_investor_exploitation,standard,Margaret,"['Margaret Dalton', 'Margaret', 'Kevin Pratt', 'Pratt', 'Margaret', 'Pratt', 'Margaret', 'Margaret', 'Margaret', 'Margaret', 'Pratt', 'Margaret', 'Pratt']","['schoolteacher', 'teacher', 'manager', 'retired']","[79, 34, 70]","['$42,000', '$310,000,', '$600,000,', '$85,000', '$265,000', '$141,000,', '$124,000,', '$11,200']"
inappropriate_risk_profile,standard,Margaret,"['Margaret Kowolski', 'Margaret', 'Derek Fabian', 'Margaret', 'Margaret', 'Margaret', 'Margaret', 'Margaret', 'Margaret', 'Margaret']","['manager', 'retired']",[63],"['$38,000', '$215,000', '$42,000', '$74,300', '$6,800']"
complex_products_unsophisticated_investor,standard,Marcus,['Marcus Delgado'],['mechanic'],[23],"['$34,000', '$4,200', '$6,500,', '$34,000,', '$1,800', '$27,500', '$21,300,']"
complex_products_unsophisticated_investor,standard,Margaret,"['Margaret Hollis', 'Margaret', 'Kyle Pennington', 'Kyle', 'Margaret', 'Kyle', 'Margaret', 'Kyle', 'Margaret', 'Kyle', 'Margaret', 'Margaret', 'Margaret', 'Margaret']","['teacher', 'retired']",[64],"['$42,000', '$185,000,', '$185,000', '$90,000', '$150', '$280', '$2,800', '$47,300', '$22,000', '$115,700']"
senior_investor_exploitation,standard,Margaret,"['Margaret Hoffman', 'Derek Claiborne', 'Claiborne', 'Hoffman', 'Hoffman', 'Claiborne', 'Hoffman', 'Hoffman', 'Claiborne', 'Claiborne', 'Hoffman']","['teacher', 'manager', 'retired']","[78, 34]","['$2,400', '$1,850', '$340,000,', '$11,200', '$94,000']"
failure_to_know_customer,standard,Gerald,"['Gerald Hutchins', 'Gerald', 'Danielle Okafor', 'Gerald', 'Gerald', 'Gerald', 'Gerald', 'Gerald', 'Gerald', 'Gerald', 'Gerald', 'Gerald']",[],"[58, 62]","['$52,000', '$135,000', '$18,000', '$135,000', '$41,200', '$8,700', '$12,400']"
senior_investor_exploitation,standard,Margaret,"['Margaret Holloway', 'Holloway', 'Holloway', 'Kevin Ridgeway', 'Holloway', 'Holloway', 'Holloway', 'Holloway', 'Holloway', 'Holloway', 'Holloway', 'Holloway', 'Holloway', 'Holloway']","['schoolteacher', 'teacher', 'retired']","[78, 34]","['$2,400', '$1,100', '$340,000,', '$185,000', '$280,000', '$4,200', '$95,000', '$42,000', '$600,000,', '$340,000', '$171,000', '$23,400']"
inappropriate_risk_profile,standard,Gerald,"['Gerald Whitfield', 'Gerald', 'Gerald', 'Kyle Rennick', 'Rennick', 'Gerald', 'Rennick', 'Gerald', 'Rennick', 'Gerald', 'Gerald', 'Gerald', 'Gerald', 'Rennick', 'Gerald', 'Gerald', 'Gerald', 'Rennick', 'Gerald']","['manager', 'retired']","[71, 29]","['$54,000', '$385,000', '$42,000', '$210,000', '$18,000', '$11,400', '$67,200', '$94,300,', '$8,750']"
inappropriate_risk_profile,standard,Gerald,"['Gerald Hoffman', 'Hoffman', 'Ryan Delacroix', 'Delacroix', 'Hoffman', 'Hoffman', 'Delacroix', 'Hoffman', 'Hoffman', 'Delacroix', 'Hoffman', 'Hoffman', 'Delacroix', 'Hoffman', 'Hoffman', 'Hoffman', 'Hoffman', 'Delacroix', 'Hoffman']",['retired'],[61],"['$38,000,', '$95,000', '$210,000', '$47,000', '$63,200', '$8,400']"
failure_to_know_customer,standard,Marcus,"['Marcus Bellingham', 'Bellingham', 'Danielle Ferro', 'Bellingham', 'Bellingham', 'Bellingham', 'Bellingham', 'Bellingham', 'Bellingham', 'Bellingham']",[],[24],"['$31,000', '$8,200,', '$75,000,', '$150,000', '$40', '$44,', '$3,750', '$11', '$60,000', '$43,500']"
senior_investor_exploitation,standard,Margaret,"['Margaret Ellison', 'Margaret', 'Margaret', 'Dean Prescott', 'Prescott', 'Margaret', 'Margaret', 'Prescott', 'Margaret', 'Margaret', 'Margaret', 'Margaret', 'Margaret', 'Prescott', 'Margaret']","['teacher', 'manager', 'retired']","[78, 34]","['$620,000', '$185,000', '$2,400', '$1,100', '$310,000', '$805,000', '$214,000', '$11,300', '$620,000', '$406,000']"
failure_to_know_customer,standard,Marcus,"['Marcus Whitfield', 'Whitfield', 'Whitfield', 'Whitfield', 'Whitfield', 'Whitfield', 'Whitfield', 'Whitfield', 'Whitfield', 'Whitfield']",[],[24],"['$31,000', '$8,200', '$14,000', '$31,000,', '$8,200,', '$8,200', '$200,000', '$7,450']"
inappropriate_risk_profile,standard,Gerald,"['Gerald Whitman', 'Gerald', 'Gerald', 'Kyle Andersen', 'Kyle', 'Gerald', 'Kyle', 'Gerald', 'Kyle', 'Gerald', 'Gerald', 'Kyle', 'Gerald', 'Gerald', 'Gerald', 'Gerald', 'Kyle', 'Kyle']",['retired'],"[71, 34]","['$2,400', '$1,100', '$185,000,', '$94,000', '$185,000', '$107,000', '$78,000,']"
excessive_churning,standard,Margaret,"['Margaret Holloway', 'Derek Stanton', 'Margaret', 'Stanton', 'Margaret', 'Margaret', 'Margaret', 'Margaret', 'Margaret', 'Margaret', 'Margaret', 'Margaret', 'Margaret']","['teacher', 'retired']","[71, 34]","['$3,200', '$1,800', '$285,000,', '$140,000', '$47,300', '$140,000', '$91,400,', '$285,000', '$224,000,', '$109,600']"
options_unsuitable,standard,Margaret,"['Margaret Kowalski', 'David Fontaine', 'Margaret', 'Margaret', 'Margaret', 'Margaret', 'Margaret', 'Margaret', 'Margaret']","['teacher', 'manager', 'retired']","[62, 34]","['$48,000', '$310,000', '$85,000', '$120,000', '$38', '$19', '$41,200']"
senior_investor_exploitation,standard,Margaret,"['Margaret Kowalski', 'Bradley Fenwick', 'Fenwick', 'Fenwick', 'Margaret', 'Fenwick', 'Margaret', 'Lisa Chen', 'Fenwick', 'Margaret', 'Margaret', 'Fenwick', 'Margaret', 'Margaret', 'Fenwick', 'Margaret']","['teacher', 'manager', 'retired']",[78],"['$34,000,', '$285,000,', '$85,000,', '$600,000', '$168,000', '$27,400']"
options_unsuitable,standard,Marcus,"['Marcus Webb', 'Dana Kowalski', 'Dana Kowalski']",[],"[23, 34]","['$42,000', '$11,500,', '$38,400', '$29,700', '$6,200', '$9,800']"
senior_investor_exploitation,standard,Margaret,"['Margaret Hollis', 'Hollis', 'Derek Sanchez', 'Hollis', 'Hollis', 'Hollis', 'Hollis', 'Moderna', 'Hollis', 'Hollis', 'Hollis']","['schoolteacher', 'teacher', 'retired']","[78, 34]","['$42,000', '$310,000,', '$95,000,', '$750,000', '$18,400', '$87,000', '$6,200', '$265,000', '$171,800', '$11,000']"
options_unsuitable,standard,Gerald,"['Gerald Hoffman', 'Gerald', 'Dana Prescott', 'Dana', 'Gerald', 'Gerald', 'Gerald', 'Dana', 'Gerald', 'Dana', 'Gerald', 'Gerald', 'Gerald', 'Gerald', 'Gerald', 'Dana', 'Gerald']",['teacher'],"[58, 62, 31]","['$67,000,', '$140,000', '$8', '$45', '$12,000', '$6,800', '$52,300,', '$14,500']"
options_unsuitable,standard,Gerald,"['Gerald Hoffman', 'Gerald', 'Gerald', 'Gerald', 'Marcus Leland', 'Gerald', 'Gerald', 'Gerald', 'Gerald', 'Gerald', 'Gerald', 'Gerald', 'Gerald', 'Gerald', 'Gerald']","['manager', 'retired']","[71, 34]","['$2,800', '$185,000', '$33,600,', '$210,000', '$127,000', '$74,000,']"
complex_products_unsophisticated_investor,standard,Margaret,"['Margaret Dunleavy', 'Margaret', 'Kyle Bonner', 'Bonner', 'Margaret', 'Bonner', 'Margaret', 'Margaret', 'Bonner', 'Margaret', 'Margaret', 'Bonner', 'Bonner', 'Margaret', 'Palantir', 'Moderna', 'Margaret', 'Margaret', 'Margaret', 'Margaret', 'Bonner']","['teacher', 'manager', 'retired']","[63, 34]","['$42,000', '$21,600', '$285,000,', '$47,000', '$8,200', '$1,500', '$2,000', '$180,000', '$500,000,', '$120,000', '$180,000', '$61,400', '$118,600,', '$14,300']"
complex_products_unsophisticated_investor,standard,Margaret,"['Margaret Kowalski', 'Margaret', 'Brian Delacroix', 'Brian', 'Margaret', 'Brian', 'Brian', 'Margaret', 'Margaret', 'Margaret', 'Brian', 'Brian', 'Margaret', 'Margaret', 'Margaret', 'Margaret', 'Margaret', 'Brian', 'Margaret']","['teacher', 'manager', 'retiree', 'retired']",[63],"['$42,000', '$21,600', '$38,000,', '$310,000', '$310,000', '$120,000', '$310,000', '$141,000', '$169,000,', '$14,200']"
complex_products_unsophisticated_investor,standard,Marcus,"['Marcus Webb', 'Rachel Simmons', 'Rachel Simmons']",['mechanic'],"[24, 34]","['$31,000', '$8,200', '$2,400', '$31,000,', '$10,600,', '$6,750', '$8,200']"
excessive_churning,standard,Marcus,"['Marcus Delgado', 'Brian Kessler', 'Kessler', 'Kessler', 'Delgado', 'Kessler', 'Kessler', 'Delgado', 'Kessler', 'Kessler', 'Delgado']","['manager', 'retired']",[58],"['$3,200', '$410,000', '$38,400,', '$425,000,', '$87,400', '$410,000', '$219,000']"
options_unsuitable,standard,Marcus,"['Marcus Yellen', 'Danielle Kowalski', 'Robert Cheng']",[],"[24, 29]","['$34,000', '$11,500', '$8,200', '$3,100', '$9,000', '$11,500', '$41,300,', '$33,800', '$9,000']"
senior_investor_exploitation,standard,Margaret,"['Margaret Dawson', 'Margaret', 'Derek Paulson', 'Margaret', 'Margaret', 'Derek', 'Margaret', 'Margaret', 'Derek', 'Margaret', 'Derek', 'Margaret', 'Margaret', 'Margaret', 'Margaret']","['teacher', 'manager', 'retiree', 'retired']","[78, 78]","['$34,000,', '$215,000,', '$8,400', '$47,200', '$215,000', '$161,000']"
failure_to_know_customer,standard,Marcus,"['Marcus Delgado', 'Brian Holt', 'Brian', 'Brian', 'Brian', 'Brian', 'Brian', 'Brian']",['manager'],[24],"['$38,000', '$6,200', '$1,400', '$27,000', '$75,000,', '$120,000,', '$48', '$91', '$21,500,', '$19,300', '$4,700']"
options_unsuitable,standard,Gerald,"['Gerald Whitfield', 'Gerald', 'Gerald', 'Danielle Prescott', 'Prescott', 'Gerald', 'Gerald', 'Prescott', 'Gerald', 'Gerald', 'Prescott', 'Gerald', 'Gerald', 'Gerald', 'Gerald']","['retiree', 'retired']",[72],"['$2,400', '$1,100', '$185,000,', '$8,200', '$41,600', '$185,000', '$131,000', '$23,500']"
complex_products_unsophisticated_investor,standard,Margaret,"['Margaret Donnelly', 'Margaret', 'Kevin Brashear', 'Kevin', 'Margaret', 'Margaret', 'Kevin', 'Margaret', 'Kevin', 'Margaret', 'Kevin', 'Margaret', 'Margaret', 'Margaret', 'Kevin', 'Kevin', 'Margaret', 'Margaret', 'Kevin']","['teacher', 'manager', 'retired']",[63],"['$42,000', '$21,600', '$185,000,', '$34,000', '$6,200', '$219,000', '$28,000', '$70', '$75', '$480', '$1,900', '$6,100']"
complex_products_unsophisticated_investor,standard,Margaret,"['Margaret Dunleavy', 'Margaret', 'Derek Halpern', 'Margaret', 'Margaret', 'Margaret', 'Derek', 'Margaret', 'Margaret', 'Derek', 'Tricia Yuen', 'Margaret', 'Derek', 'Margaret', 'Margaret', 'Margaret', 'Derek']","['teacher', 'manager', 'mechanic', 'retiree', 'retired']",[63],"['$48,000', '$215,000,', '$74,000', '$61,300']"
senior_investor_exploitation,standard,Margaret,"['Margaret Dawson', 'Margaret', 'Kevin Briley', 'Briley', 'Margaret', 'Margaret', 'Margaret', 'Margaret', 'Briley', 'Margaret', 'Margaret', 'Margaret', 'Margaret', 'Margaret', 'Margaret', 'Briley']","['teacher', 'attorney', 'manager', 'retired']","[78, 34]","['$2,800', '$1,950', '$4,750', '$410,000', '$85,000', '$45,000', '$280,000', '$95,000', '$57,000', '$750,000', '$62,000', '$410,000', '$271,000,', '$139,000', '$23,400']"
senior_investor_exploitation,standard,Margaret,"['Margaret Dawson', 'Kevin Marsh', 'Dawson', 'Dawson', 'Lisa Chow', 'Dawson', 'Dawson', 'Dawson', 'Dawson', 'Dawson', 'Dawson']","['schoolteacher', 'teacher', 'retired']","[78, 34]","['$34,000', '$285,000,', '$190,000', '$285,000', '$141,000', '$144,000,', '$11,200']"
excessive_churning,standard,Marcus,"['Marcus Webb', 'Derek Stoll', 'Derek', 'Derek', 'Derek', 'Derek']",['manager'],"[34, 29]","['$52,000', '$38,000', '$38,000', '$41,200', '$29,000,', '$38,000', '$6,100', '$31,900', '$41,200', '$5,000']"
senior_investor_exploitation,standard,Margaret,"['Margaret Olsen', 'Margaret', 'Kevin Driscoll', 'Margaret', 'Margaret', 'Margaret', 'Margaret', 'Margaret', 'Margaret', 'Margaret', 'Margaret', 'Margaret', 'Margaret']","['teacher', 'manager', 'retired']","[78, 41]","['$34,000', '$285,000', '$310,000', '$585,000', '$41,200', '$138,500', '$14,800', '$285,000', '$131,700']"
failure_to_know_customer,standard,Gerald,"['Gerald Hawkins', 'Gerald', 'Brandon Cole', 'Gerald', 'Brandon', 'Brandon', 'Gerald', 'Gerald', 'Brandon', 'Gerald', 'Gerald', 'Brandon', 'Gerald', 'Patricia Layton', 'Gerald', 'Gerald', 'Gerald', 'Gerald', 'Gerald']","['manager', 'retired']",[58],"['$3,200', '$185,000', '$38,400,', '$185,000,', '$114,000', '$71,000,']"
senior_investor_exploitation,standard,Margaret,"['Margaret Holloway', 'Holloway', 'Holloway', 'Derek Callahan', 'Callahan', 'Callahan', 'Holloway', 'Holloway', 'Holloway', 'Holloway', 'Holloway']","['teacher', 'retired']","[78, 34]","['$2,400', '$1,850', '$410,000,', '$285,000', '$95,000', '$51,000', '$750,000', '$138,000', '$410,000', '$247,000', '$23,400']"
excessive_churning,standard,Margaret,"['Margaret Dawson', 'Kyle Brannigan', 'Margaret', 'Margaret', 'Margaret', 'Brannigan', 'Palantir', 'Brannigan', 'Margaret', 'Margaret', 'Margaret', 'Brannigan', 'Margaret', 'Margaret', 'Margaret']",['retired'],"[71, 29]","['$38,000', '$310,000', '$74,200', '$142,000,', '$310,000', '$168,000']"
complex_products_unsophisticated_investor,standard,Margaret,"['Margaret Okonkwo', 'Margaret', 'Margaret', 'Derek Langston', 'Margaret', 'Margaret', 'Margaret', 'Tesla', 'Margaret', 'Margaret', 'Margaret', 'Margaret', 'Margaret', 'Margaret', 'Margaret', 'Ridgeway', 'Margaret']","['teacher', 'manager', 'retired']","[62, 34]","['$3,400', '$1,850,', '$63,000', '$185,000', '$42,000', '$280,000', '$185,000', '$180,', '$6,200', '$260', '$4,100', '$185,000', '$97,400', '$87,600,', '$50,000']"
excessive_churning,standard,Margaret,"['Margaret Olsen', 'Derek Boland', 'Olsen', 'Olsen', 'Olsen', 'Linda Tsao']","['manager', 'retired']","[71, 65]","['$38,000', '$310,000', '$61,400', '$126,000', '$310,000', '$219,000', '$91,000,', '$61,400']"
excessive_churning,standard,Gerald,"['Gerald Whitfield', 'Gerald', 'Kevin Dao', 'Gerald', 'Gerald', 'Gerald', 'Kevin', 'Gerald', 'Gerald', 'Gerald', 'Kevin', 'Kevin', 'Gerald', 'Kevin', 'Gerald', 'Gerald', 'Kevin']","['attorney', 'retired']","[71, 34]","['$3,200', '$1,800', '$410,000,', '$94,000', '$410,000', '$187,000']"
excessive_churning,standard,Margaret,"['Margaret Hollins', 'Kevin Stull', 'Hollins', 'Hollins', 'Hollins', 'Hollins', 'Stull', 'Hollins', 'Stull', 'Hollins']","['teacher', 'manager', 'retired']",[71],"['$3,200', '$1,800', '$410,000', '$95,000', '$61,400', '$95,000', '$29,600', '$30,000', '$30,000', '$61,400']"
senior_investor_exploitation,standard,Margaret,"['Margaret Hensley', 'Hensley', 'Hensley', 'Kevin Driscoll', 'Hensley', 'Hensley', 'Hensley', 'Hensley', 'Hensley', 'Lisa Farrow', 'Hensley', 'Hensley']","['teacher', 'manager', 'retired']",[78],"['$34,000', '$410,000,', '$65,000', '$600,000', '$87,500', '$23,400', '$410,000', '$289,000', '$121,000,', '$9,370']"
inappropriate_risk_profile,standard,Margaret,"['Margaret Donovan', 'Margaret', 'Derek Loomis', 'Margaret', 'Derek', ""Derek recorded Margaret's"", 'Derek', 'Derek', 'Margaret', 'Derek', 'Margaret', 'Margaret', 'Margaret', 'Derek', 'Margaret']","['teacher', 'manager', 'retired']","[71, 34]","['$38,000', '$215,000,', '$50,000', '$38,000,', '$300,000', '$215,000', '$129,000', '$86,000,']"
complex_products_unsophisticated_investor,standard,Darren,"['Darren Whitfield', 'Marcus Ellison', 'Darren', 'Darren', 'Darren']",[],[22],"['$3,800', '$19,000,', '$4,200,', '$6,500,', '$48', '$2,100', '$11', '$48,000', '$37,400']"
failure_to_know_customer,standard,Gerald,"['Gerald Hartley', 'Gerald', 'Gerald', 'Gerald', 'Adam Chen', 'Gerald', 'Adam', 'Gerald', 'Adam', 'Gerald', 'Adam', 'Adam', 'Gerald', 'Gerald', 'Adam', 'Gerald', 'Gerald', 'Gerald', 'Gerald', 'Adam']","['manager', 'electrician', 'mechanic', 'retired']",[59],"['$52,000', '$185,000', '$340,000', '$140,000', '$127,000', '$68,000,', '$74,500']"
senior_investor_exploitation,standard,Margaret,"['Margaret Holloway', 'Margaret', 'Kevin Pratt', 'Kevin', 'Margaret', 'Kevin', 'Margaret', 'Margaret', 'Kevin', 'Margaret', 'Margaret', 'Margaret', 'Margaret', 'Kevin', 'Margaret']","['teacher', 'retired']","[78, 34]","['$34,000', '$185,000,', '$4,700', '$47,600,', '$31,200', '$16,400', '$1,150', '$12,850,']"
inappropriate_risk_profile,standard,Margaret,"['Margaret Dawson', 'Margaret', 'Margaret', 'Kyle Brennan', 'Kyle', 'Margaret', 'Margaret', 'Kyle', 'Margaret', 'Margaret', 'Margaret', 'Kyle', 'Margaret', 'Kyle', 'Margaret']","['teacher', 'accountant', 'manager', 'retired']",[71],"['$38,000', '$45,000,', '$310,000', '$75,000,', '$600,000', '$310,000', '$161,000', '$149,000,', '$14,200']"
excessive_churning,standard,Margaret,"['Margaret Kowalski', 'Derek Fontaine', 'Margaret', 'Derek', 'Margaret', 'Margaret', 'Margaret', 'Derek', 'Margaret', 'Margaret', 'Margaret', 'Margaret', 'Margaret']","['schoolteacher', 'teacher', 'manager', 'retired']",[71],"['$42,000', '$310,000', '$87,400', '$43,700', '$310,000', '$161,000', '$149,000']"
inappropriate_risk_profile,standard,Margaret,"['Margaret Kowalski', 'Derek Huang', 'Margaret', 'Derek', 'Derek', 'Margaret', 'Margaret', 'Derek', 'Margaret', 'Margaret', 'Margaret', 'Margaret', 'Derek', 'Derek', 'Margaret', 'Margaret']","['teacher', 'manager', 'retired']",[67],"['$3,200', '$285,000', '$180,000,', '$85,000,', '$600,000', '$74,000', '$11,200']"
senior_investor_exploitation,standard,Margaret,"['Margaret Kowalski', 'Margaret', 'Derek Hollins', 'Margaret', 'Derek', 'Margaret', 'Margaret', 'Derek', 'Margaret', 'Margaret', 'Margaret', 'Margaret', 'Margaret', 'Margaret', 'Derek', 'Derek', 'Margaret', 'Margaret']","['teacher', 'manager', 'retiree', 'retired']","[78, 34, 78]","['$2,800', '$1,450', '$410,000,', '$38,000,', '$29,500', '$187,000', '$410,000', '$141,000', '$269,000,']"
options_unsuitable,standard,Margaret,"['Margaret Kowalski', 'Derek Sloane', 'Kowalski', 'Kowalski', 'Kowalski', 'Kowalski', 'Kowalski', 'Kowalski', 'Kowalski', 'Kowalski', 'Kowalski']","['teacher', 'retired']","[67, 34]","['$38,000', '$210,000,', '$165,000', '$45,000', '$127,000', '$61,400', '$4,230']"
excessive_churning,standard,Margaret,"['Margaret Dunlap', 'Craig Weston', 'Margaret', 'Weston', 'Weston', 'Margaret', 'Margaret', 'Weston', 'Margaret', 'Weston', 'Weston', 'Margaret']","['schoolteacher', 'teacher', 'manager', 'retired']",[71],"['$340,000', '$2,100', '$1,400', '$61,200', '$340,000', '$187,000', '$153,000,', '$61,200']"
complex_products_unsophisticated_investor,standard,Margaret,"['Margaret Dunleavy', 'Kyle Radford']","['teacher', 'manager', 'retired']","[72, 29]","['$38,000', '$185,000,', '$165,000', '$74,300,', '$90,700', '$6,420']"
failure_to_know_customer,standard,Gerald,"['Gerald Whitfield', 'Gerald', 'Gerald', 'Kevin Pratt', 'Kevin', 'Gerald', 'Gerald', 'Kevin', 'Gerald', 'Kevin', 'Gerald', 'Gerald', 'Gerald', 'Kevin', 'Gerald', 'Kevin', 'Gerald', 'Gerald']",['retired'],"[72, 29]","['$2,400', '$1,100', '$185,000,', '$120,000', '$185,000', '$97,000', '$88,000,']"
inappropriate_risk_profile,standard,Margaret,"['Margaret Olsen', 'Margaret', 'Kevin Driscoll', 'Margaret', 'Margaret', 'Margaret', 'Margaret', 'Margaret', 'Margaret', 'Margaret']","['teacher', 'manager', 'retired']",[71],"['$3,200', '$1,850', '$60,600', '$285,000,', '$11,400', '$285,000', '$161,000', '$124,000,']"
failure_to_know_customer,standard,Derek,"['Derek Hollis', 'Margaret Chen', 'Margaret', 'Derek', 'Derek', 'Margaret', 'Derek', 'Margaret', 'Derek', 'Margaret', 'Derek', 'Margaret', 'Derek', 'Margaret', 'Margaret', 'Derek', 'Derek', 'Margaret']","['teacher', 'manager', 'retired']",[68],"['$42,000', '$185,000', '$38,000', '$74,000', '$11,200']"
private_placements_unsuitable,borderline,Derek,"['Derek Holloway', 'Margaret Sung', 'Margaret', 'Margaret', 'Alan', 'Margaret', 'Alan', 'Margaret', 'Alan', 'Margaret', 'Margaret']",['doctor'],"[62, 67]","['$175,000', '$150,000', '$1.9', '$620,000', '$430,000', '$310,000', '$180,000', '$360,000', '$575,000', '$142,000', '$175,000', '$95,000', '$270,000,']"
illiquid_real_estate_investment,borderline,Derek,"['Derek Halloran', 'Patricia Evanston', 'Patricia', 'Derek', 'Patricia', 'Patricia', 'Patricia', 'Derek']",['retired'],[62],"['$175,000', '$6,200', '$2,400', '$1.4', '$980,000', '$420,000', '$650,000', '$175,000']"
senior_investor_exploitation,borderline,Margaret,"['Margaret Thornton', 'David Kowalski', 'Margaret', 'Kowalski', 'Margaret', 'Kowalski', 'Margaret', 'Margaret', 'Margaret', 'Margaret', 'Margaret', 'Kowalski', 'Margaret', 'Margaret', 'Margaret']","['retiree', 'retired']","[74, 52, 74]","['$2.1', '$450,000,', '$980,000', '$520,000', '$150,000', '$4,200', '$2,800', '$84,000', '$5,500', '$150,000', '$150,000', '$150,000', '$370,000', '$980,000', '$150,000']"
senior_investor_exploitation,borderline,Margaret,"['Margaret Colton', 'Daniel Fitch', 'Margaret', 'Daniel', 'Margaret', 'Karen', 'Daniel', 'Karen', 'Daniel', 'Margaret', 'Margaret', 'Daniel', 'Margaret', 'Karen', 'Margaret', 'Karen', 'Daniel']","['manager', 'retired']","[74, 42, 48, 74]","['$2.1', '$1.55', '$78,000', '$400,000', '$155,000', '$155,000', '$155,000']"
private_placements_unsuitable,borderline,Delray,"['Delray', 'Trevor Halston', 'Delray', 'Halston']","['dentist', 'veteran']",[58],"['$2.1', '$840,000', '$620,000', '$290,000', '$350,000', '$380,000', '$1.4', '$275,000', '$19,250,', '$21,175', '$275,000', '$350,000', '$625,000,']"
illiquid_real_estate_investment,borderline,Marcus,"['Marcus Delgado', 'Stephanie Vane', 'Vane', 'Vane', 'Vane', 'Vane', 'Vane']",['consultant'],[62],"['$2.1', '$780,000,', '$4,200', '$2,600', '$60,000', '$90,000', '$315,000', '$315,000', '$315,000', '$1.785']"
alternative_investments_unsuitable,borderline,Randall,"['Randall Okonkwo', 'Derek Flemming']","['engineer', 'retired']",[61],"['$6,400', '$1,850', '$890,000', '$95,000', '$40,000', '$1,200', '$50,000', '$150,000', '$50,000', '$50,000', '$150,000', '$10,500,', '$150,000', '$150,000']"
alternative_investments_unsuitable,borderline,Marcus,"['Marcus Delacroix', 'Trevor Winslow', 'Delacroix', 'Winslow', 'Delacroix', 'Winslow', 'Delacroix', 'Delacroix', 'Winslow', 'Delacroix', 'Delacroix', 'Delacroix']","['engineer', 'retired']",[],"['$1.4', '$2.1', '$4,200', '$280,000']"
alternative_investments_unsuitable,borderline,Marcus,"['Marcus Tillman', 'Derek Osei', 'Osei', 'Tillman', 'Osei', 'Tillman', 'Tillman', 'Tillman', 'Tillman', 'Tillman', 'Tillman', 'Tillman']",['manager'],[58],"['$620,000,', '$340,000,', '$285,000', '$138,000', '$75,000', '$75,000', '$98,000', '$210,000']"
illiquid_real_estate_investment,borderline,Margaret,"['Margaret Holloway', 'Dennis Carver', 'Margaret', 'Dennis', 'Margaret', 'Dennis', 'Dennis', 'Margaret', 'Dennis', 'Margaret', 'Margaret', 'Margaret']",['retired'],"[58, 65, 65]","['$310,000', '$490,000', '$380,000', '$68,000,', '$34,000,', '$34,000', '$90,000', '$18,000']"
failure_to_know_customer,borderline,Marcus,"['Marcus Delgado', 'Trevor Ashworth', 'Delgado', 'Ashworth', 'Ashworth', 'Delgado', 'Ashworth']",['attorney'],[58],"['$310,000,', '$2.1', '$680,000', '$200,000', '$175,000']"
failure_to_know_customer,borderline,Derek,"['Derek Holloway', 'Margaret Solis', 'Margaret', 'Derek', 'Margaret', 'Derek', 'Margaret', 'Margaret', 'Derek', 'Margaret', 'Margaret', 'Margaret', 'Derek', 'Margaret', 'Margaret', 'Derek']","['manager', 'retired']",[61],"['$85,000', '$720,000,', '$310,000,', '$180,000', '$3,400', '$40,000', '$30,000', '$85,000', '$125,000,']"
failure_to_know_customer,borderline,Marcus,"['Marcus Heller', 'Dolores Vance', 'Heller', 'Heller', 'Heller', 'Heller', 'Heller', 'Heller']",['retired'],[],"['$85,000', '$28,000', '$310,000,', '$195,000,', '$85,000']"
private_placements_unsuitable,borderline,Patricia,"['Patricia Winslow', 'Winslow', 'Delray', 'Winslow', 'Winslow', 'Winslow', 'Winslow', 'Winslow', 'Winslow']","['engineer', 'mechanic', 'retired']",[61],"['$1.4', '$900,000', '$280,000', '$220,000', '$3,200', '$68,000', '$120,000', '$50,000', '$150,000', '$250,000', '$70,000,', '$2.1', '$150,000', '$87,000']"
inappropriate_risk_profile,borderline,Raymond,"['Raymond Kowalski', 'Derek Foss', 'Kowalski', 'Kowalski', 'Foss', 'Foss', 'Kowalski', 'Foss', 'Kowalski', 'Kowalski', 'Foss', 'Kowalski', 'Kowalski', 'Foss', 'Kowalski', 'Kowalski', 'Kowalski', 'Kowalski', 'Foss', 'Foss', 'Foss', 'Kowalski', 'Foss', 'Kowalski']","['engineer', 'manager', 'mechanic', 'retired']","[58, 65]","['$1.4', '$900,000', '$280,000', '$220,000', '$2,400', '$50,000,', '$140,000', '$800', '$500,000', '$280,000', '$220,000', '$75,000', '$140,000', '$65,000,', '$1.4', '$9,800']"
alternative_investments_unsuitable,borderline,Patricia,"['Patricia Hollingsworth', 'Patricia', 'Patricia', 'Delray', 'Patricia', 'Patricia', 'Patricia', 'Patricia', 'Patricia', 'Patricia', 'Patricia', 'Patricia', 'Patricia']",['retired'],[61],"['$85,000', '$420,000', '$2,200', '$1,450', '$38,000', '$250,000,', '$458,000', '$85,000', '$30,000', '$40,000', '$38,000']"
alternative_investments_unsuitable,borderline,Margaret,"['Margaret Holloway', 'Dennis Farwell', 'Margaret', 'Margaret', 'Margaret', 'Margaret', 'Margaret', 'Margaret', 'Margaret', 'Margaret']","['manager', 'retired']",[61],"['$1.4', '$620,000', '$58,000,', '$95,000', '$48,300', '$95,000', '$6,650', '$6.20', '$10.00']"
illiquid_real_estate_investment,borderline,Raymond,"['Raymond Kowalski', 'Derek Fontaine', 'Kowalski', 'Kowalski', 'Fontaine', 'Kowalski', 'Fontaine', 'Kowalski', 'Kowalski', 'Kowalski', 'Kowalski', 'Kowalski', 'Kowalski', 'Kowalski', 'Kowalski']",['manager'],"[58, 60]","['$4.1', '$1.2', '$800,000,', '$1.6', '$500,000', '$620,000', '$50,000', '$400,000', '$500,000']"
failure_to_know_customer,borderline,Marcus,"['Marcus Reinhold', 'Dorothy Stennis', 'Dorothy', 'Dorothy', 'Dorothy', 'Dorothy', 'Dorothy', 'Dorothy', 'Dorothy', 'Dorothy', 'Dorothy']",['retired'],[64],"['$4,200', '$1,800', '$820,000', '$390,000', '$95,000', '$25,000', '$1.06', '$75,000', '$1.1', '$72,000', '$95,000', '$75,000', '$95,000', '$543,000', '$35,000', '$8,200']"
illiquid_investments,borderline,Margaret,"['Margaret Chen', 'Kevin Novak', 'Chen', 'Chen', 'Chen', 'Chen', 'Chen', 'Chen', 'Chen']","['attorney', 'retired']",[58],"['$4.2', '$2.8', '$600,000', '$800,000', '$185,000', '$420,000', '$48,300', '$29,400', '$2.8', '$2.38', '$200,000', '$300,000', '$250,000', '$670,000,']"
senior_investor_exploitation,standard,Margaret,"['Margaret Dawson', 'Kevin Roark', 'Margaret', 'Margaret', 'Margaret']","['schoolteacher', 'teacher', 'manager', 'retired']","[79, 34]","['$38,000', '$310,000,', '$185,000', '$125,000', '$125,000', '$68,000,']"
high_fees_unsuitable,standard,Margaret,"['Margaret Dawson', 'Margaret', 'Kevin Stadler', 'Margaret', 'Kevin', 'Margaret', 'Kevin', 'Margaret', 'Kevin', 'Margaret', 'Kevin', 'Margaret', 'Kevin']","['teacher', 'manager', 'retiree', 'retired']","[71, 71]","['$42,000', '$310,000,', '$125,000', '$125,000', '$106,250', '$18,000']"
illiquid_real_estate_investment,standard,Marcus,"['Marcus Webb', 'Dorothy', 'Earl Hastings', 'Hastings', 'Dorothy', 'Hastings', 'Hastings', 'Hastings', 'Hastings', 'Meridian Industrial REIT', 'Hastings', 'Dorothy']","['teacher', 'retired']",[74],"['$62,000', '$415,000', '$185,000', '$165,000', '$60,000', '$55,000', '$50,000', '$16,500', '$19,800', '$165,000', '$105,000', '$60,000,']"
inappropriate_risk_profile,standard,Derek,"['Derek Stanton', 'Barbara Henning', 'Barbara', 'Barbara', 'Barbara', 'Derek', 'Barbara', 'Derek', 'Barbara', 'Derek', 'Barbara', 'Barbara']","['schoolteacher', 'teacher', 'retiree', 'retired']",[68],"['$410,000,', '$285,000', '$125,000', '$38,000,', '$18,400', '$120,000']"
senior_investor_exploitation,standard,Margaret,"['Margaret Ellison', 'Ellison', 'Daniel Pruitt', 'Ellison', 'Pruitt', 'Pruitt', 'Ellison', 'Ellison', 'Ellison', 'Ellison', 'Ellison', 'Pruitt', 'Pruitt', 'Ellison']","['teacher', 'retired']","[79, 42]","['$38,000,', '$22,000', '$16,000', '$410,000,', '$185,000', '$25,000,', '$175,000', '$80,000', '$175,000', '$12,250']"
illiquid_investments,standard,Margaret,"['Margaret Dalton', 'Kevin Marsh', 'Margaret', 'Margaret', 'Margaret', 'Margaret', 'Margaret']","['teacher', 'retired']","[71, 70]","['$410,000,', '$290,000', '$120,000', '$2,800', '$600', '$175,000', '$100,000', '$75,000', '$21,000', '$22,750', '$12,250', '$18,000', '$75,000', '$115,000', '$60,000', '$175,000']"
failure_to_know_customer,standard,Gerald,"['Gerald Hutchins', 'Gerald', 'Gerald', 'Danielle Pryor', 'Gerald', 'Pryor', 'Pryor', 'Gerald', 'Gerald', 'Pryor', 'Gerald', 'Pryor', 'Gerald', 'Pryor', 'Gerald', 'Gerald', 'Pryor', 'Gerald', 'Gerald']",['retired'],[71],"['$2,400', '$1,850', '$285,000,', '$285,000,', '$175,000', '$12,250', '$108,500']"
senior_investor_exploitation,standard,Margaret,"['Margaret Olsen', 'Margaret', 'Kevin Driscoll', 'Kevin', 'Margaret', 'Kevin', 'Margaret', 'Margaret', 'Kevin']",['retired'],"[79, 41, 70]","['$34,000', '$285,000,', '$180,000', '$140,000', '$140,000', '$9,800', '$1.6']"
alternative_investments_unsuitable,standard,Margaret,"['Margaret Colvin', 'Kevin Braddock', 'Braddock', 'Colvin', 'Colvin']","['teacher', 'retired']",[71],"['$410,000,', '$320,000', '$90,000', '$2,400', '$600', '$2,800', '$175,000', '$13,125']"
alternative_investments_unsuitable,standard,Margaret,"['Margaret Okonkwo', 'Dale Sutherland', 'Margaret', 'Margaret', 'Margaret']",['retired'],[71],"['$42,000', '$21,600', '$310,000,', '$245,000', '$65,000', '$125,000', '$15,000']"
failure_to_know_customer,standard,Mark,"['Mark Devlin', 'Patricia Owens', 'Patricia', 'Patricia', 'Patricia', 'Patricia', 'Patricia']","['teacher', 'retired']",[],"['$175,000', '$3,400', '$1,800', '$410,000,', '$175,000']"
inappropriate_risk_profile,standard,Margaret,"['Margaret Olsen', 'Craig Devereaux', 'Margaret', 'Devereaux', 'Margaret', 'Margaret', 'Margaret', 'Devereaux']","['schoolteacher', 'teacher', 'retired']",[72],"['$46,000', '$285,000,', '$95,000', '$10,925', '$58,975']"
alternative_investments_unsuitable,standard,Gerald,"['Gerald Whitman', 'Gerald', 'Craig Delmonico', 'Delmonico', 'Gerald', 'Delmonico', 'Delmonico', 'Gerald', 'Gerald', 'Delmonico', 'Delmonico', 'Gerald', 'Gerald', 'Gerald']",['retired'],"[58, 56]","['$410,000', '$85,000', '$260,000,', '$2,400', '$18,000', '$125,000', '$80,000', '$60,000', '$265,000', '$410,000', '$21,200', '$24,000']"
illiquid_real_estate_investment,standard,Margaret,"['Margaret Dawson', 'Dawson', 'Kevin Burroughs', 'Dawson', 'Dawson', 'Dawson', 'Dawson']","['teacher', 'retired']",[71],"['$2,800', '$1,950', '$410,000,', '$340,000', '$70,000', '$185,000', '$120,000', '$8,400', '$120,000', '$120,000', '$38,000']"
inappropriate_risk_profile,standard,Gerald,"['Gerald Whitmore', 'Gerald', 'Stacy Pham', 'Gerald', 'Pham', 'Gerald', 'Gerald', 'Pham', 'Gerald', 'Pham', 'Gerald', 'Pham', 'Gerald', 'Gerald']","['manager', 'retired']",[71],"['$2,400', '$1,100', '$285,000,', '$190,000', '$62,000', '$3,800', '$140,000', '$45,000', '$19,400', '$120,000']"
illiquid_real_estate_investment,standard,Margaret,"['Margaret Holloway', 'David Pham', 'Pham', 'Margaret', 'Margaret', 'Pham', 'Margaret', 'Margaret', 'Pham', 'Margaret', 'Margaret', 'Margaret', 'Pham']","['teacher', 'retired']","[71, 65]","['$410,000,', '$285,000', '$95,000', '$30,000', '$2,800', '$650', '$150,000', '$132,000', '$150,000', '$85,800']"
illiquid_real_estate_investment,standard,Margaret,"['Margaret Dawson', 'Kevin Barlow', 'Kevin', 'Margaret', 'Kevin', 'Margaret', 'Kevin', 'Margaret', 'Kevin']","['teacher', 'manager', 'retired']",[72],"['$48,000', '$310,000,', '$185,000', '$90,000', '$35,000', '$210,000', '$125,000', '$125,000']"
illiquid_investments,standard,Margaret,"['Margaret Olsen', 'Derek Pruitt', 'Margaret', 'Derek', 'Margaret', 'Derek', 'Margaret']","['teacher', 'retired']",[71],"['$410,000,', '$310,000', '$100,000', '$2,800', '$600', '$155,000', '$6.10', '$10.00', '$59,600']"
inappropriate_risk_profile,standard,Margaret,"['Margaret Donovan', 'Thomas Caldwell', 'Margaret', 'Caldwell', 'Margaret', 'Margaret']","['teacher', 'retired']",[71],"['$38,000', '$310,000,', '$190,000,', '$15,000', '$20,000', '$125,000', '$16,875']"
failure_to_know_customer,standard,Marcus,"['Marcus Vreeland', 'Dorothy Keating', 'Keating', 'Vreeland', 'Keating', 'Keating', 'Keating', 'Keating', 'Keating', 'Keating']",['retired'],[71],"['$620,000', '$410,000', '$210,000', '$1,850', '$2,100', '$175,000', '$95,000', '$50,000', '$95,000', '$270,000']"
illiquid_real_estate_investment,standard,Margaret,"['Margaret Olsen', 'Margaret', 'Dale Whitford', 'Margaret', 'Margaret', 'Dale', 'Margaret', 'Margaret', 'Margaret', 'Margaret']","['schoolteacher', 'teacher', 'retired']",[71],"['$38,000', '$310,000,', '$125,000', '$15,000', '$125,000', '$125,000', '$72,000', '$18,000,']"
illiquid_investments,standard,Gerald,"['Gerald Ostrowski', 'Gerald', 'Doris', 'Gerald', 'Kyle Denning', 'Doris', 'Gerald', 'Doris', 'Gerald', 'Gerald', 'Doris', 'Gerald', 'Denning', 'Gerald', 'Gerald', 'Gerald', 'Gerald', 'Doris']",['retired'],"[71, 69, 65]","['$54,000', '$26,400', '$410,000,', '$310,000', '$100,000', '$2,800', '$7,000', '$9,000', '$155,000', '$75,000', '$230,000,', '$10,850', '$2,625', '$13,475', '$155,000', '$4,200', '$230,000']"
illiquid_real_estate_investment,standard,Margaret,"['Margaret Ellison', 'Margaret', 'Craig Winslow', 'Margaret', 'Craig', 'Craig', 'Margaret', 'Craig', 'Margaret', 'Margaret']","['teacher', 'retired']","[72, 44]","['$48,000,', '$410,000,', '$285,000', '$95,000', '$30,000', '$220,000', '$125,000', '$8,750', '$5,000,']"
senior_investor_exploitation,standard,Margaret,"['Margaret Ellison', 'Ellison', 'Craig Denham', 'Denham', 'Ellison', 'Ellison', 'Ellison', 'Denham', 'Denham']","['teacher', 'manager', 'retired']","[79, 42]","['$2,400', '$1,850', '$415,000,', '$210,000', '$125,000', '$8,750']"
illiquid_real_estate_investment,standard,Margaret,"['Margaret Kowalski', 'Margaret', 'Margaret', 'Derek Hollins', 'Derek', 'Margaret', 'Derek', 'Margaret', 'Derek', 'Margaret', 'Margaret', 'Margaret', 'Derek', 'Derek', 'Margaret']","['schoolteacher', 'teacher', 'manager', 'retired']",[71],"['$2,400', '$1,850', '$410,000,', '$285,000', '$90,000', '$35,000', '$185,000', '$140,000', '$140,000', '$75,700', '$12,000,']"
alternative_investments_unsuitable,standard,Margaret,"['Margaret Chen', 'Derek Walton', 'Margaret', 'Walton', 'Margaret', 'Walton', 'Margaret', 'Margaret']","['teacher', 'retired']","[72, 44]","['$410,000,', '$285,000', '$75,000', '$250,000', '$38,000,', '$140,000', '$9,800', '$140,000', '$86,800']"
inappropriate_risk_profile,standard,Gerald,"['Gerald Whitfield', 'Gerald', 'Gerald', 'Craig Dutton', 'Gerald', 'Craig', 'Gerald', 'Craig', 'Gerald', 'Craig', 'Craig', 'Gerald', 'Gerald']","['manager', 'retired']","[71, 65]","['$2,800', '$1,400', '$215,000,', '$18,000', '$140,000', '$90,000', '$50,000']"
illiquid_real_estate_investment,standard,Margaret,"['Margaret Townsend', 'Craig Milner', 'Margaret', 'Craig', 'Margaret', 'Craig', 'Margaret']","['schoolteacher', 'teacher', 'manager', 'retired']",[72],"['$38,000', '$310,000,', '$125,000', '$15,000']"
inappropriate_risk_profile,standard,Gerald,"['Gerald Whitmore', 'Gerald', 'Gerald', 'Nathan Collier', 'Gerald', 'Gerald', 'Gerald', 'Gerald', 'Gerald']",['retired'],[71],"['$38,000', '$21,600', '$285,000,', '$190,000', '$60,000', '$35,000', '$125,000', '$90,000', '$35,000']"
high_fees_unsuitable,standard,Margaret,"['Margaret Ellison', 'Craig Denton', 'Denton', 'Margaret', 'Denton', 'Margaret', 'Denton', 'Margaret', 'Margaret', 'Denton', 'Margaret', 'Margaret']","['teacher', 'retired']",[72],"['$410,000', '$2,800', '$600', '$3,400', '$165,000', '$11,550', '$165,000', '$118,000']"
alternative_investments_unsuitable,standard,Margaret,"['Margaret Olson', 'Margaret', 'Margaret', 'Dean Hargrove', 'Dean', 'Margaret', 'Margaret', 'Dean', 'Margaret', 'Margaret']","['teacher', 'manager', 'retired']",[72],"['$340,000,', '$280,000', '$60,000', '$2,100', '$400', '$30,000', '$140,000', '$9,800']"
inappropriate_risk_profile,standard,Gerald,"['Gerald Hoffman', 'Gerald', 'Gerald', 'Dale Ericson', 'Gerald', 'Dale', 'Gerald', 'Dale', 'Gerald', 'Gerald']",['retired'],[71],"['$42,000', '$21,600', '$310,000,', '$85,000', '$85,000', '$48,000']"
inappropriate_risk_profile,standard,Gerald,"['Gerald Pitman', 'Gerald', 'Elaine', 'Gerald', 'Troy Beckett', 'Gerald', 'Gerald', 'Gerald', 'Gerald', 'Gerald', 'Gerald', 'Gerald', 'Gerald']","['manager', 'retired']","[71, 69]","['$42,000', '$22,800', '$385,000,', '$115,000', '$13,800', '$65,700']"
alternative_investments_unsuitable,standard,Gerald,"['Gerald Whitfield', 'Gerald', 'Gerald', 'Gerald', 'Todd Brennan', 'Gerald', 'Todd', 'Gerald', 'Gerald', 'Todd', 'Gerald']",['retired'],"[71, 69]","['$42,000', '$22,800', '$385,000,', '$3,500', '$115,000', '$3,500', '$115,000']"
senior_investor_exploitation,standard,Margaret,"['Margaret Hollings', 'David Pruitt', 'Hollings', 'Pruitt', 'Hollings', 'Pruitt', 'Pruitt', 'Hollings']","['schoolteacher', 'teacher', 'manager', 'retired']","[79, 42]","['$410,000', '$95,000', '$2,350', '$3,800', '$175,000']"
inappropriate_risk_profile,standard,Margaret,"['Margaret Hollis', 'Hollis', 'Dale Prescott', 'Hollis', 'Hollis', 'Hollis', 'Prescott', 'Hollis', 'Hollis', 'Hollis']","['teacher', 'retired']",[71],"['$3,200', '$1,850', '$410,000,', '$125,000', '$15,000', '$8,750', '$78,000,', '$47,000']"
alternative_investments_unsuitable,standard,Gerald,"['Gerald Hutchins', 'Gerald', 'Patricia', 'Gerald', 'Derek Sloane', 'Gerald', 'Derek', 'Gerald', 'Derek', 'Gerald', 'Gerald', 'Gerald', 'Patricia']",['retired'],"[71, 69]","['$62,000', '$28,000', '$410,000,', '$290,000', '$85,000', '$35,000', '$125,000', '$8,750']"
alternative_investments_unsuitable,standard,Gerald,"['Gerald Whitfield', 'Gerald', 'Gerald', 'Brian Kessler', 'Gerald', 'Kessler', 'Gerald', 'Kessler', 'Gerald', 'Gerald', 'Kessler', 'Gerald']",['retired'],[71],"['$4,200', '$2,100', '$75,600', '$410,000,', '$38,000', '$125,000', '$125,000', '$9,375']"
high_fees_unsuitable,standard,Margaret,"['Margaret Holloway', 'Derek Simmons', 'Margaret', 'Derek', 'Margaret', 'Derek', 'Margaret', 'Margaret', 'Margaret', 'Margaret']","['teacher', 'manager', 'retired']",[71],"['$3,400', '$1,800', '$62,400', '$285,000', '$42,000', '$190,000', '$175,000', '$175,000', '$20,125,', '$30,000']"
inappropriate_risk_profile,standard,Gerald,"['Gerald Hutchinson', 'Gerald', 'Darren Kowalski', 'Gerald', 'Darren', 'Gerald', 'Gerald', 'Darren', 'Gerald', 'Darren', 'Gerald', 'Gerald', 'Darren', 'Gerald', 'Darren', 'Darren']",['retired'],[71],"['$38,000', '$210,000,', '$95,000', '$9,500', '$95,000', '$55,000']"
high_fees_unsuitable,borderline,Marcus,"['Marcus Ellenbogen', 'Dana Whitfield', 'Whitfield', 'Whitfield', 'Avalanche', 'Cardano', 'Whitfield', 'Whitfield', 'Whitfield', 'Ellenbogen', 'Whitfield', 'Ellenbogen']",['retired'],[58],"['$740,000', '$30,000', '$40,000', '$1,800', '$75,000,', '$41,200', '$75,000', '$35,000', '$45,000', '$500,000']"
failure_to_know_customer,borderline,Marcus,"['Marcus Delgado', 'Patricia Howe', 'Patricia', 'Patricia', 'Patricia', 'Patricia', 'Patricia', 'Patricia', 'Patricia']",['retired'],[58],"['$85,000', '$475,000', '$3,400', '$120,000', '$475,000', '$12,000', '$85,000', '$85,000']"
senior_investor_exploitation,borderline,Margaret,"['Margaret Holloway', 'Derek Lassiter', 'Margaret', 'Margaret', 'Margaret', 'Margaret', 'Margaret', 'Margaret', 'Margaret', 'Margaret', 'Margaret']","['schoolteacher', 'teacher', 'mechanic', 'retired']",[74],"['$620,000', '$480,000', '$140,000', '$2,200', '$1,100', '$3,300', '$2,900,', '$28,000', '$28,000,', '$28,000', '$9,000']"
illiquid_investments,borderline,Marcus,"['Marcus Delgado', 'Trent Calloway']","['dentist', 'retired']",[58],"['$1.4', '$320,000', '$850,000', '$210,000', '$210,000']"
high_fees_unsuitable,borderline,Marcus,"['Marcus Delgado', 'Priya Sundaram', 'Sundaram', 'Delgado', 'Sundaram']","['engineer', 'retired']",[],"['$1.4', '$820,000', '$82,000', '$82,000', '$31,000']"
illiquid_investments,borderline,Marcus,"['Marcus Delgado', 'Helen', 'Delgado', 'Helen', 'Helen', 'Delgado']",['retired'],[61],"['$180,000', '$820,000', '$4,200', '$1,850', '$180,000']"
alternative_investments_unsuitable,borderline,Marcus,"['Marcus Delgado', 'Caryn Whitfield', 'Whitfield', 'Delgado', 'Whitfield', 'Whitfield', 'Whitfield', 'Whitfield', 'Whitfield', 'Whitfield']","['engineer', 'retired']",[58],"['$1.4', '$620,000,', '$120,000', '$120,000', '$120,000', '$34,000']"
failure_to_know_customer,borderline,Marcus,"['Marcus Delacroix', 'Delacroix', 'Trevor Hollis', 'Delacroix', 'Delacroix', 'Delacroix', 'Delacroix', 'Delacroix', 'Delacroix', 'Delacroix']",['teacher'],[58],"['$310,000', '$140,000', '$47,000', '$800', '$15,000', '$15,000', '$4,200']"
crypto_assets_unsuitable,borderline,Marcus,"['Marcus Delgado', 'Sandra Whitfield', 'Sandra', 'Sandra', 'Sandra', 'Sandra', 'Sandra', 'Sandra', 'Sandra', 'Sandra', 'Sandra']","['engineer', 'mechanic']",[58],"['$1.4', '$280,000', '$5,000', '$40,000', '$40,000', '$40,000', '$40,000']"
high_fees_unsuitable,borderline,Janelle,"['Janelle Forsythe', 'Bitcoin', 'Janelle']","['engineer', 'retired']",[],"['$1.1', '$740,000', '$180,000', '$74,000', '$74,000', '$41,400']"
alternative_investments_unsuitable,borderline,Marcus,"['Marcus Delacroix', 'Dana Whitfield', 'Delacroix', 'Whitfield', 'Bitcoin', 'Whitfield', 'Whitfield', 'Whitfield', 'Delacroix', 'Delacroix', 'Whitfield', 'Delacroix', 'Whitfield', 'Whitfield', 'Delacroix']","['engineer', 'retired']",[61],"['$1.4', '$680,000,', '$4,200', '$210,000', '$18,000', '$112,000', '$112,000,', '$85,000']"
complex_products_unsophisticated_investor,borderline,Marcus,"['Marcus Delroy', 'Theresa Wainwright', 'Delroy', 'Delroy', 'Bitcoin', 'Delroy', 'Delroy', 'Delroy', 'Wainwright']",['manager'],[58],"['$94,000', '$187,000,', '$28,000,', '$26,400', '$28,000']"
alternative_investments_unsuitable,borderline,Marcus,"['Marcus Delgado', 'Trevor Kowalski', 'Kowalski', 'Kowalski', 'Kowalski', 'Kowalski', 'Kowalski', 'Kowalski', 'Kowalski']","['engineer', 'retired']",[58],"['$1.1', '$340,000', '$620,000', '$15,000', '$5,200,', '$85,000', '$71,000', '$85,000']"
illiquid_investments,borderline,Derek,"['Derek Holsum', 'Patricia Engel', 'Patricia', 'Patricia', 'Patricia', 'Patricia', 'Patricia', 'Patricia', 'Patricia', 'Patricia', 'Patricia', 'Patricia', 'Holsum', 'Patricia']",['retired'],[61],"['$85,000', '$470,000', '$3,400', '$1,100', '$95,000', '$85,000']"
failure_to_know_customer,borderline,Danielle,"['Danielle Okafor', 'Marcus Heller', 'Bitcoin']",['nurse'],[58],"['$340,000', '$85,000', '$22,000', '$7,400,', '$14,600']"
alternative_investments_unsuitable,borderline,Marcus,"['Marcus Helbig', 'Helbig', 'Diana Forsythe', 'Helbig', 'Helbig', 'Helbig']","['engineer', 'veteran', 'retiree', 'retired']",[58],"['$1.1', '$680,000', '$310,000', '$110,000', '$85,000', '$85,000', '$11,400', '$73,600']"
failure_to_know_customer,borderline,Marcus,"['Marcus Ellenbogen', 'Derek Fontaine', 'Ellenbogen', 'Avalanche', 'Ellenbogen']","['engineer', 'retired']",[58],"['$640,000', '$85,000', '$3,800', '$96,000', '$640,000', '$96,000', '$37,440']"
crypto_assets_unsuitable,borderline,Marcus,"['Marcus Delgado', 'Ruth Hensley', 'Ruth', 'Ruth', 'Ruth', 'Ruth', 'Ruth', 'Ruth', 'Ruth', 'Ruth', 'Ruth', 'Ruth', 'Ruth', 'Ruth']",['retired'],[58],"['$840,000', '$2,800', '$1,600', '$3,900', '$84,000,', '$84,000', '$84,000']"
failure_to_know_customer,borderline,Marcus,"['Marcus Delacroix', 'Delacroix', 'Bitcoin', 'Delacroix', 'Renata Solis', 'Delacroix', 'Delacroix', 'Delacroix', 'Delacroix', 'Solis', 'Delacroix', 'Delacroix', 'Delacroix', 'Delacroix', 'Solis']","['engineer', 'veteran', 'retired']",[61],"['$1.1', '$740,000', '$280,000', '$80,000', '$95,000,', '$246,400', '$246,400', '$246,400', '$148,000', '$172,000']"
inappropriate_risk_profile,borderline,Marcus,"['Marcus Tillerman', 'Patricia Osei', 'Osei', 'Osei', 'Osei', 'Osei', 'Tillerman', 'Osei', 'stablecoin de-pegging', 'Osei']","['engineer', 'retired']",[],"['$2.1', '$48,000', '$91,000,', '$15,000', '$105,000,']"
high_fees_unsuitable,borderline,Marcus,"['Marcus Delgado', 'Bitcoin', 'Ethereum', 'Patricia Horne', 'Bitcoin', 'Horne']","['mechanic', 'retired']",[58],"['$740,000', '$85,000', '$85,000', '$3,100']"
illiquid_investments,borderline,Derek,"['Derek Holloway', 'Priya Sandhu']","['engineer', 'manager', 'retiree', 'retired']","[58, 63]","['$410,000', '$195,000,', '$2,200', '$85,000', '$1,700', '$85,000', '$520,000', '$47,000']"
failure_to_know_customer,borderline,Marcus,"['Marcus Delgado', 'Delgado', 'Priya Nanthakumar', 'Nanthakumar', 'Nanthakumar', 'Nanthakumar', 'Bitcoin', 'Nanthakumar', 'Nanthakumar', 'Delgado']","['contractor', 'retired']",[58],"['$420,000', '$310,000,', '$65,000', '$40,000', '$25,000', '$25,000', '$15,200']"
failure_to_know_customer,borderline,Dominic,"['Dominic Farrell', 'Farrell', 'Farrell', 'Trevor Hollis', 'Farrell', 'Farrell', 'Coinbase', 'Farrell', 'Farrell', 'Bitcoin', 'Farrell', 'Farrell', 'Farrell', 'Farrell', 'Farrell', 'Farrell', 'Farrell', 'Bitcoin', 'Farrell']",['mechanic'],[58],"['$112,000', '$310,000', '$540,000', '$4,200', '$38,000']"
failure_to_know_customer,borderline,Marcus,"['Marcus Tillman', 'Dorothy Vasquez', 'Dorothy', 'Tillman', 'Dorothy', 'Tillman', 'Dorothy', 'Dorothy', 'Tillman', 'Dorothy', 'Tillman', 'Dorothy', 'Dorothy', 'Tillman', 'Dorothy', 'Dorothy', 'Tillman', 'Dorothy', 'Tillman']",[],"[58, 65]","['$85,000', '$390,000', '$48,000', '$85,000', '$11,200']"
illiquid_investments,standard,Margaret,"['Margaret Colvin', 'Derek Statham', 'Margaret', 'Derek', 'Derek', 'Margaret', 'Margaret', 'Derek', 'Margaret', 'Margaret', 'Derek', 'Margaret', 'Derek']","['schoolteacher', 'teacher', 'retiree', 'retired']","[71, 38, 65, 65]","['$3,200', '$410,000,', '$185,000', '$7,300', '$185,000', '$5,550']"
crypto_assets_unsuitable,standard,Marcus,"['Marcus Webb', 'Danielle Pryor', 'Crypto', 'Bitcoin']",['retired'],"[71, 69]","['$42,000', '$22,800', '$385,000,', '$310,000', '$75,000', '$3,200', '$155,000', '$60,000', '$40,000', '$30,000', '$25,000', '$625', '$25,000', '$82,000,', '$73,000,']"
illiquid_investments,standard,Marcus,"['Marcus Whitfield', 'Dorothy', 'Kevin Ostrowski', 'Kevin', 'Dorothy', 'Kevin', 'Kevin', 'Kevin', 'Dorothy']",['retired'],"[71, 69]","['$42,000,', '$22,800,', '$310,000', '$3,200', '$85,000', '$2,975', '$15,000', '$85,000']"
illiquid_investments,standard,Margaret,"['Margaret Olsen', 'Derek Langston', 'Margaret', 'Margaret', 'Margaret', 'Margaret', 'Margaret']",['retired'],[71],"['$42,000', '$310,000', '$185,000', '$95,000', '$4,275', '$0.63', '$95,000', '$3,100']"
illiquid_investments,standard,Margaret,"['Margaret Olsen', 'Derek Huang', 'Derek Huang', 'Huang', 'Margaret', 'Margaret', 'Margaret', 'Margaret', 'Derek Huang', 'Margaret']","['mechanic', 'retired']",[71],"['$42,000', '$310,000,', '$180,000', '$130,000', '$1,200', '$155,000', '$90', '$155,000', '$8,000', '$5,425']"
senior_investor_exploitation,standard,Gerald,"['Gerald Haworth', 'Haworth', 'Linda', 'Haworth', 'Haworth', 'Avalanche', 'Haworth', 'Haworth', 'Reeves', 'Haworth', 'Linda', 'Haworth', 'Haworth', 'Linda Haworth']",['retired'],[79],"['$2,840', '$385,000', '$42,000', '$175,000', '$60,000', '$4,200', '$50,000', '$127,000', '$67,000', '$60,000']"
alternative_investments_unsuitable,standard,Harold,"['Harold Reeves', 'Harold', 'Dorothy', 'Craig Ellison', 'Craig', 'Craig', 'Craig', 'Craig', 'Craig', 'Harold', 'Craig', 'Harold', 'Craig', 'Craig', 'Harold', 'Craig', 'Craig', 'Craig']",['retired'],"[71, 34, 65]","['$38,000', '$215,000,', '$155,000', '$4,650', '$1,200', '$155,000', '$62,000', '$58,000']"
illiquid_investments,standard,Danielle,"['Danielle Ferraro', 'BlockBrick']",['manager'],[58],"['$62,000', '$410,000', '$38,000', '$185,000', '$205,000', '$200,000', '$11,275', '$205,000']"
complex_products_unsophisticated_investor,standard,Margaret,"['Margaret Tilson', 'Derek Huang', 'Tilson', 'Earn', 'Huang', 'Tilson', 'Earn', 'Ethereum', 'Tilson', 'Huang', 'Tilson']","['teacher', 'mechanic', 'retired']","[71, 34]","['$2,800', '$185,000,', '$74,000', '$30,000', '$24,000', '$20,000', '$61,400,']"
inappropriate_risk_profile,standard,Gerald,"['Gerald Hoffman', 'Gerald', 'Danielle Prescott', 'Gerald', 'Prescott', 'Prescott', 'Gerald', 'Prescott', 'Gerald', 'Prescott', 'Gerald', 'Gerald', 'Gerald', 'Gerald', 'Gerald']",['retired'],[71],"['$38,000', '$210,000', '$95,000', '$40,000', '$25,000', '$30,000', '$38,000', '$30,000', '$87,000,']"
senior_investor_exploitation,standard,Margaret,"['Margaret Houlihan', 'Margaret', 'Derek Bowen', 'Derek', 'Margaret', 'Derek', 'Margaret', 'Earn', 'Margaret', 'Derek', 'Margaret', 'Margaret', 'Margaret', 'Derek Bowen', 'Margaret', 'Margaret']","['teacher', 'retired']","[79, 34]","['$3,200', '$410,000', '$185,000', '$3,700', '$185,000']"
alternative_investments_unsuitable,standard,Gerald,"['Gerald Whitfield', 'Whitfield', 'Whitfield', 'Derek Solis', 'Whitfield', 'Whitfield', 'Solis', 'Whitfield', 'Solis', 'Whitfield', 'NovaCoin Earn', 'Whitfield', 'Whitfield', 'Whitfield']",['retired'],"[71, 34]","['$2,400', '$1,870', '$285,000,', '$210,000', '$75,000', '$95,000', '$40,000', '$30,000', '$25,000', '$750', '$437.50', '$11,400', '$0.03', '$1.00', '$95,000', '$12,150', '$82,850']"
failure_to_know_customer,standard,Gerald,"['Gerald Whitfield', 'Gerald', 'Marcus Tran', 'Gerald', 'Gerald', 'Gerald', 'Gerald', 'Gerald', 'Gerald', 'Gerald', 'Gerald', 'Gerald']",['retired'],[71],"['$2,800', '$1,950', '$185,000', '$32,000', '$165,000', '$110,000', '$40,000', '$40,000']"
illiquid_investments,standard,Marcus,"['Marcus Vellingham', 'Darren Coyle', 'Darren', 'Darren', 'Darren', 'Darren']",['retired'],[59],"['$3,200', '$410,000', '$38,000', '$165,000', '$70,000', '$55,000', '$40,000', '$165,000']"
failure_to_know_customer,standard,Marcus,"['Marcus Trent', 'Dorothy Huang', 'Huang', 'Huang', 'Huang', 'Huang', 'Huang', 'Huang', 'Huang']","['teacher', 'retired']",[71],"['$3,200', '$1,850', '$410,000', '$62,000', '$285,000', '$175,000', '$4,200', '$94,000,', '$60,000']"
inappropriate_risk_profile,standard,Gerald,"['Gerald Whitman', 'Marcus Dellacroix', 'Dellacroix', 'Dellacroix', 'Dellacroix', 'Whitman', 'NovaCoin Earn', 'Dellacroix', 'Whitman', 'Dellacroix', 'NovaCoin Earn', 'Whitman', 'Dellacroix']",['retired'],[71],"['$2,400', '$1,850', '$185,000,', '$55,000', '$20,000', '$15,000', '$20,000', '$20,000', '$22,500', '$35,000', '$32,500']"
crypto_assets_unsuitable,standard,Margaret,"['Margaret Tolliver', 'Derek Kingsley', 'Margaret', 'Derek', 'Derek', 'Margaret', 'Derek', 'Margaret', 'VaultEarn', 'VaultEarn', 'Margaret', 'Margaret', 'Margaret']","['teacher', 'mechanic', 'retired']",[71],"['$3,200', '$340,000', '$85,000', '$30,000', '$25,000', '$30,000', '$30,000', '$45,300']"
high_fees_unsuitable,standard,Margaret,"['Margaret Holloway', 'Margaret', 'Derek Fontaine', 'Margaret', 'Margaret', 'Margaret', 'Margaret', 'Margaret']","['schoolteacher', 'teacher', 'attorney', 'retired']",[71],"['$2,200', '$1,100', '$39,600', '$148,000,', '$74,000,', '$2,368,', '$890', '$74,000']"
senior_investor_exploitation,standard,Margaret,"['Margaret Holloway', 'Derek Fontaine', 'Margaret', 'Fontaine', 'Margaret', 'Celsius', 'BlockFi', 'Margaret', 'Margaret']","['schoolteacher', 'teacher', 'retired']",[74],"['$310,000', '$1,850', '$187,000']"
senior_investor_exploitation,standard,Margaret,"['Margaret Okonkwo', 'Derek Sunwall', 'Margaret', 'Derek', 'Derek', 'Margaret', 'Derek', 'Margaret', 'Derek', 'Margaret', 'Margaret', 'Margaret']","['schoolteacher', 'teacher', 'retired']",[74],"['$310,000', '$1,840,', '$155,000', '$2,300', '$155,000', '$19,000', '$136,000']"
complex_products_unsophisticated_investor,standard,Margaret,"['Margaret Holloway', 'Dennis Caulfield', 'Margaret', 'Margaret', 'Margaret', 'Margaret', 'Margaret']",['retired'],[61],"['$310,000', '$1,450', '$95,000', '$1,900', '$88,000']"
crypto_assets_unsuitable,standard,Margaret,"['Margaret Holloway', 'Margaret', 'Derek Fontaine', 'Derek', 'Margaret', 'Derek', 'Margaret', 'Derek', 'Margaret', 'Margaret']","['schoolteacher', 'teacher', 'retired']",[71],"['$2,200', '$187,000,', '$55,000', '$1,500', '$55,000', '$49,000']"
inappropriate_risk_profile,standard,Margaret,"['Margaret Hollis', 'Margaret', 'Margaret', 'Derek Fontaine', 'Derek', 'Derek', 'Margaret', 'Margaret', 'Derek', 'Margaret', 'Derek', 'Margaret']",['retired'],"[71, 34]","['$312,000,', '$1,840', '$2,600,', '$760', '$180,000,', '$87,000', '$87,000']"
crypto_assets_unsuitable,standard,Margaret,"['Margaret Olsen', 'Margaret', 'Derek Wulfson', 'Derek', 'Margaret', 'Margaret', 'Margaret', 'Derek', 'Derek']","['schoolteacher', 'teacher', 'retired']",[71],"['$310,000', '$1,850', '$175,000', '$1,400', '$175,000', '$2.1']"
senior_investor_exploitation,standard,Margaret,"['Margaret Holloway', 'Derek Stanton', 'Margaret', 'Margaret', 'Stanton', 'Stanton', 'Margaret', 'Bitcoin', 'Margaret', 'Margaret', 'Margaret']","['schoolteacher', 'teacher', 'retired']",[74],"['$610,000', '$215,000,', '$1,840', '$310,000', '$68,000', '$9,300', '$41,000', '$269,000']"
inappropriate_risk_profile,standard,Margaret,"['Margaret Okonkwo', 'Derek Pullman', 'Margaret', 'Margaret', 'Margaret', 'Bitcoin', 'Margaret', 'Margaret']","['schoolteacher', 'teacher', 'retired']",[71],"['$310,000', '$1,840,', '$75,000,', '$75,000', '$75,000']"
senior_investor_exploitation,standard,Margaret,"['Margaret Holloway', 'Margaret', 'Margaret', 'Derek Paulson', 'Margaret', 'Paulson', 'Margaret', 'Margaret', 'Paulson', 'Margaret', 'Margaret', 'Margaret', 'Margaret', 'Margaret', 'Paulson', 'Margaret']","['schoolteacher', 'teacher', 'retired']",[74],"['$2,100', '$890', '$35,880', '$312,000,', '$140,000', '$140,000', '$140,000', '$95,000']"
senior_investor_exploitation,standard,Margaret,"['Margaret Hollenbeck', 'Margaret', 'Margaret', 'Margaret', 'BlockFi', 'Margaret', 'Margaret', 'Margaret', 'Margaret']","['schoolteacher', 'teacher', 'retired']",[79],"['$410,000', '$1,850', '$620', '$280,000', '$4,200', '$280,000']"
complex_products_unsophisticated_investor,standard,Margaret,"['Margaret Osei', 'Margaret', 'Derek', 'Margaret', 'Derek', 'Derek', 'Margaret', 'Derek', 'Margaret', 'YieldMax Digital', 'Derek', 'YieldMax Digital', 'Derek', 'Margaret', 'YieldMax Digital', 'YieldMax Digital', 'Margaret', 'YieldMax Digital', 'Margaret']","['schoolteacher', 'teacher', 'retiree', 'retired']",[61],"['$310,000', '$1,850', '$95,000,', '$1,425', '$95,000']"
failure_to_know_customer,standard,Margaret,"['Margaret Hollis', 'Margaret', 'Derek Cannon', 'Derek', 'Derek', 'Derek', 'Margaret', 'Margaret', 'Margaret', 'Derek', 'Margaret']","['schoolteacher', 'teacher', 'retired']",[71],"['$2,100', '$94,000', '$47,000,']"
inappropriate_risk_profile,standard,Margaret,"['Margaret Holloway', 'Derek Paulson', 'Margaret', 'Margaret', 'Derek', 'Derek', 'Margaret', 'Derek', 'Margaret']","['schoolteacher', 'teacher', 'retired']",[71],"['$310,000', '$2,200', '$75,000', '$75,000', '$4,200']"
illiquid_investments,standard,Margaret,"['Margaret Elspeth Kowalski', 'Margaret', 'Derek Fontaine', 'Derek', 'Derek', 'Margaret', 'Derek', 'Derek', 'Margaret', 'Derek', 'Margaret', 'Margaret', 'Margaret']",['retired'],[71],"['$340,000', '$1,640', '$820', '$29,520', '$95,000,', '$35,000', '$30,000', '$30,000', '$35,000', '$4,200', '$95,000', '$71,000']"
alternative_investments_unsuitable,standard,Margaret,"['Margaret Okonkwo', 'Derek Pullman', 'Margaret', 'Derek', 'Margaret', 'Derek', 'Derek', 'Margaret', 'Derek', 'Margaret']","['schoolteacher', 'teacher', 'retired']",[71],"['$310,000', '$265,000', '$45,000', '$1,840', '$95,000', '$1,200', '$95,000']"
senior_investor_exploitation,standard,Margaret,"['Margaret Holloway', 'Margaret', 'Dennis', 'Dennis', 'Margaret', 'Dennis', 'Margaret', 'Margaret']","['schoolteacher', 'teacher', 'retired']",[74],"['$310,000', '$1,850', '$185,000', '$162,000', '$185,000']"
complex_products_unsophisticated_investor,standard,Margaret,"['Margaret Okonkwo', 'Derek Paulson', 'Paulson', 'Margaret', 'Paulson', 'Margaret', 'Paulson', 'Margaret', 'Margaret', 'Margaret']","['schoolteacher', 'teacher', 'retired']",[61],"['$310,000', '$2,200', '$95,000', '$1,900', '$95,000']"
illiquid_investments,standard,Margaret,"['Margaret Holloway', 'Margaret', 'Derek Stanton', 'Margaret', 'Derek', 'Avalanche', 'Derek', 'Margaret', 'Margaret', 'Margaret', 'NovaCoin Capital', 'Margaret', 'Margaret', 'Derek']","['schoolteacher', 'teacher', 'retired']",[71],"['$340,000', '$1,850', '$200,000,', '$9,000,', '$200,000', '$38,000']"
failure_to_know_customer,standard,Raymond,"['Raymond Delacroix', 'Delacroix', 'Delacroix', 'Marcus Thibodaux', 'Delacroix', 'Thibodaux', 'Thibodaux', 'Delacroix', 'Thibodaux', 'Delacroix', 'Thibodaux', 'Delacroix', 'Delacroix', 'Thibodaux', 'Delacroix']",['retired'],[71],"['$112,000', '$1,840', '$74,000,', '$52,000', '$60,000']"
senior_investor_exploitation,standard,Margaret,"['Margaret Holloway', 'Derek Saunders', 'Margaret', 'Margaret', 'Margaret', 'Margaret']","['schoolteacher', 'teacher', 'retired']",[74],"['$310,000', '$2,200', '$180,000', '$180,000', '$180,000', '$14,000', '$166,000']"
complex_products_unsophisticated_investor,standard,Margaret,"['Margaret Holloway', 'Margaret', 'Derek Pullen', 'Derek', 'Margaret', 'Derek', 'Derek', 'Margaret', 'Margaret', 'Margaret', 'Derek', 'Derek']","['schoolteacher', 'teacher', 'retired']",[71],"['$310,000', '$1,840', '$22,000', '$155,000', '$95,000', '$60,000', '$155,000']"
complex_products_unsophisticated_investor,standard,Margaret,"['Margaret Ellison', 'Margaret', 'Margaret', 'Derek', 'Derek', 'Margaret', 'Margaret', 'Celsius', 'Derek', 'Margaret', 'Celsius Earn', 'Margaret']","['schoolteacher', 'teacher', 'retired']",[71],"['$310,000', '$38,000', '$95,000', '$87,000', '$95,000']"
senior_investor_exploitation,standard,Margaret,"['Margaret Holloway', 'Margaret', 'Derek Pruitt', 'Derek', 'Margaret', 'Margaret', 'Derek', 'BlockFi', 'Margaret', 'Derek', 'Margaret', 'Margaret', 'Derek']","['schoolteacher', 'teacher', 'retired']",[74],"['$24,000', '$1,100', '$37,200', '$310,000,', '$95,000', '$95,000']"
senior_investor_exploitation,standard,Margaret,"['Margaret Kowalski', 'Margaret', 'Derek Holt', 'Derek', 'Margaret', 'Derek', 'Margaret', 'Derek', 'Margaret', 'Margaret', 'Derek', 'Margaret', 'Margaret', 'Margaret', 'Margaret']","['schoolteacher', 'teacher', 'retired']",[79],"['$1,840', '$620', '$214,000,', '$95,000', '$3,800', '$1,489', '$95,000']"
inappropriate_risk_profile,standard,Margaret,"['Margaret Okonkwo', 'Derek Paulson', 'Margaret', 'Margaret', 'Derek', 'Derek', 'Margaret', 'Derek', 'Derek', 'Margaret', 'Margaret', 'Margaret']","['schoolteacher', 'teacher', 'retired']",[71],"['$210,000', '$2,100', '$63,000', '$28,000', '$20,000', '$15,000', '$28,000', '$51,000,']"
failure_to_know_customer,standard,Margaret,"['Margaret Holliday', 'Margaret', 'Derek Pollman', 'Margaret', 'Derek', 'Margaret', 'Derek', 'Margaret', 'Margaret', 'Margaret', 'Margaret']","['schoolteacher', 'teacher', 'retired']",[71],"['$2,100', '$1,450', '$42,600', '$187,000,', '$55,000', '$55,000', '$48,000']"
alternative_investments_unsuitable,standard,Margaret,"['Margaret Holloway', 'Derek Fontaine', 'Margaret', 'Margaret', 'Derek', 'Derek', 'Derek', 'Margaret', 'YieldMax Digital', 'Margaret', 'Derek', 'Margaret', 'Margaret', 'YieldMax Digital', 'Margaret', 'YieldMax Digital', 'Margaret', 'Margaret', 'Margaret']","['schoolteacher', 'teacher', 'retired']",[71],"['$310,000', '$1,850', '$95,000,', '$50,000', '$45,000', '$500', '$50,000', '$45,000', '$2,700', '$92,000,', '$95,000']"
illiquid_investments,standard,Margaret,"['Margaret Okonkwo', 'Derek Paulsen', 'Margaret', 'Margaret', 'Derek', 'Derek', 'Margaret', 'Derek', 'Margaret', 'Derek', 'Margaret', 'Margaret', 'Margaret', 'Margaret', 'Margaret', 'Derek', 'Margaret', 'Derek']",['retired'],[61],"['$480,000', '$55,000', '$3,800', '$210,000', '$3,900', '$210,000', '$7,350']"
senior_investor_exploitation,standard,Margaret,"['Margaret Holloway', 'Margaret', 'Derek Palumbo', 'Derek', 'Margaret', 'Derek', 'Margaret', 'Margaret', 'Derek', 'Margaret', 'Margaret']","['schoolteacher', 'teacher', 'manager', 'retired']",[74],"['$310,000', '$1,840', '$620', '$95,000', '$95,000', '$58,900']"
failure_to_know_customer,standard,Margaret,"['Margaret Holloway', 'Margaret', 'Derek Callahan', 'Margaret', 'Derek', 'Margaret', 'Derek', 'Margaret', 'Derek', 'Margaret', 'Margaret']","['schoolteacher', 'teacher', 'retired']",[71],"['$1,840', '$620', '$29,500', '$187,000', '$75,000', '$75,000', '$41,000', '$34,000']"
illiquid_investments,standard,Rosario,"['Rosario Mendez', 'Rosario', 'Derek Fontaine', 'Rosario', 'Rosario', 'Rosario', 'Rosario']",['teacher'],[58],"['$210,000', '$18,000', '$45,000', '$45,000', '$31,200', '$13,800,']"
failure_to_know_customer,standard,Margaret,"['Margaret Holloway', 'Margaret', 'Margaret', 'Derek Fountain', 'Derek', 'Margaret', 'Derek', 'Bitcoin', 'Derek', 'Margaret', 'Derek', 'Margaret', 'Bitcoin', 'Margaret', 'Derek', 'Derek', 'Margaret', 'Margaret', 'Margaret']","['schoolteacher', 'teacher', 'attorney', 'retired']","[71, 34]","['$148,000,', '$1,640', '$890,', '$2,530', '$115,000', '$1,200', '$2,875', '$115,000']"
illiquid_investments,borderline,Margaret,"['Margaret Holloway', 'Derek Simmons', 'Margaret', 'Margaret', 'Derek', 'Derek', 'Margaret', 'Margaret', 'Margaret', 'Margaret', 'Derek', 'Margaret', 'Derek', 'Margaret', 'Margaret', 'Derek', 'Margaret', 'Derek', 'Margaret']",['retired'],"[62, 67, 64, 67]","['$485,000', '$210,000', '$175,000', '$2,400', '$38,000', '$5,200,', '$22,000', '$40,000', '$60,000', '$410,000', '$485,000', '$75,000', '$20,500', '$210,000', '$175,000', '$75,000', '$460,000,', '$55,000', '$24,150', '$55,000', '$405,000', '$400,000']"
senior_investor_exploitation,borderline,Margaret,"['Margaret Thornton', 'Gerald Morse', 'Morse', 'Margaret', 'Morse', 'Margaret', 'Margaret', 'Margaret', 'Patricia', 'Patricia', 'Margaret', 'Margaret', 'Margaret']",['retired'],"[74, 52]","['$820,000,', '$410,000', '$230,000', '$180,000', '$3,400', '$2,200', '$67,200', '$4,800', '$8,000', '$10,000', '$375,000', '$180,000', '$230,000', '$431,250,', '$21,562', '$10,000', '$375,000', '$9,200', '$20,625', '$1,025']"
complex_products_unsophisticated_investor,borderline,Margaret,"['Margaret Tillman', 'Kevin Roark', 'Margaret', 'Margaret', 'Margaret', 'Margaret', 'Margaret', 'Margaret', 'Margaret', 'Margaret', 'Margaret', 'Margaret']",['retired'],"[62, 65, 65, 65]","['$1,850', '$1,420', '$215,000', '$8,500,', '$2,400', '$175,000', '$40,000', '$10,500', '$1,050', '$175,000', '$9,187.50', '$766', '$8,312.50', '$693', '$73', '$161,400', '$175,000']"
tax_deferred_unnecessary_annuity,borderline,Margaret,"['Margaret Holloway', 'Derek Paulson', 'Paulson', 'Paulson']",['manager'],"[58, 65]","['$185,000', '$410,000', '$92,000,', '$68,000,', '$215,000', '$48,000', '$25,000', '$175,000', '$9,625', '$175,000', '$31,000,', '$7,440']"
senior_investor_exploitation,borderline,Margaret,"['Margaret Dalton', 'Kevin Reese', 'Margaret', 'Margaret', 'Kevin', 'Margaret', 'Margaret', 'Kevin', 'Margaret', 'Margaret', 'Margaret', 'Kevin', 'Margaret', 'Patricia', 'Margaret', 'Patricia', 'Kevin']","['schoolteacher', 'teacher', 'manager', 'retired']","[74, 41, 74]","['$620,000', '$310,000', '$180,000', '$130,000', '$2,850', '$2,100', '$59,400', '$285,000,', '$3,800,', '$1,100', '$430,000', '$120,000', '$60,000', '$130,000']"
senior_investor_exploitation,borderline,Margaret,"['Margaret Kowalski', 'Derek Paulson', 'Paulson', 'Margaret', 'Margaret', 'Margaret', 'Margaret', 'Margaret', 'Margaret', 'Margaret', 'Margaret', 'Margaret']","['schoolteacher', 'teacher', 'retired']","[74, 41, 74]","['$3,200', '$2,100', '$485,000', '$62,000', '$178,000', '$245,000', '$9,800']"
high_fees_unsuitable,borderline,Patricia,"['Patricia Engel', 'Howard Nakamura', 'Nakamura', 'Nakamura', 'Nakamura', 'Engel', 'Nakamura', 'Engel', 'Nakamura', 'Nakamura', 'Nakamura', 'Nakamura', 'Engel', 'Nakamura', 'Engel', 'Nakamura', 'Engel', 'Engel']","['engineer', 'retired']","[62, 67]","['$1.85', '$42,000', '$34,000', '$78,000', '$620,000', '$430,000', '$310,000', '$290,000', '$200,000', '$400,000', '$76,000', '$78,000', '$2,000', '$29,000', '$400,000', '$22,000', '$16,000', '$290,000']"
tax_deferred_unnecessary_annuity,borderline,Margaret,"['Margaret Kowalski', 'Derek Pullman', 'Margaret', 'Margaret', 'Roth', 'Margaret', 'Derek', 'Derek', 'Derek', 'Margaret', 'Margaret', 'Margaret', 'Margaret', 'Derek']",['teacher'],"[58, 65]","['$72,000', '$185,000', '$340,000,', '$95,000', '$25,000', '$30,000', '$150,000', '$150,000', '$35,000', '$8,250', '$10,000', '$20,000', '$1,000', '$20,000']"
variable_annuity_unsuitable,borderline,Margaret,"['Margaret Feldstein', 'Craig Delmonico', 'Delmonico', 'Margaret', 'Margaret', 'Margaret', 'Delmonico', 'Margaret', 'Delmonico']",['retired'],"[62, 97, 55]","['$1.4', '$680,000', '$410,000', '$180,000', '$130,000', '$4,200', '$1,100', '$58,000', '$350,000', '$17,500', '$1,400', '$500,000']"
tax_deferred_unnecessary_annuity,borderline,Derek,"['Derek Halpern', 'Sandra Okonkwo', 'Okonkwo', 'Okonkwo', 'Halpern', 'COVID', 'Halpern', 'Okonkwo', 'Okonkwo', 'Okonkwo', 'Okonkwo', 'Okonkwo']",[],"[58, 26, 65, 65, 65]","['$485,000', '$2.1', '$1.4', '$320,000', '$400,000', '$400,000,', '$14,000', '$3,200', '$6,400', '$400,000', '$3.82', '$400,000']"
variable_annuity_unsuitable,borderline,Margaret,"['Margaret Okonkwo', 'Daniel Whitfield', 'Whitfield', 'Margaret', 'Margaret', 'Margaret', 'Margaret', 'Whitfield', 'Margaret', 'Margaret', 'Whitfield', 'Margaret']",['retired'],"[64, 42]","['$1.2', '$340,000', '$180,000', '$4,800', '$5,200', '$650,000', '$650,000', '$400', '$4,800', '$34,125', '$650,000', '$42,250', '$6,500']"
complex_products_unsophisticated_investor,borderline,Margaret,"['Margaret Holloway', 'Kevin Driscoll', 'Margaret', 'Margaret', 'Margaret', 'Margaret', 'Margaret', 'Margaret', 'Kevin']",['retired'],"[62, 65]","['$2,100', '$1,450', '$285,000', '$30,000', '$40,000', '$195,000', '$9,750', '$90,000', '$52,550']"
failure_to_know_customer,borderline,Derek,"['Derek Hollis', 'Margaret', 'Ronald Yeung', 'Derek', 'Margaret', 'Ronald', 'Derek', 'Derek', 'Derek', 'Margaret', 'Margaret', 'Derek', 'Margaret', 'Derek', 'Margaret', 'Derek']",[],[],"['$410,000', '$87,000', '$485,000', '$220,000', '$1.1', '$340,000', '$70,000', '$85,000', '$34,000', '$51,000', '$3,570', '$70,000', '$220,000']"
failure_to_know_customer,borderline,Margaret,"['Margaret Holloway', 'Derek Pham', 'Derek', 'Derek', 'Margaret', 'Derek', 'Derek', 'Derek', 'Margaret', 'Margaret', 'Margaret', 'Derek', 'Margaret', 'Margaret', 'Derek', 'Derek', 'Derek', 'Margaret']",['retired'],"[62, 67]","['$410,000', '$95,000', '$12,000', '$2,800', '$2,400', '$4,500,', '$33,600', '$600,000', '$180,000', '$350,000', '$410,000', '$60,000', '$55,000', '$22,000', '$40,000']"
inappropriate_risk_profile,borderline,Margaret,"['Margaret Holloway', 'Kevin Marsh', 'Margaret', 'Kevin', 'Margaret', 'Kevin', 'Kevin', 'Margaret', 'Margaret', 'Margaret', 'Kevin', 'Kevin', 'Kevin', 'Kevin', 'Margaret', 'Margaret', 'Margaret', 'Kevin', 'Kevin', 'Margaret', 'Kevin', 'Margaret']",['retired'],"[62, 75, 62]","['$3,400', '$2,100', '$5,500', '$6,500', '$620,000', '$410,000', '$130,000', '$80,000', '$340,000', '$410,000', '$40,000', '$50,000', '$80,000', '$130,000', '$210,000', '$299,200', '$210,000']"
complex_products_unsophisticated_investor,borderline,Derek,"['Derek Hollis', 'Maria Espinoza', 'Maria', 'Maria', 'Derek', 'Derek', 'Maria', 'Maria', 'Maria', 'Derek', 'Maria', 'Maria', 'Derek', 'Maria', 'Derek']",['retired'],"[62, 72]","['$185,000', '$2,100', '$1,400', '$185,000', '$25,000', '$30,000', '$1,150', '$28,000', '$18,500', '$9,500', '$617', '$28,000']"
inappropriate_risk_profile,borderline,Margaret,"['Margaret Kowalski', 'Derek Stanton', 'Margaret', 'Derek', 'Margaret', 'Derek', 'Derek', 'Margaret', 'Derek', 'Margaret', 'Margaret', 'Margaret', 'Margaret', 'Derek']","['engineer', 'retiree', 'retired']","[67, 39, 67]","['$2.1', '$850,000', '$620,000', '$380,000', '$250,000', '$3,400', '$2,800', '$5,200,', '$1,000', '$575,000', '$400,000', '$400,000', '$1.7', '$380,000', '$250,000']"
variable_annuity_unsuitable,borderline,Margaret,"['Margaret Holloway', 'Daniel Krenshaw', 'Krenshaw', 'Margaret', 'Krenshaw', 'Margaret', 'Margaret', 'Margaret', 'Margaret', 'Margaret', 'Krenshaw', 'Margaret']",['retired'],"[62, 65]","['$4,800', '$2,200', '$780,000', '$520,000', '$160,000', '$100,000', '$4,200,', '$410,000', '$520,000', '$410,000', '$20,500', '$1,708', '$110,000', '$160,000', '$100,000', '$22,550', '$410,000', '$28,700', '$410,000']"
senior_investor_exploitation,borderline,Margaret,"['Margaret Thornton', 'Kevin Driscoll', 'Thornton', 'Thornton', 'Thornton', 'Thornton', 'Sandra', 'Sandra', 'Sandra', 'Thornton', 'Thornton', 'Thornton']","['schoolteacher', 'teacher', 'retired']","[74, 75, 74]","['$620,000', '$185,000', '$340,000', '$290,000', '$2,840', '$3,100', '$4,200,', '$1,740', '$500,000', '$120,000', '$185,000', '$25,000', '$34,500', '$500,000', '$340,000', '$305,000']"
high_fees_unsuitable,borderline,Margaret,"['Margaret Ellison', 'David Kowalski', 'Kowalski', 'Kowalski', 'Margaret', 'Kowalski', 'Margaret', 'Margaret']",['retired'],"[58, 65, 65]","['$52,000', '$1,800', '$410,000', '$310,000', '$21,700', '$100,000', '$21,700', '$52,000', '$73,700', '$75,000', '$18,200', '$19,500']"
variable_annuity_unsuitable,borderline,Margaret,"['Margaret Kowalski', 'Derek Simmons', 'Simmons', 'Kowalski', 'Kowalski', 'Kowalski', 'Kowalski', 'Kowalski', 'Simmons']",['retired'],"[64, 67]","['$135,000', '$4,200', '$2,800', '$780,000', '$410,000', '$220,000', '$150,000', '$425,000', '$340,000', '$440,000', '$340,000', '$17,000', '$6,500']"
inappropriate_risk_profile,borderline,Margaret,"['Margaret Kowalski', 'Derek Tran', 'Derek', 'Margaret', 'Derek', 'Margaret', 'Derek', 'Morningstar', 'Margaret', 'Derek', 'Margaret', 'Margaret', 'Margaret', 'Margaret', 'Derek', 'Margaret', 'Derek']",['retired'],"[62, 66]","['$58,000', '$24,000', '$485,000', '$310,000', '$175,000', '$1,200', '$265,000']"
annuity_unnecessary_switching,borderline,Margaret,"['Margaret Kowalski', 'Daniel Fioretti', 'Margaret', 'Margaret', 'Margaret', 'Margaret', 'Margaret', 'Margaret', 'Product B. Second', 'Margaret', 'Margaret', 'Margaret']",['retired'],"[62, 67]","['$1.4', '$850,000', '$320,000', '$230,000', '$30,', '$210,000', '$273,000,', '$241,000', '$0,', '$9,400', '$235,000', '$1,500', '$273,000', '$32,000', '$235,000', '$4,820', '$241,000', '$2,800', '$3,400']"
failure_to_know_customer,borderline,Margaret,"['Margaret Holloway', 'Margaret', 'Derek Simmons', 'Margaret', 'Derek', 'Derek', 'Margaret', 'Margaret', 'Derek', 'Derek', 'Margaret', 'Derek', 'Margaret', 'Derek', 'Margaret', 'Derek', 'Margaret', 'Margaret', 'Margaret', 'Derek']",['teacher'],"[58, 62, 65]","['$72,000', '$340,000', '$45,000', '$4,100', '$8,200', '$14,450', '$340,000', '$3,060']"
annuity_unnecessary_switching,borderline,Margaret,"['Margaret Holloway', 'Derek Pratt', 'Derek', 'Margaret', 'Derek', 'Margaret', 'Margaret', 'Margaret', 'Margaret', 'Margaret', 'Margaret', 'Derek', 'Derek', 'Margaret']","['manager', 'retired']",[62],"['$1.4', '$4,200', '$3,100', '$287,000', '$40,', '$262,000', '$287,000', '$1,800', '$13,100', '$262,000', '$15,785', '$287,000', '$2,685', '$315,700,', '$17,364', '$38,000', '$1,100', '$287,000', '$970', '$1,800', '$14,350', '$287,000', '$717.50']"
failure_to_know_customer,borderline,Marcus,"['Marcus Reilly', 'Diane Cheng', 'Diane', 'Diane', 'Diane', 'Diane', 'Tom', 'Diane', 'Tom', 'Diane', 'Diane', 'Tom', 'Tom', 'Diane', 'Diane', 'Diane', 'Diane', 'Diane', 'Diane', 'Tom', 'Diane']",['electrician'],"[58, 67, 61, 65]","['$410,000', '$72,000', '$85,000', '$410,000', '$2,100', '$65,000', '$180,000', '$340,000', '$410,000', '$17,000', '$70,000', '$40,000', '$40,000', '$70,000', '$30,000,', '$85,000']"
high_fees_unsuitable,borderline,Margaret,"['Margaret Holloway', 'Daniel Kirkman', 'Kirkman', 'Kirkman', 'Margaret', 'Margaret', 'Margaret', 'Margaret', 'Kirkman', 'Kirkman', 'Margaret']","['manager', 'retired']","[62, 66, 65]","['$54,000', '$24,000', '$410,000', '$310,000', '$100,000', '$8,000', '$12,000', '$265,000', '$45,000', '$100,000', '$14,575', '$22,000', '$26,500', '$266,800', '$78,000']"
illiquid_investments,borderline,Margaret,"['Margaret Huang', 'Derek Fallon', 'Margaret', 'Margaret', 'Derek', 'Derek', 'Margaret', 'Derek', 'Derek', 'Margaret', 'Margaret', 'Margaret', 'Margaret', 'Derek', 'Derek', 'Margaret', 'Margaret', 'Margaret', 'Margaret', 'Derek', 'Margaret', 'Derek', 'Derek']",[],"[62, 67, 97, 67, 67]","['$840,000', '$310,000', '$95,000', '$48,000', '$520,000', '$625,000', '$32,800', '$215,000', '$525,000', '$80,000', '$5,600', '$525,000', '$143,000', '$668,000', '$31,875']"
tax_deferred_unnecessary_annuity,borderline,Margaret,"['Margaret Stillwell', 'David Kowalski', 'Kowalski', 'Kowalski', 'Kowalski', 'Margaret', 'Margaret']",['retired'],"[58, 62]","['$62,000', '$410,000', '$185,000', '$48,000', '$55,000,', '$175,000', '$4,200', '$2,800']"
complex_products_unsophisticated_investor,borderline,Margaret,"['Margaret Kowalski', 'Margaret', 'Margaret', 'Derek Harmon', 'Derek', 'Margaret', 'Derek', 'Derek', 'Margaret', 'Derek', 'Margaret', 'Margaret', 'Derek', 'Margaret', 'Derek', 'Margaret', 'Margaret', 'Margaret', 'Derek', 'Derek', 'Derek', 'Margaret', 'Margaret']","['manager', 'retired']","[64, 65]","['$410,000', '$285,000', '$75,000', '$50,000', '$1,840', '$620', '$29,520', '$2,100', '$230,000', '$285,000', '$11,500', '$958', '$55,000', '$75,000', '$29,520', '$25,200,', '$4,320', '$10,800', '$13,800', '$7,500']"
tax_deferred_unnecessary_annuity,borderline,Margaret,"['Margaret Ostrowski', 'Margaret', 'Dennis Kolcheck', 'Dennis', 'Margaret', 'Dennis', 'Margaret', 'Margaret', 'Margaret', 'Margaret', 'Margaret', 'Dennis', 'Margaret', 'Dennis']",['teacher'],"[58, 62, 62, 65, 65, 67]","['$78,000', '$410,000', '$95,000', '$62,000', '$185,000', '$3,200', '$2,800', '$160,000', '$9,600', '$160,000', '$12,520', '$2,100', '$153,200', '$10,724']"
senior_investor_exploitation,borderline,Margaret,"['Margaret Hollings', 'Derek Nolan', 'Margaret', 'Margaret', 'Derek', 'Derek', 'Margaret', 'Derek', 'Derek', 'Margaret', 'Margaret', 'Margaret', 'Margaret', 'Margaret']","['teacher', 'retiree', 'retired']","[74, 48, 97, 81, 74, 81]","['$820,000,', '$390,000', '$180,000', '$140,000', '$110,000', '$3,400', '$2,100', '$5,500', '$4,200,', '$1,300', '$7,500', '$340,000', '$17,000', '$480,000']"
illiquid_investments,borderline,Margaret,"['Margaret Townsend', 'Derek Pullman', 'Margaret', 'Margaret', 'Margaret', 'Margaret', 'Margaret', 'Margaret', 'Margaret', 'Margaret', 'Margaret', 'Margaret', 'Margaret']",['retired'],"[62, 65]","['$1.4', '$620,000', '$310,000', '$180,000', '$290,000', '$2,800', '$1,950', '$4,200', '$400,000', '$4,750', '$550', '$400,000', '$22,000', '$4,000', '$1']"
annuity_unnecessary_switching,borderline,Margaret,"['Margaret Dawson', 'Brian Kowalski', 'Kowalski', 'Kowalski', 'Margaret', 'Margaret', 'Margaret', 'Kowalski', 'Margaret', 'Margaret', 'Kowalski', 'Margaret', 'Brian']",['retired'],"[62, 66]","['$1.4', '$68,000', '$2,100', '$287,000,', '$341,000', '$8,610', '$2,040', '$8,610', '$341,000', '$278,390', '$16,147']"
variable_annuity_unsuitable,borderline,Margaret,"['Margaret Dawson', 'Craig Nolan', 'Margaret', 'Margaret', 'Margaret', 'Margaret']",['retired'],"[62, 65, 72]","['$3,400', '$1,850', '$410,000', '$285,000', '$120,000', '$235,000', '$175,000', '$120,000', '$235,000']"
inappropriate_risk_profile,borderline,Margaret,"['Margaret Holloway', 'Derek Paulson', 'Paulson', 'Paulson', 'Margaret', 'Margaret', 'Margaret', 'Paulson', 'Margaret', 'Paulson', 'Margaret', 'Paulson', 'Margaret', 'Paulson']",['retired'],"[62, 72]","['$485,000', '$210,000', '$320,000,', '$2,100', '$48,000', '$410,000', '$485,000']"
inappropriate_risk_profile,borderline,Derek,"['Derek Paulson', 'Margaret', 'Robert Chen', 'Chens', 'Robert', 'Margaret', 'Robert', 'Margaret', 'Derek', 'Chens', 'Robert', 'Margaret', 'Derek', 'Derek', 'Derek', 'Derek', 'Margaret', 'Robert', 'Chens', 'Chens', 'Margaret', 'Derek', 'Chens', 'Margaret', 'Derek', 'Robert', 'Derek', 'Chens', 'Chens']",[],"[62, 65, 65, 65]","['$1.1', '$420,000', '$310,000,', '$185,000', '$2.15', '$475,000', '$4,800', '$7,500', '$750,000', '$4,800', '$2,700', '$32,400', '$37,500', '$42,000', '$80,000', '$100,000', '$350,000', '$33,750', '$36,000', '$41,250', '$37,500']"
illiquid_investments,borderline,Margaret,"['Margaret Dawson', 'Kevin Trask', 'Margaret', 'Margaret', 'Kevin', 'Kevin', 'Margaret', 'Margaret', 'Kevin', 'Margaret', 'Margaret', 'Margaret', 'Margaret', 'Margaret', 'Kevin', 'Kevin', 'Margaret']",[],"[62, 65, 67, 65]","['$410,000', '$95,000', '$62,000', '$1,800', '$3,200', '$2,400', '$80,000', '$100,000', '$410,000', '$20,500', '$95,000', '$62,000', '$41,000', '$85,000', '$41,000', '$44,000', '$2,640,']"
high_fees_unsuitable,borderline,Margaret,"['Margaret Kowalski', 'Derek Simmons', 'Margaret', 'Margaret', 'Margaret', 'Simmons', 'Simmons', 'Margaret', 'Margaret']","['schoolteacher', 'teacher', 'retired']","[62, 65, 65]","['$1.2', '$680,000', '$320,000', '$200,000', '$3,400', '$1,100', '$54,000,', '$310,000', '$15,500', '$9,765', '$310,000,', '$372', '$9,300', '$68,355']"
inappropriate_risk_profile,borderline,Margaret,"['Margaret Kowalski', 'Derek Simmons', 'Derek', 'Derek', 'Derek', 'Margaret', 'Derek', 'Margaret', 'Margaret', 'Margaret', 'Margaret', 'Margaret', 'Margaret']",['retired'],"[62, 67]","['$4,200', '$2,100', '$485,000', '$110,000', '$38,000', '$340,000', '$30,000', '$50,000', '$410,000', '$110,000', '$38,000', '$410,000', '$352,000']"
high_fees_unsuitable,borderline,Gerald,"['Gerald Ostrowski', 'Gerald', 'Denise Caldwell', 'Gerald', 'Gerald', 'Gerald', 'Gerald', 'Gerald', 'Gerald']",['manager'],"[58, 55]","['$142,000', '$485,000', '$112,000', '$68,000,', '$35,000', '$28,000', '$41,000', '$94,000', '$112,000', '$6,440', '$706,000', '$3,400', '$5,800']"
illiquid_investments,borderline,Derek,"['Derek Hollis', 'Margaret Tan', 'Tan', 'Tan', 'Tan', 'Tan', 'Tan', 'Tan', 'Tan', 'Tan']",['retired'],"[62, 65, 72]","['$340,000', '$4,200', '$2,100', '$1.1', '$420,000', '$290,000', '$310,000,', '$340,000', '$80,000', '$100,000', '$34,000', '$95,000', '$5,100']"
inappropriate_risk_profile,borderline,Margaret,"['Margaret Chen', 'Derek Hollis', 'Margaret', 'Derek', 'Derek', 'Margaret', 'Derek', 'Derek', 'Margaret', 'Margaret', 'Margaret', 'Derek', 'Margaret']",['retired'],"[62, 67, 65]","['$68,000', '$2,400', '$485,000', '$120,000', '$410,000', '$4,200', '$340,000', '$485,000', '$17,000', '$68,000', '$28,800', '$96,800', '$50,400,', '$145,000', '$120,000']"
failure_to_know_customer,borderline,Gerald,"['Gerald Whitman', 'Danielle Kress', 'Gerald', 'Gerald', 'Gerald', 'Gerald', 'Gerald', 'Gerald', 'Gerald', 'Gerald', 'Gerald', 'Gerald', 'Gerald']",['retired'],"[64, 65]","['$620,000', '$185,000', '$340,000,', '$2,400', '$1,100', '$42,000,', '$805,000,', '$805,000', '$400,000', '$150,000', '$60,000', '$4,200']"
inappropriate_risk_profile,borderline,Margaret,"['Margaret Kowalski', 'Kevin Brandt', 'Kevin', 'Kevin', 'Kevin', 'Margaret', 'Kevin', 'Margaret', 'Kevin', 'Margaret', 'Kevin', 'Margaret', 'Margaret']",['retired'],"[62, 66, 67, 66]","['$410,000', '$185,000', '$375,000', '$2,400', '$2,100', '$54,000', '$410,000', '$185,000', '$4,500', '$185,000']"
complex_products_unsophisticated_investor,borderline,Margaret,"['Margaret Hollis', 'Margaret', 'Kevin Stanhope', 'Kevin', 'Kevin', 'Margaret', 'Margaret', 'Kevin', 'Margaret', 'Kevin', 'Margaret', 'Kevin']","['manager', 'retired']","[62, 67, 60]","['$310,000', '$185,000', '$80,000', '$45,000', '$1,850', '$410', '$185,000', '$10,175']"
inappropriate_risk_profile,borderline,Margaret,"['Margaret Kowalski', 'Daniel Reardon', 'Kowalski', 'Kowalski', 'Kowalski', 'Kowalski', 'Kowalski']","['manager', 'retired']","[62, 66, 65, 97]","['$485,000', '$210,000', '$140,000', '$2,800', '$375,000', '$4,200', '$340,000', '$485,000', '$17,000', '$115,000', '$145,000']"
inappropriate_risk_profile,borderline,Gerald,"['Gerald Huang', 'Dorothy Fenwick', 'Fenwick', 'Huang', 'Fenwick', 'Huang', 'Fenwick', 'Huang', 'Fenwick', 'Huang', 'Huang']","['manager', 'retired']","[68, 78]","['$740,000,', '$410,000', '$185,000', '$145,000', '$2,800', '$1,400', '$50,400', '$62,000', '$285,000', '$12,000', '$15,000']"
inappropriate_risk_profile,borderline,Margaret,"['Margaret Cho', 'Margaret', 'David Reyes', 'David', 'David', 'Margaret', 'David', 'Margaret', 'David', 'Margaret', 'David', 'Margaret', 'Margaret']",['retired'],"[62, 66, 65, 69]","['$68,000', '$2,400', '$540,000', '$95,000', '$380,000', '$410,000', '$540,000', '$130,000', '$95,000', '$225,000']"
tax_deferred_unnecessary_annuity,borderline,Derek,"['Derek Holbrook', 'Patricia Sung', 'Patricia', 'Derek', 'Derek', 'Derek', 'Patricia', 'Patricia', 'Patricia', 'Patricia', 'Patricia', 'Patricia', 'Patricia', 'Patricia', 'Patricia', 'Patricia', 'Derek', 'Patricia', 'Derek', 'Patricia']","['manager', 'mechanic']","[58, 65, 67]","['$185,000', '$142,000', '$1.4', '$620,000', '$210,000', '$95,000', '$185,000', '$290,000', '$48,000', '$9,713', '$14,200', '$925,000', '$185,000']"
high_fees_unsuitable,borderline,Margaret,"['Margaret Yuen', 'Nathan Riordan', 'Riordan', 'Riordan', 'Margaret', 'Margaret', 'Margaret', 'Riordan']",['retired'],"[62, 67, 65, 65]","['$68,000', '$2,400', '$830,000', '$410,000', '$190,000', '$230,000', '$485,000', '$4,800', '$40,000', '$60,000', '$410,000', '$24,600', '$410,000', '$1,750', '$410,000']"
inappropriate_risk_profile,borderline,Margaret,"['Margaret Dalton', 'Margaret', 'Kevin Briggs', 'Margaret', 'Briggs', 'Margaret', 'Briggs', 'Briggs', 'Margaret', 'Margaret', 'Briggs', 'Margaret', 'Margaret', 'Margaret', 'Briggs', 'Briggs', 'Margaret']",['retired'],"[62, 66]","['$68,000', '$2,200', '$410,000', '$285,000', '$75,000', '$50,000', '$4,200', '$240,000', '$170,000', '$198,000', '$14,400']"
inappropriate_risk_profile,borderline,Gerald,"['Gerald Haywood', 'Linda', 'Gerald', 'Nathan Burris', 'Linda', 'Burris', 'Gerald', 'Burris', 'Gerald', 'Burris', 'Gerald', 'Gerald', 'Gerald', 'Gerald', 'Gerald', 'Linda', 'Gerald', 'Burris', 'Gerald', 'Gerald', 'Linda', 'Gerald']","['firefighter', 'retired']","[58, 55]","['$4,200', '$780', '$28,000', '$410,000', '$185,000', '$90,000', '$135,000', '$340,000', '$175,000', '$30,000', '$1,800']"
failure_to_know_customer,borderline,Margaret,"['Margaret Hensley', 'Derek Tran', 'Margaret', 'Derek', 'Derek', 'Margaret', 'Margaret', 'Derek', 'Margaret', 'Derek', 'Margaret', 'Derek', 'Margaret', 'Margaret', 'Margaret', 'Margaret', 'Margaret', 'Margaret', 'Margaret', 'Derek']",['attorney'],[62],"['$485,000', '$210,000', '$45,000,', '$340,000', '$2,400', '$28,800,', '$740,000,', '$1,080,000', '$410,000', '$75,000', '$380', '$60,000', '$85,000', '$14,000', '$41,000', '$44,000', '$2,420']"
complex_products_unsophisticated_investor,borderline,Margaret,"['Margaret Kowalski', 'Margaret', 'Dan Reeves', 'Dan', 'Margaret', 'Dan', 'Dan', 'Dan', 'Margaret', 'Margaret', 'Margaret', 'Margaret', 'Margaret', 'Margaret', 'Margaret']","['manager', 'retired']","[64, 65]","['$410,000,', '$62,000', '$185,000', '$24,600', '$340,000', '$17,680', '$42,280', '$38,000', '$70,000', '$22,100']"
annuity_unnecessary_switching,borderline,Margaret,"['Margaret Kowalski', 'David Huang', 'Margaret', 'David', 'Margaret', 'Carrier B.', 'Margaret', 'David', 'Margaret', 'A++', 'Margaret', 'Margaret', 'David', 'Margaret', 'David', 'David', 'Margaret', 'Carrier B', 'Margaret']","['manager', 'retired']",[62],"['$4,200', '$1,900', '$820,000', '$275,000', '$248,000,', '$27,000', '$289,750', '$28,000', '$289,750', '$248,000', '$9,920', '$261,000', '$261,000', '$289,750']"
tax_deferred_unnecessary_annuity,borderline,Margaret,"['Margaret Kowalski', 'Derek Huang', 'Margaret', 'Margaret', 'Derek', ""Aunt Helen's"", 'Derek', 'Margaret', 'Margaret', 'Margaret', 'Margaret', 'Margaret', 'Derek', 'Margaret', 'Margaret', 'Margaret']",['professor'],"[58, 67, 58]","['$142,000', '$285,000', '$410,000', '$95,000', '$45,000', '$285,000', '$7,500', '$22,500', '$7,500']"
senior_investor_exploitation,borderline,Margaret,"['Margaret Halloran', 'Daniel Prescott', 'Margaret', 'Prescott', 'Margaret', 'Margaret', 'Margaret', 'Margaret', 'Prescott', 'Prescott', 'Margaret', 'Margaret', 'Margaret']","['attorney', 'retired']","[74, 41]","['$4,200', '$2,100', '$685,000', '$54,000', '$410,000', '$275,000', '$275,000', '$150,000', '$425,000', '$260,000', '$27,625', '$2,300']"
inappropriate_risk_profile,borderline,Margaret,"['Margaret Ellsworth', 'Margaret', 'Kevin Dorsey', 'Kevin', 'Margaret', 'Margaret', 'Kevin', 'Margaret', 'Margaret', 'Kevin', 'Margaret', 'Margaret', 'Margaret']","['mechanic', 'retired']","[67, 70, 70]","['$2.1', '$780,000', '$410,000', '$320,000', '$290,000', '$300,000', '$1,800', '$2,650', '$72,000', '$520,000', '$26,000', '$520,000', '$260,000', '$260,000', '$410,000', '$320,000']"
senior_investor_exploitation,borderline,Margaret,"['Margaret Pellegrini', 'Margaret', 'Derek Scanlon', 'Margaret', 'Derek', 'Margaret', 'Derek', 'Margaret', 'Margaret', 'Margaret', 'Margaret', 'Derek', 'Derek', 'Derek', 'Margaret']",['retired'],"[74, 42, 75]","['$1.2', '$480,000', '$310,000', '$260,000', '$150,000', '$3,800', '$2,400', '$6,200', '$4,100,', '$400,000', '$810,000', '$21,000', '$1,200', '$500,000', '$380,000']"
failure_to_know_customer,borderline,Marcus,"['Marcus Ellison', 'Patricia Yuen', 'Patricia', 'Patricia', 'Patricia', 'Patricia', 'Patricia', 'Patricia']",['engineer'],"[58, 65]","['$410,000', '$85,000', '$140,000', '$2,800', '$22,550', '$60,000', '$4,200']"
senior_investor_exploitation,borderline,Margaret,"['Margaret Kowalski', 'Dennis Trainor', 'Margaret', 'Margaret', 'Margaret', 'Margaret', 'Margaret', 'Margaret', 'Patricia', 'Margaret', 'Patricia', 'Margaret', 'Margaret', 'Margaret']","['teacher', 'retired']","[74, 52, 80, 90]","['$1.1', '$340,000', '$210,000', '$180,000', '$290,000', '$80,000', '$42,000', '$24,000', '$18,000', '$2,800,', '$175,000', '$8,750', '$8,750', '$175,000', '$8,400', '$1,750', '$340,000', '$8,750', '$175,000', '$12,770']"
illiquid_investments,borderline,Margaret,"['Margaret Kowalski', 'Kevin Driscoll', 'Margaret', 'Margaret', 'Margaret', 'Margaret', 'Margaret']",['retired'],[62],"['$1.4', '$680,000', '$320,000', '$210,000', '$190,000', '$4,200', '$1,100', '$4,800,', '$275,000', '$190,000', '$15,125', '$45,000', '$30,000', '$15,000', '$900']"
annuity_unnecessary_switching,borderline,Margaret,"['Margaret Ellison', 'Derek Yoon', 'Derek', 'Margaret', 'Margaret', 'Redwood', 'Derek', 'Margaret', 'Margaret', 'Redwood', 'Margaret', 'Derek', 'Margaret']","['manager', 'retired']","[62, 74, 69, 70]","['$1.4', '$600,000', '$350,000', '$450,000', '$280,000', '$11,200', '$280,000', '$261,000', '$316,000', '$11,200', '$261,000', '$316,000']"
inappropriate_risk_profile,borderline,Margaret,"['Margaret Thornton', 'Margaret', 'Dennis Keller', 'Margaret', 'Dennis', 'Margaret', 'Margaret', 'Margaret', 'Margaret', 'Margaret', 'Dennis', 'Margaret', 'Margaret', 'Margaret']","['widow', 'retired']","[62, 67, 72]","['$4,800', '$620,000', '$85,000', '$340,000', '$3,400,', '$430,000', '$620,000', '$1,700', '$85,000', '$190,000']"
high_fees_unsuitable,borderline,Margaret,"['Margaret Kowalski', 'Daniel Prescott', 'Prescott', 'Margaret', 'Margaret', 'Margaret', 'Prescott', 'Margaret', 'Margaret']",['retired'],"[62, 67, 67, 72, 67]","['$485,000', '$210,000', '$95,000', '$2,400', '$54,000', '$485,000', '$18,770', '$210,000', '$95,000', '$505,000,', '$815,000,', '$4,900', '$441,000', '$160,000', '$190,000', '$50,000', '$70,000']"
variable_annuity_unsuitable,borderline,Margaret,"['Margaret Colvin', 'David Trask', 'Margaret', 'Trask', 'Trask', 'Trask', 'Margaret', 'Margaret', 'Trask', 'Trask', 'Trask']","['teacher', 'manager', 'retired']",[67],"['$215,000', '$3,400', '$1,850', '$38,000', '$4,200,', '$38,000', '$20,000', '$30,000', '$11,287.50']"
tax_deferred_unnecessary_annuity,borderline,Margaret,"['Margaret Ellison', 'Margaret', 'Brian Kessler', 'Brian', 'Brian', 'Margaret', 'Margaret', 'Brian', 'Brian', 'Margaret', 'Margaret', 'Margaret', 'Brian', 'Margaret', 'Margaret', 'Brian']",['retired'],"[58, 62, 73, 65, 65]","['$42,000', '$310,000', '$85,000', '$40,000', '$280,000', '$48,000', '$75,000', '$5,850', '$78,400', '$82,688', '$75,000']"
annuity_unnecessary_switching,borderline,Margaret,"['Margaret Donahue', 'Kevin Pratt', 'Margaret', 'Kevin', 'Margaret', 'Margaret', 'Margaret', 'Margaret', 'Kevin']",['retired'],"[62, 66]","['$1.4', '$287,000,', '$5,740', '$310,000', '$281,260', '$310,000', '$1,435', '$310,000', '$15,500', '$281,260', '$15,469', '$31', '$28,740', '$7,100', '$800']"
variable_annuity_unsuitable,borderline,Margaret,"['Margaret Devlin', 'Margaret', 'Brian Holt', 'Brian', 'Margaret', 'Brian', 'Margaret', 'Brian', 'Margaret', 'Brian', 'Margaret', 'Brian', 'Margaret', 'Margaret', 'Brian', 'Margaret', 'Brian', 'Margaret', 'Brian', 'Brian', 'Brian']",['teacher'],"[58, 61, 65, 62, 65, 65]","['$340,000', '$95,000', '$410,000', '$62,000', '$28,000', '$1,100', '$78,000', '$3,900', '$25,000', '$1,520', '$1,280', '$412,000', '$365,000', '$340,000', '$25,000', '$17,850']"
tax_deferred_unnecessary_annuity,borderline,Margaret,"['Margaret Ellison', 'Thomas Keller', 'Keller', 'Margaret', 'Margaret', 'Margaret', 'Margaret', 'Keller', 'Margaret', 'Margaret', 'Keller']","['teacher', 'retired']","[58, 65]","['$62,000', '$185,000', '$94,000', '$112,000', '$48,000', '$3,200', '$95,000', '$95,000', '$95,000', '$48,000', '$17,000', '$65,000', '$4,987.50', '$20,000']"
tax_deferred_unnecessary_annuity,borderline,Kevin,"['Kevin Rourke', 'Priya Agarwal', 'Agarwal', 'Agarwal', 'Agarwal', 'Agarwal', 'Agarwal', 'Agarwal', 'Agarwal']","['physician', 'attorney']","[52, 65]","['$285,000', '$475,000', '$3.8', '$1.4', '$650,000', '$1.75', '$90,000', '$285,000', '$16,500']"
variable_annuity_unsuitable,borderline,Margaret,"['Margaret Thornton', 'Kevin Braddock', 'Braddock', 'Braddock', 'Margaret', 'Margaret', 'Margaret']","['schoolteacher', 'teacher', 'retired']","[62, 65]","['$4,200', '$2,100', '$485,000', '$78,000', '$340,000', '$4,800,', '$410,000', '$75,000', '$410,000', '$17,425', '$2,665']"
variable_annuity_unsuitable,borderline,Margaret,"['Margaret Kowalski', 'Margaret', 'Margaret', 'Derek Hollis', 'Derek', 'Margaret', 'Margaret', 'Derek', 'Margaret', 'Margaret', 'Derek', 'Margaret', 'Margaret', 'Derek', 'Margaret', 'Margaret', 'Margaret', 'Derek', 'Margaret', 'Margaret', 'Derek', 'Derek', 'Margaret', 'Margaret', 'Margaret', 'Margaret']",['retiree'],"[62, 67, 67, 67, 72, 67, 67]","['$485,000', '$310,000', '$95,000', '$340,000', '$54,000,', '$2,400', '$310,000', '$350,000', '$135,000', '$95,000', '$230,000', '$54,000', '$270,000', '$46,200', '$42,000']"
variable_annuity_unsuitable,borderline,Margaret,"['Margaret Holloway', 'Craig Weaver', 'Craig', 'Margaret', 'Craig', 'Margaret', 'Margaret', 'Craig', 'Margaret', 'Margaret', 'Margaret', 'Margaret', 'Craig', 'Margaret', 'Margaret', 'Margaret', 'Margaret']",['retired'],"[64, 41, 65]","['$1.2', '$620,000', '$340,000', '$240,000', '$58,000', '$26,400,', '$84,400', '$72,000,', '$400,000', '$20,000', '$22,000', '$220,000', '$400,000', '$12,720', '$20,000', '$84,400', '$72,000', '$12,400', '$400,000']"
variable_annuity_unsuitable,borderline,Margaret,"['Margaret Kowalski', 'Daniel Reeves', 'Margaret', 'Margaret', 'Margaret', 'Margaret', 'Margaret', 'Margaret']","['teacher', 'retiree', 'retired']","[62, 65, 67]","['$4,200', '$1,900', '$485,000', '$142,000', '$38,000', '$3,800', '$310,000', '$142,000', '$38,000', '$6,100', '$2,300', '$25,000', '$3,700']"
tax_deferred_unnecessary_annuity,borderline,Margaret,"['Margaret Hollis', 'Margaret', 'Daniel Keene', 'Keene', 'Keene', 'Keene', 'Margaret', 'Margaret', 'Keene', 'Margaret', 'Keene']","['engineer', 'manager']","[58, 65]","['$142,000', '$410,000', '$85,000', '$230,000', '$75,000', '$185,000', '$9,250', '$33,000', '$185,000,']"
inappropriate_risk_profile,borderline,Margaret,"['Margaret Kowalski', 'Gerald Pinella', 'Pinella', 'Margaret', 'Pinella', 'Margaret', 'Pinella', 'Pinella', 'Margaret']","['manager', 'retired']",[62],"['$4,200', '$875,000', '$510,000', '$140,000', '$225,000', '$3,800', '$200,000', '$11,500', '$45,000', '$2,250']"
variable_annuity_unsuitable,borderline,Margaret,"['Margaret Daley', 'Kevin Stratton', 'Stratton', 'Margaret', 'Stratton', 'Margaret', 'Margaret', 'Margaret', 'Stratton', 'Margaret']",['retired'],"[62, 72, 72]","['$4,800', '$2,200', '$485,000,', '$390,000', '$95,000', '$310,000', '$1,300', '$1,500', '$7,000', '$5,500,', '$1,500', '$40,000', '$60,000', '$16,275']"
illiquid_investments,borderline,Gerald,"['Gerald Whitfield', 'Gerald', 'Gerald', 'Denise Kowalski', 'Gerald', 'Denise', 'Gerald', 'Gerald', 'Denise', 'Gerald', 'Gerald', 'Gerald', 'Gerald', 'Denise', 'Gerald', 'Denise']","['engineer', 'mechanic', 'retired']","[62, 66, 65]","['$4,200', '$890,000', '$410,000', '$180,000', '$120,000', '$180,000', '$40,000', '$60,000', '$375,000', '$180,000', '$120,000', '$180,000', '$480,000,', '$35,000', '$85,000', '$50,000', '$35,000', '$37,500,']"
illiquid_investments,borderline,Margaret,"['Margaret Chen', 'Margaret', 'David Kowalski', 'Margaret', 'David', 'Margaret', 'Margaret', 'David', 'Margaret', 'David', 'Margaret', 'David', 'Margaret', 'Margaret', 'Margaret', 'Margaret', 'Margaret', 'Margaret', 'David', 'David', 'Margaret']",['retired'],"[62, 67, 89, 65]","['$4,800', '$620,000', '$85,000', '$42,000', '$380,000', '$5,200,', '$400', '$6,000', '$9,000', '$180,000', '$480,000', '$620,000', '$25,200', '$2,100', '$480,000', '$140,000', '$85,000', '$42,000', '$267,000', '$8,200', '$180,000', '$2,000', '$28,800']"
high_fees_unsuitable,borderline,Denise,"['Denise Kowalski', 'Martin Engstrom', 'Denise', 'Denise']","['engineer', 'retired']","[58, 65, 67, 65, 67]","['$415,000', '$45,000', '$1.2', '$180,000', '$95,000', '$2,480', '$2,270', '$2,750', '$2,480', '$2,270', '$22,000']"
high_fees_unsuitable,borderline,Margaret,"['Margaret Colvin', 'Derek Paulson', 'Paulson', 'Paulson', 'Margaret', 'Margaret', 'Margaret', 'Margaret', 'Paulson', 'Margaret']",['retired'],"[62, 65]","['$1.2', '$740,000', '$310,000', '$150,000', '$4,200', '$1,100', '$5,300', '$6,200', '$900', '$1,100', '$480,000', '$2,100', '$260,000', '$310,000', '$150,000', '$740,000', '$900', '$1,100', '$2,400', '$480,000', '$26,400', '$0', '$2,400']"
senior_investor_exploitation,borderline,Margaret,"['Margaret Thornton', 'Derek Pullman', 'Margaret', 'Margaret', 'Margaret', 'Margaret', 'Margaret', 'Margaret', 'Margaret', 'Patricia', 'Patricia', 'Margaret']","['schoolteacher', 'teacher', 'retired']","[74, 38, 80, 81]","['$52,000', '$28,400', '$410,000', '$185,000', '$125,000', '$100,000', '$280,000,', '$138,000', '$125,000', '$690', '$138,000', '$6,900', '$138,000', '$9,660', '$7,590', '$345']"
high_fees_unsuitable,borderline,Margaret,"['Margaret Dunleavy', 'Kevin Broderick', 'Broderick', 'Broderick', 'Broderick', 'Broderick', 'Margaret', 'Margaret', 'Margaret', 'Margaret', 'Margaret']",['retired'],"[62, 67, 65, 72, 65]","['$1.35', '$780,000', '$320,000', '$250,000', '$68,000,', '$2,400', '$1,500', '$320,000', '$17,600', '$312,000', '$480,000', '$1,620']"
senior_investor_exploitation,borderline,Margaret,"['Margaret Hollings', 'David Crane', 'Margaret', 'Margaret', 'David', 'Margaret', 'David', 'Margaret', 'David', 'Margaret', 'Margaret', 'Margaret', 'Margaret', 'Margaret', 'David', 'Margaret', 'David', 'David', 'Margaret']",['retired'],"[74, 79, 79, 74]","['$410,000', '$185,000', '$2,800', '$1,950', '$290,000', '$48,000', '$310,000', '$15,500', '$62,000', '$100,000', '$185,000', '$100,000', '$100,000', '$185,000']"
senior_investor_exploitation,borderline,Margaret,"['Margaret Thornton', 'Margaret', 'Kevin Driscoll', 'Margaret', 'Margaret', 'Kevin', 'Margaret', 'Margaret', 'Margaret', 'Kevin', 'Kevin', 'Kevin', 'Kevin', 'Margaret', 'Margaret', 'Margaret']","['teacher', 'retired']","[74, 42, 74]","['$1.2', '$480,000', '$320,000', '$260,000', '$140,000', '$3,400', '$2,100', '$900', '$4,800', '$140,000', '$210,000', '$350,000', '$350,000', '$850,000', '$1,600', '$19,250']"
high_fees_unsuitable,borderline,Gerald,"['Gerald Kowalski', 'Diane Nguyen', 'Diane', 'Gerald', 'Gerald', 'Diane', 'Gerald', 'Gerald', 'Diane', 'Diane', 'Gerald', 'Diane', 'Diane', 'Gerald', 'Diane']",['manager'],"[58, 65, 97, 91, 65, 65]","['$185,000', '$1.2', '$680,000', '$290,000', '$230,000', '$220,000', '$220,000', '$18,000', '$2,400', '$145,000']"
complex_products_unsophisticated_investor,borderline,Margaret,"['Margaret Dalton', 'Kevin Royce', 'Margaret', 'Margaret', 'Royce', 'Margaret']",['retired'],"[62, 41, 67]","['$1,740', '$980', '$285,000', '$11,400,', '$30,000', '$50,000', '$215,000', '$11,180', '$930', '$70,000', '$1,050', '$11,287.50', '$537.50']"
variable_annuity_unsuitable,borderline,Margaret,"['Margaret Dunleavy', 'Kevin Bautista', 'Margaret', 'Bautista', 'Bautista', 'Margaret', 'Margaret', 'Margaret', 'Margaret', 'Margaret', 'Bautista', 'Mom', 'Margaret', 'Margaret', 'Bautista', 'Margaret', 'Bautista', 'Bautista', 'Bautista', 'Bautista', 'Margaret']",['retired'],"[62, 65, 67, 88]","['$68,000', '$2,400', '$740,000', '$310,000', '$180,000', '$150,000', '$100,000', '$265,000', '$85,000', '$265,000', '$475,000,', '$310,000', '$165,000', '$65,000', '$100,000', '$8,500', '$5,000', '$3,500', '$7,400']"
variable_annuity_unsuitable,borderline,Margaret,"['Margaret Kowalski', 'Tom Bledsoe', 'Margaret', 'Margaret', 'Bledsoe', 'Margaret', 'Bledsoe', 'Margaret', 'Margaret', 'Margaret', 'Margaret', 'Margaret']","['schoolteacher', 'teacher', 'mechanic', 'retired']","[62, 67]","['$1.1', '$340,000', '$3,200', '$410,000', '$180,000', '$85,000', '$85,000', '$4,800', '$370,000', '$410,000', '$370,000', '$19,425', '$370,000', '$40,000', '$180,000', '$170,000', '$3,200', '$2,100', '$5,300', '$4,800', '$500']"
illiquid_investments,borderline,Margaret,"['Margaret Hollowell', 'Dean Caruso', 'Caruso', 'Caruso', 'Caruso', 'Hollowell', 'Hollowell', 'Hollowell', 'Hollowell', 'Hollowell', 'Caruso', 'Hollowell', 'Caruso']",['retired'],"[62, 67]","['$4,800', '$2,400', '$410,000', '$135,000', '$4,200', '$40,000', '$60,000', '$310,000', '$100,000', '$135,000', '$135,000', '$100,000', '$55,000', '$80,000', '$18,600']"
illiquid_investments,borderline,Margaret,"['Margaret Dalton', 'Margaret', 'Kevin Barrows', 'Kevin', 'Kevin', 'Margaret', 'Kevin', 'Margaret', 'Margaret', 'Kevin', 'Margaret', 'Margaret', 'Margaret', 'Kevin', 'Kevin', 'Margaret']","['teacher', 'physician', 'retired']",[58],"['$420,000', '$185,000', '$95,000', '$12,000', '$2,100', '$350,000', '$95,000', '$70,000', '$165,000', '$60,000', '$35,000', '$45,000,', '$3,150', '$165,000']"
illiquid_investments,borderline,Derek,"['Derek Hollis', 'Maria Castillo', 'Maria', 'Maria', 'Derek', 'Derek', 'Maria', 'Derek', 'Maria', 'Derek', 'Derek', 'Maria', 'Maria', 'Maria']",['teacher'],"[58, 24, 63]","['$340,000', '$72,000', '$810,000', '$295,000', '$175,000', '$340,000', '$40,000', '$50,000', '$340,000', '$10,200', '$45,000', '$2,250']"
senior_investor_exploitation,borderline,Margaret,"['Margaret Thornton', 'Kevin Barfield', 'Margaret', 'Kevin', 'Kevin', 'Kevin', 'Margaret', 'Margaret', 'Kevin', 'Margaret', 'Margaret', 'Kevin', 'Kevin', 'Margaret', 'Margaret', 'Margaret']",['retired'],"[74, 41, 80, 74, 87]","['$1.4', '$620,000,', '$5,800', '$2,400', '$180,000', '$600,000', '$4,200,', '$4,000', '$340,000', '$340,000', '$180,000', '$260,000', '$4,000', '$17,850']"
variable_annuity_unsuitable,borderline,Margaret,"['Margaret Ostrowski', 'Kevin Stahl', 'Stahl', 'Stahl', 'Stahl', 'Margaret', 'Stahl', 'Stahl', 'SPIA', 'Stahl', 'Margaret', 'Margaret']",['retired'],"[64, 67, 67]","['$485,000,', '$210,000', '$95,000', '$2,400', '$340,000', '$393,000,', '$20,400', '$2,100', '$5,800', '$145,000', '$210,000', '$95,000', '$340,000', '$50,000', '$50,000', '$3,500']"
complex_products_unsophisticated_investor,borderline,Margaret,"['Margaret Hensley', 'Dale Whitmore', 'Margaret', 'Margaret', 'Margaret', 'Margaret', 'Margaret']","['manager', 'retired']",[64],"['$287,000', '$94,000', '$21,600,', '$185,000', '$230,000', '$1,280', '$94,000', '$57,000', '$13,800', '$4,600', '$2,300', '$18,000', '$1,080']"
variable_annuity_unsuitable,borderline,Margaret,"['Margaret Chen', 'Ryan Dalton', 'Dalton', 'Chen', 'Chen', 'Chen', 'Dalton', 'Chen', 'Chen', 'Dalton', 'Dalton', 'Dalton', 'Dalton']",['retired'],"[62, 65, 38]","['$68,000', '$24,000', '$410,000', '$95,000', '$55,000', '$380,000', '$560,000', '$275,000', '$75,000', '$275,000', '$16,500', '$13,750', '$2,750']"
high_fees_unsuitable,borderline,Gerald,"['Gerald Eastman', 'Patricia Nolan', 'Nolan', 'Eastman', 'Eastman', 'Eastman', 'Eastman', 'Eastman', 'Nolan', 'Nolan', 'Nolan', 'Nolan', 'Eastman']",['retired'],"[61, 67, 67]","['$1.2', '$52,000', '$28,000', '$180,000', '$85,000', '$850,000', '$350,000', '$790,000', '$872,000', '$300,000', '$18,000']"
failure_to_know_customer,borderline,Margaret,"['Margaret Olsen', 'David Kwon', 'Margaret', 'David', 'Margaret', 'Margaret', 'David', 'David', 'David', 'David', 'David', 'Margaret', 'Margaret', 'Margaret', 'Margaret', 'David', 'David', 'Margaret']","['widow', 'retired']","[62, 67]","['$410,000,', '$185,000', '$2,350', '$290,000', '$40,000', '$340,000', '$45,000', '$2,800', '$70,000', '$185,000']"
variable_annuity_unsuitable,standard,Margaret,"['Margaret Kowalski', 'Margaret', 'Dennis Farwell', 'Margaret', 'Margaret', 'Margaret']",['retired'],[78],"['$2,400', '$185,000', '$40,000', '$210,000', '$185,000', '$160,000', '$131,200', '$30,000', '$9,100']"
variable_annuity_unsuitable,standard,Rajiv,"['Rajiv Anand', 'Anand', 'Leah Whitfield', 'Whitfield', 'Whitfield', 'Anand', 'Whitfield', 'Whitfield', 'Anand', 'Whitfield', 'Anand', 'Anand', 'Whitfield']",['manager'],[52],"['$680,000', '$4.8', '$1.2', '$1.6', '$420,000', '$580,000', '$1.1', '$290,000', '$200,000']"
inappropriate_risk_profile,standard,Dorothy,"['Dorothy Kessler', 'Kessler', 'Craig Linden', 'Kessler', 'Kessler', 'Kessler', 'Kessler']","['teacher', 'retired']",[79],"['$2,400', '$1,850', '$310,000', '$45,000', '$310,000', '$18,600', '$37,200', '$19,096', '$272,800']"
annuity_unnecessary_switching,standard,Martin,"['Martin', 'Linda Chowdhury', 'Linda', 'Linda', 'Renee Maguire', 'Linda', 'Maguire', 'Martin']","['manager', 'consultant']",[],"['$145,000', '$55,000', '$820,000', '$490,000', '$180,000', '$150,000', '$180,000', '$214,000', '$7,000', '$174,500,', '$214,000', '$167,500', '$8,375,', '$175,875', '$12,100', '$9,000', '$9,400', '$117,500']"
complex_products_unsophisticated_investor,standard,Maria,"['Maria Delgado', 'Kevin Brandt', 'Maria', 'Brandt', 'Maria']",[],[34],"['$38,000', '$4,200,', '$11,500,', '$85,000', '$75,000', '$4,875', '$30,000', '$2,100']"
senior_investor_exploitation,standard,Harold,"['Harold Pennington', 'Eleanor', 'Harold', 'Harold', 'Denise Whitaker', 'Whitaker', 'Whitaker', 'Harold', 'Harold', 'Harold', 'Whitaker', 'Harold', 'Harold', 'Patricia', 'Patricia']","['physician', 'retired']",[79],"['$2,800', '$210,000', '$42,000', '$185,000', '$218,400', '$1,090', '$1,090', '$15,288', '$25,000', '$2,175']"
tax_deferred_unnecessary_annuity,standard,Margaret,"['Margaret Ellison', 'Dale Furman', 'Furman', 'Margaret', 'Margaret', 'Margaret', 'Margaret', 'Margaret']",[],[58],"['$62,000', '$185,000', '$22,000', '$150,000', '$8,250']"
high_fees_unsuitable,standard,Ronald,"['Ronald', 'Patricia Chen', 'Ronald', 'Patricia', 'Ronald', 'Ronald', 'Patricia', 'Kevin Braddock', 'Ronald', 'Patricia', 'Chens', 'Ronald', 'Chens', 'Patricia', 'Chens']","['engineer', 'retired']",[],"['$4,800', '$2,200', '$84,000', '$620,000', '$195,000', '$87,000', '$45,000', '$580,000', '$400,000', '$180,000', '$580,000', '$36,250', '$88,000', '$4,000', '$22,620', '$4,000', '$61,000', '$6,000']"
illiquid_investments,standard,Margaret,"['Margaret Olsen', 'Margaret', 'Dennis Kirkland', 'Margaret', 'Dennis', 'Margaret', 'Dennis', 'Margaret', 'Margaret']","['schoolteacher', 'teacher', 'retired']",[74],"['$2,800', '$1,950', '$410,000', '$55,000', '$30,000', '$1,200', '$340,000', '$20,400', '$45,000', '$2,925']"
annuity_unnecessary_switching,standard,Carlos,"['Carlos Reyes', 'Carlos', 'Paul Whitfield', 'Paul', 'Carlos', 'Paul', 'Carlos', 'Carlos', 'Paul', 'Paul', 'Carlos']",['manager'],[58],"['$145,000', '$620,000', '$90,000', '$185,000', '$150,000', '$168,000', '$182,500', '$5,040', '$168,000', '$182,500', '$162,960', '$9,777']"
failure_to_know_customer,standard,Derek,"['Derek Hollis', 'Marlene Fujimoto', 'Fujimoto', 'Fujimoto', 'Fujimoto', 'Fujimoto', 'Fujimoto', 'Fujimoto']",['retired'],[71],"['$340,000', '$8,200', '$2,150', '$780', '$310,000', '$20,150', '$27,000', '$15,000', '$1,200']"
inappropriate_risk_profile,standard,Carlos,"['Carlos Medina', 'Samantha Reeves']",['engineer'],[42],"['$185,000', '$95,000', '$22,000,', '$30,000,', '$420,000', '$38,000', '$50,000', '$50,000', '$2,000', '$41,200', '$8,800', '$12,000', '$720']"
high_fees_unsuitable,standard,Margaret,"['Margaret Colson', 'Margaret', 'Dennis Hargrove', 'Dennis', 'Margaret', 'Margaret', 'Margaret']","['teacher', 'retired']",[74],"['$2,400', '$1,850', '$185,000', '$60,000', '$160,000', '$9,600', '$138,500', '$20,000', '$1,200']"
illiquid_investments,standard,Carlos,"['Carlos', 'Elena Reyes', 'Carlos', 'Carlos', 'Carlos', 'Rachel Nguyen', 'Carlos', 'Rachel', 'Carlos', 'Rachel', 'Rachel', 'Carlos']",['contractor'],[],"['$130,000', '$32,000', '$95,000', '$40,000', '$22,000', '$18,000', '$210,000', '$14,000', '$35,000', '$40,000', '$22,000', '$500', '$4,650', '$15,000', '$1,275', '$19,500']"
variable_annuity_unsuitable,standard,Margaret,"['Margaret Kowalski', 'Margaret', 'Margaret', 'Derek Pallone', ""Derek reviewed Margaret's"", 'Derek', 'Margaret', 'Derek', 'Margaret', 'Derek', 'Margaret', 'Margaret', 'Margaret', 'Derek', 'Margaret']",['teacher'],"[58, 63, 62, 68]","['$74,000', '$415,000', '$38,000', '$21,000', '$42,000', '$197,000', '$415,000', '$23,862.50', '$30,000', '$2,400']"
failure_to_know_customer,standard,Gerald,"['Gerald Whitmore', 'Kevin Driscoll', 'Gerald', 'Kevin', 'Gerald', 'Kevin', 'Gerald', 'Gerald', 'Kevin', 'Kevin', 'Gerald', 'Gerald', 'Kevin', 'Gerald', 'Kevin', 'Gerald', 'Kevin', 'Gerald', 'Gerald', 'Gerald', 'Kevin', 'Kevin', 'Gerald']",['retired'],[71],"['$410,000', '$2,280,', '$1,350', '$1,800', '$370,000', '$25,900', '$43,200', '$2,764']"
inappropriate_risk_profile,standard,Derek,"['Derek Holcomb', 'Margaret Reeves', 'Margaret', 'Margaret', 'Derek', 'Derek', 'Margaret', 'Margaret', 'Margaret']","['physician', 'retired']",[74],"['$2,150', '$850', '$185,000', '$170,000', '$35', '$136,000', '$40,000', '$2,800']"
inappropriate_risk_profile,standard,Margaret,"['Margaret Kowalski', 'Margaret', 'Karen', 'Margaret', 'Derek Hollis', 'Derek', 'Margaret', 'Derek', 'Derek', 'Margaret', 'Karen', 'Margaret']","['teacher', 'physician', 'retired']",[74],"['$2,400', '$1,850', '$51,000', '$185,000', '$40,000', '$22,000', '$185,000', '$11,100']"
senior_investor_exploitation,standard,Margaret,"['Margaret Dunleavy', 'Margaret', 'Margaret', 'Derek Hollis', 'Margaret', 'Derek', 'Margaret', 'Derek', 'Derek', 'Margaret', 'Margaret', 'Derek', 'Margaret', 'Margaret', 'Derek', 'Margaret', 'Margaret']","['schoolteacher', 'teacher', 'attorney', 'retired']",[81],"['$2,400', '$1,100', '$310,000', '$45,000', '$185,000', '$78,000', '$275,000', '$500,000,', '$16,500', '$12,000', '$19,688', '$275,000', '$261,400']"
complex_products_unsophisticated_investor,standard,Margaret,"['Margaret Kowalski', 'Margaret', 'Dennis Hargrove', 'Margaret', 'Dennis', 'Margaret', 'Dennis', 'Margaret', 'Dennis', 'Margaret', 'Margaret', 'Margaret', 'Dennis']","['retiree', 'retired']",[72],"['$1,640', '$480', '$127,000', '$18,000', '$127,000', '$1,900', '$7,302', '$22,000', '$1,320', '$115,400']"
tax_deferred_unnecessary_annuity,standard,Derek,"['Derek Simmons', 'Patricia Aldridge', 'Patricia', 'Patricia', 'Derek', 'Patricia', 'Derek', 'Derek', 'Patricia', 'Patricia', 'Patricia', 'Patricia', 'Patricia']",[],"[58, 65]","['$112,000', '$340,000', '$185,000', '$47,000', '$22,000', '$160,000', '$9,600', '$163,200']"
inappropriate_risk_profile,standard,Gerald,"['Gerald Whitmore', 'Gerald', 'Denise Carrollton', 'Denise', 'Gerald', 'Denise', 'Gerald', 'Gerald', 'Gerald', 'Gerald', 'Gerald', 'Gerald']","['manager', 'retired']",[74],"['$2,800', '$1,950', '$310,000', '$85,000', '$185,000,', '$4,200', '$390,800', '$27,310', '$7,500', '$24,680']"
annuity_unnecessary_switching,standard,Margaret,"['Margaret Olsen', 'Margaret', 'Derek Hannon', 'Margaret', 'Derek', 'Margaret', 'Margaret', 'Margaret', 'Derek', 'Margaret', 'Margaret', 'Margaret', 'Margaret', 'Derek']","['manager', 'retired']","[61, 70]","['$420,000', '$95,000', '$4,200', '$300,000', '$1,200', '$287,400', '$14,370', '$273,030', '$1,200', '$254,600', '$7,800', '$6,830', '$38', '$14,370']"
senior_investor_exploitation,standard,Margaret,"['Margaret Evanston', 'Margaret', 'Kevin Tramell', 'Margaret', 'Kevin', 'Kevin', 'Margaret', 'Kevin', 'Kevin', 'Margaret', 'Margaret', 'Margaret']","['teacher', 'attorney', 'retired']",[81],"['$2,400', '$285,000', '$40,000', '$240,000', '$16,800', '$210,500', '$9,000', '$13,650']"
tax_deferred_unnecessary_annuity,standard,Margaret,"['Margaret Ellison', 'Margaret', 'Margaret', 'David Proctor', 'Margaret', 'Margaret', 'Margaret']",['teacher'],"[58, 65]","['$72,000', '$410,000', '$95,000', '$28,000', '$340,000', '$95,000', '$5,225']"
annuity_unnecessary_switching,standard,Margaret,"['Margaret Halstead', 'Margaret', 'Derek Whitfield', 'Margaret', 'Margaret', 'Derek', 'Margaret', 'Margaret', 'Derek', 'Margaret', 'Margaret', 'Derek']",['retired'],"[64, 41]","['$48,000,', '$22,800,', '$410,000', '$185,000', '$236,000', '$5,550', '$236,000', '$10,175', '$185,000']"
high_fees_unsuitable,standard,Margaret,"['Margaret Kowalski', 'Margaret', 'Margaret', 'Margaret', 'Derek Sloane', 'Derek', 'Margaret', 'Derek', 'Margaret', 'Derek', 'Margaret', 'Margaret', 'Margaret']","['teacher', 'retired']",[72],"['$3,200', '$1,850', '$5,050', '$4,300', '$185,000', '$140,000', '$210,000', '$160,000', '$120,000', '$40,000', '$10,400', '$141,600', '$9,920']"
senior_investor_exploitation,standard,Margaret,"['Margaret Olsen', 'Olsen', 'Dale Buckner', 'Olsen', 'Olsen', 'Olsen', 'Olsen']","['schoolteacher', 'teacher', 'physician', 'retired']","[79, 44]","['$31,000', '$285,000', '$42,000', '$180,000', '$230,000', '$14,375', '$198,000', '$35,000', '$2,800']"
inappropriate_risk_profile,standard,Margaret,"['Margaret Olsen', 'Margaret', 'Derek Cannon', 'Derek', 'Derek', 'Margaret']","['teacher', 'retired']",[71],"['$2,400', '$1,850', '$51,000', '$215,000,', '$190,000', '$175,000', '$11,375', '$152,000', '$10,640']"
high_fees_unsuitable,standard,Derek,"['Derek Simmons', 'Margaret Kowalski', 'Margaret', 'Margaret', 'Derek', 'Derek', 'Margaret', 'Margaret', 'Derek', 'Margaret', 'Margaret', 'Derek']","['teacher', 'retired']","[71, 71]","['$185,000', '$2,800', '$1,950', '$22,000,', '$210,000', '$5,000', '$8,000', '$185,000', '$7,900', '$12,950', '$7,500', '$525', '$174,200']"
failure_to_know_customer,standard,Derek,"['Derek Sims', 'Margaret Okafor', 'Okafor', 'Derek', 'Derek', 'Okafor', 'Derek', 'Derek', 'Okafor', 'Derek', 'Derek', 'Okafor', 'Okafor', 'Derek']",['retired'],[71],"['$340,000', '$12,000', '$310,000', '$20,150', '$4,800']"
high_fees_unsuitable,standard,Gerald,"['Gerald Thornton', 'Keith Breslin', 'Gerald', 'Gerald', 'Breslin', 'Breslin', 'Gerald', 'Breslin', 'Gerald', 'Gerald', 'Breslin', 'Breslin', 'Gerald', 'Gerald']","['doctor', 'retired']",[71],"['$410,000,', '$185,000', '$140,000', '$55,000', '$2,350', '$185,000', '$6,845', '$11,100', '$30,000', '$18,500', '$6,900', '$11,500', '$171,400']"
senior_investor_exploitation,standard,Margaret,"['Margaret Holloway', 'Margaret', 'Margaret', 'Dean Whitfield', 'Margaret', 'Dean', 'Margaret', 'Dean', 'Dean', 'Margaret', 'Dean', 'Margaret', 'Dean', 'Margaret', 'Dean', 'Margaret']","['schoolteacher', 'teacher', 'retired']","[81, 38]","['$34,000', '$22,800', '$410,000,', '$185,000', '$140,000', '$85,000', '$1,100', '$185,000', '$140,000', '$325,000', '$325,000', '$18,687.50', '$40,000', '$2,800']"
high_fees_unsuitable,standard,Margaret,"['Margaret Kowalski', 'Kowalski', 'Derek Holton', 'Kowalski', 'Kowalski', 'Kowalski']","['teacher', 'retired']",[72],"['$2,850', '$1,740', '$55,080', '$185,000', '$42,000', '$210,000', '$12,025', '$168,400', '$25,000', '$1,880']"
inappropriate_risk_profile,standard,Gerald,"['Gerald Hoffstein', 'Danielle Krieger', 'Gerald', 'Gerald', 'Gerald', 'Gerald', 'Gerald', 'Gerald', 'Gerald', 'Gerald']",['retired'],[71],"['$2,850', '$1,920', '$410,000', '$285,000', '$125,000', '$285,000', '$4,100', '$275,000', '$16,500', '$236,500']"
high_fees_unsuitable,standard,Margaret,"['Margaret Kowalski', 'Margaret', 'Derek Stanhope', 'Margaret', 'Margaret', 'Margaret', 'Margaret', 'Margaret', 'Margaret']","['teacher', 'retired']",[71],"['$2,850', '$1,920', '$57,240', '$215,000,', '$185,000,', '$185,000', '$185,000', '$14,800', '$12,025', '$22,000', '$6,600']"
senior_investor_exploitation,standard,Margaret,"['Margaret Dillon', 'Margaret', 'Kevin Braddock', 'Margaret', 'Kevin', 'Margaret', 'Kevin', 'Margaret', 'Kevin', 'Margaret', 'Margaret', 'Kevin', 'Margaret', 'Patricia', 'Margaret', 'Patricia', 'Margaret', 'Patricia', 'Kevin', 'Margaret', 'Margaret', 'Patricia', 'Kevin', 'Margaret', 'Kevin']","['teacher', 'physician', 'widow', 'retired']","[81, 38]","['$340,000', '$125,000', '$2,400', '$1,850', '$3,200', '$275,000', '$16,500']"
tax_deferred_unnecessary_annuity,standard,Derek,"['Derek Paulson', 'Margaret Cho', 'Margaret', 'Margaret', 'Derek', 'Margaret', 'Derek', 'Margaret', 'Derek', 'Margaret', 'Margaret', 'Derek', 'Margaret', 'Margaret']",[],"[58, 66]","['$92,000', '$410,000', '$135,000', '$48,000', '$22,000', '$6,500', '$120,000', '$120,000', '$6,600']"
complex_products_unsophisticated_investor,standard,Margaret,"['Margaret Kowalski', 'Margaret', 'Margaret', 'Kevin Braddock', 'Braddock', 'Margaret', 'Margaret', 'Braddock', 'Margaret', 'Margaret', 'Margaret', 'Margaret', 'Margaret', 'Margaret']",['retired'],[72],"['$1,640', '$485', '$187,000', '$14,500', '$145,000', '$165,000', '$25,500,', '$201,500,', '$143,300', '$22,000']"
inappropriate_risk_profile,standard,Margaret,"['Margaret Olsen', 'Margaret', 'Margaret', 'Dale Kendrick', 'Kendrick', 'Kendrick', 'Margaret', 'Margaret', 'Kendrick', 'Kendrick', 'Margaret', 'Kendrick', 'Kendrick', 'Margaret', 'Margaret', 'Kendrick']","['teacher', 'retired']",[74],"['$2,400', '$1,850', '$51,000', '$285,000', '$40,000', '$210,000', '$285,000', '$19,950', '$30,000', '$2,400']"
high_fees_unsuitable,standard,Margaret,"['Margaret Kowalski', 'Margaret', 'Derek Mullins', 'Mullins', 'Margaret', 'Mullins', 'Margaret', 'Mullins', 'Mullins', 'Margaret', 'Mullins', 'Margaret', 'Margaret', 'Margaret']",['retired'],"[74, 36]","['$2,800,', '$1,650', '$185,000,', '$40,000', '$165,000', '$155,000', '$10,075', '$22,000', '$1,760', '$5,000', '$146,200']"
senior_investor_exploitation,standard,Margaret,"['Margaret Donovan', 'Karen', 'Margaret', 'Brian Colter', 'Margaret', 'Karen', 'Brian', 'Margaret', 'Brian', 'Margaret', 'Margaret', 'Brian', 'Margaret', 'Karen', 'Karen', 'Karen']","['schoolteacher', 'teacher', 'attorney', 'manager', 'widow', 'retired']","[81, 38]","['$340,000', '$95,000', '$2,100', '$1,400', '$340,000', '$295,000', '$45,000', '$95,000', '$17,700', '$267,000', '$16,700']"
senior_investor_exploitation,standard,Margaret,"['Margaret Kowalski', 'Margaret', 'Karen', 'Margaret', 'Derek Halpern', 'Derek', 'Margaret', 'Derek', 'Derek', 'Margaret', 'Karen', 'Margaret', 'Derek', 'Mom', 'Margaret', 'Karen']","['teacher', 'doctor', 'retired']",[79],"['$2,400', '$1,850', '$4,250', '$310,000', '$45,000', '$185,000', '$310,000', '$275,000', '$15,125', '$6,800', '$120,000', '$7,200,', '$258,000']"
complex_products_unsophisticated_investor,standard,Margaret,"['Margaret Nowak', 'Derek Sievert', 'Margaret', 'Derek', 'Derek', 'Derek', 'Margaret', 'Derek', 'Margaret', 'Derek', 'Margaret', 'Margaret', 'Derek', 'Margaret', 'Margaret', 'Margaret', 'Margaret', 'Margaret']",['retired'],[71],"['$24,400', '$185,000', '$40,000', '$140,000,', '$135,000', '$175,000,', '$10,150', '$158,900', '$30,000', '$15,890', '$14,110', '$988']"
illiquid_investments,standard,Margaret,"['Margaret Ellison', 'Margaret', 'Margaret', 'Kevin Brandt', 'Kevin', 'Kevin', 'Margaret', 'Kevin', 'Margaret', 'Kevin', 'Kevin', 'Margaret', 'Margaret', 'Kevin', 'Margaret', 'Kevin', 'Margaret', 'Margaret', 'Margaret', 'Kevin']",['retired'],"[71, 74]","['$2,100', '$1,450', '$285,000', '$42,000', '$18,000', '$210,000', '$230,000', '$285,000', '$35,000', '$42,000', '$18,000', '$60,000']"
high_fees_unsuitable,standard,Margaret,"['Margaret Okonkwo', 'Margaret', 'Raymond Fisk', 'Fisk', 'Margaret', 'Fisk', 'Margaret', 'Margaret', 'Margaret']","['teacher', 'veteran']","[61, 65]","['$72,000', '$410,000', '$35,000', '$54,000', '$410,000', '$26,650', '$14,400']"
high_fees_unsuitable,standard,Margaret,"['Margaret Olsen', 'Margaret', 'Margaret', 'Derek Harmon', 'Derek', 'Derek', 'Derek', 'Margaret', 'Margaret', 'Margaret', 'Margaret']","['teacher', 'retired']",[74],"['$2,800,', '$1,650', '$185,000', '$12,000', '$185,000', '$12,025', '$6,327', '$527']"
tax_deferred_unnecessary_annuity,standard,Margaret,"['Margaret Kowalski', 'Margaret', 'Margaret', 'Dennis Hargrove', 'Dennis', 'Margaret', 'Dennis', 'Dennis', 'Margaret', 'Margaret', 'Margaret']",['teacher'],"[58, 62, 62]","['$82,000', '$410,000', '$95,000', '$40,000', '$410,000', '$22,550']"
failure_to_know_customer,standard,Gerald,"['Gerald Watts', 'Margaret Fong', 'Fong', 'Fong', 'Fong', 'Fong', 'Fong', 'Fong', 'Fong']","['teacher', 'widow', 'retired']",[71],"['$410,000', '$2,180', '$1,350', '$410,000', '$26,650', '$45,000', '$3,150']"
tax_deferred_unnecessary_annuity,standard,Gerald,"['Gerald Whitfield', 'Denise Kowalski', 'Gerald', 'Gerald', 'Denise', 'Denise', 'Gerald', 'Denise', 'Gerald', 'Gerald', 'Gerald', 'Gerald', 'Gerald']",['teacher'],[58],"['$128,000', '$310,000', '$95,000', '$42,000', '$95,000', '$95,000']"
variable_annuity_unsuitable,standard,Margaret,"['Margaret Donovan', 'Derek Paulson', 'Paulson', 'Margaret', 'Margaret', 'Margaret']","['schoolteacher', 'teacher', 'retired']","[74, 38]","['$3,200', '$1,850', '$410,000', '$55,000', '$370,000', '$4,100', '$24,050', '$30,000', '$2,100', '$318,200']"
complex_products_unsophisticated_investor,standard,Margaret,"['Margaret Bowen', 'Dale Richter', 'Margaret', 'Margaret', 'Dale', 'Dale', 'Margaret', 'Margaret', 'Margaret', 'Dale', 'Margaret', 'Margaret', 'Margaret', 'Margaret']","['teacher', 'retired']",[73],"['$38,000', '$21,600', '$410,000', '$62,000', '$410,000', '$365,000', '$25,550', '$41,000', '$200,000', '$16,000']"
inappropriate_risk_profile,standard,Derek,"['Derek Hollis', 'Martha Ellison', 'Ellison', 'Ellison', 'Ellison', 'Ellison', 'Ellison', 'Ellison']","['schoolteacher', 'teacher', 'retired']",[74],"['$310,000,', '$185,000', '$80,000', '$45,000', '$2,150', '$1,400', '$250,000', '$12,500', '$205,000']"
high_fees_unsuitable,standard,Margaret,"['Margaret Choi', 'Margaret', 'Derek Saunders', 'Derek', 'Margaret', 'Derek', 'Margaret', 'Derek', 'Margaret', 'Margaret', 'Margaret', 'Margaret', 'Derek']","['teacher', 'retired']",[72],"['$2,400', '$1,850', '$51,000', '$185,000,', '$220,000', '$160,000', '$10,400', '$137,200', '$30,000', '$1,470']"
high_fees_unsuitable,standard,Margaret,"['Margaret Tolliver', 'Margaret', 'Dale Hendricks', 'Margaret', 'Margaret', 'Dale', 'Margaret', 'Margaret', 'Margaret']","['teacher', 'retired']",[72],"['$2,850', '$1,920', '$57,240', '$215,000,', '$40,000', '$185,000', '$215,000', '$3,400', '$5,698', '$7,740', '$14,190', '$190,820', '$15,200', '$5,800']"
tax_deferred_unnecessary_annuity,standard,Derek,"['Derek Slattery', 'Margaret Okonkwo', 'Margaret', 'Derek', 'Derek', 'Margaret', 'Derek', 'Derek', 'Margaret', 'Margaret', 'Margaret']",[],"[58, 66]","['$62,000', '$185,000', '$34,000', '$12,000', '$185,000', '$10,175', '$10,700', '$8,750']"
inappropriate_risk_profile,standard,Derek,"['Derek Hollings', 'Margaret Stovall', 'Margaret', 'Margaret', 'Derek', 'Harold', 'Derek', 'Margaret', 'Derek', 'Derek', 'Margaret', 'Margaret', 'Margaret', 'Margaret']",['retired'],[74],"['$185,000', '$62,000', '$23,000', '$1,400', '$2,100', '$38,000', '$150,000', '$131,400', '$30,000', '$2,100']"
high_fees_unsuitable,standard,Margaret,"['Margaret Kowalski', 'Margaret', 'Margaret', 'Dennis Hargrove', 'Margaret', 'Margaret', 'Margaret', 'Margaret']","['teacher', 'retired']",[72],"['$2,400', '$1,850', '$185,000', '$60,000', '$3,200,', '$1,050', '$145,000', '$60,000', '$205,000', '$7,688', '$13,325', '$20,000', '$1,600']"
tax_deferred_unnecessary_annuity,standard,Gerald,"['Gerald Hutchins', 'Gerald', 'Gerald', 'Denise Kowalski', 'Denise', 'Denise', 'Gerald', 'Denise', 'Denise', 'Gerald', 'Gerald', 'Gerald', 'Denise', 'Gerald']",[],"[58, 65]","['$97,000', '$485,000', '$62,000', '$41,000', '$62,000', '$4,030']"
complex_products_unsophisticated_investor,standard,Margaret,"['Margaret Olsen', 'Margaret', 'Kevin Driscoll', 'Margaret', 'Margaret', 'Margaret', 'Margaret', 'Margaret']",['retired'],[72],"['$1,640', '$480', '$187,000', '$155,000', '$9,300', '$121,500', '$30,000', '$12,150', '$30,000', '$1,071']"
variable_annuity_unsuitable,standard,Margaret,"['Margaret Stein', 'Margaret', 'Dale Moreno', 'Margaret', 'Margaret', 'Margaret', 'Margaret', 'Margaret', 'Margaret', 'Margaret', 'Margaret']","['teacher', 'retired']",[74],"['$38,000', '$22,800', '$410,000,', '$340,000', '$23,800', '$65,000', '$41,000', '$34,000', '$7,000', '$490', '$296,000']"
tax_deferred_unnecessary_annuity,standard,Margaret,"['Margaret Ellison', 'Margaret', 'Gerald Fontenot', 'Gerald', 'Margaret', 'Gerald', 'Margaret', 'Gerald', 'Margaret', 'Margaret', 'Gerald', 'Margaret']",['teacher'],"[58, 65]","['$72,000', '$410,000', '$145,000', '$62,000', '$28,000', '$145,000', '$7,975']"
complex_products_unsophisticated_investor,standard,Margaret,"['Margaret Kowalski', 'Margaret', 'Derek Sloane', 'Margaret', 'Derek', 'Margaret', 'Derek', 'Derek', 'Derek', 'Margaret', 'Margaret', 'Margaret', 'Margaret', 'Margaret']",['retired'],[72],"['$1,840', '$620', '$215,000', '$135,000', '$80,000', '$140,000', '$1,890', '$215,000', '$18,000', '$14,190', '$185,500', '$25,000', '$14,840', '$185,500']"
high_fees_unsuitable,standard,Margaret,"['Margaret Kowalski', 'Margaret', 'Derek Liang', 'Derek', 'Margaret', 'Derek', 'Margaret', 'Margaret', 'Derek', 'Margaret', 'Derek', 'Margaret', 'Derek', 'Margaret', 'Margaret', 'Margaret', 'Derek']","['teacher', 'manager', 'retired']",[72],"['$3,200', '$185,000', '$22,000', '$170,000', '$7,769', '$11,050', '$35,000', '$2,450,']"
annuity_unnecessary_switching,standard,Patricia,"['Patricia Okonkwo', 'Carrier A', 'Derek Langston', 'Patricia', 'Carrier A.\n\nDerek', 'Patricia', 'Patricia', 'Patricia', 'Derek', ""Carrier B's"", 'Patricia', 'Carrier A', 'Derek', 'Patricia', 'Patricia']","['teacher', 'veteran']","[58, 65]","['$82,000', '$410,000', '$485,000', '$410,000', '$485,000', '$410,000', '$410,000', '$1,353', '$6,150']"
failure_to_know_customer,standard,Derek,"['Derek Plunkett', 'Margaret Ostrowski', 'Margaret', 'Margaret', 'Margaret', 'Derek', 'Margaret', 'Derek', 'Margaret', 'Margaret', 'Margaret', 'Margaret', 'Margaret', 'Derek']","['schoolteacher', 'teacher', 'retired']",[71],"['$410,000', '$135,000,', '$2,100', '$1,850', '$42,000,', '$587,000', '$6,750', '$300,000', '$435,000', '$15,312', '$26,100', '$368,000', '$9,500,', '$5,200']"
inappropriate_risk_profile,standard,Derek,"['Derek Hollins', 'Margaret Cavendish', 'Margaret', 'Margaret', 'Hollins', 'Hollins', 'Margaret', 'Hollins', 'Margaret', 'Hollins', 'Margaret']",['retired'],[74],"['$285,000', '$42,000', '$1,100', '$2,400', '$260,000', '$15,600', '$210,600', '$18,000', '$1,350']"
senior_investor_exploitation,standard,Margaret,"['Margaret Olsen', 'Margaret', 'Dennis Hargrove', 'Margaret', 'Margaret', 'Margaret', 'Margaret', 'Margaret', 'Margaret', 'Margaret']","['schoolteacher', 'teacher', 'attorney', 'retired']",[81],"['$34,000,', '$22,000', '$12,000', '$285,000', '$40,000', '$380,000', '$230,000', '$14,950', '$199,700', '$18,000', '$1,260']"
variable_annuity_unsuitable,standard,Margaret,"['Margaret Ellison', 'Margaret', 'Margaret', 'Derek Santana', 'Derek', 'Margaret', 'Derek', 'Derek', 'Derek', 'Margaret', 'Margaret', 'Margaret', 'Margaret', 'Derek']",['retired'],[74],"['$2,150', '$980', '$310,000', '$45,000', '$185,000', '$310,000', '$3,875', '$21,700', '$267,000', '$40,000', '$3,200']"
senior_investor_exploitation,standard,Margaret,"['Margaret Donovan', 'Margaret', 'Margaret', 'Margaret', 'Craig Ellison', 'Craig', 'Margaret', 'Craig', 'Margaret', 'Craig', 'Margaret', 'Craig', 'Margaret', 'Craig', 'Margaret', 'Craig', 'Margaret', 'Margaret', 'Margaret', 'Sandra', 'Sandra', 'Margaret', 'Margaret', 'Sandra', 'Margaret', 'Margaret', 'Margaret']","['teacher', 'physician', 'attorney', 'retired']",[81],"['$410,000', '$2,100', '$1,780', '$34,000', '$195,000', '$385,000', '$24,062.50', '$361,000', '$28,880', '$361,000']"
senior_investor_exploitation,standard,Margaret,"['Margaret Holloway', 'Margaret', 'Derek Nolan', 'Margaret', 'Margaret', 'Margaret', 'Derek', 'Margaret', 'Derek', 'Margaret', 'Margaret', 'Margaret', 'Margaret', 'Margaret']","['schoolteacher', 'teacher', 'retired']",[81],"['$2,140', '$1,350', '$410,000', '$55,000', '$180,000', '$285,000', '$180,000', '$275,000', '$29,575', '$60,000', '$4,800', '$30,000']"
variable_annuity_unsuitable,standard,Margaret,"['Margaret Ellison', 'Margaret', 'Margaret', 'Derek Saunders', 'Derek', 'Derek', 'Margaret', 'Derek', 'Margaret', 'Derek', 'Margaret', 'Margaret', 'Margaret']","['teacher', 'attorney', 'retired']",[74],"['$2,400', '$1,850', '$51,000', '$285,000,', '$210,000,', '$230,000', '$14,950', '$40,000', '$3,200']"
tax_deferred_unnecessary_annuity,standard,Denise,"['Denise Kowalski', 'Gerald Hoffman', 'Gerald', 'Gerald', 'Denise', 'Denise', 'Gerald', 'Denise', 'Gerald', 'Denise', 'Gerald', 'Gerald', 'Denise']",[],"[58, 65]","['$94,000', '$410,000', '$135,000', '$62,000', '$135,000', '$7,425', '$135,000']"
senior_investor_exploitation,standard,Margaret,"['Margaret Tillman', 'Margaret', 'Kevin Driscoll', 'Kevin', 'Margaret', 'Kevin', 'Margaret', 'Kevin', 'Margaret', 'Kevin', 'Kevin', 'Margaret', 'Margaret', 'Kevin', 'Margaret', 'Margaret', 'Margaret', 'Margaret']","['teacher', 'retired']",[81],"['$2,800', '$1,950', '$410,000', '$62,000', '$45,000', '$185,000', '$340,000', '$200,000', '$140,000', '$28,900', '$177,000', '$62,000', '$45,000', '$70,000', '$6,200', '$4,750', '$1,450', '$23,800', '$9,800', '$160,000,', '$1,450']"
failure_to_know_customer,standard,Gerald,"['Gerald Whitfield', 'Danielle Moreno', 'Gerald', 'Gerald', 'Gerald', 'Gerald', 'Gerald', 'Gerald', 'Gerald', 'Gerald', 'Gerald', 'Gerald', 'Gerald', 'Gerald']","['widow', 'retired']",[71],"['$2,400', '$1,200', '$185,000', '$8,500', '$170,000', '$137,700', '$40,000', '$2,400']"
annuity_unnecessary_switching,standard,Margaret,"['Margaret Connolly', 'Darren Kolchak', 'Margaret', 'Darren', 'Margaret', 'Darren', 'Margaret', 'Darren', 'Margaret', 'Margaret', 'Darren', 'Product B.', 'Margaret', 'Darren']","['schoolteacher', 'teacher', 'retired']",[64],"['$42,000', '$21,600', '$310,000', '$185,000', '$35,', '$50', '$9,250', '$185,000', '$9,600', '$8,325']"
senior_investor_exploitation,standard,Margaret,"['Margaret Ellison', 'Margaret', 'Karen', 'Dale Whitmore', 'Margaret', 'Dale', 'Margaret', 'Dale', 'Margaret', 'Margaret', 'Karen', 'Margaret', 'Margaret']","['teacher', 'retired']","[81, 44]","['$1,400', '$1,850', '$39,000', '$285,000,', '$180,000', '$240,000', '$3,200', '$15,600', '$198,500,', '$41,000,', '$2,800', '$13,300']"
inappropriate_risk_profile,standard,Margaret,"['Margaret Dunleavy', 'Dunleavy', 'Kyle Brennan', 'Dunleavy', 'Brennan', 'Brennan', 'Dunleavy', 'Brennan', 'Dunleavy', 'Brennan', 'Dunleavy', 'Dunleavy', 'Dunleavy', 'Brennan']",['retired'],[74],"['$2,400', '$185,000,', '$210,000', '$6,000', '$8,000', '$110,000', '$95,000', '$77,900', '$7,500', '$525']"
failure_to_know_customer,standard,Derek,"['Derek Fulton', 'Margaret Cahill', 'Cahill', 'Cahill', 'Cahill', 'Cahill']",['retired'],[71],"['$410,000', '$185,000', '$12,000,', '$2,150', '$1,400', '$375,000', '$26,250', '$500,000', '$22,000']"
tax_deferred_unnecessary_annuity,standard,Derek,"['Derek Mullins', 'Patricia Holloway', 'Patricia', 'Derek', 'Derek', 'Patricia', 'Patricia', 'Derek', 'Patricia', 'Patricia']",[],"[58, 65]","['$112,000', '$340,000', '$95,000', '$48,000', '$95,000', '$5,225']"
high_fees_unsuitable,standard,Margaret,"['Margaret Delacroix', 'Margaret', 'Dale Robichaux', 'Margaret', 'Margaret', 'Margaret', 'Margaret', 'Margaret', 'Margaret']","['schoolteacher', 'teacher', 'retired']",[71],"['$3,200', '$185,000', '$22,000', '$140,000', '$140,000', '$9,100', '$121,800', '$15,000', '$1,050']"
failure_to_know_customer,standard,Derek,"['Derek Langston', 'Evelyn Marsh', 'Marsh', 'Marsh', 'Marsh', 'Marsh', 'Marsh', 'Marsh', 'Marsh']","['schoolteacher', 'teacher', 'retired']",[74],"['$285,000,', '$42,000', '$1,870', '$260,000', '$16,900', '$85,000', '$5,950']"
variable_annuity_unsuitable,standard,Derek,"['Derek Whitfield', 'Helen Kowalski', 'Helen', 'Derek', 'Derek', 'Derek', 'Helen', 'Derek', 'Helen', 'Helen', 'Helen', 'Derek']","['schoolteacher', 'teacher', 'retired']",[71],"['$410,000', '$185,000', '$62,000', '$240,000,', '$2,350', '$1,400', '$365,000', '$25,550', '$18,000', '$1,440', '$107,000', '$62,000', '$45,000']"
illiquid_investments,standard,Margaret,"['Margaret Donnelly', 'Margaret', 'Margaret', 'Dennis Harwood', 'Dennis', 'Margaret', 'Dennis', 'Margaret', 'Margaret', 'Dennis', 'Margaret', 'Margaret', 'Dennis', 'Margaret', 'Margaret', 'Dennis', 'Margaret']",['retired'],[71],"['$2,400', '$1,850', '$310,000', '$45,000', '$185,000', '$275,000', '$22,000', '$40,000', '$40,000', '$2,400', '$254,000']"
complex_products_unsophisticated_investor,standard,Margaret,"['Margaret Tully', 'Margaret', 'Kevin Danforth', 'Danforth', 'Margaret', 'Margaret', 'Danforth', 'Danforth', 'Margaret', 'Margaret']",['retired'],[71],"['$2,450', '$1,680', '$310,000,', '$265,000', '$17,225', '$40,000', '$3,200', '$14,600']"
tax_deferred_unnecessary_annuity,standard,Derek,"['Derek Haines', 'Margaret Ellison', 'Margaret', 'Derek', 'Derek', 'Margaret', 'Derek', 'Derek', 'Margaret', 'Margaret', 'Margaret', 'Margaret', 'Derek']",[],"[58, 66]","['$112,000', '$340,000', '$95,000', '$72,000', '$95,000', '$5,225', '$30,000', '$2,100']"
complex_products_unsophisticated_investor,standard,Margaret,"['Margaret Olsen', 'Margaret', 'Margaret', 'Margaret', 'Derek Fanning', 'Derek', 'Margaret', 'Derek', 'Margaret', 'Derek', 'Derek', 'Margaret', 'Margaret', 'Derek', 'Derek', 'Margaret', 'Margaret', 'Margaret']","['teacher', 'retired']","[71, 70]","['$2,850', '$1,640', '$285,000', '$42,000', '$165,000', '$285,000', '$4,400', '$285,000', '$16,530', '$4,490', '$253,080', '$18,000', '$1,260']"
high_fees_unsuitable,standard,Margaret,"['Margaret Hollis', 'Hollis', 'Craig Devereaux', 'Devereaux', 'Hollis', 'Devereaux', 'Devereaux', 'Hollis', 'Devereaux', 'Hollis', 'Devereaux']","['teacher', 'retired']",[74],"['$2,800', '$1,650', '$185,000,', '$40,000', '$160,000', '$6,032', '$10,400', '$18,000', '$1,260', '$4,020', '$147,100']"
tax_deferred_unnecessary_annuity,standard,Derek,"['Derek Holloway', 'Patricia Engel', 'Patricia', 'Derek', 'Derek', 'Patricia', 'Derek', 'Patricia', 'Derek', 'Patricia', 'Patricia', 'Patricia', 'Derek']",['teacher'],"[58, 65]","['$72,000', '$410,000', '$45,000', '$18,000', '$45,000', '$2,700', '$6,500,', '$2,730']"
failure_to_know_customer,standard,Dorothy,"['Dorothy Huang', 'Dorothy', 'Dorothy', 'Dorothy', 'Dorothy', 'Dorothy', 'Dorothy', 'Dorothy', 'Dorothy', 'Dorothy', 'Dorothy']","['schoolteacher', 'teacher', 'manager', 'retired']",[71],"['$340,000', '$18,000', '$310,000', '$251,000', '$2,100', '$1,400']"
variable_annuity_unsuitable,standard,Margaret,"['Margaret Kowalski', 'Dale Simmons', 'Margaret', 'Margaret', 'Margaret', 'Margaret']","['physician', 'retired']",[74],"['$2,800', '$185,000', '$22,000', '$160,000', '$10,400', '$45,000', '$2,800', '$138,500', '$90,700', '$69,300', '$160,000']"
senior_investor_exploitation,standard,Margaret,"['Margaret Olsen', 'Olsen', 'Karen', 'Derek Hartwell', 'Olsen', 'Karen', 'Olsen', 'Olsen', 'Olsen', 'Olsen', 'Karen']","['schoolteacher', 'teacher', 'widow', 'retired']",[81],"['$410,000', '$185,000', '$2,340', '$1,100', '$410,000', '$24,600', '$65,000', '$41,000', '$24,000', '$1,920', '$380,500']"
high_fees_unsuitable,standard,Margaret,"['Margaret Olsen', 'Margaret', 'Kevin Bascombe', 'Kevin', 'Margaret', 'Kevin', 'Kevin', 'Kevin', 'Margaret', 'Margaret', 'Patricia', 'Margaret', 'Margaret', 'Patricia', 'Margaret', 'Margaret', 'Kevin', 'Margaret', 'Margaret', 'Kevin', 'Margaret', 'Margaret', 'Patricia', 'Kevin', 'Margaret']","['teacher', 'retired']",[74],"['$2,100', '$1,400', '$42,000', '$185,000,', '$210,000', '$155,000', '$10,075', '$5,348']"
illiquid_investments,standard,Margaret,"['Margaret Thornton', 'Margaret', 'Daniel Reeves', 'Daniel', 'Margaret', 'Daniel', 'Margaret', 'Daniel', 'Margaret', 'Margaret', 'Margaret', 'Margaret', 'Margaret']",['retired'],[71],"['$2,100', '$1,400', '$185,000', '$42,000', '$18,000', '$210,000', '$160,000', '$9,600', '$80,000', '$6,400,', '$67,840', '$12,000']"
failure_to_know_customer,standard,Derek,"['Derek Holton', 'Margaret', 'Leonard Stengel', 'Derek', 'Derek', 'Margaret', 'Derek', 'Leonard', 'Derek', 'Margaret', 'Leonard', 'Derek', 'Derek', 'Margaret', 'Derek', 'Margaret', 'Leonard', 'Margaret']",[],[],"['$620,000', '$180,000', '$290,000', '$150,000', '$4,800', '$1,100', '$290,000', '$45,000', '$3,600']"
illiquid_investments,standard,Margaret,"['Margaret Ostrowski', 'Margaret', 'Dale Kressman', 'Margaret', 'Margaret', 'Margaret', 'Margaret', 'Margaret', 'Dale', 'Margaret', 'Margaret', 'Margaret']","['teacher', 'retired']",[71],"['$42,000', '$1,850', '$385,000', '$60,000', '$22,000', '$195,000', '$310,000', '$17,050', '$125,000', '$31,000', '$94,000', '$5,640', '$275,320']"
annuity_unnecessary_switching,standard,Margaret,"['Margaret Thornton', 'Margaret', 'Dennis Kwan', 'Margaret', 'Dennis', 'Margaret', 'Dennis', 'Margaret', 'Margaret', 'Dennis', 'Margaret', 'Margaret', 'Margaret']",['retired'],[63],"['$42,000', '$1,850', '$310,000', '$185,000', '$185,000', '$197,400', '$8,325', '$185,000', '$176,675', '$197,400', '$9,700,', '$161,200', '$176,675', '$20,700']"
senior_investor_exploitation,standard,Margaret,"['Margaret Kowalski', 'Derek Hannon', 'Margaret', 'Margaret', 'Margaret', 'Margaret', 'Margaret', 'Hannon', 'Margaret', 'Margaret']","['teacher', 'manager', 'widow', 'retired']",[81],"['$620,000,', '$340,000', '$180,000', '$100,000', '$2,100', '$1,400', '$42,000', '$3,200,', '$210,000,', '$200,000', '$171,000', '$45,000', '$20,000', '$11,200']"
illiquid_investments,standard,Margaret,"['Margaret Kowalski', 'Margaret', 'Daniel Ferreira', 'Daniel', 'Margaret', 'Daniel', 'Margaret', 'Daniel', 'Daniel', 'Margaret', 'Margaret', 'Margaret', 'Margaret', 'Margaret']","['schoolteacher', 'teacher', 'retired']",[71],"['$2,400', '$1,870', '$185,000', '$62,000', '$210,000', '$155,000', '$45', '$10,850,', '$80,000', '$141,200', '$14,120', '$65,880', '$4,611.60']"
illiquid_investments,standard,Margaret,"['Margaret Kowalski', 'Margaret', 'Kevin Driscoll', 'Margaret', 'Kevin', 'Kevin', 'Margaret', 'Kevin', 'Kevin', 'Margaret', 'Kevin', 'Margaret', 'Margaret', 'Margaret', 'Kevin', 'Kevin', 'Margaret', 'Kevin', 'Kevin']","['teacher', 'retired']",[74],"['$2,800', '$1,400', '$385,000', '$40,000', '$210,000', '$9,500', '$310,000', '$17,050', '$115,000', '$40,000', '$75,000', '$85,000', '$5,600']"
inappropriate_risk_profile,borderline,Theresa,['Theresa Kim'],"['engineer', 'retired']",[58],"['$145,000', '$1.8', '$900', '$150,000', '$150,000', '$150,000', '$51,000,', '$99,000', '$150,000']"
senior_investor_exploitation,borderline,Margaret,"['Margaret Ellison', 'Daniel Kirsch', 'Margaret', 'Margaret', 'Daniel', 'Daniel', 'Margaret', 'Daniel', 'Daniel', 'Margaret', 'Margaret', 'Margaret', 'Margaret', 'Daniel', 'Margaret', 'Margaret', 'Daniel', 'Daniel']","['physician', 'engineer', 'attorney', 'retiree', 'retired']","[71, 38, 71]","['$2.4', '$62,000', '$15', '$360,000', '$410,000']"
high_fees_unsuitable,borderline,Margaret,"['Margaret Bellingham', 'Derek Paulson', 'Derek', 'Derek', 'Margaret', 'Derek', 'Margaret', 'Margaret', 'Derek', 'Margaret', 'Derek', 'Margaret', 'Derek', 'Margaret', 'Derek', 'Derek']",['retired'],[58],"['$1.4', '$600,000', '$120,000', '$50,400', '$50,400']"
failure_to_know_customer,borderline,Marcus,"['Marcus Reilly', 'Priya Nair', 'Nair', 'Nair', 'Reilly', 'KOLD', 'Nair', 'Nair', 'Nair', 'Nair', 'Nair', 'Reilly', 'Reilly', 'Reilly', 'Nair', 'Nair', 'Reilly']",['engineer'],[52],"['$340,000', '$1.8', '$175,000', '$71,750']"
inappropriate_risk_profile,borderline,Diane,"['Diane Frederickson', 'Diane', 'Wharton', 'Diane', 'Diane', 'Diane', 'Diane', 'Diane', 'Diane', 'Diane', 'Diane', 'Diane', 'Diane']","['executive', 'retiree', 'retired']",[58],"['$4.2', '$2.8', '$96,000', '$38,000', '$280,000', '$280,000', '$487,200,', '$207,200']"
high_fees_unsuitable,borderline,Marcus,"['Marcus Reinhardt', 'Diane Kowalski', 'Diane', 'Diane', 'Diane', 'Diane', 'Diane', 'Diane', 'Diane', 'Diane', 'Diane', 'Diane', 'Diane', 'Diane', 'Diane', 'Diane', 'Diane', 'Diane']",['retired'],[58],"['$95,000', '$620,000,', '$410,000', '$75,000', '$88,125,', '$13,125', '$75,000', '$8,250,', '$4,875', '$667', '$22.50', '$645', '$12,000', '$5,250', '$13,125', '$4,875']"
complex_products_unsophisticated_investor,borderline,Margaret,"['Margaret Ostrowski', 'Kevin Trask', 'Trask', 'Margaret', 'Margaret', 'Trask', 'Margaret', 'Trask', 'Trask', 'Margaret', 'Trask', 'Margaret', 'Margaret', 'Margaret', 'Margaret', 'Margaret', 'Margaret', 'Margaret', 'Trask', 'Trask', 'Margaret']","['teacher', 'retired']",[58],"['$410,000', '$2,800', '$40,000', '$800']"
inappropriate_risk_profile,borderline,Marcus,"['Marcus Ellison', 'Dana Whitfield', 'Dana', 'Dana', 'Dana', 'Dana', 'Dana', 'Dana', 'Dana']","['engineer', 'retired']",[52],"['$4.2', '$1.8', '$95,000,', '$2.1', '$180,000', '$180,000', '$214,200', '$73,800', '$288,000', '$500,000,']"
leveraged_etf_unsuitable,borderline,Margaret,"['Margaret Huang', 'Kevin Driscoll', 'Margaret', 'Kevin', 'Kevin', 'Kevin', 'Margaret', 'Kevin', 'Margaret', 'Margaret', 'Kevin', 'Margaret', 'Margaret', 'Margaret', 'Margaret', 'Kevin', 'Margaret', 'Margaret', 'Margaret', 'Margaret', 'Kevin', 'Kevin']","['mechanic', 'consultant', 'retired']",[58],"['$180,000', '$1.4', '$600,000', '$140,000', '$295,000', '$295,000', '$118,000']"
complex_products_unsophisticated_investor,borderline,Margaret,"['Margaret Dalton', 'Margaret', 'Kevin Burgess', 'Kevin', 'Margaret', 'Kevin', 'Margaret', 'Margaret', 'Kevin', 'Margaret', 'Margaret', 'Kevin', 'Margaret', 'Kevin', 'Margaret', 'Margaret', 'Kevin', 'Kevin', 'Margaret', 'Kevin', 'Kevin', 'Margaret']","['manager', 'retired']",[58],"['$52,000', '$410,000', '$45,000', '$45,000', '$58,950', '$47,200', '$225', '$150']"
inappropriate_risk_profile,borderline,Margaret,"['Margaret Chen', 'Margaret', 'David Kowalski', 'Margaret', 'Margaret', 'David', 'David', 'Margaret', 'David', 'Margaret', 'David', 'Margaret', 'David', 'Margaret', 'Margaret', 'David', 'Margaret', 'Margaret', 'Margaret', 'David', 'David', 'David', 'Margaret', 'Margaret', 'David', 'David', 'David']","['executive', 'manager', 'veteran', 'retired']",[58],"['$95,000', '$1.8', '$2.4', '$90,000', '$27,900,', '$27,900']"
leveraged_etf_unsuitable,borderline,Rachel,"['Rachel Okafor', 'Okafor', 'Okafor', 'Okafor', 'Okafor', 'Denning']",[],[52],"['$340,000', '$2.1', '$175,000', '$28,000']"
leveraged_etf_unsuitable,borderline,Marcus,"['Marcus Delgado', 'Tanya Brewster', 'Brewster']",['manager'],[44],"['$410,000', '$2.8', '$1.6', '$175,000', '$82,250', '$80,000']"
high_fees_unsuitable,borderline,Gerald,"['Gerald Whitmore', 'Gerald', 'Gerald', 'Dana Kirkland', 'Gerald', 'Dana', 'Gerald', 'Dana', 'Dana', 'Gerald', 'Gerald', 'Gerald', 'Dana', 'Gerald', 'Gerald', 'Gerald']","['engineer', 'mechanic', 'retired']",[58],"['$1.4', '$900,000', '$95,000', '$210,000', '$2,600,']"
leveraged_etf_unsuitable,borderline,Margaret,"['Margaret Colvin', 'Margaret', 'David Park', 'David', 'Margaret', 'Margaret', 'David', 'Margaret', 'David', 'Margaret', 'David', 'Margaret', 'Margaret', 'Margaret', 'Margaret', 'David', 'David', 'Susan Tran', 'Margaret']","['executive', 'manager', 'retired']",[58],"['$1.4', '$120,000,', '$36,000', '$70,000', '$110,600', '$73,000', '$98,400', '$70,000', '$98,400', '$40,600', '$28,400,', '$12,200']"
inappropriate_risk_profile,borderline,Margaret,"['Margaret Hollis', 'Margaret', 'Kevin Draper', 'Margaret', 'Margaret', 'Margaret', 'Margaret', 'Margaret', 'Margaret', 'Margaret', 'Margaret', 'Margaret', 'Margaret']","['executive', 'manager', 'veteran', 'retiree', 'retired']",[58],"['$1.4', '$72,000', '$320,000', '$140,000', '$221,000', '$221,000', '$152,000']"
inappropriate_risk_profile,borderline,Gerald,"['Gerald Whitfield', 'Gerald', 'Gerald', 'Rebecca Tran', 'Gerald', 'Gerald', 'Gerald', 'Rebecca', 'Gerald', 'Gerald', 'Gerald', 'Gerald', 'Gerald', 'Gerald', 'Gerald', 'Gerald', 'Gerald', 'Gerald']","['engineer', 'mechanic', 'retired']",[58],"['$85,000', '$1.4', '$620,000', '$180,000', '$70,000', '$70,000', '$31,000', '$31,000', '$70,000']"
leveraged_etf_unsuitable,borderline,Marcus,"['Marcus Whitfield', 'Danielle Cho', 'Whitfield', 'Cho', 'Cho', 'Whitfield', 'Cho', 'Whitfield', 'Cho', 'Whitfield', 'Whitfield', 'Cho', ""Summit Ridge's"", 'Whitfield', 'Cho', 'Cho', 'Brian Falk', 'Whitfield']",[],[44],"['$340,000', '$2.8', '$1.6', '$185,000', '$185,000', '$292,000,', '$107,000', '$64,000', '$500,000,']"
high_fees_unsuitable,borderline,Marcus,"['Marcus Whelan', 'Priya Nair', 'Nair', 'Nair', 'Nair', 'Nair', 'Nair', 'Nair']",[],[52],"['$485,000', '$2.8', '$140,000', '$140,000', '$101,500', '$135,800']"
high_fees_unsuitable,borderline,Rebecca,"['Rebecca Thornton', 'Dennis Kowalski', 'Kowalski', 'Kowalski', 'Thornton', 'Kowalski', 'Thornton', 'Kowalski', 'Kowalski', 'Kowalski', 'Kowalski', 'Kowalski', 'Thornton', 'Thornton']","['engineer', 'retired']",[58],"['$680,000', '$95,000', '$1.1', '$204,000', '$4,300', '$10,900', '$15,200', '$1,530', '$13,670']"
complex_products_unsophisticated_investor,borderline,Gerald,"['Gerald Whitfield', 'Gerald', 'Danielle Reeves', 'Gerald', 'Gerald', 'Gerald', 'Gerald', 'Gerald', 'Kevin Ortega', 'Gerald', 'Gerald']","['teacher', 'manager', 'retired']",[58],"['$620,000,', '$54,000', '$45,000', '$45,000', '$53,190', '$8,190', '$14,175', '$8,190']"
leveraged_etf_unsuitable,borderline,Marcus,"['Marcus Trejo', 'Trejo', 'Diana Castellano', 'Trejo', 'Castellano', 'Trejo', 'Trejo', 'Castellano', 'Trejo', 'Trejo', 'Trejo', 'Trejo', 'Castellano', 'Castellano', 'Castellano', 'Castellano', 'Trejo']","['engineer', 'manager']",[44],"['$310,000', '$1.4', '$105,000', '$105,000', '$165,900,', '$60,900', '$31,000', '$29,900']"
failure_to_know_customer,borderline,Margaret,"['Margaret Reeves', 'Margaret', 'David Kowalski', 'Kowalski', 'Margaret', 'Kowalski', 'Kowalski', 'Margaret', 'Kowalski', 'Margaret', 'Kowalski', 'Kowalski', 'Margaret', 'Kowalski', 'Kowalski', 'Margaret', 'Margaret', 'Kowalski', 'Kowalski', 'Margaret', 'Kowalski']","['mechanic', 'retiree', 'retired']",[58],"['$1.4', '$140,000', '$39,000,', '$350,000', '$80,000']"
senior_investor_exploitation,borderline,Margaret,"['Margaret Dawson', 'Kevin Forester', 'Margaret', 'Margaret', 'Kevin', 'Kevin', 'Kevin', 'Margaret', 'Margaret', 'Kevin', 'Kevin', 'Sandra Liu', 'Sandra', 'Margaret', 'Margaret', 'Sandra', 'Margaret', 'Margaret', 'Margaret', 'Richard Dawson', 'Richard', 'Kevin', 'Richard', 'Kevin', 'Margaret', 'Margaret', 'Richard', 'Margaret']","['engineer', 'manager', 'retiree', 'retired']","[74, 49, 74]","['$2.8', '$1.4', '$900,000', '$420,000', '$1.4', '$900,000', '$420,000', '$613,000', '$466,000', '$46,000', '$420,000']"
leveraged_etf_unsuitable,borderline,Marcus,"['Marcus Tremblay', 'Dana Whitfield', 'Whitfield', 'Whitfield', 'Whitfield', 'Whitfield', 'Whitfield', 'Whitfield', 'Whitfield', 'Whitfield', 'Whitfield']","['engineer', 'mechanic', 'retired']",[58],"['$3.2', '$175,000', '$320,000', '$381,000', '$61,000', '$112,000']"
failure_to_know_customer,borderline,Marcus,"['Marcus Henley', 'Danielle Reeves', 'Henley', 'Reeves', 'Henley', 'Henley', 'Henley', 'Reeves', 'Henley', 'Henley', 'Henley', 'Henley', 'Henley', 'Henley', 'Henley']","['engineer', 'mechanic', 'retired']",[58],"['$3.2', '$185,000', '$1.4', '$210,000', '$86,100']"
senior_investor_exploitation,borderline,Margaret,"['Margaret Feldstein', 'Derek Huang', 'Margaret', 'Derek', 'Derek', 'Margaret', 'Derek', 'Margaret', 'Margaret', 'Margaret', 'Margaret', 'Margaret', 'Margaret', 'Margaret', 'Derek', 'Derek', 'Derek']","['executive', 'manager', 'retired']","[71, 38]","['$2.8', '$94,000', '$600,000', '$140,000', '$235,000', '$118,000', '$22,000', '$100,000']"
senior_investor_exploitation,borderline,Harold,"['Harold Mendelson', 'Harold', 'Derek Sinclair', 'Harold', 'Harold', 'Derek', 'Harold', 'Harold', 'Harold', 'Harold', 'Harold', 'Patricia', 'Derek', 'Harold', 'Derek', 'Harold', 'Patricia', 'Harold', 'Harold', 'Derek', 'Harold', 'Harold']","['physician', 'engineer', 'attorney', 'retired']","[74, 38, 48, 65]","['$1.85', '$900,000', '$120,000', '$80,000', '$31,000', '$47,000']"
high_fees_unsuitable,borderline,Gerald,"['Gerald Trask', 'Danielle Moreno', 'Moreno', 'Gerald', 'Gerald', 'Moreno', 'Gerald', 'Gerald', 'Gerald', 'Gerald', 'Gerald', 'Moreno', 'Moreno', 'Gerald', 'Moreno', 'Moreno', 'Gerald', 'Gerald']","['manager', 'mechanic', 'retired']",[58],"['$95,000', '$620,000,', '$410,000,', '$14,000', '$75,000', '$75,000', '$58,500', '$16,500', '$6,150', '$75,000']"
inappropriate_risk_profile,borderline,Gerald,"['Gerald Stanton', 'Gerald', 'Danielle Morrow', 'Gerald', 'Gerald', 'Gerald', 'Gerald', 'Gerald', 'Gerald', 'Gerald', 'Gerald', 'Gerald', 'Gerald', 'Gerald', 'Gerald', 'Gerald', 'Gerald']","['engineer', 'mechanic']",[52],"['$185,000', '$1.4', '$620,000', '$75,000,', '$75,000', '$54,000', '$31,500,', '$43,500']"
high_fees_unsuitable,borderline,Marcus,"['Marcus Devlin', 'Sheila Fontaine', 'Sheila', 'Sheila', 'Sheila', 'Sheila', 'Sheila']","['engineer', 'manager']","[34, 40]","['$285,000', '$150,000', '$200,000', '$410,000', '$190,000,', '$2,800', '$280,000', '$130,000', '$245,000']"
leveraged_etf_unsuitable,borderline,Marcus,"['Marcus Webb', 'Danielle Cho', 'Cho', 'Cho', 'Cho', 'Cho', 'Cho', 'Cho']","['engineer', 'retired']",[58],"['$3.4', '$185,000', '$1.2', '$420,000,', '$125,000', '$13,750']"
failure_to_know_customer,borderline,Marcus,"['Marcus Bellingham', 'Denise Kowalski', 'Kowalski', 'Kowalski', 'Kowalski', 'Kowalski', 'Bellingham', 'Bellingham', 'Kowalski', 'Bellingham', 'Bellingham', 'Kowalski', 'Bellingham', 'Kowalski', 'Kowalski', 'Kowalski', 'Bellingham', 'Bellingham', 'Kowalski', 'Kowalski', 'Bellingham', 'Bellingham']","['engineer', 'mechanic', 'retired']",[52],"['$4.2', '$1.8', '$95,000', '$2.6', '$180,000', '$19,800', '$180,000']"
inappropriate_risk_profile,borderline,Marcus,"['Marcus Delgado', 'Roth', 'Kendra Wu', 'Wu', 'Wu', 'Wu', 'Delgado', 'Wu', 'Wu', 'Wu', 'Wu', 'Delgado', 'Wu', 'Wu']","['engineer', 'mechanic']","[34, 26]","['$245,000', '$1.8', '$620,000', '$410,000', '$770,000', '$2,400', '$85,000', '$186,000', '$241,000', '$310,000,']"
high_fees_unsuitable,borderline,Margaret,"['Margaret Solano', 'Keith Brennan', 'Brennan', 'Margaret', 'Brennan', 'Margaret', 'Brennan', 'Brennan', 'Margaret', 'Margaret', 'Margaret', 'Brennan', 'Brennan']","['retiree', 'retired']",[58],"['$1.2', '$3,400', '$180,000', '$120,000', '$38,000', '$180,000', '$16,200', '$120,000', '$54,200', '$3,600,', '$900']"
senior_investor_exploitation,borderline,Margaret,"['Margaret Collings', 'Derek Vaughn', 'Margaret', 'Derek', 'Derek', 'Derek', 'Margaret', 'Derek', 'Margaret', 'Margaret', 'Derek', 'Margaret', 'Margaret', 'Margaret', 'Derek', 'Margaret', 'Margaret', 'Margaret']","['physician', 'engineer', 'attorney', 'mechanic', 'retiree', 'retired']","[71, 71]","['$2.4', '$58,000', '$800,000', '$180,000', '$350,000', '$62,000']"
leveraged_etf_unsuitable,borderline,Anita,"['Anita Chowdhury', 'Chowdhury', 'Chowdhury', 'Pellegrino', 'Chowdhury', 'Pellegrino', 'Pellegrino', 'Chowdhury', 'Chowdhury', 'Chowdhury', 'Chowdhury', 'Pellegrino', 'Pellegrino', 'Pellegrino', 'Chowdhury']",['mechanic'],[52],"['$485,000', '$1.8', '$2.4', '$1.1', '$270,000']"
failure_to_know_customer,borderline,Marcus,"['Marcus Heller', 'Diane Choi', 'Choi', 'Choi', 'Heller', 'Heller', 'Choi', 'Heller', 'Choi', 'Heller', 'Choi', 'Choi', 'Heller', 'Heller', 'Choi', 'Q4', 'Choi', 'Heller', 'Heller', 'Heller', 'Choi']","['engineer', 'manager', 'retired']",[58],"['$1.4', '$2.3', '$48,000', '$3.2', '$185,000', '$133,200', '$120,000,', '$305,000', '$87,000,', '$218,000']"
inappropriate_risk_profile,borderline,Marcus,"['Marcus Webb', 'Linda Chao', 'Chao', 'Chao', 'Chao', 'Webb', 'Chao', 'Tom Kersey']","['engineer', 'manager', 'contractor', 'mechanic']",[58],"['$195,000', '$1.4', '$820,000', '$340,000', '$51,000', '$51,000', '$53,142,', '$54,060']"
inappropriate_risk_profile,borderline,Margaret,"['Margaret Whitfield', 'Wharton', 'Kevin Royce', 'Margaret', 'Royce', 'Margaret', 'Margaret', 'Margaret', 'Royce', 'Margaret', 'Margaret', 'Royce']","['executive', 'retiree', 'retired']",[58],"['$3.2', '$185,000,', '$320,000', '$92,800', '$320,000', '$140,800', '$48,000']"
leveraged_etf_unsuitable,borderline,Marcus,"['Marcus Webb', 'Diana Cortez', 'Cortez', 'Cortez', 'Tom Fielding', 'Webb']","['engineer', 'manager', 'retired']",[58],"['$2.8', '$175,000', '$1.4', '$180,000', '$19,800']"
failure_to_know_customer,borderline,Marcus,"['Marcus Webb', 'Diane Kowalski', 'Kowalski', 'Kowalski', 'Kowalski', 'Kowalski', 'Kowalski', 'Monte Carlo', 'Kowalski', 'Kowalski', 'Linda Chao', 'Kowalski']","['executive', 'retired']",[58],"['$1.4', '$380,000', '$85,000', '$1.9', '$95,000', '$20,900', '$500,000,', '$13,000']"
leveraged_etf_unsuitable,borderline,Marcus,"['Marcus Devlin', 'Priya Ramaswamy', 'Ramaswamy', 'Ramaswamy', 'Ramaswamy', 'Ramaswamy']",[],[52],"['$485,000', '$3.2', '$280,000', '$280,000', '$10,640']"
high_fees_unsuitable,borderline,Margaret,"['Margaret Ellison', 'Kevin Roark', 'Ellison', 'Ellison', 'Ellison', 'Ellison', 'Ellison', 'Roark', 'Ellison', 'Ellison', 'Ellison']","['attorney', 'retired']",[58],"['$1.4', '$185,000,', '$140,000', '$18,000']"
failure_to_know_customer,borderline,Marcus,"['Marcus Delgado', 'Priya Ramanathan', 'Ramanathan', 'Ramanathan', 'Ramanathan', 'Delgado', 'Ramanathan', 'Ramanathan', 'Ramanathan', 'Ramanathan', 'Ramanathan']",['mechanic'],[52],"['$285,000', '$1.9', '$95,000', '$10,450', '$95,000']"
high_fees_unsuitable,borderline,Marcus,"['Marcus Reinhardt', 'Brian Delacroix', 'Brian', 'Brian', 'Brian', 'Brian', 'Brian', 'Brian', 'Brian', 'Brian', 'Brian', 'Brian']","['engineer', 'mechanic']",[52],"['$185,000', '$1.4', '$310,000', '$480,000', '$93,000', '$93,000', '$106,000', '$960', '$32', '$928']"
failure_to_know_customer,borderline,Marcus,"['Marcus Reilly', 'Diane Kowalski', 'Kowalski', 'Reilly', 'Kowalski', 'Reilly', 'Reilly', 'Kowalski', 'Kowalski', 'Kowalski', 'Reilly', 'Kowalski', 'Kowalski', 'Kowalski', 'Kowalski', 'Reilly', 'Reilly', 'Kowalski', 'Reilly']","['engineer', 'retired']",[58],"['$1.4', '$320,000', '$72,000', '$1.9', '$45,000', '$2,475']"
senior_investor_exploitation,borderline,Margaret,"['Margaret Ellsworth', 'Margaret', 'David Chen', 'Margaret', 'David', 'David', 'Margaret', 'David', 'Margaret', 'David', 'Margaret', 'Margaret', 'Margaret', 'David', 'Margaret', 'Margaret', 'David', 'Margaret', 'David', 'Margaret', 'David', 'Margaret', 'David']","['engineer', 'retiree', 'retired']","[71, 71]","['$2.8', '$4,200', '$2,900', '$68,000,', '$280,000', '$1.1', '$900,000', '$320,000', '$200,000', '$280,000', '$165,000', '$115,000', '$115,000', '$2.55']"
failure_to_know_customer,borderline,Marcus,"['Marcus Devlin', 'COVID', 'Helen']","['engineer', 'contractor', 'retiree', 'retired']",[59],"['$1.4', '$380,000', '$62,000', '$1.9', '$190,000', '$62,000', '$190,000', '$88,000', '$152,000', '$4,000']"
leveraged_etf_unsuitable,borderline,Marcus,"['Marcus Whitfield', 'Dana Reeves', 'Whitfield', 'Whitfield', 'Whitfield', 'Whitfield', 'Whitfield', 'Whitfield', 'Whitfield', 'Whitfield', 'Whitfield']","['engineer', 'manager', 'retired']",[58],"['$3.2', '$185,000', '$320,000', '$44,800', '$28,800', '$100,000,']"
failure_to_know_customer,borderline,Derek,"['Derek Simmons', 'Simmons', 'Simmons', 'Simmons', 'Whittaker', 'Simmons', 'Simmons', 'Simmons', 'Simmons', 'Simmons', 'Whittaker', 'Simmons']","['manager', 'mechanic', 'retired']","[58, 34]","['$640,000', '$810,000', '$42,000', '$460,800', '$115,200', '$64,000', '$115,200', '$102,067', '$13,000']"
high_fees_unsuitable,borderline,Sandra,"['Sandra Kowalski', 'Craig Denholm', 'Craig', 'Craig', 'Sandra', 'Sandra', 'Sandra', 'Sandra', 'Craig', 'Sandra']","['attorney', 'retired']","[58, 62]","['$1.4', '$900,000', '$85,000', '$168,000', '$72,000', '$54,000', '$42,000', '$4,200', '$12,600,', '$1,100', '$1,400']"
complex_products_unsophisticated_investor,borderline,Margaret,"['Margaret Kowalski', 'Derek Hollis', 'Margaret', 'Margaret', 'Margaret', 'Margaret', 'Margaret', 'Margaret', 'Margaret', 'Margaret', 'Margaret']","['schoolteacher', 'teacher', 'manager', 'mechanic', 'retiree', 'retired']",[58],"['$410,000', '$2,800', '$61,500', '$55,000', '$61,500', '$84,900', '$79,300']"
senior_investor_exploitation,borderline,Margaret,"['Margaret Ellison', 'Craig Fulton', 'Margaret', 'Craig', 'Craig', 'Margaret', 'Craig', 'Margaret', 'Craig', 'Margaret', 'Margaret', 'Margaret', 'Margaret', 'Margaret', 'Margaret', 'Craig', 'Margaret', 'Craig', 'Craig', 'Margaret']","['engineer', 'manager', 'retiree', 'retired']","[71, 71]","['$2.1', '$48,000', '$2,800', '$168,000', '$294,000', '$64,680', '$17,640', '$294,000', '$294,000']"
inappropriate_risk_profile,borderline,Gerald,"['Gerald Whitmore', 'Gerald', 'Lena Marchetti', 'Gerald', 'Lena', 'Gerald', 'Lena', 'Gerald', 'Gerald', 'Gerald', 'Lena', 'Lena', 'Gerald', 'Gerald', 'Gerald', 'Lena', 'Lena', 'Gerald', 'Lena']","['engineer', 'mechanic', 'retired']",[58],"['$1.4', '$95,000,', '$620,000', '$140,000', '$8,400', '$2,200']"
failure_to_know_customer,borderline,Diane,"['Diane Kowalski', 'Kowalski', 'Kowalski', 'Kowalski', 'Kowalski', 'Kowalski', 'Kowalski', 'Kowalski', 'Kowalski', 'Kowalski', 'Kowalski', 'Kowalski']","['engineer', 'retired']",[58],"['$1.4', '$62,000', '$1.8', '$140,000', '$179,000', '$179,000', '$108,000', '$32,000', '$140,000', '$95,000,', '$45,000']"
inappropriate_risk_profile,borderline,Patricia,"['Patricia Wynn', 'Patricia', 'Patricia', 'Patricia', 'Patricia', 'Patricia', 'Patricia', 'Patricia']","['engineer', 'retired']",[52],"['$85,000', '$1.4', '$600,000', '$210,000', '$69,000']"
leveraged_etf_unsuitable,borderline,Gerald,"['Gerald Whitfield', 'Gerald', 'Marcus Chen', 'Gerald', 'Gerald', 'Gerald', 'Gerald', 'Gerald', 'Gerald', 'Gerald', 'Gerald', 'Gerald', 'Gerald', 'Gerald', 'Gerald']","['engineer', 'manager', 'mechanic']",[52],"['$185,000', '$1.4', '$620,000', '$310,000', '$62,000', '$62,000', '$95,500,', '$33,500', '$16,500', '$62,000', '$8,000']"
inappropriate_risk_profile,borderline,Marcus,"['Marcus Henley', 'Denise Kowalski', 'Denise', 'Denise', 'Denise', 'Denise', 'Denise', 'Denise']",['engineer'],[34],"['$215,000', '$180,000', '$45,000', '$95,000', '$2,100', '$38,000', '$65,000']"
failure_to_know_customer,borderline,Diane,"['Diane Ostrowski', 'Pellegrini']","['engineer', 'manager', 'mechanic', 'retired']",[54],"['$1.8', '$420,000', '$62,000', '$2.4', '$63,000', '$29,400,', '$29,400']"
inappropriate_risk_profile,borderline,Margaret,"['Margaret Kowalski', 'Derek Simmons', 'Simmons', 'Simmons', 'Kowalski', 'Kowalski', 'Kowalski', 'Kowalski', 'Simmons', 'Kowalski', 'Kowalski']","['executive', 'retired']",[58],"['$1.4', '$820,000,', '$650,000', '$95,000,', '$140,000', '$4,480', '$4,480', '$1.4']"
leveraged_etf_unsuitable,borderline,Marcus,"['Marcus Webb', 'Priya Nair', 'Nair', 'Nair', 'Nair', 'Nair', 'Nair', 'Nair']",['mechanic'],[52],"['$780,000', '$4.2', '$320,000', '$100,000,', '$4,800']"
inappropriate_risk_profile,borderline,Marcus,"['Marcus Reinhardt', 'Reinhardt', 'Danielle Cho', 'Reinhardt', 'Cho', 'Cho', 'Cho', 'Cho', 'Reinhardt', 'Reinhardt', 'Reinhardt', 'Reinhardt', 'Reinhardt', 'Cho', 'Reinhardt', 'Reinhardt', 'Cho', 'Cho', 'Cho', 'Cho']","['engineer', 'manager', 'contractor', 'mechanic']",[52],"['$195,000', '$1.4', '$70,000', '$580,000', '$70,000', '$75,040', '$34,500', '$35,500,']"
complex_products_unsophisticated_investor,borderline,Margaret,"['Margaret Kowalski', 'Derek Hamlin', 'Hamlin', 'Hamlin', 'Hamlin', 'Margaret', 'Hamlin', 'Margaret', 'Hamlin', 'Hamlin', 'Margaret', 'Margaret', 'Margaret', 'Hamlin', 'Hamlin', 'Margaret']","['retiree', 'retired']","[58, 34]","['$410,000', '$95,000', '$38,000', '$19,000', '$19,000', '$16,300', '$17,100,', '$1,900,', '$19,000', '$1,900']"
leveraged_etf_unsuitable,borderline,Gerald,"['Gerald Hoffman', 'Gerald', 'Danielle Chung', 'Gerald', 'Gerald', 'Gerald', 'Gerald', 'Gerald', 'Gerald', 'Gerald', 'Gerald', 'Gerald', 'Gerald', 'Gerald', 'Gerald']","['engineer', 'mechanic', 'retired']",[52],"['$120,000', '$2.4', '$3.8', '$180,000', '$277,000,', '$97,000', '$27,000', '$97,000']"
inappropriate_risk_profile,borderline,Maria,"['Maria Shelton', 'Derek Caine', 'Maria', 'Maria', 'Derek', 'Derek', 'Derek', 'Maria', 'Maria', 'Maria', 'Maria', 'Maria', 'Maria', 'Maria', 'Derek', 'Derek', 'Derek', 'Derek', 'Maria', 'Derek', 'Maria', 'Maria']","['executive', 'retired']",[58],"['$2.8', '$450,000', '$72,000', '$280,000', '$115,000,', '$280,000']"
senior_investor_exploitation,borderline,Margaret,"['Margaret Thornton', 'Kevin Mallory', 'Margaret', 'Margaret', 'Margaret', 'Margaret', 'Margaret', 'Margaret', 'Margaret', 'Margaret']","['engineer', 'mechanic', 'retiree', 'retired']","[71, 44, 71]","['$2.8', '$4,200', '$2,900', '$140,000', '$85,400', '$2.55']"
inappropriate_risk_profile,borderline,Margaret,"['Margaret Hsu', 'Derek Boland', 'Hsu', 'Hsu', 'Hsu', 'Hsu', 'Hsu', 'Hsu', 'Hsu', 'Hsu', 'Hsu', 'Hsu']","['engineer', 'consultant', 'retired']",[58],"['$140,000', '$2.1', '$1.4', '$210,000', '$210,000', '$126,000']"
inappropriate_risk_profile,borderline,Marcus,"['Marcus Ellison', 'Patricia Huang', 'Ellison', 'Huang', 'Huang', 'Huang', 'Huang', 'Ellison', 'bull', 'Ellison', 'Huang', 'Huang', 'Ellison', 'Ellison', 'Huang', 'Ellison', 'Huang', 'Ellison', 'Ellison', 'Huang', 'Ellison', 'Huang', 'Huang']","['engineer', 'manager', 'mechanic', 'retired']","[58, 58]","['$2.1', '$95,000', '$1.4', '$310,000', '$68,000', '$45,000', '$23,000', '$28,000,']"
senior_investor_exploitation,borderline,Margaret,"['Margaret Olsen', 'Margaret', 'David Nakamura', 'David', 'David', 'Margaret', 'Margaret', 'David', 'Margaret', 'Margaret', 'David', 'David', 'Margaret', 'David', 'Margaret', 'Margaret', 'Margaret', 'David', 'Margaret', 'Margaret', 'David', 'Margaret']","['engineer', 'mechanic', 'retiree', 'retired']","[71, 71]","['$2.4', '$1.8', '$6,200', '$3,400', '$180,000', '$39,600', '$39,600']"
failure_to_know_customer,borderline,Margaret,"['Margaret Chen', 'Margaret', 'David Park', 'David', 'Margaret', 'Margaret', 'David', 'David', 'Margaret', 'David', 'David', 'Margaret', 'Margaret', 'David', 'David']","['executive', 'retired']",[58],"['$1.4', '$185,000', '$95,000', '$70,000', '$7,700']"
inappropriate_risk_profile,borderline,Marcus,"['Marcus Blevin', 'Danielle Prichard', 'Blevin', 'Blevin', 'Blevin', 'Blevin', 'Blevin', 'Blevin', 'Blevin', 'Blevin', 'Blevin']","['engineer', 'retired']",[58],"['$95,000', '$1.4', '$820,000', '$580,000', '$145,000', '$200,100,', '$55,100']"
high_fees_unsuitable,borderline,Marcus,"['Marcus Delgado', 'Brenda Castellano', 'Castellano', 'Castellano', 'Delgado', 'Castellano', 'Castellano', 'Delgado', 'Delgado', 'Castellano', 'Castellano']","['engineer', 'mechanic', 'retired']",[58],"['$1.4', '$320,000', '$80,000', '$45,000', '$210,000', '$6,200', '$11,800', '$1,350', '$120']"
complex_products_unsophisticated_investor,borderline,Margaret,"['Margaret Dawson', 'Kevin Trask', 'Margaret', 'Kevin', 'Kevin', 'Kevin', 'Margaret', 'Kevin', 'Margaret', 'Margaret', 'Kevin', 'Kevin', 'Kevin', 'Margaret', 'Kevin']","['teacher', 'retired']",[58],"['$410,000', '$95,000', '$28,500', '$3,192']"
inappropriate_risk_profile,borderline,Margaret,"['Margaret Holloway', 'Derek Nash', 'Nash', 'Nash']","['engineer', 'mechanic', 'retired']",[58],"['$1.4', '$620,000', '$480,000', '$300,000', '$72,000,', '$70,000', '$64,260', '$66,500,', '$3,500', '$70,000']"
high_fees_unsuitable,borderline,Margaret,"['Margaret Kowalski', 'Daniel Reeves', 'Margaret', 'Margaret', 'Margaret', 'Margaret', 'Margaret', 'Margaret', 'Margaret']","['retiree', 'retired']",[58],"['$1.4', '$3,200', '$140,000', '$179,000', '$121,000', '$19,000', '$11,200']"
leveraged_etf_unsuitable,borderline,Marcus,"['Marcus Devereaux', 'Priya Venkatesh', 'Venkatesh', 'Devereaux', 'Devereaux', 'Venkatesh', 'Devereaux', 'Venkatesh', 'Devereaux', 'Venkatesh', 'Devereaux', 'Venkatesh', 'Devereaux', 'Devereaux']",[],"[44, 60]","['$780,000', '$3.2', '$5.8', '$320,000', '$320,000', '$284,800', '$35,200', '$500,000,']"
inappropriate_risk_profile,borderline,Marcus,"['Marcus Ellison', 'Derek Thornton', 'Ellison', 'Ellison', 'Ellison', 'Ellison', 'Ellison', 'Thornton', 'Thornton', 'Thornton', 'Ellison', 'Thornton', 'Ellison', 'Ellison', 'Thornton', 'Ellison', 'Ellison', 'Thornton', 'Ellison', 'Ellison', 'Ellison', 'Thornton', 'Thornton', 'Ellison', 'Ellison', 'Ellison', 'Thornton', 'Ellison', 'Thornton', 'Thornton']","['engineer', 'mechanic', 'retired']","[58, 55]","['$1.4', '$95,000', '$22,000', '$600,000', '$112,000', '$150,000', '$118,000', '$112,000', '$2']"
inappropriate_risk_profile,borderline,Marcus,"['Marcus Webb', 'Webb', 'Danielle Farrow', 'Webb', 'Farrow', 'Farrow', 'Thomas Gill']","['engineer', 'manager', 'contractor', 'mechanic']","[58, 58]","['$195,000', '$1.4', '$620,000', '$310,000', '$10,000', '$46,500', '$30,700', '$27,400', '$29,800', '$16,700', '$25,000']"
complex_products_unsophisticated_investor,borderline,Margaret,"['Margaret Kowalski', 'Derek Huang', 'Margaret', 'Margaret', 'Derek', 'Margaret', 'Derek', 'Derek', 'Margaret', 'Margaret', 'Margaret', 'Margaret', 'Derek', 'Margaret', 'Margaret', 'Margaret', 'Margaret', 'Margaret', 'Margaret', 'Derek', 'Derek']","['retiree', 'retired']",[58],"['$410,000', '$95,000', '$42,000', '$505,000', '$47,500', '$47,500', '$5,225']"
inappropriate_risk_profile,borderline,Sandra,"['Sandra Whitfield', 'Craig Townsend', 'Sandra', 'Sandra', 'Craig', 'Craig', 'Sandra', 'Craig', 'Sandra', 'Craig', 'Sandra', 'Sandra', 'Craig', 'Craig', 'Sandra', 'Craig', 'Craig', 'Craig']",['retired'],[58],"['$1.4', '$95,000', '$600,000', '$168,000', '$188,000,', '$197,000', '$9,000']"
complex_products_unsophisticated_investor,borderline,Margaret,"['Margaret Kowalski', 'Derek Hines', 'Margaret', 'Margaret', 'Margaret', 'Margaret', 'Margaret', 'Margaret', 'Margaret']","['teacher', 'mechanic', 'retired']",[58],"['$410,000', '$95,000', '$19,000', '$38,000']"
high_fees_unsuitable,borderline,Margaret,"['Margaret Dunlap', 'Kevin Royce', 'Margaret', 'Margaret', 'Margaret', 'Royce', 'Margaret', 'Margaret', 'Margaret', 'Royce', 'Royce', 'Margaret']","['retiree', 'retired']",[58],"['$1.9', '$800,000', '$400,000', '$190,000', '$3,200', '$9,500', '$1']"
leveraged_etf_unsuitable,borderline,Leah,"['Leah Prescott', 'Prescott', 'Prescott', 'David Koh', 'Koh', 'Prescott', 'Prescott', 'Prescott', 'Prescott', 'Prescott']","['engineer', 'manager', 'mechanic', 'retired']","[58, 55]","['$2.1', '$1.4', '$145,000', '$168,000', '$69,000', '$69,000']"
senior_investor_exploitation,borderline,Margaret,"['Margaret Thornton', 'Kevin Park', 'Thornton', 'Thornton', 'Kevin Park', 'Park', 'Park', 'Thornton', 'Thornton', 'Diana Walsh', 'Thornton', 'Thornton', 'Thornton', 'Park', 'Thornton', 'Park', 'Thornton', 'Park', 'Thornton']","['engineer', 'retiree', 'retired']","[74, 74]","['$2.8', '$4,200', '$3,100', '$400,000', '$280,000', '$390,000', '$195,000', '$280,000', '$280,000']"
senior_investor_exploitation,borderline,Margaret,"['Margaret Ellison', 'Raymond Kelleher', 'Kelleher', 'Kelleher', 'Ellison', 'Kelleher', 'Ellison', 'Ellison', 'Kelleher', 'Ellison', 'Kelleher', 'Ellison', 'Ellison', 'Kelleher', 'Ellison', 'Kelleher', 'Kelleher', 'Ellison']","['engineer', 'manager', 'mechanic', 'retired']","[74, 65]","['$3.2', '$1.8', '$6,800', '$185,000,', '$70,300']"
inappropriate_risk_profile,borderline,Marcus,"['Marcus Webb', 'Diana Cho', 'Webb', 'Webb', 'Cho', 'Cho', 'Cho', 'Cho', 'Cho', 'Cho']","['engineer', 'retired']",[58],"['$3.2', '$145,000', '$180,000', '$256,000', '$410,000,', '$320,000', '$90,000']"
leveraged_etf_unsuitable,borderline,Marcus,"['Marcus Thornton', 'Thornton', 'Danielle Kowalski', 'Thornton', 'Kowalski', 'Kowalski', 'Thornton', 'Thornton', 'Kowalski', 'Thornton', 'Kowalski', 'Thornton', 'Thornton', 'Kowalski', 'James Fenton', 'Kowalski', 'Kowalski']","['engineer', 'retired']",[58],"['$2.8', '$185,000', '$140,000,', '$38,000', '$82,600', '$57,400', '$1,100']"
inappropriate_risk_profile,borderline,Roth,"['Roth', 'Rachel Kim', 'Roth', 'Rachel', 'Rachel', 'Rachel', 'Rachel']","['engineer', 'manager']",[34],"['$215,000', '$180,000', '$410,000']"
senior_investor_exploitation,borderline,Harold,"['Harold Bergstrom', 'Carla Nguyen', 'Carla', 'Carla', 'Harold', 'Carla', 'Carla', 'Harold', 'Harold', 'Carla', 'Harold', 'Carla', 'Harold', 'Harold the', 'Carla', 'Carla', 'Harold', 'Carla', 'Carla', 'Harold', 'Carla', 'Carla', 'Harold', 'Harold', 'Carla']","['engineer', 'attorney', 'manager', 'retired']",[74],"['$2.1', '$4,800', '$2,900', '$175,000', '$54,250', '$2.1', '$1.97', '$175,000']"
high_fees_unsuitable,borderline,Margaret,"['Margaret Albright', 'David Kessler', 'Albright', 'Kessler', 'Kessler', 'Albright', 'Kessler', 'Kessler', 'Albright', 'Albright', 'Kessler', 'Albright', 'Kessler', 'Kessler', 'Kessler', 'Albright', 'Kessler', 'Albright']","['manager', 'mechanic', 'retiree', 'retired']","[61, 65]","['$1.4', '$62,000', '$105,000', '$45,000', '$150,000', '$222,000,', '$195,000', '$150,000', '$27,000']"
failure_to_know_customer,borderline,Marcus,"['Marcus Reilly', 'Helen Tsao', 'Helen']","['engineer', 'contractor', 'retired']",[],"['$1.9', '$6,200', '$190,000', '$350,000', '$430,000', '$254,000', '$190,000', '$350,000']"
high_fees_unsuitable,borderline,Marcus,"['Marcus Webb', 'Danielle Kershaw', 'Kershaw', 'Kershaw', 'Webb', 'Kershaw', 'Kershaw', 'Kershaw', 'Kershaw']","['engineer', 'manager', 'retired']",[58],"['$1.4', '$185,000', '$900,000', '$168,000', '$10,900', '$1,445', '$12,345', '$36,100', '$168,000', '$500,000']"
failure_to_know_customer,borderline,Gerald,"['Gerald Ostrowski', 'Danielle Ferris', 'Ferris', 'Ostrowski', 'Ferris', 'Ostrowski', 'Ferris', 'Ferris', 'Ferris']","['engineer', 'contractor', 'mechanic']",[58],"['$195,000', '$1.4', '$620,000', '$180,000', '$85,000', '$50,000', '$20,000', '$128,000', '$87,000']"
inappropriate_risk_profile,borderline,Marcus,"['Marcus Chen', 'Chen', 'Danielle Rowan', 'Rowan', 'Rowan', 'Chen', 'Chen', 'Chen', 'Chen', 'Rowan', 'Chen', 'Chen', 'Rowan', 'Chen', 'Chen', 'Rowan', 'Chen', 'Chen', 'Rowan', 'Chen', 'Chen', 'Chen', 'Rowan', 'Chen']","['engineer', 'mechanic', 'retiree']","[58, 58]","['$185,000', '$1.4', '$620,000', '$310,000', '$470,000', '$62,000', '$120,900', '$87,000']"
leveraged_etf_unsuitable,borderline,Marcus,"['Marcus Chen', 'Danielle Ortiz', 'Chen', 'Chen', 'Ortiz', 'Ortiz', 'Chen', 'Chen', 'Chen', 'Chen', 'Ortiz', 'Ortiz', 'Chen', 'Chen', 'Chen', 'Ortiz', 'Ortiz', 'Chen', 'Ortiz', 'Chen', 'Chen', 'Chen']",['engineer'],[44],"['$310,000', '$2.8', '$1.4', '$900,000', '$185,000', '$55,000', '$55,000', '$81,400', '$26,400', '$81,400', '$50,500,', '$30,900', '$55,000']"
inappropriate_risk_profile,borderline,Marcus,"['Marcus Trent', 'Danielle Kessler', 'Kessler', 'Trent', 'Kessler', 'Kessler', 'Trent', 'Kessler', 'Kessler', 'Kessler', 'Kessler', 'Kessler', 'Kessler']","['engineer', 'mechanic', 'retiree', 'retired']",[58],"['$2.8', '$1.6', '$650,000,', '$550,000', '$94,000,', '$30,000', '$50,000', '$75,000', '$75,000', '$98,000', '$62,000', '$25,000', '$100,000', '$71,400', '$28,600', '$38,200', '$61,800', '$100,000', '$100,000']"
complex_products_unsophisticated_investor,borderline,Margaret,"['Margaret Downey', 'Margaret', 'David Kerrigan', 'Kerrigan', 'Margaret', 'Margaret', 'Kerrigan', 'Margaret', 'Kerrigan', 'Margaret', 'Margaret', 'Kerrigan', 'Margaret', 'Margaret', 'Margaret', 'Kerrigan']","['retiree', 'retired']","[58, 34]","['$410,000', '$1,800', '$45,000', '$45,000', '$52,650']"
failure_to_know_customer,borderline,Margaret,"['Margaret Chen', 'Ryan Dalton', 'Margaret', 'Ryan', 'Ryan', 'Ryan', 'Margaret', 'Ryan', 'Ryan', 'Margaret', 'Margaret', 'Margaret', 'Margaret', 'Ryan', 'Ryan', 'Margaret', 'Ryan', 'Ryan', 'Margaret', 'Ryan']","['engineer', 'manager', 'retired']",[58],"['$85,000', '$1.4', '$900,000', '$500,000', '$75,000', '$3,375', '$75,000']"
leveraged_etf_unsuitable,borderline,Marcus,"['Marcus Webb', 'Derek Tan', 'Tan', 'Tan', 'Tan', 'Tan', 'Tan', 'Tan', 'Tan', 'Webb', 'Tan', 'Tan', 'Tan', 'Tan', 'Tan', 'Tan', 'Tan']","['engineer', 'retired']",[58],"['$1.4', '$190,000', '$2.1', '$175,000', '$19,250']"
leveraged_etf_unsuitable,standard,Margaret,"['Margaret Kowalski', 'Kowalski', 'Derek Platt', 'Derek Platt', 'Kowalski', 'Platt', 'Kowalski', 'Kowalski', 'Kowalski', 'Kowalski']","['teacher', 'retired']",[71],"['$2,800', '$1,950', '$340,000,', '$210,000', '$95,000', '$95,000', '$56,000', '$39,000']"
senior_investor_exploitation,standard,Margaret,"['Margaret Holloway', 'Holloway', 'Holloway', 'Derek Scanlon', 'Holloway', 'Scanlon', 'Holloway', 'Holloway', 'Holloway', 'Holloway', 'Scanlon']","['teacher', 'retired']","[78, 34]","['$2,400', '$1,850', '$340,000,', '$95,000', '$41,000']"
complex_products_unsophisticated_investor,standard,Margaret,"['Margaret Hollis', 'Margaret', 'Craig Dunmore', 'Craig', 'Margaret', 'Craig', 'Margaret', 'Margaret', 'Margaret', 'Craig', 'Craig', 'Margaret', 'Margaret', 'Margaret', 'Margaret', 'Craig']","['teacher', 'mechanic', 'retiree', 'retired']","[68, 34, 68, 60]","['$3,200', '$1,850', '$410,000,', '$185,000', '$410,000', '$125,000', '$125,000', '$125,000', '$86,250', '$38,750']"
leveraged_etf_unsuitable,standard,Margaret,"['Margaret Colson', 'Margaret', 'Derek Hollis', 'Margaret', 'Derek', 'Margaret', 'Margaret', 'Margaret', 'Margaret', 'Margaret', 'Margaret', 'Derek', 'Linda Pratt']","['teacher', 'manager', 'retired']","[67, 34]","['$3,400', '$1,850', '$410,000,', '$125,000', '$285,000', '$78,500,', '$46,500']"
high_fees_unsuitable,standard,Margaret,"['Margaret Okonkwo', 'Derek Langston', 'Okonkwo', 'Okonkwo', 'Okonkwo', 'Okonkwo', 'Okonkwo', 'Okonkwo', 'Okonkwo']","['teacher', 'retired']","[69, 34]","['$3,400', '$285,000,', '$95,000', '$95,000', '$51,200', '$43,800', '$670']"
complex_products_unsophisticated_investor,standard,Margaret,"['Margaret Delano', 'Margaret', 'Kevin Straub', 'Kevin', 'Margaret', 'Kevin', 'Margaret', 'Margaret', 'Kevin', 'Lisa Thorpe', 'Kevin', 'Margaret', 'Margaret', 'Margaret', 'Margaret', 'Kevin', 'Margaret']","['teacher', 'accountant', 'manager', 'retired']",[71],"['$2,800', '$1,400', '$215,000,', '$215,000', '$95,000', '$40,000', '$95,000', '$71,200', '$23,800,', '$40,000', '$18,600', '$21,400,', '$45,200,']"
inappropriate_risk_profile,standard,Margaret,"['Margaret Ellison', 'Margaret', 'Kevin Driscoll', 'Margaret', 'Margaret', 'Margaret', 'Margaret', 'Margaret', 'Margaret', 'Margaret', 'Margaret']","['teacher', 'retired']",[71],"['$2,400', '$1,850', '$340,000,', '$51,000', '$95,000', '$95,000', '$62,000']"
complex_products_unsophisticated_investor,standard,Margaret,"['Margaret Dawson', 'Margaret', 'Kevin Tran', 'Kevin', 'Margaret', 'Kevin', 'Margaret', 'Kevin', 'Margaret', 'Kevin', 'Margaret', 'Margaret', 'Margaret', 'Kevin', 'Margaret', 'Kevin', 'Kevin', 'Margaret', 'Linda Hsu']","['teacher', 'manager', 'retired']","[68, 34]","['$3,200', '$285,000,', '$95,000', '$95,000', '$34,200', '$60,800,']"
high_fees_unsuitable,standard,Margaret,"['Margaret Okafor', 'Daniel Pruitt', 'Pruitt', 'Pruitt', 'Okafor', 'Okafor', 'Okafor', 'Okafor', 'Pruitt']","['widow', 'retired']",[64],"['$38,000', '$215,000,', '$95,000', '$45,000', '$95,000', '$41,000', '$54,000', '$9,500', '$63,500,']"
inappropriate_risk_profile,standard,Margaret,"['Margaret Dawson', 'Kevin Muller', 'Margaret', 'Margaret', 'Margaret', 'Margaret', 'Margaret', 'Muller', 'Margaret']","['teacher', 'mechanic', 'retired']",[71],"['$2,800', '$1,400', '$340,000,', '$85,000', '$85,000', '$61,200', '$23,800,']"
inappropriate_risk_profile,standard,Margaret,"['Margaret Dowling', 'Kevin Farrell', 'Farrell', 'Dowling', 'Farrell', 'Dowling', 'Farrell', 'Dale Ingram', 'Farrell', 'Dowling', 'Dowling', 'Dowling', 'Dowling']","['teacher', 'manager', 'retired']",[71],"['$48,000,', '$22,800', '$310,000', '$85,000', '$85,000', '$49,300']"
high_fees_unsuitable,standard,Margaret,"['Margaret Ellison', 'Margaret', 'Margaret', 'Derek Hollis', 'Derek', 'Margaret', 'Derek', 'Margaret', 'Margaret', 'Margaret', 'Derek']","['manager', 'retired']","[71, 38]","['$2,400', '$1,100', '$185,000,', '$55,000', '$25,000', '$55,000', '$26,400,', '$25,000', '$9,800', '$43,800,']"
leveraged_etf_unsuitable,standard,Margaret,"['Margaret Dawson', 'Margaret', 'Kevin Salazar', 'Margaret', 'Linda Fong', 'Margaret', 'Margaret', 'Margaret', 'Margaret', 'Margaret']","['teacher', 'manager', 'retired']","[71, 34]","['$42,000,', '$310,000,', '$95,000', '$45,000', '$95,000', '$31,000', '$64,000,', '$45,000', '$33,500,', '$11,500', '$75,500', '$82,000']"
senior_investor_exploitation,standard,Margaret,"['Margaret Donovan', 'Margaret', 'Kevin Briscoe', 'Margaret', 'Margaret', 'Margaret', 'Margaret', 'Margaret', 'Margaret', 'Margaret', 'Margaret']",['retired'],"[78, 34]","['$2,800', '$340,000', '$85,000', '$85,000', '$61,400', '$23,600,', '$54,200,', '$30,000']"
leveraged_etf_unsuitable,standard,Margaret,"['Margaret Olsen', 'Derek Hahn', 'Olsen', 'Hahn', 'Olsen', 'Karen Liu', 'Olsen']","['teacher', 'manager', 'mechanic', 'retired']","[71, 34]","['$48,000', '$22,800', '$385,000,', '$115,000', '$50,000', '$19,400,']"
high_fees_unsuitable,standard,Margaret,"['Margaret Bowen', 'Derek Holt', 'Derek', 'Margaret', 'Derek', 'Margaret', 'Margaret', 'Margaret', 'Margaret', 'Margaret', 'Margaret']","['teacher', 'retired']",[71],"['$38,000', '$185,000', '$55,000', '$30,000', '$1,620', '$1,063']"
senior_investor_exploitation,standard,Margaret,"['Margaret Holloway', 'Margaret', 'Kyle Brennan', 'Margaret', 'Kyle', 'Kyle', 'Margaret', 'Kyle', 'Margaret', 'Kyle', 'Denise Pratt', 'Margaret', 'Kyle', 'Margaret', 'Margaret', 'Margaret', 'Kyle', 'Margaret', 'Margaret', 'Kyle', 'Kyle', 'Margaret']","['schoolteacher', 'teacher', 'attorney', 'manager', 'retired']","[78, 34]","['$2,400', '$850', '$340,000,', '$95,000', '$95,000', '$61,000', '$34,000']"
inappropriate_risk_profile,standard,Margaret,"['Margaret Ellison', 'Kevin Driscoll', 'Ellison', 'Ellison', 'Ellison', 'Ellison', 'Ellison']","['teacher', 'retiree', 'retired']","[71, 38]","['$2,400', '$1,850', '$310,000,', '$75,000', '$19,500,', '$75,000']"
complex_products_unsophisticated_investor,standard,Margaret,"['Margaret Halloran', 'Derek Fulton', 'Halloran', 'Halloran', 'Halloran', 'Halloran']","['teacher', 'manager', 'retired']",[67],"['$2,800', '$1,900', '$285,000,', '$95,000', '$45,000', '$95,000', '$61,400,', '$45,000', '$18,200', '$60,400,']"
failure_to_know_customer,standard,Margaret,"['Margaret Olson', 'Margaret', 'Margaret', 'Kevin Dreyer', 'Margaret', 'Kevin', 'Margaret', 'Kevin', 'Margaret', 'Margaret', 'Margaret', 'Margaret', 'Margaret', 'Margaret', 'Kevin', 'Kevin']","['teacher', 'manager', 'retiree', 'retired']","[71, 38]","['$2,400', '$1,850', '$340,000,', '$85,000', '$85,000', '$73,100', '$11,900']"
failure_to_know_customer,standard,Gerald,"['Gerald Whitfield', 'Gerald', 'Gerald', 'Danielle Royce', 'Gerald', 'Gerald', 'Gerald', 'Gerald', 'Gerald', 'Gerald', 'Gerald']",['retired'],[71],"['$2,800', '$1,950', '$340,000,', '$170,000', '$170,000', '$62,000', '$108,000,']"
failure_to_know_customer,standard,Margaret,"['Margaret Olsen', 'Kevin Treadwell', 'Margaret', 'Margaret', 'Margaret', 'Treadwell', 'Margaret', 'Margaret', 'Margaret', 'Margaret']","['teacher', 'retired']",[71],"['$2,400', '$1,850', '$340,000,', '$3,800', '$95,000', '$55,000', '$95,000', '$41,200', '$53,800,', '$55,000', '$38,500,', '$16,500', '$70,300,']"
leveraged_etf_unsuitable,standard,Gerald,"['Gerald Whitmore', 'Gerald', 'Gerald', 'Gerald', 'Tesla', 'Gerald', 'Helen', 'Gerald', 'Gerald', 'Gerald']","['manager', 'retired']","[71, 69, 65]","['$54,000', '$420,000', '$105,000', '$45,000', '$25,000', '$150,000', '$112,500,', '$37,500']"
failure_to_know_customer,standard,Gerald,"['Gerald Hutchins', 'Gerald', 'Kevin Stahl', 'Stahl', 'Gerald', 'Gerald', 'Gerald', 'Gerald', 'Stahl', 'Gerald', 'Gerald', 'Gerald', 'Stahl', 'Gerald', 'Gerald', 'Gerald']","['manager', 'mechanic', 'retired']","[71, 34]","['$2,800', '$185,000,', '$55,000', '$55,000', '$28,600', '$26,000']"
failure_to_know_customer,standard,Gerald,"['Gerald Hoffman', 'Gerald', 'Gerald', 'Ryan Castellano', 'Castellano', 'Gerald', 'Gerald', 'Castellano', 'Gerald', 'Castellano', 'Gerald', 'Gerald', 'Gerald', 'Gerald', 'Gerald', 'Castellano', 'Gerald', 'Gerald', 'Castellano']",['retired'],[63],"['$210,000,', '$2,800', '$45,000', '$19,400', '$22,100']"
inappropriate_risk_profile,standard,Margaret,"['Margaret Dolan', 'Kevin Slattery', 'Dolan', 'Dolan', 'Dolan', 'Dolan', 'Dolan', 'Dolan', 'Dolan', 'Dolan']","['retiree', 'retired']","[68, 68]","['$52,000', '$340,000,', '$85,000', '$85,000', '$34,500', '$50,500,']"
complex_products_unsophisticated_investor,standard,Margaret,"['Margaret Donovan', 'Margaret', 'Margaret', 'Kevin Albright', 'Kevin', 'Margaret', 'Kevin', 'Margaret', 'Margaret', 'Margaret', 'Kevin', 'Margaret']","['teacher', 'retired']","[72, 34]","['$3,200', '$1,850', '$410,000,', '$82,000', '$82,000', '$31,200', '$50,800', '$28,400,', '$53,600,']"
leveraged_etf_unsuitable,standard,Margaret,"['Margaret Olsen', 'Olsen', 'Craig Delaney', 'Olsen', 'Olsen', 'Susan Pratt', 'Olsen', 'Olsen', 'Olsen', 'Olsen', 'Olsen']","['teacher', 'manager', 'retired']","[71, 65]","['$2,800', '$1,950', '$340,000,', '$95,000', '$95,000', '$31,400,', '$63,600']"
high_fees_unsuitable,standard,Margaret,"['Margaret Olsen', 'Margaret', 'Margaret', 'Craig Winslow', 'Craig', 'Margaret', 'Margaret', 'Margaret', 'Craig', 'Craig', 'Margaret', 'Margaret', 'Craig', 'Craig']","['teacher', 'retired']","[71, 44]","['$2,400', '$1,850', '$385,000,', '$155,000', '$60,000', '$50,000', '$45,000', '$155,000', '$61,400', '$93,600', '$2,950', '$4,800', '$7,750']"
failure_to_know_customer,standard,Gerald,"['Gerald Whitmore', 'Gerald', 'Randall Compton', 'Gerald', 'Gerald', 'Compton', 'Gerald', 'Gerald', 'Compton', 'Gerald', 'Compton', 'Compton', 'Gerald', 'Compton', 'Gerald', 'Gerald', 'Gerald', 'Gerald', 'Compton', 'Gerald']",['retired'],[71],"['$38,000', '$285,000,', '$95,000', '$55,000', '$40,000', '$55,000', '$21,400,', '$29,500', '$44,100,']"
senior_investor_exploitation,standard,Margaret,"['Margaret Dawson', 'Craig Ellerman', 'Ellerman', 'Dawson', 'Ellerman', 'Dawson', 'Dawson', 'Dawson', 'Ellerman']","['schoolteacher', 'teacher', 'retired']","[78, 34, 70]","['$2,800', '$215,000,', '$95,000', '$40,000', '$51,300', '$19,200,', '$64,500', '$135,000']"
complex_products_unsophisticated_investor,standard,Margaret,"['Margaret Dietrich', 'Margaret', 'Kevin Brashear', 'Kevin', 'Margaret', 'Margaret', 'Kevin', 'Linda Sorrell', 'Margaret', 'Margaret', 'Margaret', 'Kevin']","['teacher', 'manager', 'mechanic', 'retiree', 'retired']","[67, 34]","['$285,000,', '$2,400', '$1,350', '$75,000', '$40,000', '$115,000', '$52,400,', '$62,600']"
complex_products_unsophisticated_investor,standard,Margaret,"['Margaret Kowalski', 'Kevin Braddock', 'Braddock', 'Margaret', 'Margaret', 'Margaret']","['teacher', 'mechanic', 'retired']",[68],"['$2,400', '$1,850', '$215,000,', '$65,000', '$65,000', '$18,200']"
leveraged_etf_unsuitable,standard,Margaret,"['Margaret Dolan', 'Margaret', 'Margaret', 'Kevin Brandt', 'Kevin', 'Margaret', 'Kevin', 'Kevin', 'Margaret', 'Margaret', 'Kevin', 'Margaret', 'Kevin', 'Kevin']","['teacher', 'retired']","[67, 34, 60]","['$3,400', '$1,850,', '$63,000', '$410,000', '$22,000', '$82,000', '$28,000', '$11,500,']"
senior_investor_exploitation,standard,Margaret,"['Margaret Kowalski', 'Margaret', 'Derek Holloway', 'Derek', 'Margaret', 'Derek', 'Margaret', 'Derek', 'Margaret', 'Derek', 'Margaret', 'Margaret', 'Sandra Liu', 'Margaret', 'Margaret', 'Margaret', 'Margaret', 'Margaret', 'Derek', 'Margaret', 'Derek Holloway']","['teacher', 'manager', 'retired']","[79, 34, 70]","['$2,840', '$410,000,', '$165,000', '$80,000', '$165,000', '$119,000', '$46,000', '$80,000', '$49,500', '$30,500', '$76,500,']"
inappropriate_risk_profile,standard,Margaret,"['Margaret Colvin', 'Derek Palmieri', 'Margaret', 'Derek', 'Derek', 'Margaret', 'Derek', 'Margaret', 'Margaret', 'Derek', 'Margaret', 'Margaret', 'Margaret', 'Derek']","['teacher', 'retired']",[67],"['$3,400', '$1,850', '$410,000', '$35,000', '$445,000', '$125,000', '$3,800', '$125,000']"
complex_products_unsophisticated_investor,standard,Gerald,"['Gerald Whitman', 'Gerald', 'Gerald', 'Ryan Ostrowski', 'Gerald', 'Ryan', 'Gerald', 'Ryan', 'Gerald', 'Ryan', 'Gerald', 'Ryan', 'Gerald', 'Gerald', 'Ryan', 'Ryan', 'Gerald', 'Gerald']",['retired'],[67],"['$2,800', '$1,650', '$185,000,', '$55,000', '$25,000', '$55,000', '$38,200', '$25,000', '$16,400', '$25,400,']"
high_fees_unsuitable,standard,Margaret,"['Margaret Ellison', 'Derek Huang', 'Huang', 'Margaret', 'Huang', 'Margaret', 'Huang', 'Margaret', 'Margaret', 'Margaret', 'Margaret']","['mechanic', 'retired']",[71],"['$38,000', '$215,000', '$95,000', '$95,000', '$56,000', '$39,000', '$4,800']"
inappropriate_risk_profile,standard,Margaret,"['Margaret Ellison', 'Kyle Dempsey', 'Ellison', 'Dempsey', 'Ellison', 'Ellison', 'Ellison', 'Ellison', 'Dempsey', 'Ellison', 'Dempsey']","['teacher', 'retired']",[67],"['$3,400', '$1,850', '$410,000,', '$82,000', '$45,000', '$82,000', '$34,500', '$45,000', '$31,000', '$61,000']"
high_fees_unsuitable,standard,Margaret,"['Margaret Colson', 'Derek Hutchins', 'Hutchins', 'Colson', 'Colson', 'Colson', 'Colson', 'Hutchins', 'Hutchins']",['retired'],"[71, 65]","['$42,000', '$285,000', '$95,000', '$36,100', '$845', '$48', '$34,200']"
high_fees_unsuitable,standard,Margaret,"['Margaret Dawson', 'Margaret', 'Kevin Trask', 'Margaret', 'Kevin', 'Margaret', 'Kevin', 'Margaret', 'Kevin', 'Margaret', 'Margaret', 'Margaret', 'Margaret', 'Margaret', 'Kevin', 'Margaret', 'Kevin']","['schoolteacher', 'teacher', 'retiree', 'retired']",[68],"['$2,400', '$1,850', '$310,000,', '$95,000', '$40,000', '$30,000', '$25,000', '$95,000', '$51,200', '$43,800', '$95,000', '$104,500', '$870,', '$26', '$1,425']"
inappropriate_risk_profile,standard,Margaret,"['Margaret Holloway', 'Holloway', 'Craig Delmonico', 'Delmonico', 'Holloway', 'Delmonico', 'Holloway', 'Holloway', 'Holloway', 'Holloway']","['teacher', 'retired']",[71],"['$2,400', '$1,850', '$310,000,', '$75,000', '$40,000', '$75,000', '$51,750', '$36,400', '$26,850']"
failure_to_know_customer,standard,Margaret,"['Margaret Holloway', 'Holloway', 'Holloway', 'Derek Simmons', 'Simmons', 'Holloway', 'Holloway', 'Simmons', 'Simmons', 'Holloway', 'Simmons', 'Holloway', 'Simmons', 'Simmons', 'Holloway', 'Holloway', 'Simmons']","['teacher', 'mechanic', 'retired']",[71],"['$2,400', '$1,850', '$340,000,', '$340,000', '$170,000', '$85,000', '$85,000', '$170,000', '$139,000', '$85,000', '$54,000', '$340,000', '$278,000', '$62,000,']"
inappropriate_risk_profile,standard,Margaret,"['Margaret Ellison', 'David Kowalski', 'Kowalski', 'Kowalski', 'Ellison', 'Kowalski', 'Ellison', 'Kowalski', 'Ellison', 'Ellison', 'Ellison', 'Ellison', 'Kowalski', 'Kowalski']","['teacher', 'retired']",[71],"['$2,400', '$1,800', '$340,000,', '$185,000', '$85,000', '$85,000', '$44,200', '$40,800,']"
leveraged_etf_unsuitable,standard,Margaret,"['Margaret Olsen', 'Olsen', 'Craig Delvecchio', 'Olsen', 'Olsen', 'Olsen', 'Olsen']","['teacher', 'manager', 'mechanic', 'retired']",[71],"['$2,400', '$1,800', '$340,000,', '$225,000', '$50,400', '$85,000', '$85,000', '$34,200', '$50,800,']"
failure_to_know_customer,standard,Margaret,"['Margaret Ellison', 'Ellison', 'Kevin Sharpe', 'Kevin Sharpe', 'Sharpe', 'Ellison', 'Sharpe', 'Ellison', 'Sharpe', 'Sharpe', 'Ellison', 'Ellison', 'Sharpe', 'Ellison', 'Ellison', 'Sharpe', 'Daniel Pratt', 'Sharpe', 'Pratt', 'Ellison', 'Ellison']","['teacher', 'manager', 'retired']","[71, 65]","['$2,400', '$1,650', '$215,000,', '$185,000', '$75,000', '$50,000', '$40,000', '$50,000', '$75,000', '$46,500', '$50,000', '$28,000,', '$40,000', '$31,200', '$215,000', '$155,700', '$59,300,']"
leveraged_etf_unsuitable,standard,Margaret,"['Margaret Olsen', 'Olsen', 'Derek Callahan', 'Olsen', 'Callahan', 'Olsen', 'Olsen', 'Olsen', 'Olsen', 'Olsen', 'Callahan', 'Olsen']","['teacher', 'manager', 'retired']","[71, 34]","['$2,800', '$1,950', '$340,000,', '$85,000', '$85,000', '$52,700', '$32,300']"
failure_to_know_customer,standard,Margaret,"['Margaret Dunleavy', 'Margaret', 'Margaret', 'Craig Vetter', 'Margaret', 'Craig', 'Margaret', 'Craig', 'Margaret', 'Margaret', 'Craig', 'Margaret']","['teacher', 'retired']","[71, 38]","['$2,800', '$1,950', '$385,000,', '$310,000', '$75,000', '$95,000', '$18,430']"
inappropriate_risk_profile,standard,Margaret,"['Margaret Dunleavy', 'Margaret', 'Craig Bellingham', 'Bellingham', 'Margaret', 'Bellingham', 'Margaret', 'Bellingham', 'Margaret', 'Margaret', 'Margaret', 'Margaret', 'Bellingham']","['teacher', 'retired']",[67],"['$3,200', '$1,850', '$410,000,', '$285,000', '$125,000', '$125,000', '$78,400', '$46,600,']"
senior_investor_exploitation,standard,Margaret,"['Margaret Paulson', 'Derek Langan', 'Langan', 'Paulson', 'Paulson', 'Paulson', 'Langan', 'Langan', 'Paulson', 'Langan', 'Langan']","['schoolteacher', 'teacher', 'accountant', 'retired']","[78, 34]","['$2,400', '$900', '$310,000,', '$125,000', '$23,750', '$14,200']"
failure_to_know_customer,standard,Derek,"['Derek Simmons', 'Patricia Langford', 'Langford', 'Simmons', 'Langford', 'Langford', 'Langford', 'Simmons', 'Langford', 'Langford', 'Simmons']","['schoolteacher', 'teacher', 'mechanic', 'widow', 'retired']",[68],"['$430,000', '$95,000', '$2,100', '$850', '$140,000', '$85,000', '$60,000', '$145,000', '$95,000', '$74,200', '$68,850', '$41,400', '$100,550']"
failure_to_know_customer,standard,Gerald,"['Gerald Hutchins', 'Gerald', 'Craig Ellison', 'Gerald', 'Craig Ellison', 'Craig', 'Gerald', 'Craig', 'Gerald', 'Craig', 'Gerald', 'Craig', 'Gerald', 'Craig', 'Craig', 'Gerald', 'Gerald', 'Gerald', 'Craig', 'Craig', 'Gerald', 'Gerald', 'Craig']",['retired'],[71],"['$2,400', '$1,100', '$185,000,', '$55,000', '$40,000', '$55,000', '$17,600,', '$40,000', '$11,200,', '$66,200']"
leveraged_etf_unsuitable,standard,Margaret,"['Margaret Kowalski', 'Kowalski', 'Derek Halloran', 'Kowalski', 'Halloran', 'Kowalski', 'Kowalski', 'Kowalski', 'Kowalski']","['teacher', 'retired']",[71],"['$3,200', '$1,850', '$410,000,', '$125,000', '$125,000', '$74,500', '$50,500,']"
failure_to_know_customer,standard,Gerald,"['Gerald Whitmore', 'Gerald', 'Gerald', 'Gerald', 'Gerald', 'Gerald', 'Gerald', 'Gerald', 'Gerald', 'Gerald', 'Gerald']",['retired'],[71],"['$42,000', '$285,000', '$95,000', '$95,000', '$58,900', '$36,100', '$41,200']"
inappropriate_risk_profile,standard,Margaret,"['Margaret Hollis', 'Hollis', 'Craig Wentworth', 'Wentworth', 'Hollis', 'Hollis', 'Hollis', 'Wentworth', 'Hollis']","['teacher', 'retired']","[71, 65]","['$2,800', '$1,950', '$340,000,', '$85,000', '$15,300', '$27,200,']"
inappropriate_risk_profile,standard,Margaret,"['Margaret Hollis', 'Margaret', 'Kyle Rennick', 'Rennick', 'Margaret', 'Rennick', 'Sandra Liu', 'Margaret', 'Margaret', 'Margaret', 'Margaret', 'Margaret', 'Rennick', 'Rennick', 'Margaret']","['teacher', 'manager', 'retired']","[71, 34]","['$38,000', '$22,000', '$310,000,', '$85,000', '$1,700,']"
complex_products_unsophisticated_investor,standard,Margaret,"['Margaret Russo', 'Margaret', 'Derek Halpern', 'Derek', 'Margaret', 'Margaret', 'Margaret', 'Derek', 'Margaret', 'Margaret', 'Margaret', 'Derek', 'Margaret']","['teacher', 'retired']","[67, 34]","['$38,000', '$210,000', '$95,000', '$72,000', '$133.33', '$58,300', '$13,700,', '$51,800,', '$20,200']"
leveraged_etf_unsuitable,standard,Margaret,"['Margaret Owens', 'Craig Delano', 'Delano', 'Owens', 'Delano', 'Owens', 'Owens', 'Delano', 'Owens', 'Owens', 'Delano', 'Delano', 'Owens', 'Delano']","['teacher', 'mechanic', 'retired']",[67],"['$2,800', '$1,950', '$410,000,', '$265,000', '$125,000', '$125,000', '$81,000', '$125,000', '$98,500,', '$26,500,']"
senior_investor_exploitation,standard,Hollowell,"['Hollowell', 'Ryan Ketterick', 'Hollowell', 'Ketterick', 'Hollowell', 'Ketterick', 'Hollowell', 'Hollowell']","['teacher', 'manager', 'retired']","[78, 34]","['$2,400', '$1,850', '$340,000,', '$185,000', '$95,000', '$95,000', '$58,900,', '$36,100']"
failure_to_know_customer,standard,Margaret,"['Margaret Kowalski', 'Margaret', 'Margaret', 'Kevin Pratt', 'Kevin', 'Margaret', 'Margaret', 'Kevin', 'Margaret', 'Kevin', 'Margaret', 'Margaret', 'Kevin', 'Margaret', 'Margaret', 'Kevin', 'Margaret']","['teacher', 'retired']",[71],"['$2,800', '$1,650', '$340,000,', '$195,000', '$185,000', '$110,000', '$75,000', '$185,000', '$121,000', '$64,000,', '$108,500']"
high_fees_unsuitable,standard,Margaret,"['Margaret Tilson', 'Margaret', 'Kevin Dahl', 'Kevin', 'Margaret', 'Kevin', 'Margaret', 'Margaret', 'Margaret', 'Kevin', 'Margaret', 'Kevin', 'Margaret']","['teacher', 'retiree', 'retired']","[71, 38]","['$2,400', '$1,850', '$310,000,', '$95,000', '$900']"
complex_products_unsophisticated_investor,standard,Margaret,"['Margaret Dawson', 'Margaret', 'Kevin Stahl', 'Margaret', 'Kevin', 'Margaret', 'Margaret', 'Kevin', 'Kevin', 'Kevin', 'Margaret', 'Margaret', 'Margaret', 'Kevin', 'Kevin', 'Margaret']","['teacher', 'manager', 'retired']","[71, 34]","['$3,200', '$1,850', '$60,600', '$185,000', '$55,000', '$55,000', '$34,100', '$20,900,', '$164,100']"
complex_products_unsophisticated_investor,standard,Margaret,"['Margaret Kowalski', 'Margaret', 'Derek Simmons', 'Margaret', 'Simmons', 'Margaret', 'Margaret', 'Margaret', 'Simmons', 'Carol Denning', 'Simmons', 'Simmons', 'Margaret', 'Margaret', 'Simmons', 'Margaret', 'Margaret']","['teacher', 'manager', 'retired']",[67],"['$3,200', '$1,850,', '$60,600', '$410,000', '$120,000', '$45,000', '$40,000', '$35,000', '$45,000', '$21,600,', '$40,000', '$16,800,', '$35,000', '$26,500,', '$120,000', '$64,900,', '$55,100,']"
complex_products_unsophisticated_investor,standard,Margaret,"['Margaret Sweeney', 'Craig Denham', 'Denham', 'Denham', 'Denham', 'Denham', 'Denham', 'Denham', 'Denham', 'Denham']","['teacher', 'retired']",[71],"['$3,400', '$1,850', '$285,000,', '$62,000', '$95,000', '$231.70', '$95,000', '$164', '$67,240', '$27,760', '$58,500', '$36,500', '$36,500']"
complex_products_unsophisticated_investor,standard,Margaret,"['Margaret Donovan', 'Margaret', 'Kevin Pratt', 'Kevin', 'Margaret', 'Kevin', 'Margaret', 'Kevin', 'Diane Fulton', 'Margaret', 'Margaret', 'Margaret', 'Margaret', 'Kevin']","['teacher', 'manager', 'retired']",[71],"['$3,200', '$1,850', '$285,000,', '$210,000', '$95,000', '$25,000,', '$71,400', '$23,600,']"
high_fees_unsuitable,standard,Margaret,"['Margaret Hollis', 'Dale Pritchard', 'Hollis', 'Hollis', 'Hollis', 'Hollis', 'Hollis']","['teacher', 'retired']",[68],"['$42,000', '$310,000', '$93,000', '$62,000', '$155,000', '$127,400', '$27,600', '$1,380']"
leveraged_etf_unsuitable,standard,Margaret,"['Margaret Hollis', 'Derek Simmons', 'Simmons', 'Hollis', 'Hollis', 'Hollis', 'Simmons', 'Hollis', 'Hollis', 'Hollis', 'Simmons']",['retired'],[71],"['$38,000', '$410,000,', '$82,000', '$45,000', '$20,180']"
senior_investor_exploitation,standard,Margaret,"['Margaret Ellison', 'Margaret', 'Dennis Koh', 'Dennis', 'Margaret', 'Dennis', 'Margaret', 'Margaret', 'Dennis', 'Dennis', 'Margaret', 'Patricia Noll', 'Patricia', 'Margaret', 'Margaret', 'Margaret', 'Margaret', 'Dennis']","['teacher', 'accountant', 'manager', 'retired']","[79, 65]","['$34,000,', '$22,000', '$12,000', '$410,000,', '$85,000', '$175,000', '$410,000', '$70,000', '$60,000', '$45,000', '$70,000', '$31,500', '$60,000', '$28,000', '$45,000', '$33,000', '$175,000', '$92,500,', '$82,500']"
senior_investor_exploitation,standard,Margaret,"['Margaret Dawson', 'Kevin Burgess', 'Dawson', 'Dawson', 'Dawson', 'Dawson', 'Dawson']","['teacher', 'manager', 'retired']","[78, 34, 65]","['$2,400', '$1,870', '$340,000,', '$95,000', '$95,000', '$41,200', '$53,800,']"
inappropriate_risk_profile,standard,Margaret,"['Margaret Donovan', 'Margaret', 'Craig Fenton', 'Margaret', 'Fenton', 'Margaret', 'Margaret', 'Margaret', 'Margaret', 'Margaret']",['retired'],[67],"['$3,800', '$2,100,', '$70,800', '$410,000,', '$295,000', '$115,000', '$280,000', '$85,000', '$10,200']"
senior_investor_exploitation,standard,Margaret,"['Margaret Holbrook', 'Holbrook', 'Kevin Stafford', 'Holbrook', 'Stafford', 'Holbrook', 'Holbrook', 'Stafford', 'Holbrook', 'Holbrook', 'Holbrook', 'Stafford', 'Holbrook']","['teacher', 'manager', 'retired']",[78],"['$2,400', '$1,850', '$340,000,', '$95,000', '$45,000', '$140,000', '$81,200,', '$58,800', '$72,500,', '$67,500']"
inappropriate_risk_profile,standard,Margaret,"['Margaret Colvin', 'Derek Hutchins', 'Hutchins', 'Margaret', 'Hutchins', 'Margaret', 'Margaret', 'Hutchins', 'Margaret', 'Hutchins', 'Margaret', 'Hutchins']","['teacher', 'retired']",[67],"['$3,200', '$1,850', '$410,000,', '$82,000', '$82,000', '$54,000', '$71,500,', '$10,500']"
inappropriate_risk_profile,standard,Margaret,"['Margaret Dolan', 'Margaret', 'Brian Hess', 'Brian', 'Margaret', 'Brian', 'Margaret', 'Margaret', 'Margaret', 'Margaret', 'Brian', 'Brian', 'Margaret']","['teacher', 'retiree', 'retired']",[64],"['$3,200', '$1,850', '$285,000,', '$210,000', '$45,000', '$8,000', '$60,000', '$60,000', '$42,600', '$17,400', '$17,400']"
complex_products_unsophisticated_investor,standard,Margaret,"['Margaret Holden', 'Kevin Shea', 'Margaret', 'Shea', 'Margaret', 'Margaret', 'Margaret', 'Margaret', 'Shea', 'Margaret']","['teacher', 'retired']",[71],"['$2,800', '$1,400', '$185,000,', '$210,000', '$55,000', '$25,000', '$55,000', '$38,200', '$16,800,', '$25,000', '$17,900', '$7,100,', '$23,900,', '$80,000']"
failure_to_know_customer,standard,Margaret,"['Margaret Dawson', 'Margaret', 'Kevin Bledsoe', 'Margaret', 'Kevin', 'Kevin', 'Kevin', 'Margaret', 'Kevin', 'Margaret', 'Margaret', 'Margaret', 'Margaret']",['retired'],[71],"['$2,400', '$800', '$185,000,', '$55,000', '$16,500']"
inappropriate_risk_profile,standard,Margaret,"['Margaret Collings', 'Derek Simmons', 'Simmons', 'Margaret', 'Margaret', 'Simmons', 'Simmons', 'Margaret', 'Margaret', 'Margaret']","['teacher', 'retired']",[71],"['$2,800', '$1,650', '$340,000,', '$185,000', '$53,400', '$120,000', '$120,000', '$61,800,', '$58,200', '$54,300,', '$65,700,']"
failure_to_know_customer,standard,Margaret,"['Margaret Collings', 'Margaret', 'Derek Huang', 'Derek', 'Margaret', 'Derek', 'Margaret', 'Margaret', 'Derek', 'Margaret', 'Margaret', 'Derek', 'Margaret', 'Margaret', 'Margaret', 'Margaret']","['teacher', 'retired']",[71],"['$3,200', '$1,850,', '$60,600', '$410,000', '$45,000', '$125,000', '$60,000', '$125,000', '$54,000', '$71,000,', '$19,500', '$60,000', '$90,000']"
complex_products_unsophisticated_investor,standard,Margaret,"['Margaret Colton', 'Derek Haines', 'Colton', 'Colton', 'Colton', 'Colton']","['teacher', 'manager', 'retired']",[68],"['$42,000', '$285,000', '$95,000', '$95,000', '$67,450', '$27,550', '$61,200,', '$33,800']"
failure_to_know_customer,standard,Margaret,"['Margaret Kowalski', 'Margaret', 'Kevin Driscoll', 'Kevin', 'Margaret', 'Margaret', 'Kevin', 'Kevin', 'Margaret', 'Margaret', 'Margaret', 'Margaret', 'Kevin', 'Kevin', 'Margaret']","['teacher', 'retired']",[71],"['$2,400', '$1,850', '$340,000', '$12,000', '$170,000', '$170,000', '$121,500', '$48,500,', '$109,000']"
leveraged_etf_unsuitable,standard,Margaret,"['Margaret Delacroix', 'Craig Fontenot', 'Delacroix', 'Delacroix', 'Delacroix', 'Delacroix', 'Delacroix', 'Delacroix']","['teacher', 'retired']","[71, 38, 65]","['$42,000', '$22,800', '$385,000,', '$15,000', '$115,000', '$45,000', '$40,000', '$30,000', '$25,000', '$45,000', '$14,200', '$40,000', '$27,500', '$30,000', '$22,100', '$115,000', '$63,800,', '$51,200,', '$48,700']"
high_fees_unsuitable,standard,Gerald,"['Gerald Whitfield', 'Craig Denning', 'Whitfield', 'Whitfield', 'Whitfield', 'Whitfield', 'Whitfield', 'Whitfield', 'Ridgepoint']",['retired'],"[64, 62]","['$410,000', '$38,000', '$2,450', '$165,000', '$70,000', '$55,000', '$40,000', '$165,000', '$97,500,', '$67,500', '$2,200,', '$120']"
inappropriate_risk_profile,standard,Margaret,"['Margaret Ellison', 'Derek Montoya', 'Ellison', 'Ellison', 'Ellison', 'Ellison']","['teacher', 'retired']","[71, 34]","['$2,400', '$1,850', '$340,000,', '$85,000', '$85,000', '$54,000', '$31,000,']"
complex_products_unsophisticated_investor,standard,Margaret,"['Margaret Kovacs', 'Kovacs', 'Daniel Whitfield', 'Whitfield', 'Kovacs', 'Whitfield', 'Kovacs', 'Whitfield', 'Sandra Liu', 'Kovacs', 'Kovacs', 'Whitfield', 'Kovacs']","['teacher', 'manager', 'retired']",[71],"['$2,850', '$1,400', '$215,000,', '$95,000', '$55,000', '$40,000', '$55,000', '$20,900', '$40,000', '$24,800', '$89,300', '$84,200']"
complex_products_unsophisticated_investor,standard,Margaret,"['Margaret Ellison', 'Craig Dempsey', 'Dempsey', 'Ellison', 'Ellison', 'Lisa Hoang', 'Hoang', 'Ellison', 'Ellison', 'Ellison', 'Ellison', 'Ellison']","['teacher', 'manager', 'retired']",[71],"['$38,000', '$210,000', '$15,000', '$95,000', '$95,000', '$31,400', '$63,600,']"
leveraged_etf_unsuitable,standard,Margaret,"['Margaret Donovan', 'Margaret', 'Margaret', 'Kyle Brannigan', 'Kyle', 'Margaret', 'Kyle', 'Margaret', 'Kyle', 'Margaret', 'Margaret', 'Kyle', 'Margaret', 'Kyle', 'Margaret', 'Margaret']","['teacher', 'retired']","[71, 34]","['$42,000', '$310,000,', '$95,000', '$95,000', '$31,400', '$63,600,']"
failure_to_know_customer,standard,Gerald,"['Gerald Hoffman', 'Gerald', 'Gerald', 'Marcus Crane', 'Gerald', 'Gerald', 'Gerald', 'Gerald', 'Gerald', 'Gerald', 'Gerald', 'Gerald', 'Gerald']",['retired'],[61],"['$3,200', '$1,850', '$285,000,', '$85,000', '$40,000', '$58,400', '$26,600', '$24,800', '$15,200', '$41,800']"
high_fees_unsuitable,standard,Margaret,"['Margaret Ellison', 'Derek Simmons', 'Ellison', 'Ellison', 'Simmons', 'Ellison', 'Ellison', 'Simmons', 'Ellison', 'Simmons', 'Simmons']","['teacher', 'manager', 'mechanic', 'retired']",[71],"['$42,000', '$21,600', '$385,000,', '$115,000', '$45,000', '$40,000', '$30,000', '$2,000', '$45,000', '$47,200', '$40,000', '$31,400', '$30,000', '$16,800,', '$115,000', '$95,400', '$19,600,', '$2,850']"
senior_investor_exploitation,standard,Margaret,"['Margaret Owens', 'Margaret', 'Margaret', 'Margaret', 'Craig Delmonico', 'Craig', 'Margaret', 'Craig', 'Margaret', 'Margaret', 'Margaret', 'Margaret', 'Craig', 'Craig', 'Margaret', 'Craig', 'Laura Kessler', 'Laura']","['teacher', 'manager', 'retired']","[78, 41, 65]","['$2,400', '$1,850', '$340,000,', '$210,000', '$95,000', '$29,450', '$34,200']"
leveraged_etf_unsuitable,standard,Margaret,"['Margaret Olsen', 'Kevin Marsh', 'Marsh', 'Margaret', 'SPXU', 'Margaret', 'Marsh', 'Margaret', 'Margaret', 'Margaret', 'Denise Whitfield', 'Whitfield', 'Marsh']","['teacher', 'manager', 'retired']","[71, 65]","['$2,800', '$1,400', '$340,000,', '$95,000', '$95,000', '$38,200', '$56,800,', '$34,500,', '$60,500', '$25,000']"
inappropriate_risk_profile,standard,Margaret,"['Margaret Kowalski', 'Derek Yoon', 'Margaret', 'Derek Yoon', 'Margaret', 'Derek', 'Margaret', 'Margaret', 'Margaret', 'Derek', 'Margaret']","['teacher', 'mechanic', 'retired']",[71],"['$3,200', '$1,850,', '$60,600', '$410,000,', '$280,000', '$130,000', '$82,000', '$82,000', '$34,400', '$47,600,']"
leveraged_etf_unsuitable,standard,Margaret,"['Margaret Ostrowski', 'Kevin Driscoll', 'Ostrowski', 'Ostrowski', 'Ostrowski']","['teacher', 'retired']","[71, 38]","['$2,800', '$1,950', '$340,000,', '$95,000', '$95,000', '$41,200', '$53,800,', '$25,000,']"
high_fees_unsuitable,standard,Margaret,"['Margaret Kowalski', 'Margaret', 'Derek Holliday', 'Derek', 'Margaret', 'Derek', 'Margaret', 'Margaret', 'Margaret', 'Margaret', 'Margaret', 'Margaret', 'Margaret']","['teacher', 'retired']","[71, 34]","['$38,000,', '$285,000,', '$70,000', '$70,000', '$41,300', '$28,700', '$658', '$43,500,', '$26,500']"
leveraged_etf_unsuitable,standard,Margaret,"['Margaret Olsen', 'Olsen', 'Derek Huang', 'Huang', 'Olsen', 'Huang', 'Olsen', 'Huang', 'Olsen', 'Olsen', 'Olsen', 'Huang', 'Huang', 'Olsen', 'Olsen']","['teacher', 'retiree', 'retired']","[72, 38, 65]","['$2,800', '$1,950', '$340,000,', '$185,000', '$95,000', '$45,000', '$140,000', '$80,500,', '$59,500']"
failure_to_know_customer,standard,Gerald,"['Gerald Hoffman', 'Gerald', 'Dana Whitfield', 'Gerald', 'Whitfield', 'Gerald', 'Whitfield', 'Gerald', 'Gerald', 'Whitfield', 'Whitfield', 'Gerald', 'Gerald', 'Gerald', 'Gerald', 'Whitfield', 'Whitfield', 'Gerald', 'Gerald', 'Whitfield']","['mechanic', 'retired']",[71],"['$2,400', '$1,100', '$185,000,', '$42,000', '$55,000', '$55,000', '$14,800,', '$40,200']"
failure_to_know_customer,standard,Margaret,"['Margaret Doyle', 'Margaret', 'Kevin Briggs', 'Kevin', 'Kevin', 'Margaret', 'Kevin', 'Margaret', 'Kevin', 'Margaret', 'Kevin', 'Margaret', 'Kevin', 'Margaret', 'Margaret', 'Kevin', 'Margaret', 'Kevin', 'Margaret', 'Margaret', 'Kevin', 'Margaret']",['retired'],[71],"['$2,800', '$340,000', '$85,000', '$85,000', '$54,200', '$30,000,', '$51,800,', '$33,200']"
senior_investor_exploitation,standard,Margaret,"['Margaret Kowalski', 'Margaret', 'Karen', 'Dale Rennick', 'Rennick', 'Margaret', 'Rennick', 'Margaret', 'Karen', 'Rennick', 'Margaret', 'Margaret', 'Rennick']","['teacher', 'retired']","[79, 42]","['$2,800', '$1,950', '$410,000,', '$135,000', '$80,000', '$215,000', '$134,000,', '$81,000']"
inappropriate_risk_profile,standard,Margaret,"['Margaret Delacroix', 'Dale Robichaux', 'Margaret', 'Margaret', 'Margaret']","['teacher', 'retired']",[71],"['$42,000', '$310,000', '$15,000', '$85,000', '$85,000', '$75,650,', '$9,350']"
complex_products_unsophisticated_investor,standard,Margaret,"['Margaret Delano', 'Delano', 'Kevin Brandt', 'Delano', 'Brandt', 'Delano', 'Delano', 'Delano', 'Delano', 'Brandt']","['teacher', 'retired']","[71, 38]","['$3,200', '$1,850', '$340,000,', '$85,000', '$85,000', '$54,600', '$30,000']"
high_fees_unsuitable,standard,Margaret,"['Margaret Dolan', 'Margaret', 'Margaret', 'Derek Huang', 'Derek', 'Margaret', 'Derek', 'Derek', 'Margaret', 'Margaret', 'Margaret', 'Margaret', 'Derek', 'Margaret']","['teacher', 'manager', 'retired']","[71, 34]","['$2,800', '$1,400', '$340,000,', '$85,000', '$85,000', '$61,400', '$23,600', '$2,900', '$61,400']"
senior_investor_exploitation,standard,Margaret,"['Margaret Hendricks', 'Kevin Broussard', 'Hendricks', 'Broussard', 'Hendricks', 'Broussard', 'Hendricks', 'Hendricks', 'Hendricks']","['schoolteacher', 'teacher', 'manager', 'mechanic', 'retiree', 'retired']","[78, 34]","['$3,200', '$410,000,', '$125,000', '$38,000,']"
structured_products_unsuitable,borderline,Derek,"['Derek Huang', 'Margaret Foley', 'Margaret', 'Derek', 'Margaret', 'Margaret', 'Margaret', 'Margaret', 'Margaret', 'Derek', 'Derek', 'Margaret']",['retired'],"[62, 62]","['$175,000', '$78,000', '$1.4', '$210,000', '$175,000', '$98,000', '$77,000', '$14,700', '$62,300']"
inappropriate_risk_profile,borderline,Margaret,"['Margaret Dawson', 'Craig Nolan', 'Dawson', 'Dawson', 'Dawson', 'Dawson', 'Dawson', 'Dawson', 'Dawson', 'Dawson', 'Dawson']","['pilot', 'retiree', 'retired']",[62],"['$1.4', '$200,000', '$38,000', '$22,000', '$4,200,', '$6,800', '$150,000', '$150,000', '$50,000', '$18,000,']"
complex_products_unsophisticated_investor,borderline,Margaret,"['Margaret Odom', 'Kevin Braddock', 'Margaret', 'Braddock', 'Margaret', 'Margaret', 'Margaret', 'Margaret', 'Margaret', 'Margaret', 'Braddock']",['retired'],[62],"['$4,800', '$630,000', '$3,200', '$95,000', '$22,400', '$95,000']"
senior_investor_exploitation,borderline,Margaret,"['Margaret Ellison', 'Kevin Driscoll', 'Margaret', 'Margaret', 'Margaret', 'Margaret', 'Margaret', 'Margaret', 'Margaret', 'Margaret', 'Margaret', 'Margaret']","['executive', 'retiree', 'retired']","[74, 41, 74]","['$310,000', '$2.8', '$1.6', '$1.2', '$4,200', '$3,800', '$96,000', '$5,500', '$280,000', '$280,000', '$620,000', '$480,000', '$220,000', '$72,800', '$95,000', '$22,200', '$10,925', '$23,400']"
high_fees_unsuitable,borderline,Margaret,"['Margaret Hollis', 'Derek Yamamoto', 'Yamamoto', 'Yamamoto']","['retiree', 'retired']",[62],"['$1.4', '$200,000', '$3,800', '$280,000', '$26,600', '$500,000']"
failure_to_know_customer,borderline,Marcus,"['Marcus Wellingham', 'Priya Ramanathan', 'Ramanathan', 'Wellingham', 'Wellingham', 'Ramanathan', 'Wellingham', 'Ramanathan', 'Ramanathan', 'Wellingham', 'Ramanathan', 'Ramanathan', 'Wellingham', 'Wellingham', 'Ramanathan']",['mechanic'],[58],"['$780,000', '$4.2', '$350,000', '$1.5', '$5.7', '$170,000', '$17,500', '$16,800', '$17,500', '$700']"
failure_to_know_customer,borderline,Margaret,"['Margaret Paulson', 'Derek Simmons', 'Margaret', 'Margaret', 'Simmons', 'Margaret', 'Margaret', 'Simmons', 'Margaret', 'Margaret', 'Margaret', 'Margaret']",['retired'],[64],"['$4,200', '$1.1', '$150,000', '$620,000', '$280,000', '$90,000', '$110,000', '$123,000', '$150,000', '$27,000', '$13,300', '$13,700', '$500,000,']"
high_fees_unsuitable,borderline,Gerald,"['Gerald Keane', 'Margaret', 'Donald Whitfield', 'Whitfields', 'Keane', 'Keane', 'Whitfields', 'Keane', 'Whitfields', 'Whitfields', 'Whitfields', 'Whitfields', 'Keane', 'Keane', 'Whitfields']","['teacher', 'retiree', 'retired']",[67],"['$1.4', '$920,000', '$340,000', '$140,000', '$150,000', '$33,000', '$50,000', '$17,000', '$5,600', '$11,400', '$3,350', '$150,000', '$4,275']"
structured_products_unsuitable,borderline,Margaret,"['Margaret Ellison', 'Daniel Kowalski', 'Kowalski', 'Margaret', 'Kowalski', 'Margaret', 'Margaret', 'Kowalski', 'Margaret', 'Margaret', 'Kowalski']","['retiree', 'retired']",[62],"['$2.1', '$340,000', '$94,000,', '$200,000', '$80,000', '$70,000', '$50,000', '$4,770', '$50,000', '$31,000']"
inappropriate_risk_profile,borderline,Margaret,"['Margaret Holden', 'Derek Simmons', 'Margaret', 'Margaret', 'Margaret', 'Simmons', 'Margaret', 'Margaret', 'Margaret']",['retired'],[62],"['$1.4', '$1.6', '$4,800', '$140,000', '$40,000', '$100,800', '$140,000', '$39,200,', '$17,500', '$21,700']"
structured_products_unsuitable,borderline,Marcus,"['Marcus Reilly', 'Diane Whitford', 'Whitford', 'Whitford', 'Reilly', 'Reilly', 'Whitford']","['retiree', 'retired']",[61],"['$1.4', '$50,000', '$150,000,', '$62,000', '$28,000,', '$90,000', '$75,000', '$6,750,', '$1,500', '$33,500', '$50,000', '$9,850']"
failure_to_know_customer,borderline,Margaret,"['Margaret Hollis', 'Brian Tanaka', 'Margaret', 'Brian', 'Margaret', 'Brian', 'Brian', 'Brian', 'Margaret', 'Margaret', 'Margaret', 'Margaret', 'Margaret', 'Brian', 'Brian', 'Brian', 'Margaret']","['mechanic', 'retired']",[62],"['$1.4', '$210,000', '$70,000', '$70,000', '$70,000', '$49,000', '$70,000', '$21,000']"
senior_investor_exploitation,borderline,Margaret,"['Margaret Holloway', 'Dennis Chao', 'Margaret', 'Chao', 'Margaret', 'Margaret', 'Chao', 'Chao', 'Margaret', 'Chao', 'Chao', 'Chao', 'Margaret', 'Chao', 'Margaret', 'Chao', 'Margaret']","['attorney', 'retiree', 'retired']","[74, 74]","['$2.1', '$1.4', '$3,800', '$2,200', '$4,500', '$180,000', '$210,000', '$5,250', '$1,200', '$51,800', '$70,000', '$18,200', '$8,050']"
senior_investor_exploitation,borderline,Margaret,"['Margaret Dawson', 'Kevin Barlow', 'Margaret', 'Barlow', 'Margaret', 'Linda', 'Margaret', 'Barlow', 'Linda', 'Barlow', 'Margaret', 'Barlow', 'Pfizer', 'Margaret', 'Margaret', 'Linda', 'Barlow', 'Margaret']","['executive', 'mechanic', 'retiree', 'retired']","[74, 48, 74]","['$1.4', '$320,000', '$4,800', '$2,600', '$1,500', '$150,000', '$150,000', '$103,000', '$150,000', '$47,000,', '$28,200', '$18,800', '$3,750', '$150,000']"
inappropriate_risk_profile,borderline,Margaret,"['Margaret Hollis', 'Kevin Barlow', 'Barlow', 'Margaret', 'Barlow', 'Margaret', 'Margaret', 'Barlow', 'Margaret', 'Margaret', 'Barlow', 'Margaret', 'Margaret', 'Barlow']","['veteran', 'retired']",[62],"['$40', '$1.85', '$3,400', '$1,200', '$5,800,', '$1,200', '$370,000', '$39,500,', '$79,000', '$125,000', '$34,000', '$21,500']"
inappropriate_risk_profile,standard,Margaret,"['Margaret Ellison', 'Kevin Marsh', 'Ellison', 'Marsh', 'Ellison', 'Ellison', 'Ellison']","['teacher', 'retired']",[71],"['$2,800', '$1,650', '$340,000,', '$340,000', '$150,000', '$50,000', '$29,000', '$18,750', '$2,250']"
high_fees_unsuitable,standard,Derek,"['Derek Hollis', 'Barbara Finnegan', 'Finnegan', 'Finnegan', 'Finnegan', 'Finnegan']","['teacher', 'retiree', 'retired']",[71],"['$185,000', '$42,000', '$310,000,', '$8,788', '$107,400', '$185,000', '$77,600', '$10,637']"
inappropriate_risk_profile,standard,Margaret,"['Margaret Dalton', 'Margaret', 'Kevin Royce', 'Royce', 'Margaret', 'Margaret', 'Margaret', 'Margaret', 'Royce', 'Margaret', 'Margaret', 'Royce', 'Royce']","['teacher', 'manager', 'retired']",[71],"['$38,000', '$310,000,', '$155,000', '$89,900', '$155,000', '$18,100,', '$46,900']"
failure_to_know_customer,standard,Gerald,"['Gerald Whitfield', 'Gerald', 'Gerald', 'Craig Linden', 'Craig', 'Gerald', 'Craig', 'Gerald', 'Craig', 'Gerald', 'Craig', 'Gerald', 'Craig', 'Gerald', 'Veritex', 'Craig', 'Gerald', 'Craig', 'Gerald', 'Gerald']",['retired'],"[71, 34]","['$38,000', '$22,800', '$285,000,', '$190,000', '$5,225', '$131,100', '$190,000', '$58,900', '$23,750', '$35,150']"
failure_to_know_customer,standard,Margaret,"['Margaret Dalton', 'Margaret', 'Kevin Roarke', 'Margaret', 'Margaret', 'Kevin', 'Margaret', 'Margaret', 'Kevin', 'Margaret', 'Kevin', 'Margaret']","['teacher', 'mechanic', 'widow', 'retired']","[74, 32]","['$3,200', '$1,850', '$60,600', '$410,000', '$280,000', '$150,000', '$450,000', '$150,000', '$91,500,', '$58,500', '$14,700', '$43,800,']"
structured_products_unsuitable,standard,Derek,"['Derek Langston', 'Helen Barrows', 'Barrows', 'Barrows', 'Barrows', 'Barrows']","['teacher', 'retired']",[71],"['$120,000', '$3,200', '$1,850', '$385,000,', '$952', '$1,000', '$7,650', '$79,200,', '$33,150', '$120,000', '$120,000']"
senior_investor_exploitation,standard,Margaret,"['Margaret Hendricks', 'Hendricks', 'Dale Furman', 'Hendricks', 'Hendricks', 'Hendricks']","['manager', 'retired']","[79, 42]","['$2,450', '$310,000,', '$185,000', '$65,000', '$60,000', '$60,000', '$9,250', '$41,600', '$65,000', '$23,400']"
high_fees_unsuitable,standard,Margaret,"['Margaret Kowalski', 'Derek Fontaine', 'Kowalski', 'Kowalski', 'Fontaine', 'Kowalski']","['teacher', 'retired']",[71],"['$3,200', '$1,800', '$285,000', '$285,000', '$160,000', '$60,000', '$50,000', '$50,000', '$8,640,', '$1,200', '$47,500']"
complex_products_unsophisticated_investor,standard,Margaret,"['Margaret Hollis', 'Kevin Driscoll', 'Hollis', 'Hollis', 'Hollis', 'Hollis', 'Hollis']","['teacher', 'retired']",[71],"['$2,400', '$1,850', '$340,000,', '$150,000', '$150,000', '$93,700', '$150,000', '$56,000', '$21,875', '$34,000']"
senior_investor_exploitation,standard,Margaret,"['Margaret Dalton', 'Kevin Rayburn', 'Margaret', 'Rayburn', 'Rayburn', 'Rayburn', 'Margaret', 'Rayburn', 'Margaret', 'Margaret', 'Rayburn', 'Margaret', 'Margaret', 'Margaret', 'Margaret', 'Rayburn']","['teacher', 'manager', 'retired']","[79, 34]","['$2,400', '$1,650', '$410,000,', '$6,000', '$8,000', '$295,000', '$100,000,', '$100,000,', '$95,000,', '$9,735', '$36,400', '$53,200', '$95,000', '$41,800', '$100,000']"
failure_to_know_customer,standard,Margaret,"['Margaret Holloway', 'Holloway', 'Kevin Brashear', 'Holloway', 'Holloway', 'Holloway', 'Holloway']","['teacher', 'retired']",[74],"['$2,800', '$1,950', '$410,000,', '$185,000', '$175,000', '$91,000', '$175,000', '$84,000', '$21,875', '$62,125,']"
senior_investor_exploitation,standard,Margaret,"['Margaret Holloway', 'Derek Simmons', 'Holloway', 'Simmons', 'Holloway', 'Holloway', 'Holloway', 'Holloway']","['teacher', 'retired']",[79],"['$34,000', '$285,000,', '$175,000', '$75,000', '$50,000', '$50,000', '$7,800', '$51,750', '$75,000', '$28,000', '$50,000', '$45,250', '$22,600', '$22,650']"
inappropriate_risk_profile,standard,Margaret,"['Margaret Tillman', 'Margaret', 'Kevin Driscoll', 'Kevin', 'Margaret', 'Kevin', 'Margaret', 'Margaret', 'Kevin', 'Margaret', 'Margaret']","['teacher', 'retired']",[71],"['$38,000', '$285,000,', '$180,000', '$37,200', '$60,000', '$22,800', '$20,700', '$22,800', '$2,100']"
high_fees_unsuitable,standard,Gerald,"['Gerald Patterson', 'Gerald', 'Daniel Reeves', 'Gerald', 'Gerald', 'Daniel', 'Gerald', 'Gerald', 'Gerald', 'Daniel', 'Gerald', 'Gerald', 'Gerald', 'Gerald']",['retired'],[71],"['$38,000', '$215,000,', '$140,000', '$58,000', '$41,000', '$46,000', '$47,000', '$34,000', '$5,800']"
inappropriate_risk_profile,standard,Gerald,"['Gerald Whitfield', 'Dorothy Menendez', 'Menendez', 'Whitfield', 'Whitfield', 'Menendez', 'Menendez']",['retired'],[74],"['$185,000', '$42,000,', '$310,000', '$107,000', '$185,000', '$78,000', '$21,275', '$56,725']"
high_fees_unsuitable,standard,Gerald,"['Gerald Hutchins', 'Gerald', 'Craig Bellamy', 'Gerald', 'Craig', 'Gerald', 'Craig', 'Gerald', 'Gerald', 'Gerald', 'Gerald', 'Gerald', 'Gerald', 'Gerald']",['retired'],[71],"['$2,400', '$1,800', '$285,000,', '$50,400,', '$140,000', '$8,400,', '$86,800', '$46,667', '$13,200', '$8,400', '$4,900']"
complex_products_unsophisticated_investor,standard,Margaret,"['Margaret Delacroix', 'Kevin Hartwell', 'Delacroix', 'Delacroix', 'Delacroix']","['teacher', 'manager', 'retired']",[71],"['$38,000', '$310,000,', '$175,000', '$4,812', '$18,500', '$101,500,', '$55,000', '$175,000']"
failure_to_know_customer,standard,Derek,"['Derek Hoffman', 'Margaret Beaulieu', 'Margaret', 'Hoffman', 'Hoffman', 'Margaret', 'Hoffman', 'Hoffman', 'Margaret', 'Margaret']","['manager', 'retired']",[71],"['$85,000', '$210,000', '$2,400', '$900', '$36,500', '$85,000', '$48,500,', '$11,900', '$36,600']"
structured_products_unsuitable,standard,Gerald,"['Gerald Whitfield', 'Gerald', 'Gerald', 'Diane', 'Gerald', 'Victor Saldana', 'Gerald', 'Victor', 'Gerald', 'Victor', 'Gerald', 'Victor', 'Gerald', 'Gerald', 'Victor', 'Victor', 'Gerald', 'Victor', 'Gerald', 'Gerald', 'Gerald', 'Diane', 'Gerald']",['retired'],"[71, 69, 38]","['$2,850', '$34,200', '$310,000,', '$310,000', '$3,000', '$185,000', '$75,000', '$60,000', '$50,000', '$7,585', '$94,500,']"
complex_products_unsophisticated_investor,standard,Margaret,"['Margaret Kowalski', 'Derek Simmons', 'Simmons', 'Simmons', 'Margaret', 'Simmons', 'Margaret', 'Lisa Pratt', 'Pratt', 'Margaret', 'Margaret', 'Margaret', 'Margaret']","['teacher', 'manager', 'retired']","[71, 65]","['$3,200', '$1,850', '$285,000,', '$140,000', '$75,000', '$65,000', '$50,000', '$44,300', '$30,000', '$47,100,', '$17,900', '$48,000', '$16,800', '$31,000']"
structured_products_unsuitable,standard,Margaret,"['Margaret Kowalski', 'Derek Halloran', 'Margaret', 'Margaret', 'Margaret', 'Margaret', 'Margaret']","['teacher', 'manager', 'retired']",[74],"['$3,200', '$1,900', '$410,000,', '$175,000', '$18.40', '$38.25', '$84,180,', '$90,820', '$18,200', '$72,620,']"
high_fees_unsuitable,standard,Derek,"['Derek Hollins', 'Patricia Langdon', 'Langdon', 'Hollins', 'Langdon', 'Langdon', 'Langdon', 'Hollins', 'Langdon']","['teacher', 'retired']",[71],"['$85,000', '$42,000', '$310,000,', '$952', '$1,000', '$52,700', '$85,000', '$9,775', '$22,525,', '$3,400']"
high_fees_unsuitable,standard,Derek,"['Derek Sloane', 'Gloria Fuentes', 'Fuentes', 'Qualcomm', 'Fuentes', 'Fuentes', 'Fuentes', 'Fuentes']","['teacher', 'manager', 'retired']",[71],"['$185,000', '$3,200', '$1,850', '$410,000,', '$75,000', '$60,000', '$50,000', '$7,825', '$43,400', '$75,000', '$31,600']"
failure_to_know_customer,standard,Derek,"['Derek Simmons', 'Gloria Medina', 'Medina', 'Medina', 'Simmons', 'Medina', 'Simmons', 'Medina', 'Medina', 'Medina', 'Medina', 'Medina', 'Simmons', 'Medina']","['teacher', 'retired']",[71],"['$340,000', '$185,000,', '$2,100', '$1,450', '$48,000', '$200,000', '$80,000', '$60,000', '$60,000', '$49,600', '$80,000', '$39,000', '$60,000', '$51,000', '$14,500']"
senior_investor_exploitation,standard,Margaret,"['Margaret Dalton', 'Dalton', 'Kevin Pratt', 'Dalton', 'Pratt', 'Dalton', 'Dalton', 'Dalton', 'Dalton', 'Pratt', 'Dalton']","['teacher', 'retired']","[78, 34]","['$2,400', '$1,100', '$340,000,', '$210,000', '$87,400', '$70,000', '$41,200', '$52,100', '$70,000', '$93,300', '$27,825', '$210,000', '$88,875']"
complex_products_unsophisticated_investor,standard,Derek,"['Derek Hollings', 'Margaret Doyle', 'Doyle', 'Doyle', 'Doyle', 'Doyle', 'Doyle', 'Doyle', 'Doyle']","['teacher', 'retired']",[71],"['$340,000,', '$210,000', '$130,000', '$38,000,', '$75,000', '$25,000', '$2,625', '$14,500', '$25,000', '$8,100', '$75,000']"
high_fees_unsuitable,standard,Margaret,"['Margaret Hollis', 'Hollis', 'Hollis', 'Derek Campion', 'Hollis', 'Hollis', 'Hollis']","['teacher', 'retired']",[71],"['$2,800', '$1,450', '$285,000,', '$190,000', '$165,000', '$7,920,', '$89,100', '$165,000', '$24,063', '$51,800,']"
failure_to_know_customer,standard,Gerald,"['Gerald Whitfield', 'Gerald', 'Derek Simmons', 'Gerald', 'Derek Simmons', 'Derek', 'Gerald', 'Derek', 'Gerald', 'Gerald', 'Derek', 'Gerald', 'Gerald']","['mechanic', 'retired']",[71],"['$340,000', '$2,100', '$255,000', '$146,000', '$255,000', '$109,000', '$26,500,', '$82,500']"
failure_to_know_customer,standard,Gerald,"['Gerald Whitfield', 'Gerald', 'Gerald', 'Dawn Parekh', 'Gerald', 'Dawn', 'Gerald', 'Dawn', 'Gerald', 'Gerald', 'Gerald', 'Dawn', 'Gerald', 'Gerald', 'Gerald', 'Gerald']",['retired'],[71],"['$3,200', '$1,800', '$340,000', '$200,000', '$70,000', '$70,000', '$60,000', '$58,000']"
complex_products_unsophisticated_investor,standard,Margaret,"['Margaret Holloway', 'Kevin Daly', 'Daly', 'Margaret', 'Daly', 'Margaret', 'Daly', 'Daly', 'Margaret', 'Margaret', 'Daly', 'Margaret']","['teacher', 'retired']",[71],"['$2,800', '$1,650', '$285,000,', '$140,000', '$140,000', '$8,750', '$140,000', '$86,800,', '$53,000']"
